{"virus": "229e", "subtype": null, "gene": "s1", "window": 3, "min_seqs": 2, "midfreq_high": 0.75, "midfreq_low": 0.15, "years": ["1991-1994", "1992-1995", "1993-1996", "2003-2006", "2004-2007", "2005-2008", "2006-2009", "2007-2010", "2008-2011", "2009-2012", "2010-2013", "2011-2014", "2012-2015", "2013-2016", "2014-2017", "2015-2018", "2016-2019"], "window_midpoints": [1992.5, 1993.5, 1994.5, 2004.5, 2005.5, 2006.5, 2007.5, 2008.5, 2009.5, 2010.5, 2011.5, 2012.5, 2013.5, 2014.5, 2015.5, 2016.5, 2017.5], "gene_length_in_codons": 545.0, "adaptive_mutations_accumulated": [0.0, 0.0, 0.0, 7.791666666666667, 7.791666666666667, 9.391666666666667, 9.391666666666667, 9.391666666666667, 9.391666666666667, 9.391666666666667, 12.954166666666667, 17.00340909090909, 17.00340909090909, 17.00340909090909, 18.695075757575758, 18.695075757575758, 18.695075757575758], "adaptive_muts_per_codon": [0.0, 0.0, 0.0, 0.014296636085626912, 0.014296636085626912, 0.017232415902140676, 0.017232415902140676, 0.017232415902140676, 0.017232415902140676, 0.017232415902140676, 0.023769113149847098, 0.031198915763135947, 0.031198915763135947, 0.031198915763135947, 0.03430289129830414, 0.03430289129830414, 0.03430289129830414], "rate_of_adaptation": 0.8066587492679119, "rate_of_adaptation_per_codon": 0.0014801077968218568, "adaptive_muts_per_codon_per_year_scientific": 1.4801077968218568}