{"virus": "229e", "subtype": null, "gene": "S2", "window": 3, "min_seqs": 2, "midfreq_high": 0.75, "midfreq_low": 0.15, "years": ["1991-1994", "1992-1995", "1993-1996", "2002-2005", "2003-2006", "2004-2007", "2005-2008", "2006-2009", "2007-2010", "2008-2011", "2009-2012", "2010-2013", "2011-2014", "2012-2015", "2013-2016", "2014-2017", "2015-2018", "2016-2019", "2017-2020", "2018-2021", "2019-2022"], "window_midpoints": [1992.5, 1993.5, 1994.5, 2003.5, 2004.5, 2005.5, 2006.5, 2007.5, 2008.5, 2009.5, 2010.5, 2011.5, 2012.5, 2013.5, 2014.5, 2015.5, 2016.5, 2017.5, 2018.5, 2019.5, 2020.5], "gene_length_in_codons": 614.0, "adaptive_mutations_accumulated": [0.0, 0.0, 0.0, 0.0, 0.0, 0.0, 0.75, 0.75, 0.75, 0.75, 0.75, 0.75, 0.75, 7.536941580756014, 7.536941580756014, 16.94391261659303, 16.94391261659303, 16.94391261659303, 16.94391261659303, 17.864874815905743, 17.864874815905743], "adaptive_muts_per_codon": [0.0, 0.0, 0.0, 0.0, 0.0, 0.0, 0.0012214983713355048, 0.0012214983713355048, 0.0012214983713355048, 0.0012214983713355048, 0.0012214983713355048, 0.0012214983713355048, 0.0012214983713355048, 0.012275149154325754, 0.012275149154325754, 0.02759594888695933, 0.02759594888695933, 0.02759594888695933, 0.02759594888695933, 0.02909588732232206, 0.02909588732232206], "rate_of_adaptation": 0.7090753554536907, "rate_of_adaptation_per_codon": 0.00115484585578777, "adaptive_muts_per_codon_per_year_scientific": 1.1548458557877699}