{"virus": "229e", "subtype": null, "gene": "S1", "window": 3, "min_seqs": 2, "midfreq_high": 0.75, "midfreq_low": 0.15, "years": ["1991-1994", "1992-1995", "1993-1996", "2002-2005", "2003-2006", "2004-2007", "2005-2008", "2006-2009", "2007-2010", "2008-2011", "2009-2012", "2010-2013", "2011-2014", "2012-2015", "2013-2016", "2014-2017", "2015-2018", "2016-2019", "2017-2020", "2018-2021", "2019-2022"], "window_midpoints": [1992.5, 1993.5, 1994.5, 2003.5, 2004.5, 2005.5, 2006.5, 2007.5, 2008.5, 2009.5, 2010.5, 2011.5, 2012.5, 2013.5, 2014.5, 2015.5, 2016.5, 2017.5, 2018.5, 2019.5, 2020.5], "gene_length_in_codons": 545.0, "adaptive_mutations_accumulated": [0.0, 0.0, 0.0, 9.0, 9.0, 9.0, 14.4, 15.4, 15.4, 16.15, 16.15, 18.65, 22.538888888888888, 60.53888888888889, 60.53888888888889, 114.79603174603176, 114.79603174603176, 114.79603174603176, 114.79603174603176, 117.36746031746033, 117.36746031746033], "adaptive_muts_per_codon": [0.0, 0.0, 0.0, 0.01651376146788991, 0.01651376146788991, 0.01651376146788991, 0.026422018348623854, 0.028256880733944955, 0.028256880733944955, 0.029633027522935777, 0.029633027522935777, 0.03422018348623853, 0.04135575942915392, 0.11108053007135577, 0.11108053007135577, 0.21063492063492065, 0.21063492063492065, 0.21063492063492065, 0.21063492063492065, 0.21535313819717491, 0.21535313819717491], "rate_of_adaptation": 4.747176010274485, "rate_of_adaptation_per_codon": 0.008710414697751348, "adaptive_muts_per_codon_per_year_scientific": 8.710414697751348}