{"virus": "h1n1pdm", "subtype": null, "gene": "ha2", "window": 3, "min_seqs": 2, "midfreq_high": 0.75, "midfreq_low": 0.15, "years": ["2010-2013", "2011-2014", "2012-2015", "2013-2016", "2014-2017", "2015-2018", "2016-2019", "2017-2020", "2018-2021", "2019-2022"], "window_midpoints": [2011.5, 2012.5, 2013.5, 2014.5, 2015.5, 2016.5, 2017.5, 2018.5, 2019.5, 2020.5], "gene_length_in_codons": 222.0, "adaptive_mutations_accumulated": [0.0, 0.0, 0.0, 0.8304553472213616, 0.8304553472213616, 0.8304553472213616, 0.8304553472213616, 0.8304553472213616, 0.8304553472213616, 0.8304553472213616], "adaptive_muts_per_codon": [0.0, 0.0, 0.0, 0.0037407898523484757, 0.0037407898523484757, 0.0037407898523484757, 0.0037407898523484757, 0.0037407898523484757, 0.0037407898523484757, 0.0037407898523484757], "rate_of_adaptation": 0.1056943169190824, "rate_of_adaptation_per_codon": 0.0004761005266625333, "adaptive_muts_per_codon_per_year_scientific": 0.47610052666253333}