{"virus": "h3n2", "subtype": null, "gene": "ha1", "window": 3, "min_seqs": 2, "midfreq_high": 0.75, "midfreq_low": 0.15, "years": ["1968-1971", "1969-1972", "1970-1973", "1971-1974", "1972-1975", "1973-1976", "1974-1977", "1975-1978", "1976-1979", "1977-1980", "1978-1981", "1979-1982", "1980-1983", "1981-1984", "1982-1985", "1983-1986", "1984-1987", "1985-1988", "1986-1989", "1987-1990", "1988-1991", "1989-1992", "1990-1993", "1991-1994", "1992-1995", "1993-1996", "1994-1997", "1995-1998", "1996-1999", "1997-2000", "1998-2001", "1999-2002", "2000-2003", "2001-2004", "2002-2005", "2003-2006", "2004-2007", "2005-2008", "2006-2009", "2007-2010", "2008-2011", "2009-2012", "2010-2013", "2011-2014", "2012-2015", "2013-2016", "2014-2017", "2015-2018", "2016-2019", "2017-2020", "2018-2021", "2019-2022"], "window_midpoints": [1969.5, 1970.5, 1971.5, 1972.5, 1973.5, 1974.5, 1975.5, 1976.5, 1977.5, 1978.5, 1979.5, 1980.5, 1981.5, 1982.5, 1983.5, 1984.5, 1985.5, 1986.5, 1987.5, 1988.5, 1989.5, 1990.5, 1991.5, 1992.5, 1993.5, 1994.5, 1995.5, 1996.5, 1997.5, 1998.5, 1999.5, 2000.5, 2001.5, 2002.5, 2003.5, 2004.5, 2005.5, 2006.5, 2007.5, 2008.5, 2009.5, 2010.5, 2011.5, 2012.5, 2013.5, 2014.5, 2015.5, 2016.5, 2017.5, 2018.5, 2019.5, 2020.5], "gene_length_in_codons": 329.0, "adaptive_mutations_accumulated": [0.0, 0.0, 0.0, 1.6370223978919631, 8.220520421607379, 8.220520421607379, 10.914545067038674, 12.584258505773851, 15.317591839107184, 16.117591839107185, 28.489874447802837, 29.34468340695962, 29.34468340695962, 29.34468340695962, 30.33282569944974, 34.69573548787103, 34.69573548787103, 37.42794892660621, 38.234520072851275, 41.00636899687411, 41.00636899687411, 44.976724728099406, 45.773522133592465, 46.54275290282323, 50.416473385239364, 54.16312185107205, 54.16312185107205, 57.69584199134368, 62.17908275019838, 69.50949573874243, 70.3649870682222, 72.99747629356331, 73.82702174810876, 74.58945447627472, 78.4118160227742, 83.92879828217305, 88.23925360920907, 88.23925360920907, 91.0394998086565, 92.89225498187203, 93.79082051013955, 94.66716459616106, 96.50569407910048, 98.8515684133065, 103.08511440907512, 103.08511440907512, 103.96340388275932, 108.39425281211578, 108.39425281211578, 108.39425281211578, 109.9416212331684, 113.51436773264157], "adaptive_muts_per_codon": [0.0, 0.0, 0.0, 0.004975751969276483, 0.0249863842602048, 0.0249863842602048, 0.03317490901835463, 0.03825002585341596, 0.04655802990610086, 0.048989640848350106, 0.08659536306323051, 0.0891935665865034, 0.0891935665865034, 0.0891935665865034, 0.09219703860015119, 0.1054581625771156, 0.1054581625771156, 0.11376276269485171, 0.11621434672599172, 0.12463941944338634, 0.12463941944338634, 0.13670736999422312, 0.13912924660666404, 0.14146733405113443, 0.15324156044145704, 0.16462954969930713, 0.16462954969930713, 0.1753673008855431, 0.1889941724930042, 0.21127506303569127, 0.21387534063289423, 0.22187682764001007, 0.22439824239546735, 0.22671566710113897, 0.23833378730326504, 0.2551027303409515, 0.2682044182650732, 0.2682044182650732, 0.27671580488953346, 0.28234727958015815, 0.28507848179373724, 0.2877421416296689, 0.29333037714012306, 0.3004606942653693, 0.3133286152251523, 0.3133286152251523, 0.3159981880934934, 0.329465814018589, 0.329465814018589, 0.329465814018589, 0.3341690614989921, 0.34502847335149417], "rate_of_adaptation": 2.344111315199597, "rate_of_adaptation_per_codon": 0.007124958404861997, "adaptive_muts_per_codon_per_year_scientific": 7.124958404861997}