{"virus": "measles", "subtype": null, "gene": "L", "window": 3, "min_seqs": 2, "midfreq_high": 0.75, "midfreq_low": 0.15, "years": ["2003-2006", "2004-2007", "2005-2008", "2006-2009", "2007-2010", "2008-2011", "2009-2012", "2010-2013", "2011-2014", "2012-2015", "2013-2016", "2014-2017", "2015-2018", "2016-2019", "2017-2020"], "window_midpoints": [2004.5, 2005.5, 2006.5, 2007.5, 2008.5, 2009.5, 2010.5, 2011.5, 2012.5, 2013.5, 2014.5, 2015.5, 2016.5, 2017.5, 2018.5], "gene_length_in_codons": 2184.0, "adaptive_mutations_accumulated": [0.0, 0.0, 0.5104267977305219, 0.5104267977305219, 1.260426797730522, 1.260426797730522, 1.260426797730522, 1.260426797730522, 1.8750703039098442, 2.698236674960169, 2.698236674960169, 2.698236674960169, 2.698236674960169, 2.698236674960169, 8.773513645778436], "adaptive_muts_per_codon": [0.0, 0.0, 0.00023371190372276643, 0.00023371190372276643, 0.0005771184971293599, 0.0005771184971293599, 0.0005771184971293599, 0.0005771184971293599, 0.0008585486739513938, 0.0012354563530037404, 0.0012354563530037404, 0.0012354563530037404, 0.0012354563530037404, 0.0012354563530037404, 0.0040171765777373795], "rate_of_adaptation": 0.3753499905628731, "rate_of_adaptation_per_codon": 0.00017186354879252433, "adaptive_muts_per_codon_per_year_scientific": 0.17186354879252433}