{"virus": "nl63", "subtype": null, "gene": "s2", "window": 3, "min_seqs": 2, "midfreq_high": 0.75, "midfreq_low": 0.15, "years": ["1987-1990", "1988-1991", "1989-1992", "1990-1993", "1999-2002", "2000-2003", "2001-2004", "2003-2006", "2004-2007", "2005-2008", "2006-2009", "2007-2010", "2008-2011", "2009-2012", "2010-2013", "2012-2015", "2013-2016", "2014-2017", "2015-2018", "2016-2019"], "window_midpoints": [1988.5, 1989.5, 1990.5, 1991.5, 2000.5, 2001.5, 2002.5, 2004.5, 2005.5, 2006.5, 2007.5, 2008.5, 2009.5, 2010.5, 2011.5, 2013.5, 2014.5, 2015.5, 2016.5, 2017.5], "gene_length_in_codons": 608.0, "adaptive_mutations_accumulated": [0.0, 0.0, 0.0, 0.0, 0.0, 0.0, 0.0, 0.75, 0.75, 0.75, 2.3242846034214617, 2.3242846034214617, 2.3242846034214617, 2.3242846034214617, 2.3242846034214617, 3.959385692068429, 3.959385692068429, 4.417208027845664, 4.417208027845664, 4.417208027845664], "adaptive_muts_per_codon": [0.0, 0.0, 0.0, 0.0, 0.0, 0.0, 0.0, 0.0012335526315789473, 0.0012335526315789473, 0.0012335526315789473, 0.003822836518785299, 0.003822836518785299, 0.003822836518785299, 0.003822836518785299, 0.003822836518785299, 0.0065121475198493895, 0.0065121475198493895, 0.007265144782640895, 0.007265144782640895, 0.007265144782640895], "rate_of_adaptation": 0.1648351950590253, "rate_of_adaptation_per_codon": 0.00027111051818918636, "adaptive_muts_per_codon_per_year_scientific": 0.27111051818918636}