{"virus": "oc43", "subtype": "a", "gene": "s1", "window": 3, "min_seqs": 2, "midfreq_high": 0.75, "midfreq_low": 0.15, "years": ["1990-1993", "1991-1994", "1994-1997", "1995-1998", "1996-1999", "1997-2000", "1998-2001", "1999-2002", "2000-2003", "2001-2004", "2002-2005", "2003-2006", "2004-2007", "2005-2008", "2006-2009", "2007-2010", "2008-2011", "2009-2012", "2010-2013", "2011-2014", "2012-2015", "2013-2016", "2014-2017", "2015-2018", "2016-2019"], "window_midpoints": [1991.5, 1992.5, 1995.5, 1996.5, 1997.5, 1998.5, 1999.5, 2000.5, 2001.5, 2002.5, 2003.5, 2004.5, 2005.5, 2006.5, 2007.5, 2008.5, 2009.5, 2010.5, 2011.5, 2012.5, 2013.5, 2014.5, 2015.5, 2016.5, 2017.5], "gene_length_in_codons": 753.0, "adaptive_mutations_accumulated": [0.0, 0.0, 5.0, 5.75, 5.75, 5.75, 9.5, 9.5, 9.5, 9.5, 21.5, 21.5, 21.5, 26.142857142857142, 26.142857142857142, 26.142857142857142, 29.755760368663594, 29.755760368663594, 30.51131592421915, 31.2918037290972, 31.2918037290972, 41.32689144839544, 41.32689144839544, 42.32689144839544, 47.94227606378006], "adaptive_muts_per_codon": [0.0, 0.0, 0.006640106241699867, 0.0076361221779548474, 0.0076361221779548474, 0.0076361221779548474, 0.012616201859229747, 0.012616201859229747, 0.012616201859229747, 0.012616201859229747, 0.028552456839309428, 0.028552456839309428, 0.028552456839309428, 0.03471826977803073, 0.03471826977803073, 0.03471826977803073, 0.03951628203009774, 0.03951628203009774, 0.04051967586217683, 0.0415561802511251, 0.0415561802511251, 0.054882989971308686, 0.054882989971308686, 0.056211011219648666, 0.06366836130648082], "rate_of_adaptation": 1.8324886151006723, "rate_of_adaptation_per_codon": 0.002433583818194784, "adaptive_muts_per_codon_per_year_scientific": 2.433583818194784}