{"virus": "oc43", "subtype": "A", "gene": "S2", "window": 3, "min_seqs": 2, "midfreq_high": 0.75, "midfreq_low": 0.15, "years": ["1990-1993", "1991-1994", "1994-1997", "1995-1998", "1996-1999", "1997-2000", "1998-2001", "1999-2002", "2000-2003", "2001-2004", "2002-2005", "2003-2006", "2004-2007", "2005-2008", "2006-2009", "2007-2010", "2008-2011", "2009-2012", "2010-2013", "2011-2014", "2012-2015", "2013-2016", "2014-2017", "2015-2018", "2016-2019", "2017-2020", "2018-2021"], "window_midpoints": [1991.5, 1992.5, 1995.5, 1996.5, 1997.5, 1998.5, 1999.5, 2000.5, 2001.5, 2002.5, 2003.5, 2004.5, 2005.5, 2006.5, 2007.5, 2008.5, 2009.5, 2010.5, 2011.5, 2012.5, 2013.5, 2014.5, 2015.5, 2016.5, 2017.5, 2018.5, 2019.5], "gene_length_in_codons": 596.0, "adaptive_mutations_accumulated": [0.0, 0.0, 0.0, 0.0, 0.0, 0.0, 0.0, 0.0, 0.0, 0.0, 0.8318181818181818, 0.8318181818181818, 0.8318181818181818, 0.8318181818181818, 0.8318181818181818, 0.8318181818181818, 0.8318181818181818, 0.8318181818181818, 0.8318181818181818, 0.8318181818181818, 0.8318181818181818, 0.8318181818181818, 0.8318181818181818, 0.8318181818181818, 0.8318181818181818, 0.8318181818181818, 0.8318181818181818], "adaptive_muts_per_codon": [0.0, 0.0, 0.0, 0.0, 0.0, 0.0, 0.0, 0.0, 0.0, 0.0, 0.0013956680902989628, 0.0013956680902989628, 0.0013956680902989628, 0.0013956680902989628, 0.0013956680902989628, 0.0013956680902989628, 0.0013956680902989628, 0.0013956680902989628, 0.0013956680902989628, 0.0013956680902989628, 0.0013956680902989628, 0.0013956680902989628, 0.0013956680902989628, 0.0013956680902989628, 0.0013956680902989628, 0.0013956680902989628, 0.0013956680902989628], "rate_of_adaptation": 0.04170917038654592, "rate_of_adaptation_per_codon": 6.998182950762737e-05, "adaptive_muts_per_codon_per_year_scientific": 0.06998182950762738}