{"virus": "rsv", "subtype": "A", "gene": "L", "window": 3, "min_seqs": 2, "midfreq_high": 0.75, "midfreq_low": 0.15, "years": ["1977-1980", "1978-1981", "1979-1982", "1980-1983", "1981-1984", "1982-1985", "1983-1986", "1984-1987", "1985-1988", "1986-1989", "1987-1990", "1988-1991", "1989-1992", "1990-1993", "1991-1994", "1992-1995", "1993-1996", "1994-1997", "1995-1998", "1996-1999", "1997-2000", "1998-2001", "1999-2002", "2000-2003", "2001-2004", "2002-2005", "2003-2006", "2004-2007", "2005-2008", "2006-2009", "2007-2010", "2008-2011", "2009-2012", "2010-2013", "2011-2014", "2012-2015", "2013-2016", "2014-2017", "2015-2018", "2016-2019", "2017-2020"], "window_midpoints": [1978.5, 1979.5, 1980.5, 1981.5, 1982.5, 1983.5, 1984.5, 1985.5, 1986.5, 1987.5, 1988.5, 1989.5, 1990.5, 1991.5, 1992.5, 1993.5, 1994.5, 1995.5, 1996.5, 1997.5, 1998.5, 1999.5, 2000.5, 2001.5, 2002.5, 2003.5, 2004.5, 2005.5, 2006.5, 2007.5, 2008.5, 2009.5, 2010.5, 2011.5, 2012.5, 2013.5, 2014.5, 2015.5, 2016.5, 2017.5, 2018.5], "gene_length_in_codons": 2166.0, "adaptive_mutations_accumulated": [0.0, 0.0, 0.0, 0.0, 0.0, 1.155971944094956, 1.155971944094956, 1.155971944094956, 1.155971944094956, 1.155971944094956, 1.155971944094956, 1.155971944094956, 1.155971944094956, 3.7435404150939693, 3.7435404150939693, 3.7435404150939693, 3.7435404150939693, 3.7435404150939693, 3.7435404150939693, 3.7435404150939693, 3.7435404150939693, 3.7435404150939693, 4.019323886991667, 4.019323886991667, 4.019323886991667, 4.019323886991667, 4.019323886991667, 4.019323886991667, 4.745205980908907, 14.615192680623263, 14.615192680623263, 16.17143407503148, 16.732938739990736, 17.620310753642613, 17.620310753642613, 17.895108983894563, 18.7419056813755, 18.7419056813755, 18.7419056813755, 18.7419056813755, 19.517268000216077], "adaptive_muts_per_codon": [0.0, 0.0, 0.0, 0.0, 0.0, 0.0005336897248822512, 0.0005336897248822512, 0.0005336897248822512, 0.0005336897248822512, 0.0005336897248822512, 0.0005336897248822512, 0.0005336897248822512, 0.0005336897248822512, 0.0017283196745586193, 0.0017283196745586193, 0.0017283196745586193, 0.0017283196745586193, 0.0017283196745586193, 0.0017283196745586193, 0.0017283196745586193, 0.0017283196745586193, 0.0017283196745586193, 0.001855643530467067, 0.001855643530467067, 0.001855643530467067, 0.001855643530467067, 0.001855643530467067, 0.001855643530467067, 0.002190769150927473, 0.006747549714045828, 0.006747549714045828, 0.007466036045720905, 0.00772527180978335, 0.008134954179890403, 0.008134954179890403, 0.008261823168926392, 0.00865277270608287, 0.00865277270608287, 0.00865277270608287, 0.00865277270608287, 0.009010742382371227], "rate_of_adaptation": 0.5299445759888896, "rate_of_adaptation_per_codon": 0.0002446650858674467, "adaptive_muts_per_codon_per_year_scientific": 0.2446650858674467}