{"virus": "vic", "subtype": null, "gene": "pb1", "window": 3, "min_seqs": 2, "midfreq_high": 0.75, "midfreq_low": 0.15, "years": ["1971-1974", "1972-1975", "1983-1986", "1984-1987", "1985-1988", "1986-1989", "1987-1990", "1988-1991", "1991-1994", "1992-1995", "1993-1996", "1994-1997", "1995-1998", "1996-1999", "1997-2000", "1998-2001", "1999-2002", "2000-2003", "2001-2004", "2002-2005", "2003-2006", "2004-2007", "2005-2008", "2006-2009", "2007-2010", "2008-2011", "2009-2012", "2010-2013", "2011-2014", "2012-2015", "2013-2016", "2014-2017", "2015-2018", "2016-2019", "2017-2020", "2018-2021", "2019-2022"], "window_midpoints": [1972.5, 1973.5, 1984.5, 1985.5, 1986.5, 1987.5, 1988.5, 1989.5, 1992.5, 1993.5, 1994.5, 1995.5, 1996.5, 1997.5, 1998.5, 1999.5, 2000.5, 2001.5, 2002.5, 2003.5, 2004.5, 2005.5, 2006.5, 2007.5, 2008.5, 2009.5, 2010.5, 2011.5, 2012.5, 2013.5, 2014.5, 2015.5, 2016.5, 2017.5, 2018.5, 2019.5, 2020.5], "gene_length_in_codons": 753.0, "adaptive_mutations_accumulated": [0.0, 0.0, 0.7231547482179812, 0.7231547482179812, 0.7231547482179812, 0.7231547482179812, 0.7231547482179812, 0.7231547482179812, 1.219379934084464, 1.219379934084464, 1.219379934084464, 1.219379934084464, 1.219379934084464, 1.219379934084464, 1.219379934084464, 1.219379934084464, 1.219379934084464, 1.4506646300736898, 1.4506646300736898, 1.4506646300736898, 1.4506646300736898, 1.4506646300736898, 1.4506646300736898, 1.4506646300736898, 1.4506646300736898, 2.7892039936762867, 3.543911333805563, 3.543911333805563, 4.285546778510002, 5.05262514354192, 5.05262514354192, 5.05262514354192, 5.05262514354192, 5.05262514354192, 5.05262514354192, 5.05262514354192, 5.05262514354192], "adaptive_muts_per_codon": [0.0, 0.0, 0.0009603648714714226, 0.0009603648714714226, 0.0009603648714714226, 0.0009603648714714226, 0.0009603648714714226, 0.0009603648714714226, 0.0016193624622635643, 0.0016193624622635643, 0.0016193624622635643, 0.0016193624622635643, 0.0016193624622635643, 0.0016193624622635643, 0.0016193624622635643, 0.0016193624622635643, 0.0016193624622635643, 0.0019265134529531075, 0.0019265134529531075, 0.0019265134529531075, 0.0019265134529531075, 0.0019265134529531075, 0.0019265134529531075, 0.0019265134529531075, 0.0019265134529531075, 0.0037041221695568215, 0.004706389553526644, 0.004706389553526644, 0.005691297182616205, 0.006709993550520477, 0.006709993550520477, 0.006709993550520477, 0.006709993550520477, 0.006709993550520477, 0.006709993550520477, 0.006709993550520477, 0.006709993550520477], "rate_of_adaptation": 0.12086005167437802, "rate_of_adaptation_per_codon": 0.00016050471669904119, "adaptive_muts_per_codon_per_year_scientific": 0.16050471669904118}