{"virus": "yam", "subtype": null, "gene": "ha1", "window": 3, "min_seqs": 2, "midfreq_high": 0.75, "midfreq_low": 0.15, "years": ["1990-1993", "1991-1994", "1992-1995", "1993-1996", "1994-1997", "1995-1998", "1996-1999", "1997-2000", "1998-2001", "1999-2002", "2000-2003", "2001-2004", "2002-2005", "2003-2006", "2004-2007", "2005-2008", "2006-2009", "2007-2010", "2008-2011", "2009-2012", "2010-2013", "2011-2014", "2012-2015", "2013-2016", "2014-2017", "2015-2018", "2016-2019", "2017-2020"], "window_midpoints": [1991.5, 1992.5, 1993.5, 1994.5, 1995.5, 1996.5, 1997.5, 1998.5, 1999.5, 2000.5, 2001.5, 2002.5, 2003.5, 2004.5, 2005.5, 2006.5, 2007.5, 2008.5, 2009.5, 2010.5, 2011.5, 2012.5, 2013.5, 2014.5, 2015.5, 2016.5, 2017.5, 2018.5], "gene_length_in_codons": 346.0, "adaptive_mutations_accumulated": [0.0, 0.0, 0.0, 0.0, 0.0, 3.136150234741784, 3.9553431701319024, 4.8410574558461885, 4.8410574558461885, 5.691057455846188, 5.691057455846188, 6.457724122512855, 16.636375139727253, 16.636375139727253, 17.32395880773261, 17.32395880773261, 17.32395880773261, 17.32395880773261, 19.64570345184248, 19.64570345184248, 19.64570345184248, 19.64570345184248, 19.64570345184248, 19.64570345184248, 23.924240046084936, 24.74398253535532, 24.74398253535532, 24.74398253535532], "adaptive_muts_per_codon": [0.0, 0.0, 0.0, 0.0, 0.0, 0.009064018019484924, 0.011431627659340759, 0.013991495537127712, 0.013991495537127712, 0.016448142935971643, 0.016448142935971643, 0.018663942550615188, 0.048082009074356225, 0.048082009074356225, 0.050069245109053785, 0.050069245109053785, 0.050069245109053785, 0.050069245109053785, 0.05677948974520948, 0.05677948974520948, 0.05677948974520948, 0.05677948974520948, 0.05677948974520948, 0.05677948974520948, 0.06914520244533219, 0.07151440039120036, 0.07151440039120036, 0.07151440039120036], "rate_of_adaptation": 1.0582673894499215, "rate_of_adaptation_per_codon": 0.0030585762700864783, "adaptive_muts_per_codon_per_year_scientific": 3.0585762700864785}