{"virus": "229e", "subtype": null, "gene": "spike", "loci_len": 66, "loci_offset": 9, "location": [1215, 1281], "window": 3, "min_seqs": 2, "midfreq_high": 0.75, "midfreq_low": 0.15, "window_midpoint": [1992.5, 1993.5, 1994.5, 2004.5, 2005.5, 2006.5, 2007.5, 2008.5, 2009.5, 2010.5, 2011.5, 2012.5, 2014.5, 2015.5, 2016.5, 2017.5], "adaptive_substitutions": [0.0, 0.0, 0.0, 0.0, 0.0, 1.4214285714285715, 2.0, 1.8714285714285714, 1.8993788819875776, 1.9074285714285713, 2.0, 2.0, 1.5, 1.8457142857142856, 1.8457142857142856, 1.8219780219780222], "adaptive_substitutions_per_codon": [0.0, 0.0, 0.0, 0.0, 0.0, 0.021536796536796538, 0.030303030303030304, 0.028354978354978355, 0.02877846790890269, 0.0289004329004329, 0.030303030303030304, 0.030303030303030304, 0.022727272727272728, 0.027965367965367964, 0.027965367965367964, 0.027605727605727607], "rate_of_adaptation": 0.0013802758950029546}