{"virus": "229e", "subtype": null, "gene": "spike", "loci_len": 66, "loci_offset": 9, "location": [918, 984], "window": 3, "min_seqs": 2, "midfreq_high": 0.75, "midfreq_low": 0.15, "window_midpoint": [1992.5, 1993.5, 1994.5, 2004.5, 2005.5, 2006.5, 2007.5, 2008.5, 2009.5, 2010.5, 2011.5, 2012.5, 2014.5, 2015.5, 2016.5, 2017.5], "adaptive_substitutions": [0.0, 0.0, 0.0, 4.0, 4.0, 4.0, 4.768571428571429, 4.0, 4.0, 4.0, 4.0, 5.537142857142857, 7.0, 7.537142857142857, 7.537142857142857, 7.554945054945056], "adaptive_substitutions_per_codon": [0.0, 0.0, 0.0, 0.06060606060606061, 0.06060606060606061, 0.06060606060606061, 0.07225108225108225, 0.06060606060606061, 0.06060606060606061, 0.06060606060606061, 0.06060606060606061, 0.0838961038961039, 0.10606060606060606, 0.1141991341991342, 0.1141991341991342, 0.11446886446886448], "rate_of_adaptation": 0.0046446599027434605}