{"virus": "229e", "subtype": null, "gene": "spike", "loci_len": 66, "loci_offset": 9, "location": [1053, 1119], "window": 3, "min_seqs": 2, "midfreq_high": 0.75, "midfreq_low": 0.15, "window_midpoint": [1992.5, 1993.5, 1994.5, 2004.5, 2005.5, 2006.5, 2007.5, 2008.5, 2009.5, 2010.5, 2011.5, 2012.5, 2014.5, 2015.5, 2016.5, 2017.5], "adaptive_substitutions": [0.0, 0.0, 0.0, 1.0, 1.0, 1.0, 1.0, 1.0, 1.0, 1.0, 2.0, 3.5371428571428574, 4.0, 3.7685714285714282, 3.7685714285714282, 3.732967032967033], "adaptive_substitutions_per_codon": [0.0, 0.0, 0.0, 0.015151515151515152, 0.015151515151515152, 0.015151515151515152, 0.015151515151515152, 0.015151515151515152, 0.015151515151515152, 0.015151515151515152, 0.030303030303030304, 0.053593073593073595, 0.06060606060606061, 0.057099567099567095, 0.057099567099567095, 0.056560106560106564], "rate_of_adaptation": 0.0024381252642549944}