{"virus": "nl63", "subtype": null, "gene": "spike", "loci_len": 66, "loci_offset": 9, "location": [198, 264], "window": 3, "min_seqs": 2, "midfreq_high": 0.75, "midfreq_low": 0.15, "window_midpoint": [1988.5, 1989.5, 1990.5, 1991.5, 2000.5, 2001.5, 2002.5, 2003.5, 2004.5, 2005.5, 2006.5, 2007.5, 2008.5, 2009.5, 2010.5, 2011.5, 2012.5, 2013.5, 2014.5, 2015.5, 2016.5, 2017.5], "adaptive_substitutions": [0.0, 0.0, 0.0, 0.0, 0.0, 0.0, 0.0, 0.0, 0.0, 0.0, 0.0, 0.9084662109431996, 0.7448148911143747, 0.7332654446630934, 0.0, 0.745792337179161, 0.0, 0.0, 0.0, 0.7543843326975858, 0.8337939093442309, 0.0], "adaptive_substitutions_per_codon": [0.0, 0.0, 0.0, 0.0, 0.0, 0.0, 0.0, 0.0, 0.0, 0.0, 0.0, 0.013764639559745448, 0.011285074107793556, 0.011110082494895354, 0.0, 0.011299883896653956, 0.0, 0.0, 0.0, 0.011430065646933118, 0.012633241050670166, 0.0], "rate_of_adaptation": 0.00025353137171140773}