{"virus": "nl63", "subtype": null, "gene": "spike", "loci_len": 66, "loci_offset": 9, "location": [45, 111], "window": 3, "min_seqs": 2, "midfreq_high": 0.75, "midfreq_low": 0.15, "window_midpoint": [1988.5, 1989.5, 1990.5, 1991.5, 2000.5, 2001.5, 2002.5, 2003.5, 2004.5, 2005.5, 2006.5, 2007.5, 2008.5, 2009.5, 2010.5, 2011.5, 2012.5, 2013.5, 2014.5, 2015.5, 2016.5, 2017.5], "adaptive_substitutions": [0.0, 0.0, 0.0, 0.0, 0.0, 0.0, 0.0, 2.0, 1.5789445703387184, 1.5789445703387184, 1.6675878186884618, 1.8169324218863991, 1.473680712923398, 1.56060458792153, 0.0, 1.5924798859545644, 0.0, 0.0, 0.0, 0.7543843326975858, 1.612185788469872, 0.0], "adaptive_substitutions_per_codon": [0.0, 0.0, 0.0, 0.0, 0.0, 0.0, 0.0, 0.030303030303030304, 0.023923402580889673, 0.023923402580889673, 0.025266482101340332, 0.027529279119490897, 0.022328495650354514, 0.02364552405941712, 0.0, 0.0241284831205237, 0.0, 0.0, 0.0, 0.011430065646933118, 0.024427057401058667, 0.0], "rate_of_adaptation": 0.0004035800552284478}