{"virus": "nl63", "subtype": null, "gene": "spike", "loci_len": 66, "loci_offset": 9, "location": [297, 363], "window": 3, "min_seqs": 2, "midfreq_high": 0.75, "midfreq_low": 0.15, "window_midpoint": [1988.5, 1989.5, 1990.5, 1991.5, 2000.5, 2001.5, 2002.5, 2003.5, 2004.5, 2005.5, 2006.5, 2007.5, 2008.5, 2009.5, 2010.5, 2011.5, 2012.5, 2013.5, 2014.5, 2015.5, 2016.5, 2017.5], "adaptive_substitutions": [0.0, 0.0, 0.0, 0.0, 1.0, 1.0, 1.0, 0.0, 0.0, 0.0, 0.0, 1.9084662109431996, 1.7448148911143746, 1.7859040188162973, 1.0, 1.798430911332365, 1.0, 1.0, 0.5, 1.2543843326975859, 1.333793909344231, 0.5], "adaptive_substitutions_per_codon": [0.0, 0.0, 0.0, 0.0, 0.015151515151515152, 0.015151515151515152, 0.015151515151515152, 0.0, 0.0, 0.0, 0.0, 0.0289161547112606, 0.026436589259308706, 0.027059151800246928, 0.015151515151515152, 0.027248953202005533, 0.015151515151515152, 0.015151515151515152, 0.007575757575757576, 0.019005823222690694, 0.020208998626427742, 0.007575757575757576], "rate_of_adaptation": 0.0006522886223407385}