{"virus": "oc43", "subtype": "a", "gene": "spike", "loci_len": 66, "loci_offset": 9, "location": [2046, 2112], "window": 3, "min_seqs": 2, "midfreq_high": 0.75, "midfreq_low": 0.15, "window_midpoint": [1991.5, 1992.5, 1995.5, 1996.5, 1997.5, 1998.5, 1999.5, 2000.5, 2001.5, 2002.5, 2003.5, 2004.5, 2005.5, 2006.5, 2007.5, 2008.5, 2009.5, 2010.5, 2011.5, 2012.5, 2013.5, 2014.5, 2015.5, 2016.5, 2017.5], "adaptive_substitutions": [0.0, 0.0, 0.0, 0.0, 0.0, 0.0, 0.0, 0.0, 0.0, 0.0, 0.9732016925246827, 0.7165021156558533, 0.8020686412787965, 0.9365303244005642, 0.9732016925246827, 0.9732016925246827, 0.9732016925246827, 0.9732016925246827, 0.9732016925246827, 0.9732016925246827, 0.9732016925246827, 1.0, 1.0, 1.0, 0.9732016925246827], "adaptive_substitutions_per_codon": [0.0, 0.0, 0.0, 0.0, 0.0, 0.0, 0.0, 0.0, 0.0, 0.0, 0.01474548018976792, 0.010856092661452323, 0.012152555170890856, 0.014189853400008548, 0.01474548018976792, 0.01474548018976792, 0.01474548018976792, 0.01474548018976792, 0.01474548018976792, 0.01474548018976792, 0.01474548018976792, 0.015151515151515152, 0.015151515151515152, 0.015151515151515152, 0.01474548018976792], "rate_of_adaptation": 0.0008260088917553286}