{"virus": "oc43", "subtype": "a", "gene": "spike", "loci_len": 66, "loci_offset": 9, "location": [75, 141], "window": 3, "min_seqs": 2, "midfreq_high": 0.75, "midfreq_low": 0.15, "window_midpoint": [1991.5, 1992.5, 1995.5, 1996.5, 1997.5, 1998.5, 1999.5, 2000.5, 2001.5, 2002.5, 2003.5, 2004.5, 2005.5, 2006.5, 2007.5, 2008.5, 2009.5, 2010.5, 2011.5, 2012.5, 2013.5, 2014.5, 2015.5, 2016.5, 2017.5], "adaptive_substitutions": [0.0, 0.0, 2.0, 2.0, 2.0, 1.5, 3.729901269393512, 5.0, 3.5, 3.5, 4.243300423131171, 5.0, 5.0, 5.0, 5.0, 5.0, 5.0, 5.0, 5.0, 5.0, 5.0, 5.0, 5.0, 5.0, 5.921015514809591], "adaptive_substitutions_per_codon": [0.0, 0.0, 0.030303030303030304, 0.030303030303030304, 0.030303030303030304, 0.022727272727272728, 0.05651365559687139, 0.07575757575757576, 0.05303030303030303, 0.05303030303030303, 0.06429243065350258, 0.07575757575757576, 0.07575757575757576, 0.07575757575757576, 0.07575757575757576, 0.07575757575757576, 0.07575757575757576, 0.07575757575757576, 0.07575757575757576, 0.07575757575757576, 0.07575757575757576, 0.07575757575757576, 0.07575757575757576, 0.07575757575757576, 0.0897123562849938], "rate_of_adaptation": 0.0028901659423990486}