{"virus": "oc43", "subtype": "a", "gene": "spike", "loci_len": 66, "loci_offset": 9, "location": [57, 123], "window": 3, "min_seqs": 2, "midfreq_high": 0.75, "midfreq_low": 0.15, "window_midpoint": [1991.5, 1992.5, 1995.5, 1996.5, 1997.5, 1998.5, 1999.5, 2000.5, 2001.5, 2002.5, 2003.5, 2004.5, 2005.5, 2006.5, 2007.5, 2008.5, 2009.5, 2010.5, 2011.5, 2012.5, 2013.5, 2014.5, 2015.5, 2016.5, 2017.5], "adaptive_substitutions": [0.0, 0.0, 2.0, 2.0, 2.0, 1.5, 3.729901269393512, 5.0, 3.5, 3.5, 4.986600846262341, 6.0, 6.0, 6.889985895627644, 6.939600099560275, 6.5, 6.5, 7.0, 7.0, 7.0, 7.0, 7.945957983817088, 8.0, 7.99227971197387, 8.894687353079455], "adaptive_substitutions_per_codon": [0.0, 0.0, 0.030303030303030304, 0.030303030303030304, 0.030303030303030304, 0.022727272727272728, 0.05651365559687139, 0.07575757575757576, 0.05303030303030303, 0.05303030303030303, 0.07555455827670214, 0.09090909090909091, 0.09090909090909091, 0.10439372569132795, 0.10514545605394356, 0.09848484848484848, 0.09848484848484848, 0.10606060606060606, 0.10606060606060606, 0.10606060606060606, 0.10606060606060606, 0.1203933027851074, 0.12121212121212122, 0.12109514715111924, 0.13476799019817357], "rate_of_adaptation": 0.005008157038611986}