{"virus": "oc43", "subtype": "a", "gene": "spike", "loci_len": 66, "loci_offset": 9, "location": [642, 708], "window": 3, "min_seqs": 2, "midfreq_high": 0.75, "midfreq_low": 0.15, "window_midpoint": [1991.5, 1992.5, 1995.5, 1996.5, 1997.5, 1998.5, 1999.5, 2000.5, 2001.5, 2002.5, 2003.5, 2004.5, 2005.5, 2006.5, 2007.5, 2008.5, 2009.5, 2010.5, 2011.5, 2012.5, 2013.5, 2014.5, 2015.5, 2016.5, 2017.5], "adaptive_substitutions": [0.0, 0.0, 0.0, 0.0, 0.0, 0.0, 0.7433004231311706, 1.0, 0.0, 0.0, 0.7433004231311706, 1.0, 1.0, 1.0, 1.0, 1.0, 1.0, 1.0, 0.9771822598338818, 0.9749561388420654, 0.9729789919085443, 1.0, 1.0, 1.0, 1.0], "adaptive_substitutions_per_codon": [0.0, 0.0, 0.0, 0.0, 0.0, 0.0, 0.011262127623199555, 0.015151515151515152, 0.0, 0.0, 0.011262127623199555, 0.015151515151515152, 0.015151515151515152, 0.015151515151515152, 0.015151515151515152, 0.015151515151515152, 0.015151515151515152, 0.015151515151515152, 0.014805791815664876, 0.014772062709728265, 0.014742105938008248, 0.015151515151515152, 0.015151515151515152, 0.015151515151515152, 0.015151515151515152], "rate_of_adaptation": 0.0007379032362739444}