{"virus": "oc43", "subtype": "a", "gene": "spike", "loci_len": 66, "loci_offset": 9, "location": [39, 105], "window": 3, "min_seqs": 2, "midfreq_high": 0.75, "midfreq_low": 0.15, "window_midpoint": [1991.5, 1992.5, 1995.5, 1996.5, 1997.5, 1998.5, 1999.5, 2000.5, 2001.5, 2002.5, 2003.5, 2004.5, 2005.5, 2006.5, 2007.5, 2008.5, 2009.5, 2010.5, 2011.5, 2012.5, 2013.5, 2014.5, 2015.5, 2016.5, 2017.5], "adaptive_substitutions": [0.0, 0.0, 2.0, 2.0, 2.0, 1.5, 2.9866008462623412, 4.0, 2.5, 2.5, 3.9866008462623412, 5.0, 5.0, 5.889985895627644, 5.939600099560275, 5.5, 5.5, 6.0, 6.0, 6.0, 6.0, 6.945957983817088, 7.0, 6.99227971197387, 6.973671838269864], "adaptive_substitutions_per_codon": [0.0, 0.0, 0.030303030303030304, 0.030303030303030304, 0.030303030303030304, 0.022727272727272728, 0.04525152797367184, 0.06060606060606061, 0.03787878787878788, 0.03787878787878788, 0.06040304312518699, 0.07575757575757576, 0.07575757575757576, 0.0892422105398128, 0.0899939409024284, 0.08333333333333333, 0.08333333333333333, 0.09090909090909091, 0.09090909090909091, 0.09090909090909091, 0.09090909090909091, 0.10524178763359225, 0.10606060606060606, 0.10594363199960409, 0.10566169451924036], "rate_of_adaptation": 0.004220581915644532}