{"virus": "rsv", "subtype": "B", "gene": "g", "loci_len": 66, "loci_offset": 9, "location": [5337, 5403], "window": 3, "min_seqs": 2, "midfreq_high": 0.75, "midfreq_low": 0.15, "window_midpoint": [1977.5, 1978.5, 1979.5, 1980.5, 1981.5, 1982.5, 1983.5, 1984.5, 1985.5, 1986.5, 1987.5, 1988.5, 1989.5, 1990.5, 1991.5, 1992.5, 1993.5, 1994.5, 1995.5, 1996.5, 1997.5, 1998.5, 2001.5, 2002.5, 2003.5, 2004.5, 2005.5, 2006.5, 2007.5, 2008.5, 2009.5, 2010.5, 2011.5, 2012.5, 2013.5, 2014.5, 2015.5, 2016.5, 2017.5, 2018.5], "adaptive_substitutions": [0.0, 0.0, 0.0, 0.0, 0.0, 0.0, 0.0, 1.4378909740840036, 1.759675534474462, 1.72963497628377, 0.0, 0.891853990513508, 0.9185399051350793, 2.4228706949886574, 1.648174881418849, 0.9185399051350793, 1.858458788753695, 1.8644669003918333, 1.8509486492060216, 1.9185399051350793, 1.9185399051350793, 1.9185399051350793, 3.6095513066022447, 3.5580532068467723, 3.5252816888205625, 4.4732328072495235, 4.648174881418849, 4.666199216333265, 4.664078706343333, 4.736124949374731, 4.779891175024192, 4.7167749620632655, 4.543517452883535, 4.465017851027641, 4.4656217776861205, 4.5842709569251126, 4.58523293886326, 4.6343060424829865, 4.628214126712557, 4.621632681996288], "adaptive_substitutions_per_codon": [0.0, 0.0, 0.0, 0.0, 0.0, 0.0, 0.0, 0.02178622688006066, 0.026661750522340332, 0.02620659054975409, 0.0, 0.013512939250204666, 0.013917271289925445, 0.036710162045282685, 0.02497234668816438, 0.013917271289925445, 0.028158466496268107, 0.02824949849078535, 0.02804467650312154, 0.029068786441440595, 0.029068786441440595, 0.029068786441440595, 0.05469017131215522, 0.05390989707343594, 0.05341335892152367, 0.06777625465529581, 0.07042689214270983, 0.07069998812626159, 0.0706678591870202, 0.07175946892992016, 0.0724225935609726, 0.07146628730398887, 0.0688411735285384, 0.06765178562163092, 0.06766093602554728, 0.0694586508625017, 0.06947322634641304, 0.0702167582194392, 0.07012445646534177, 0.07002473760600436], "rate_of_adaptation": 0.0021095837958081784}