{"virus": "rsv", "subtype": "A", "gene": "g", "loci_len": 66, "loci_offset": 9, "location": [5337, 5403], "window": 3, "min_seqs": 2, "midfreq_high": 0.75, "midfreq_low": 0.15, "window_midpoint": [1978.5, 1979.5, 1980.5, 1981.5, 1982.5, 1983.5, 1984.5, 1985.5, 1986.5, 1987.5, 1988.5, 1989.5, 1990.5, 1991.5, 1992.5, 1993.5, 1994.5, 1995.5, 1996.5, 1997.5, 1998.5, 1999.5, 2000.5, 2001.5, 2002.5, 2003.5, 2004.5, 2005.5, 2006.5, 2007.5, 2008.5, 2009.5, 2010.5, 2011.5, 2012.5, 2013.5, 2014.5, 2015.5, 2016.5, 2017.5, 2018.5], "adaptive_substitutions": [0.0, 0.0, 0.0, 0.0, 0.0, 0.0, 0.0, 0.0, 0.0, 0.0, 0.0, 0.0, 0.0, 2.6224293059125965, 2.7986289631533845, 0.0, 0.0, 0.0, 0.0, 0.0, 0.0, 0.0, 2.4965724078834617, 2.669625642673522, 2.6759546533502743, 2.8321908026278204, 2.572086546700943, 0.7583547557840618, 0.0, 0.7917737789203085, 0.8782687209215393, 1.6915318090363105, 1.762603208162154, 0.9347265968865064, 0.9494888703562002, 0.9315692410863976, 1.7308282289716166, 1.8416542641951923, 1.8656160351700755, 1.9451098387473709, 1.9356581349428112], "adaptive_substitutions_per_codon": [0.0, 0.0, 0.0, 0.0, 0.0, 0.0, 0.0, 0.0, 0.0, 0.0, 0.0, 0.0, 0.0, 0.03973377736231207, 0.042403469138687644, 0.0, 0.0, 0.0, 0.0, 0.0, 0.0, 0.0, 0.03782685466490093, 0.04044887337384124, 0.040544767475004156, 0.04291198185799728, 0.03897100828334762, 0.011490223572485784, 0.0, 0.011996572407883462, 0.013307101832144536, 0.025629269833883493, 0.026706109214578094, 0.014162524195250097, 0.014386195005396974, 0.014114685471006024, 0.026224670135933586, 0.027903852487805945, 0.028266909623789024, 0.029471361193141983, 0.029328153559739563], "rate_of_adaptation": 0.0007570380599233077}