{"virus": "rsv", "subtype": "A", "gene": "g", "loci_len": 66, "loci_offset": 9, "location": [5436, 5502], "window": 3, "min_seqs": 2, "midfreq_high": 0.75, "midfreq_low": 0.15, "window_midpoint": [1978.5, 1979.5, 1980.5, 1981.5, 1982.5, 1983.5, 1984.5, 1985.5, 1986.5, 1987.5, 1988.5, 1989.5, 1990.5, 1991.5, 1992.5, 1993.5, 1994.5, 1995.5, 1996.5, 1997.5, 1998.5, 1999.5, 2000.5, 2001.5, 2002.5, 2003.5, 2004.5, 2005.5, 2006.5, 2007.5, 2008.5, 2009.5, 2010.5, 2011.5, 2012.5, 2013.5, 2014.5, 2015.5, 2016.5, 2017.5, 2018.5], "adaptive_substitutions": [0.0, 0.0, 0.0, 0.0, 0.0, 0.0, 0.0, 0.0, 0.0, 0.0, 0.0, 0.0, 0.0, 2.5526456726649527, 2.7986289631533845, 0.0, 0.0, 0.0, 0.0, 0.0, 0.0, 0.0, 1.6659168808911737, 2.647038346186804, 2.669099469117198, 2.8756783776063983, 2.640745501285347, 1.5904027420736933, 0.0, 1.6308197657812054, 1.722945888902308, 1.8225805842761098, 1.8870816615813373, 1.931272683670097, 1.9124473752840805, 2.719101995703091, 3.5897997397568955, 3.597257926306769, 2.8599158004545284, 2.4771169276310667, 3.255582256001391], "adaptive_substitutions_per_codon": [0.0, 0.0, 0.0, 0.0, 0.0, 0.0, 0.0, 0.0, 0.0, 0.0, 0.0, 0.0, 0.0, 0.03867644958583261, 0.042403469138687644, 0.0, 0.0, 0.0, 0.0, 0.0, 0.0, 0.0, 0.02524116486198748, 0.04010664160889097, 0.04044090104723028, 0.043570884509187856, 0.04001129547402041, 0.024097011243540807, 0.0, 0.024709390390624322, 0.026105240740944058, 0.027614857337516816, 0.02859214638759602, 0.029261707328334805, 0.02897647538309213, 0.04119851508641047, 0.05439090514783175, 0.054503907974344984, 0.04333205758264437, 0.03753207466107677, 0.04932700387880896], "rate_of_adaptation": 0.0012621629454131651}