{"virus": "rsv", "subtype": "B", "gene": "g", "loci_len": 66, "loci_offset": 9, "location": [5265, 5331], "window": 3, "min_seqs": 2, "midfreq_high": 0.75, "midfreq_low": 0.15, "window_midpoint": [1977.5, 1978.5, 1979.5, 1980.5, 1981.5, 1982.5, 1983.5, 1984.5, 1985.5, 1986.5, 1987.5, 1988.5, 1989.5, 1990.5, 1991.5, 1992.5, 1993.5, 1994.5, 1995.5, 1996.5, 1997.5, 1998.5, 2001.5, 2002.5, 2003.5, 2004.5, 2005.5, 2006.5, 2007.5, 2008.5, 2009.5, 2010.5, 2011.5, 2012.5, 2013.5, 2014.5, 2015.5, 2016.5, 2017.5, 2018.5], "adaptive_substitutions": [0.0, 0.0, 0.0, 0.0, 0.0, 0.0, 0.0, 0.0, 0.0, 0.0, 0.0, 0.0, 0.0, 0.0, 0.0, 0.0, 0.0, 0.0, 0.0, 0.0, 0.0, 0.0, 0.8455057007335827, 0.879837767237231, 0.9016854459213708, 0.9185399051350793, 0.8370798102701588, 0.9185399051350793, 0.9592699525675397, 0.9592699525675397, 0.8778098577026191, 0.33707981027015876, 0.4185399051350794, 0, 0, 0, 1.6370639900332506, 1.80328418230563, 1.8277968910009321, 1.877809857702619], "adaptive_substitutions_per_codon": [0.0, 0.0, 0.0, 0.0, 0.0, 0.0, 0.0, 0.0, 0.0, 0.0, 0.0, 0.0, 0.0, 0.0, 0.0, 0.0, 0.0, 0.0, 0.0, 0.0, 0.0, 0.0, 0.012810692435357313, 0.013330875261170166, 0.013661900695778346, 0.013917271289925445, 0.01268302742833574, 0.013917271289925445, 0.014534393220720298, 0.014534393220720298, 0.013300149359130592, 0.005107269852578163, 0.00634151371416787, 0.0, 0.0, 0.0, 0.024803999848988647, 0.027322487610691365, 0.027693892287892912, 0.028451664510645742], "rate_of_adaptation": 0.0005135040576911747}