{"virus": "rsv", "subtype": "B", "gene": "g", "loci_len": 66, "loci_offset": 9, "location": [4959, 5025], "window": 3, "min_seqs": 2, "midfreq_high": 0.75, "midfreq_low": 0.15, "window_midpoint": [1977.5, 1978.5, 1979.5, 1980.5, 1981.5, 1982.5, 1983.5, 1984.5, 1985.5, 1986.5, 1987.5, 1988.5, 1989.5, 1990.5, 1991.5, 1992.5, 1993.5, 1994.5, 1995.5, 1996.5, 1997.5, 1998.5, 2001.5, 2002.5, 2003.5, 2004.5, 2005.5, 2006.5, 2007.5, 2008.5, 2009.5, 2010.5, 2011.5, 2012.5, 2013.5, 2014.5, 2015.5, 2016.5, 2017.5, 2018.5], "adaptive_substitutions": [0.0, 0.0, 0.0, 0.0, 0.0, 0.0, 0.0, 0.5967553447446209, 0.7983776723723104, 0.6481748814188493, 0.0, 0, 0.0, 0.7746958135698082, 0.7296349762837698, 0.0, 0.7556197154052382, 0.7556197154052382, 0.7556197154052382, 0.7556197154052382, 0.7556197154052382, 0.7556197154052382, 1.6011254161388209, 1.6354574826424693, 1.657305161326609, 1.7556197154052382, 1.7556197154052382, 1.7195710455764075, 1.7238120655562699, 1.7425900757080703, 1.8370798102701587, 1.4185399051350793, 0.9185399051350793, 1.2506588892820045, 1.7509177149927821, 1.7509380699729227, 1.7482124544815059, 2.113678077954217, 2.204563659424491, 2.2302729944318416], "adaptive_substitutions_per_codon": [0.0, 0.0, 0.0, 0.0, 0.0, 0.0, 0.0, 0.009041747647645771, 0.01209663139958046, 0.00982083153664923, 0.0, 0.0, 0.0, 0.011737815357118306, 0.011055075398238938, 0.0, 0.011448783566746033, 0.011448783566746033, 0.011448783566746033, 0.011448783566746033, 0.011448783566746033, 0.011448783566746033, 0.024259476002103347, 0.0247796588279162, 0.02511068426252438, 0.026600298718261185, 0.026600298718261185, 0.02605410675115769, 0.026118364629640452, 0.02640287993497076, 0.02783454257985089, 0.02149302886568302, 0.013917271289925445, 0.018949377110333402, 0.026529056287769425, 0.026529364696559435, 0.026488067492144027, 0.03202542542354874, 0.03340247968824986, 0.033792015067149114], "rate_of_adaptation": 0.0008325158376963446}