{"virus": "rsv", "subtype": "B", "gene": "g", "loci_len": 66, "loci_offset": 9, "location": [5049, 5115], "window": 3, "min_seqs": 2, "midfreq_high": 0.75, "midfreq_low": 0.15, "window_midpoint": [1977.5, 1978.5, 1979.5, 1980.5, 1981.5, 1982.5, 1983.5, 1984.5, 1985.5, 1986.5, 1987.5, 1988.5, 1989.5, 1990.5, 1991.5, 1992.5, 1993.5, 1994.5, 1995.5, 1996.5, 1997.5, 1998.5, 2001.5, 2002.5, 2003.5, 2004.5, 2005.5, 2006.5, 2007.5, 2008.5, 2009.5, 2010.5, 2011.5, 2012.5, 2013.5, 2014.5, 2015.5, 2016.5, 2017.5, 2018.5], "adaptive_substitutions": [0.0, 0.0, 0.0, 0.0, 0.0, 0.0, 0.0, 0.7596755344744621, 0.879837767237231, 0.864817488141885, 0.0, 0.891853990513508, 1.0, 1.0, 1.0, 1.0, 2.0, 2.0, 2.0, 2.0, 2.0, 2.0, 1.8455057007335827, 1.8798377672372308, 1.9016854459213708, 2.0, 2.648174881418849, 2.7743452258197565, 2.7595016558902383, 2.8143027875577378, 2.8445939157426063, 2.886257514243589, 2.9010970003791936, 2.8887749483956777, 2.8950299030727984, 2.88576838710887, 2.8740963395926853, 3.7292843885337184, 3.6122035692505956, 2.901642091152815], "adaptive_substitutions_per_codon": [0.0, 0.0, 0.0, 0.0, 0.0, 0.0, 0.0, 0.011510235370825184, 0.013330875261170166, 0.013103295274877046, 0.0, 0.013512939250204666, 0.015151515151515152, 0.015151515151515152, 0.015151515151515152, 0.015151515151515152, 0.030303030303030304, 0.030303030303030304, 0.030303030303030304, 0.030303030303030304, 0.030303030303030304, 0.030303030303030304, 0.027962207586872463, 0.028482390412685316, 0.028813415847293498, 0.030303030303030304, 0.04012386183967953, 0.04203553372454177, 0.0418106311498521, 0.04264095132663239, 0.04309990781428191, 0.0437311744582362, 0.04395601515726051, 0.04376931739993451, 0.043864089440496946, 0.043723763441043485, 0.04354691423625281, 0.05650430891717755, 0.05473035710985751, 0.043964274108375986], "rate_of_adaptation": 0.001338446232948196}