{"virus": "rsv", "subtype": "B", "gene": "g", "loci_len": 66, "loci_offset": 9, "location": [5328, 5394], "window": 3, "min_seqs": 2, "midfreq_high": 0.75, "midfreq_low": 0.15, "window_midpoint": [1977.5, 1978.5, 1979.5, 1980.5, 1981.5, 1982.5, 1983.5, 1984.5, 1985.5, 1986.5, 1987.5, 1988.5, 1989.5, 1990.5, 1991.5, 1992.5, 1993.5, 1994.5, 1995.5, 1996.5, 1997.5, 1998.5, 2001.5, 2002.5, 2003.5, 2004.5, 2005.5, 2006.5, 2007.5, 2008.5, 2009.5, 2010.5, 2011.5, 2012.5, 2013.5, 2014.5, 2015.5, 2016.5, 2017.5, 2018.5], "adaptive_substitutions": [0.0, 0.0, 0.0, 0.0, 0.0, 0.0, 0.0, 1.4378909740840036, 1.759675534474462, 1.72963497628377, 0.0, 0.891853990513508, 0.9185399051350793, 1.6932357187048876, 1.648174881418849, 0.9185399051350793, 1.858458788753695, 1.8644669003918333, 1.8509486492060216, 1.9185399051350793, 1.9185399051350793, 1.9185399051350793, 2.764045605868662, 2.6782154396095414, 2.623596242899192, 3.600463406645397, 3.756320890905341, 3.7382965559909263, 3.664078706343333, 3.736124949374731, 3.779891175024192, 3.6353148671983453, 3.4620573580186136, 3.3835577561627197, 3.3841616828212002, 3.502810862060192, 3.5111801049220714, 3.6003351206434315, 3.6060499178185497, 3.5528459476180654], "adaptive_substitutions_per_codon": [0.0, 0.0, 0.0, 0.0, 0.0, 0.0, 0.0, 0.02178622688006066, 0.026661750522340332, 0.02620659054975409, 0.0, 0.013512939250204666, 0.013917271289925445, 0.025655086647043752, 0.02497234668816438, 0.013917271289925445, 0.028158466496268107, 0.02824949849078535, 0.02804467650312154, 0.029068786441440595, 0.029068786441440595, 0.029068786441440595, 0.04187947887679791, 0.04057902181226578, 0.03975145822574533, 0.05455247585826359, 0.05691395289250517, 0.05664085690895343, 0.055516344035505046, 0.05660795377840502, 0.05727107840945746, 0.05508052829088402, 0.05245541451543354, 0.051266026608526055, 0.05127517701244243, 0.05307289184939685, 0.05319969855942532, 0.05455053213096108, 0.05463711996694772, 0.05383099920633432], "rate_of_adaptation": 0.0015730428482909557}