{"virus": "rsv", "subtype": "B", "gene": "g", "loci_len": 66, "loci_offset": 9, "location": [4986, 5052], "window": 3, "min_seqs": 2, "midfreq_high": 0.75, "midfreq_low": 0.15, "window_midpoint": [1977.5, 1978.5, 1979.5, 1980.5, 1981.5, 1982.5, 1983.5, 1984.5, 1985.5, 1986.5, 1987.5, 1988.5, 1989.5, 1990.5, 1991.5, 1992.5, 1993.5, 1994.5, 1995.5, 1996.5, 1997.5, 1998.5, 2001.5, 2002.5, 2003.5, 2004.5, 2005.5, 2006.5, 2007.5, 2008.5, 2009.5, 2010.5, 2011.5, 2012.5, 2013.5, 2014.5, 2015.5, 2016.5, 2017.5, 2018.5], "adaptive_substitutions": [0.0, 0.0, 0.0, 0.0, 0.0, 0.0, 0.0, 0.5152952498797002, 0.6354574826424692, 0.6204372035471231, 0.0, 0.0, 0, 1.3414106001237367, 0.5667147865539286, 0.0, 0.6334295731078572, 0.6334295731078572, 0.6334295731078572, 0.6334295731078572, 0.6334295731078572, 0.6334295731078572, 1.47893527384144, 1.5132673403450883, 1.5351150190292282, 1.6334295731078572, 1.7148896679727779, 1.5973809032790265, 1.601621923258889, 1.579669885978229, 1.8370798102701587, 1.3370798102701587, 0.8778098577026191, 1.1284687469846237, 1.6287275726954011, 1.6287479276755417, 1.6260223121841249, 1.9914879356568362, 2.1300657540114902, 2.1572618065580533], "adaptive_substitutions_per_codon": [0.0, 0.0, 0.0, 0.0, 0.0, 0.0, 0.0, 0.0078075037860560635, 0.009628143676401048, 0.009400563690107925, 0.0, 0.0, 0.0, 0.020324403032177828, 0.008586587675059524, 0.0, 0.009597417774361473, 0.009597417774361473, 0.009597417774361473, 0.009597417774361473, 0.009597417774361473, 0.009597417774361473, 0.02240811020971879, 0.02292829303553164, 0.02325931847013982, 0.024748932925876623, 0.025983176787466332, 0.024202740958773127, 0.024266998837255895, 0.023934392211791347, 0.02783454257985089, 0.020258785004093314, 0.013300149359130592, 0.017098011317948844, 0.024677690495384867, 0.024677998904174873, 0.024636701699759466, 0.030174059631164186, 0.03227372354562864, 0.032685784947849295], "rate_of_adaptation": 0.0007839024650281886}