{"virus": "rsv", "subtype": "B", "gene": "g", "loci_len": 66, "loci_offset": 9, "location": [5580, 5646], "window": 3, "min_seqs": 2, "midfreq_high": 0.75, "midfreq_low": 0.15, "window_midpoint": [1977.5, 1978.5, 1979.5, 1980.5, 1981.5, 1982.5, 1983.5, 1984.5, 1985.5, 1986.5, 1987.5, 1988.5, 1989.5, 1990.5, 1991.5, 1992.5, 1993.5, 1994.5, 1995.5, 1996.5, 1997.5, 1998.5, 2001.5, 2002.5, 2003.5, 2004.5, 2005.5, 2006.5, 2007.5, 2008.5, 2009.5, 2010.5, 2011.5, 2012.5, 2013.5, 2014.5, 2015.5, 2016.5, 2017.5, 2018.5], "adaptive_substitutions": [0.0, 0.0, 0.0, 0.0, 0.0, 0.0, 0.0, 1.1935106894892418, 1.5152952498797, 1.3500721798308928, 0.0, 1.7022478861620953, 1.9185399051350793, 2.4037945968240875, 1.9185399051350793, 1.8370798102701587, 2.3370798102701587, 2.3370798102701587, 2.3370798102701587, 2.36376572489173, 2.5259847391214683, 2.3370798102701587, 3.861424545070657, 3.9300886780779534, 3.8754694813676043, 3.773464510572222, 3.7830068055269126, 3.7649824706124972, 3.7734645105722224, 3.3110205308758234, 3.3093500642479814, 3.3128680171015414, 3.802194000758387, 3.8271581580236917, 3.8276758094452465, 3.3323981648378433, 3.4111326442113468, 4.776598267684059, 4.386049687692785, 4.410090998143947], "adaptive_substitutions_per_codon": [0.0, 0.0, 0.0, 0.0, 0.0, 0.0, 0.0, 0.018083495295291543, 0.022959018937571213, 0.02045563908834686, 0.0, 0.025791634638819626, 0.029068786441440595, 0.036421130254910415, 0.029068786441440595, 0.02783454257985089, 0.03541030015560846, 0.03541030015560846, 0.03541030015560846, 0.035814632195329245, 0.03827249604729498, 0.03541030015560846, 0.058506432501070564, 0.05954679815269626, 0.058719234566175824, 0.057173704705639726, 0.057318284932225946, 0.0570451889486742, 0.05717370470563973, 0.05016697774054278, 0.05014166764012093, 0.05019496995608396, 0.05760900001149072, 0.057987244818540784, 0.05799508802189768, 0.05049088128542187, 0.05168382794259616, 0.07237270102551605, 0.06645529829837553, 0.0668195605779386], "rate_of_adaptation": 0.0016978259932722308}