{"virus": "rsv", "subtype": "B", "gene": "g", "loci_len": 66, "loci_offset": 9, "location": [5364, 5430], "window": 3, "min_seqs": 2, "midfreq_high": 0.75, "midfreq_low": 0.15, "window_midpoint": [1977.5, 1978.5, 1979.5, 1980.5, 1981.5, 1982.5, 1983.5, 1984.5, 1985.5, 1986.5, 1987.5, 1988.5, 1989.5, 1990.5, 1991.5, 1992.5, 1993.5, 1994.5, 1995.5, 1996.5, 1997.5, 1998.5, 2001.5, 2002.5, 2003.5, 2004.5, 2005.5, 2006.5, 2007.5, 2008.5, 2009.5, 2010.5, 2011.5, 2012.5, 2013.5, 2014.5, 2015.5, 2016.5, 2017.5, 2018.5], "adaptive_substitutions": [0.0, 0.0, 0.0, 0.0, 0.0, 0.0, 0.0, 0.7596755344744621, 0.7596755344744621, 0.0, 0.0, 0.0, 0.0, 0.7296349762837698, 0.0, 0.0, 0.0, 0.0, 0.0, 0.0, 0.0, 0.0, 1.6910114014671653, 1.759675534474462, 1.8033708918427416, 2.8091541009061904, 2.891853990513508, 2.9279026603423386, 2.9363847003020638, 2.9348518015141614, 2.9445405079556455, 2.96771760910851, 2.886621119086742, 2.7796367736845395, 2.749267890286657, 2.806180414759503, 2.7926164694316293, 2.75597030315529, 2.7674579157509576, 2.7779374613322334], "adaptive_substitutions_per_codon": [0.0, 0.0, 0.0, 0.0, 0.0, 0.0, 0.0, 0.011510235370825184, 0.011510235370825184, 0.0, 0.0, 0.0, 0.0, 0.011055075398238938, 0.0, 0.0, 0.0, 0.0, 0.0, 0.0, 0.0, 0.0, 0.025621384870714626, 0.026661750522340332, 0.02732380139155669, 0.04256294092282107, 0.04381596955323497, 0.044362161520338464, 0.044490677277304, 0.04446745153809335, 0.044614250120540086, 0.04496541831982591, 0.0437366836225264, 0.042115708692189995, 0.041655574095252376, 0.04251788507211368, 0.04231237074896408, 0.041757125805383176, 0.04193118054168118, 0.04208996153533687], "rate_of_adaptation": 0.0014189051264350226}