{"virus": "rsv", "subtype": "B", "gene": "g", "loci_len": 66, "loci_offset": 9, "location": [5067, 5133], "window": 3, "min_seqs": 2, "midfreq_high": 0.75, "midfreq_low": 0.15, "window_midpoint": [1977.5, 1978.5, 1979.5, 1980.5, 1981.5, 1982.5, 1983.5, 1984.5, 1985.5, 1986.5, 1987.5, 1988.5, 1989.5, 1990.5, 1991.5, 1992.5, 1993.5, 1994.5, 1995.5, 1996.5, 1997.5, 1998.5, 2001.5, 2002.5, 2003.5, 2004.5, 2005.5, 2006.5, 2007.5, 2008.5, 2009.5, 2010.5, 2011.5, 2012.5, 2013.5, 2014.5, 2015.5, 2016.5, 2017.5, 2018.5], "adaptive_substitutions": [0.0, 0.0, 0.0, 0.0, 0.0, 0.0, 0.0, 0.6782154396095414, 0.7983776723723104, 0.7833573932769643, 0.0, 0.891853990513508, 1.0, 1.0, 1.0, 1.0, 2.0, 2.0, 2.0, 2.0, 2.0, 2.0, 2.6910114014671653, 2.7596755344744617, 2.8033708918427416, 3.0, 3.648174881418849, 3.7743452258197565, 3.7595016558902383, 3.8143027875577378, 3.3445939157426063, 3.386257514243589, 3.4010970003791936, 3.8887749483956777, 3.8950299030727984, 3.88576838710887, 3.8740963395926853, 4.729284388533719, 4.612203569250596, 3.901642091152815], "adaptive_substitutions_per_codon": [0.0, 0.0, 0.0, 0.0, 0.0, 0.0, 0.0, 0.010275991509235477, 0.01209663139958046, 0.011869051413287339, 0.0, 0.013512939250204666, 0.015151515151515152, 0.015151515151515152, 0.015151515151515152, 0.015151515151515152, 0.030303030303030304, 0.030303030303030304, 0.030303030303030304, 0.030303030303030304, 0.030303030303030304, 0.030303030303030304, 0.040772900022229774, 0.04181326567385548, 0.042475316543071844, 0.045454545454545456, 0.05527537699119468, 0.05718704887605692, 0.05696214630136725, 0.05779246647814754, 0.05067566539003949, 0.05130693203399377, 0.05153177273301809, 0.05892083255144966, 0.0590156045920121, 0.05887527859255864, 0.05869842938776796, 0.07165582406869271, 0.06988187226137267, 0.05911578925989114], "rate_of_adaptation": 0.0018309167745383054}