{"virus": "rsv", "subtype": "A", "gene": "g", "loci_len": 66, "loci_offset": 9, "location": [5472, 5538], "window": 3, "min_seqs": 2, "midfreq_high": 0.75, "midfreq_low": 0.15, "window_midpoint": [1978.5, 1979.5, 1980.5, 1981.5, 1982.5, 1983.5, 1984.5, 1985.5, 1986.5, 1987.5, 1988.5, 1989.5, 1990.5, 1991.5, 1992.5, 1993.5, 1994.5, 1995.5, 1996.5, 1997.5, 1998.5, 1999.5, 2000.5, 2001.5, 2002.5, 2003.5, 2004.5, 2005.5, 2006.5, 2007.5, 2008.5, 2009.5, 2010.5, 2011.5, 2012.5, 2013.5, 2014.5, 2015.5, 2016.5, 2017.5, 2018.5], "adaptive_substitutions": [0.0, 0.0, 0.0, 0.0, 0.0, 0.0, 0.0, 0.0, 0.0, 0.0, 0.0, 0.0, 0.0, 0.804359468723222, 0.9328763210511283, 0.0, 0.0, 0.0, 0.0, 0.0, 0.0, 0.0, 1.5904027420736933, 1.7414310197086547, 1.7616838538742625, 1.892459297343616, 1.7414310197086547, 0.0, 0.0, 0.8433780824526326, 0.9052983902969238, 0.9177415640842704, 0.9413905773250367, 0.9450356943359918, 0.935898868837284, 1.7560231238279747, 1.843981084769431, 1.9401524376493933, 1.961551357997094, 1.496572407883462, 1.4931448157669238], "adaptive_substitutions_per_codon": [0.0, 0.0, 0.0, 0.0, 0.0, 0.0, 0.0, 0.0, 0.0, 0.0, 0.0, 0.0, 0.0, 0.014111569626723192, 0.01636625124651102, 0.0, 0.0, 0.0, 0.0, 0.0, 0.0, 0.0, 0.027901802492520934, 0.03055142139839745, 0.030906734278495832, 0.03320104030427397, 0.03055142139839745, 0.0, 0.0, 0.014796106709695308, 0.015882427899946032, 0.016100729194460886, 0.016515624163597135, 0.01657957358484196, 0.016419278400654106, 0.030807423225052186, 0.03235054534683212, 0.034037762064024445, 0.03441318171924726, 0.026255656278657228, 0.026195523083630243], "rate_of_adaptation": 0.00082520494372264}