{"virus": "rsv", "subtype": "B", "gene": "g", "loci_len": 66, "loci_offset": 9, "location": [4995, 5061], "window": 3, "min_seqs": 2, "midfreq_high": 0.75, "midfreq_low": 0.15, "window_midpoint": [1977.5, 1978.5, 1979.5, 1980.5, 1981.5, 1982.5, 1983.5, 1984.5, 1985.5, 1986.5, 1987.5, 1988.5, 1989.5, 1990.5, 1991.5, 1992.5, 1993.5, 1994.5, 1995.5, 1996.5, 1997.5, 1998.5, 2001.5, 2002.5, 2003.5, 2004.5, 2005.5, 2006.5, 2007.5, 2008.5, 2009.5, 2010.5, 2011.5, 2012.5, 2013.5, 2014.5, 2015.5, 2016.5, 2017.5, 2018.5], "adaptive_substitutions": [0.0, 0.0, 0.0, 0.0, 0.0, 0.0, 0.0, 0.5152952498797002, 0.6354574826424692, 0.6204372035471231, 0.0, 0.0, 0, 1.259950505258816, 0.485254691689008, 0.0, 0.0, 0.0, 0.0, 0.0, 0.0, 0.0, 0.7148896679727779, 0.7148896679727779, 0.7148896679727779, 0.6334295731078572, 0.7148896679727779, 0.8824912353062487, 0.7238120655562699, 0.7425900757080703, 0.8370798102701588, 0.33707981027015876, 0.3778098577026191, 0.3778098577026191, 0.8778098577026191, 0.7148896679727779, 0.911132644211347, 1.695138172819138, 1.7860237542894113, 1.8117330892967622], "adaptive_substitutions_per_codon": [0.0, 0.0, 0.0, 0.0, 0.0, 0.0, 0.0, 0.0078075037860560635, 0.009628143676401048, 0.009400563690107925, 0.0, 0.0, 0.0, 0.019090159170588122, 0.0073523438134698174, 0.0, 0.0, 0.0, 0.0, 0.0, 0.0, 0.0, 0.01083166163595118, 0.01083166163595118, 0.01083166163595118, 0.009597417774361473, 0.01083166163595118, 0.01337107932282195, 0.0109668494781253, 0.011251364783455611, 0.01268302742833574, 0.005107269852578163, 0.005724391783373016, 0.005724391783373016, 0.013300149359130592, 0.01083166163595118, 0.013805040063808288, 0.025683911709380877, 0.027060965974081988, 0.027450501352981247], "rate_of_adaptation": 0.00043688897156212423}