{"virus": "rsv", "subtype": "B", "gene": "g", "loci_len": 66, "loci_offset": 9, "location": [5310, 5376], "window": 3, "min_seqs": 2, "midfreq_high": 0.75, "midfreq_low": 0.15, "window_midpoint": [1977.5, 1978.5, 1979.5, 1980.5, 1981.5, 1982.5, 1983.5, 1984.5, 1985.5, 1986.5, 1987.5, 1988.5, 1989.5, 1990.5, 1991.5, 1992.5, 1993.5, 1994.5, 1995.5, 1996.5, 1997.5, 1998.5, 2001.5, 2002.5, 2003.5, 2004.5, 2005.5, 2006.5, 2007.5, 2008.5, 2009.5, 2010.5, 2011.5, 2012.5, 2013.5, 2014.5, 2015.5, 2016.5, 2017.5, 2018.5], "adaptive_substitutions": [0.0, 0.0, 0.0, 0.0, 0.0, 0.0, 0.0, 1.356430879219083, 1.6782154396095414, 1.6481748814188493, 0.0, 0.8103938956485873, 0.8370798102701588, 1.611775623839967, 1.5667147865539286, 0.8370798102701588, 1.7769986938887743, 1.7830068055269126, 1.7694885543411012, 1.8370798102701587, 1.8370798102701587, 1.8370798102701587, 2.682585511003741, 2.5967553447446208, 2.5421361480342712, 3.5190033117804758, 3.6748607960404205, 3.656836461126005, 3.582618611478413, 3.654664854509811, 3.6984310801592715, 3.5538547723334246, 3.3805972631536934, 3.302097661297799, 3.3027015879562795, 3.421350767195271, 3.4297200100571508, 3.5188750257785113, 3.565319870386089, 3.5121159001856053], "adaptive_substitutions_per_codon": [0.0, 0.0, 0.0, 0.0, 0.0, 0.0, 0.0, 0.020551983018470953, 0.025427506660750627, 0.024972346688164383, 0.0, 0.012278695388614959, 0.01268302742833574, 0.024420842785454044, 0.023738102826574677, 0.01268302742833574, 0.026924222634678398, 0.027015254629195646, 0.026810432641531837, 0.02783454257985089, 0.02783454257985089, 0.02783454257985089, 0.0406452350152082, 0.03934477795067607, 0.03851721436415562, 0.053318231996673876, 0.05567970903091546, 0.05540661304736372, 0.05428210017391535, 0.05537370991681532, 0.05603683454786775, 0.05384628442929431, 0.05122117065384384, 0.05003178274693635, 0.05004093315085272, 0.051838647987807136, 0.05196545469783562, 0.05331628826937138, 0.054019998036152865, 0.05321387727553947], "rate_of_adaptation": 0.0015505878468490895}