{"virus": "rsv", "subtype": "B", "gene": "g", "loci_len": 66, "loci_offset": 9, "location": [5040, 5106], "window": 3, "min_seqs": 2, "midfreq_high": 0.75, "midfreq_low": 0.15, "window_midpoint": [1977.5, 1978.5, 1979.5, 1980.5, 1981.5, 1982.5, 1983.5, 1984.5, 1985.5, 1986.5, 1987.5, 1988.5, 1989.5, 1990.5, 1991.5, 1992.5, 1993.5, 1994.5, 1995.5, 1996.5, 1997.5, 1998.5, 2001.5, 2002.5, 2003.5, 2004.5, 2005.5, 2006.5, 2007.5, 2008.5, 2009.5, 2010.5, 2011.5, 2012.5, 2013.5, 2014.5, 2015.5, 2016.5, 2017.5, 2018.5], "adaptive_substitutions": [0.0, 0.0, 0.0, 0.0, 0.0, 0.0, 0.0, 1.4378909740840036, 1.6782154396095414, 1.6481748814188493, 0.0, 0.8103938956485873, 0.9185399051350793, 1.4081253866776653, 1.4445246442565476, 0.9592699525675397, 0.9592699525675397, 0.9592699525675397, 0.9592699525675397, 0.9592699525675397, 0.9592699525675397, 0.9592699525675397, 0.9592699525675397, 0.9592699525675397, 0.9592699525675397, 0.9592699525675397, 1.607444833986389, 1.7336151783872964, 1.7187716084577778, 1.732842692692817, 1.7631338208776857, 1.8128680171015412, 1.8690884053246761, 1.8937357745189116, 1.8950299030727984, 1.8497199851087252, 1.855588074931422, 2.7223499690657866, 2.5900393603565885, 1.873585404207053], "adaptive_substitutions_per_codon": [0.0, 0.0, 0.0, 0.0, 0.0, 0.0, 0.0, 0.02178622688006066, 0.025427506660750627, 0.024972346688164383, 0.0, 0.012278695388614959, 0.013917271289925445, 0.021335233131479777, 0.021886737034190116, 0.014534393220720298, 0.014534393220720298, 0.014534393220720298, 0.014534393220720298, 0.014534393220720298, 0.014534393220720298, 0.014534393220720298, 0.014534393220720298, 0.014534393220720298, 0.014534393220720298, 0.014534393220720298, 0.02435522475736953, 0.026266896642231762, 0.02604199406754209, 0.02625519231352753, 0.026714148801177055, 0.02746769722881123, 0.028319521292798123, 0.02869296628058957, 0.028712574288981794, 0.02802606038043523, 0.02811497083229427, 0.04124772680402707, 0.03924302061146346, 0.028387657639500803], "rate_of_adaptation": 0.0007398393128367041}