{"virus": "rsv", "subtype": "B", "gene": "g", "loci_len": 66, "loci_offset": 9, "location": [5283, 5349], "window": 3, "min_seqs": 2, "midfreq_high": 0.75, "midfreq_low": 0.15, "window_midpoint": [1977.5, 1978.5, 1979.5, 1980.5, 1981.5, 1982.5, 1983.5, 1984.5, 1985.5, 1986.5, 1987.5, 1988.5, 1989.5, 1990.5, 1991.5, 1992.5, 1993.5, 1994.5, 1995.5, 1996.5, 1997.5, 1998.5, 2001.5, 2002.5, 2003.5, 2004.5, 2005.5, 2006.5, 2007.5, 2008.5, 2009.5, 2010.5, 2011.5, 2012.5, 2013.5, 2014.5, 2015.5, 2016.5, 2017.5, 2018.5], "adaptive_substitutions": [0.0, 0.0, 0.0, 0.0, 0.0, 0.0, 0.0, 0.0, 0.0, 0.0, 0.0, 0.0, 0.0, 0.0, 0.0, 0.0, 0.0, 0.0, 0.0, 0.0, 0.0, 0.0, 0.8455057007335827, 0.879837767237231, 0.9016854459213708, 1.5826186114784127, 1.6748607960404205, 1.6568364611260054, 1.655156308759841, 1.747513460730942, 1.7853773709620275, 1.0861371632249148, 0.9852546916890079, 0.5939993302317134, 0.5534336976696226, 0.7013120927330043, 2.414865937617416, 2.661342544854609, 2.67462872305869, 2.481349247267478], "adaptive_substitutions_per_codon": [0.0, 0.0, 0.0, 0.0, 0.0, 0.0, 0.0, 0.0, 0.0, 0.0, 0.0, 0.0, 0.0, 0.0, 0.0, 0.0, 0.0, 0.0, 0.0, 0.0, 0.0, 0.0, 0.012810692435357313, 0.013330875261170166, 0.013661900695778346, 0.02397906987088504, 0.025376678727885158, 0.025103582744333414, 0.02507812589030062, 0.026477476677741543, 0.027051172287303447, 0.016456623685225984, 0.014928101389227393, 0.008999989851995656, 0.008385359055600342, 0.010625940798984913, 0.03658887784268812, 0.0403233718917365, 0.040524677622101365, 0.03759620071617391], "rate_of_adaptation": 0.0008760532239792749}