{"virus": "rsv", "subtype": "A", "gene": "g", "loci_len": 66, "loci_offset": 9, "location": [5490, 5556], "window": 3, "min_seqs": 2, "midfreq_high": 0.75, "midfreq_low": 0.15, "window_midpoint": [1978.5, 1979.5, 1980.5, 1981.5, 1982.5, 1983.5, 1984.5, 1985.5, 1986.5, 1987.5, 1988.5, 1989.5, 1990.5, 1991.5, 1992.5, 1993.5, 1994.5, 1995.5, 1996.5, 1997.5, 1998.5, 1999.5, 2000.5, 2001.5, 2002.5, 2003.5, 2004.5, 2005.5, 2006.5, 2007.5, 2008.5, 2009.5, 2010.5, 2011.5, 2012.5, 2013.5, 2014.5, 2015.5, 2016.5, 2017.5, 2018.5], "adaptive_substitutions": [0.0, 0.0, 0.0, 0.0, 0.0, 0.0, 0.0, 0.0, 0.0, 0.0, 0.0, 0.0, 0.0, 0.8112146529562982, 0.9328763210511283, 0.0, 0.0, 0.0, 0.0, 0.0, 0.0, 0.0, 1.5972579263067697, 1.7482862039417308, 1.768539038107339, 1.8993144815766922, 1.7482862039417308, 0.0, 0.0, 0.0, 0.0, 0.0, 0.0, 0.0, 0.0, 0.8216875923649144, 0.9123477948099484, 0.9507509132728994, 0.9649789501136321, 0.49657240788346185, 0.49314481576692376], "adaptive_substitutions_per_codon": [0.0, 0.0, 0.0, 0.0, 0.0, 0.0, 0.0, 0.0, 0.0, 0.0, 0.0, 0.0, 0.0, 0.02080037571682816, 0.023919905667977647, 0.0, 0.0, 0.0, 0.0, 0.0, 0.0, 0.0, 0.04095533144376332, 0.0448278513831213, 0.0453471548232651, 0.048700371322479286, 0.0448278513831213, 0.0, 0.0, 0.0, 0.0, 0.0, 0.0, 0.0, 0.0, 0.021068912624741396, 0.023393533200255088, 0.024378228545458958, 0.024743050002913644, 0.01273262584316569, 0.012644738865818558], "rate_of_adaptation": 0.0004644737650613905}