{"virus": "rsv", "subtype": "A", "gene": "g", "loci_len": 66, "loci_offset": 9, "location": [5373, 5439], "window": 3, "min_seqs": 2, "midfreq_high": 0.75, "midfreq_low": 0.15, "window_midpoint": [1978.5, 1979.5, 1980.5, 1981.5, 1982.5, 1983.5, 1984.5, 1985.5, 1986.5, 1987.5, 1988.5, 1989.5, 1990.5, 1991.5, 1992.5, 1993.5, 1994.5, 1995.5, 1996.5, 1997.5, 1998.5, 1999.5, 2000.5, 2001.5, 2002.5, 2003.5, 2004.5, 2005.5, 2006.5, 2007.5, 2008.5, 2009.5, 2010.5, 2011.5, 2012.5, 2013.5, 2014.5, 2015.5, 2016.5, 2017.5, 2018.5], "adaptive_substitutions": [0.0, 0.0, 0.0, 0.0, 0.0, 0.8321908026278206, 0.9280817725547803, 0.8815464489137557, 0.7986289631533848, 0.0, 0.0, 0.0, 0.0, 2.6224293059125965, 2.7986289631533845, 0.0, 0.0, 0.0, 0.0, 0.0, 0.0, 0.0, 2.4714010282776346, 2.669625642673522, 2.6759546533502743, 2.8321908026278204, 2.5469151670951153, 0.0, 0.0, 1.679900980672189, 1.8174519648269238, 2.647176955105338, 2.6920292466504896, 1.8419447198411376, 1.8348766095496842, 1.8472237745737243, 3.4890771948755384, 3.728182925179272, 3.7742632539771246, 3.447378671029057, 2.993144815766924], "adaptive_substitutions_per_codon": [0.0, 0.0, 0.0, 0.0, 0.0, 0.012608951554966979, 0.014061845038708793, 0.013356764377481147, 0.012100438835657345, 0.0, 0.0, 0.0, 0.0, 0.03973377736231207, 0.042403469138687644, 0.0, 0.0, 0.0, 0.0, 0.0, 0.0, 0.0, 0.037445470125418705, 0.04044887337384124, 0.040544767475004156, 0.04291198185799728, 0.03858962374386538, 0.0, 0.0, 0.02545304516169983, 0.02753715098222612, 0.04010874174402027, 0.04078832191894681, 0.02790825333092633, 0.02780116075075279, 0.027988239008692795, 0.052864805982962705, 0.05648762007847382, 0.057185806878441284, 0.05223301016710692, 0.045350679026771576], "rate_of_adaptation": 0.0012036546203609158}