{"virus": "rsv", "subtype": "B", "gene": "g", "loci_len": 66, "loci_offset": 9, "location": [5418, 5484], "window": 3, "min_seqs": 2, "midfreq_high": 0.75, "midfreq_low": 0.15, "window_midpoint": [1977.5, 1978.5, 1979.5, 1980.5, 1981.5, 1982.5, 1983.5, 1984.5, 1985.5, 1986.5, 1987.5, 1988.5, 1989.5, 1990.5, 1991.5, 1992.5, 1993.5, 1994.5, 1995.5, 1996.5, 1997.5, 1998.5, 2001.5, 2002.5, 2003.5, 2004.5, 2005.5, 2006.5, 2007.5, 2008.5, 2009.5, 2010.5, 2011.5, 2012.5, 2013.5, 2014.5, 2015.5, 2016.5, 2017.5, 2018.5], "adaptive_substitutions": [0.0, 0.0, 0.0, 0.0, 0.0, 0.0, 0.0, 1.356430879219083, 1.4378909740840036, 0.7296349762837698, 0.0, 0.0, 0.0, 0.0, 0.0, 0.0, 0.0, 0.0, 0.0, 0.7837079810270159, 0.7296349762837698, 0.9185399051350793, 0.8455057007335827, 0.879837767237231, 0.9016854459213708, 0.9185399051350793, 0.9185399051350793, 0.9185399051350793, 0.9681923501510318, 0.9869703603028323, 0.9907567513259409, 0.9185399051350793, 0.9098184527571365, 0.9086182528886123, 0.9091359043101671, 0.9138582597027638, 0.8889108614401501, 1.6211383790472262, 1.737522979385157, 1.8002552072592288], "adaptive_substitutions_per_codon": [0.0, 0.0, 0.0, 0.0, 0.0, 0.0, 0.0, 0.02825897665039756, 0.029956061960083408, 0.015200728672578538, 0.0, 0.0, 0.0, 0.0, 0.0, 0.0, 0.0, 0.0, 0.0, 0.016327249604729498, 0.015200728672578538, 0.019136248023647485, 0.017614702098616306, 0.018329953484108978, 0.018785113456695226, 0.019136248023647485, 0.019136248023647485, 0.019136248023647485, 0.02017067396147983, 0.020561882506309005, 0.02064076565262377, 0.019136248023647485, 0.01895455109910701, 0.018929546935179422, 0.018940331339795148, 0.01903871374380758, 0.018518976280003128, 0.03377371623015055, 0.036198395403857435, 0.0375053168179006], "rate_of_adaptation": 0.0006852758469841483}