{"virus": "vic", "subtype": null, "gene": "ha", "loci_len": 66, "loci_offset": 9, "location": [479, 545], "window": 3, "min_seqs": 2, "midfreq_high": 0.75, "midfreq_low": 0.15, "window_midpoint": [1970.5, 1971.5, 1972.5, 1973.5, 1974.5, 1975.5, 1976.5, 1977.5, 1978.5, 1979.5, 1980.5, 1981.5, 1982.5, 1983.5, 1984.5, 1985.5, 1986.5, 1987.5, 1988.5, 1989.5, 1990.5, 1991.5, 1992.5, 1993.5, 1994.5, 1995.5, 1996.5, 1997.5, 1998.5, 1999.5, 2000.5, 2001.5, 2002.5, 2003.5, 2004.5, 2005.5, 2006.5, 2007.5, 2008.5, 2009.5, 2010.5, 2011.5, 2012.5, 2013.5, 2014.5, 2015.5, 2016.5, 2017.5, 2018.5, 2019.5, 2020.5], "adaptive_substitutions": [0.0, 0.0, 0.9992810927390366, 0.9992810927390366, 0.9992810927390366, 0.9992810927390366, 0.9992810927390366, 0.9992810927390366, 0.9992810927390366, 0.9992810927390366, 0.9992810927390366, 0.9992810927390366, 0.9992810927390366, 0.9992810927390366, 0.9992810927390366, 0.9992810927390366, 0.9992810927390366, 0.9992810927390366, 0.9992810927390366, 0.9992810927390366, 0.9992810927390366, 3.4106229119972933, 3.699065420560748, 2.498921639108555, 0.9992810927390366, 0.9992810927390366, 0.9992810927390366, 0.9992810927390366, 0.9992810927390366, 0.9992810927390366, 0.9992810927390366, 0.9992810927390366, 0.9992810927390366, 0.9992810927390366, 0.9913627688790736, 0.9931791481825674, 0.98757677803423, 0.9934289353866333, 0.9934629595572869, 0.49928109273903665, 0.49928109273903665, 0.49928109273903665, 0.5, 1.0, 0.5, 0.49928109273903665, 1.3921027272588218, 1.4832840342221807, 1.9519448450777177, 1.8664540789089692, 0.9992810927390366], "adaptive_substitutions_per_codon": [0.0, 0.0, 0.015140622617258131, 0.015140622617258131, 0.015140622617258131, 0.015140622617258131, 0.015140622617258131, 0.015140622617258131, 0.015140622617258131, 0.015140622617258131, 0.015140622617258131, 0.015140622617258131, 0.015140622617258131, 0.015140622617258131, 0.015140622617258131, 0.015140622617258131, 0.015140622617258131, 0.015140622617258131, 0.015140622617258131, 0.015140622617258131, 0.015140622617258131, 0.05167610472723172, 0.05604644576607194, 0.03786244907740235, 0.015140622617258131, 0.015140622617258131, 0.015140622617258131, 0.015140622617258131, 0.015140622617258131, 0.015140622617258131, 0.015140622617258131, 0.015140622617258131, 0.015140622617258131, 0.015140622617258131, 0.015020648013319296, 0.015048168911857082, 0.014963284515670153, 0.015051953566464141, 0.015052469084201317, 0.007564865041500555, 0.007564865041500555, 0.007564865041500555, 0.007575757575757576, 0.015151515151515152, 0.007575757575757576, 0.007564865041500555, 0.021092465564527603, 0.02247400051851789, 0.029574921895116936, 0.028279607256196503, 0.015140622617258131], "rate_of_adaptation": 5.343951289021186e-05}