{"virus": "vic", "subtype": null, "gene": "ha", "loci_len": 66, "loci_offset": 9, "location": [290, 356], "window": 3, "min_seqs": 2, "midfreq_high": 0.75, "midfreq_low": 0.15, "window_midpoint": [1970.5, 1971.5, 1972.5, 1973.5, 1974.5, 1975.5, 1976.5, 1977.5, 1978.5, 1979.5, 1980.5, 1981.5, 1982.5, 1983.5, 1984.5, 1985.5, 1986.5, 1987.5, 1988.5, 1989.5, 1990.5, 1991.5, 1992.5, 1993.5, 1994.5, 1995.5, 1996.5, 1997.5, 1998.5, 1999.5, 2000.5, 2001.5, 2002.5, 2003.5, 2004.5, 2005.5, 2006.5, 2007.5, 2008.5, 2009.5, 2010.5, 2011.5, 2012.5, 2013.5, 2014.5, 2015.5, 2016.5, 2017.5, 2018.5, 2019.5, 2020.5], "adaptive_substitutions": [0.0, 0.0, 0.0, 0.0, 0.0, 0.0, 0.0, 0.0, 0.0, 0.0, 0.0, 0.0, 0.0, 0.0, 0.0, 0.0, 0.0, 0.0, 0.0, 0.0, 0.0, 0.8226836385165137, 0.8491732566498922, 0.8498921639108554, 0.7998562185478074, 0.8749101365923796, 0.866570812365205, 0.9325664989216391, 1.0, 0.9473305838283703, 0.970689123960152, 0.9851864602424034, 0.9992810927390366, 0.9992810927390366, 0.9928005834010003, 0.9938980554435307, 1.7951744926658846, 1.9765913705903868, 1.987644826375537, 1.9879092869747075, 1.9937826372046357, 1.9736652919141853, 1.9528457059405828, 1.946051363629411, 1.96161962848728, 1.9848476469612344, 1.9935848998883399, 1.994023740403137, 1.9923465400913594, 1.991956780149618, 1.9941641645874741], "adaptive_substitutions_per_codon": [0.0, 0.0, 0.0, 0.0, 0.0, 0.0, 0.0, 0.0, 0.0, 0.0, 0.0, 0.0, 0.0, 0.0, 0.0, 0.0, 0.0, 0.0, 0.0, 0.0, 0.0, 0.012464903613886571, 0.012866261464392306, 0.012877153998649325, 0.012119033614360718, 0.01325621419079363, 0.013129860793412195, 0.014129795438206654, 0.015151515151515152, 0.014353493694369248, 0.01470741096909321, 0.014927067579430355, 0.015140622617258131, 0.015140622617258131, 0.015042433081833338, 0.015059061446114103, 0.027199613525240675, 0.029948354099854347, 0.030115830702659652, 0.03011983768143496, 0.030208827836433874, 0.029904019574457354, 0.029588571302130044, 0.02948562672165774, 0.029721509522534547, 0.03007344919638234, 0.03020583181649, 0.030212480915199045, 0.03018706878926302, 0.030181163335600274, 0.03021460855435567], "rate_of_adaptation": 0.0007937014679581257}