{"virus": "vic", "subtype": null, "gene": "ha", "loci_len": 66, "loci_offset": 9, "location": [389, 455], "window": 3, "min_seqs": 2, "midfreq_high": 0.75, "midfreq_low": 0.15, "window_midpoint": [1970.5, 1971.5, 1972.5, 1973.5, 1974.5, 1975.5, 1976.5, 1977.5, 1978.5, 1979.5, 1980.5, 1981.5, 1982.5, 1983.5, 1984.5, 1985.5, 1986.5, 1987.5, 1988.5, 1989.5, 1990.5, 1991.5, 1992.5, 1993.5, 1994.5, 1995.5, 1996.5, 1997.5, 1998.5, 1999.5, 2000.5, 2001.5, 2002.5, 2003.5, 2004.5, 2005.5, 2006.5, 2007.5, 2008.5, 2009.5, 2010.5, 2011.5, 2012.5, 2013.5, 2014.5, 2015.5, 2016.5, 2017.5, 2018.5, 2019.5, 2020.5], "adaptive_substitutions": [0.0, 0.0, 0.7998562185478074, 0.7998562185478074, 1.4996405463695184, 0.0, 0.0, 0.0, 0.0, 0.0, 0.0, 0.0, 0.0, 0.0, 0.8332135154565061, 0.8332135154565061, 1.0, 1.0, 1.0, 1.0, 1.0, 1.0, 0.9996405463695184, 1.7987778576563624, 1.7494608195542776, 1.7494608195542776, 1.799496764917326, 1.930409777138749, 1.8917855386128872, 1.788603428052518, 1.8841943103625347, 1.9703729204848068, 1.9985621854780733, 1.998921639108555, 1.9996405463695184, 1.9917413336606407, 1.9912722136037433, 1.9912722136037433, 1.998921639108555, 1.4985621854780733, 1.4982027318475917, 1.491497975708502, 1.491525551319063, 1.4907230371537392, 1.9982027318475917, 1.9982027318475917, 2.8171941202563593, 2.950211556297024, 2.980866350228398, 2.9798919503740455, 2.985487940683103], "adaptive_substitutions_per_codon": [0.0, 0.0, 0.012119033614360718, 0.012119033614360718, 0.02272182646014422, 0.0, 0.0, 0.0, 0.0, 0.0, 0.0, 0.0, 0.0, 0.0, 0.012624447203886457, 0.012624447203886457, 0.015151515151515152, 0.015151515151515152, 0.015151515151515152, 0.015151515151515152, 0.015151515151515152, 0.015151515151515152, 0.015146068884386642, 0.02725420996449034, 0.02650698211445875, 0.02650698211445875, 0.027265102498747362, 0.02924863298695074, 0.028663417251710413, 0.027100051940189666, 0.028548398641856588, 0.02985413515886071, 0.030281245234516262, 0.030286691501644772, 0.030297584035901794, 0.03017789899485819, 0.03017079111520823, 0.03017079111520823, 0.030286691501644772, 0.022705487658758686, 0.022700041391630177, 0.022598454177401545, 0.022598871989682773, 0.022586712684147563, 0.030275798967387753, 0.030275798967387753, 0.042684759397823624, 0.04470017509540945, 0.045164641670127244, 0.045149878035970384, 0.0452346657679258], "rate_of_adaptation": 0.0007998088827857568}