{"virus": "vic", "subtype": null, "gene": "ha", "loci_len": 66, "loci_offset": 9, "location": [173, 239], "window": 3, "min_seqs": 2, "midfreq_high": 0.75, "midfreq_low": 0.15, "window_midpoint": [1970.5, 1971.5, 1972.5, 1973.5, 1974.5, 1975.5, 1976.5, 1977.5, 1978.5, 1979.5, 1980.5, 1981.5, 1982.5, 1983.5, 1984.5, 1985.5, 1986.5, 1987.5, 1988.5, 1989.5, 1990.5, 1991.5, 1992.5, 1993.5, 1994.5, 1995.5, 1996.5, 1997.5, 1998.5, 1999.5, 2000.5, 2001.5, 2002.5, 2003.5, 2004.5, 2005.5, 2006.5, 2007.5, 2008.5, 2009.5, 2010.5, 2011.5, 2012.5, 2013.5, 2014.5, 2015.5, 2016.5, 2017.5, 2018.5, 2019.5, 2020.5], "adaptive_substitutions": [0.0, 0.0, 0.0, 0.0, 0.0, 0.0, 0.0, 0.0, 0.0, 0.0, 1.0, 1.0, 1.0, 1.0, 1.8324946081955429, 1.8324946081955429, 1.9992810927390368, 1.8992092020129403, 1.7848413268974017, 1.0, 1.0, 1.0, 1.0, 1.0, 1.0, 1.0, 1.0, 1.9318475916606759, 1.8405539369631843, 1.0, 1.8563212488446132, 1.97109182774577, 0.9992810927390366, 1.4992810927390368, 1.4992810927390368, 1.4992810927390368, 1.4985621854780733, 1.4985621854780733, 1.9869259191145736, 1.9871903797137442, 1.9875652744092716, 2.0, 2.0, 1.9765513865732598, 1.9601818139653533, 1.9593540894763037, 1.9808097649020295, 1.494023740403137, 0.9985621854780733, 0.9985621854780733, 1.994164164587474], "adaptive_substitutions_per_codon": [0.0, 0.0, 0.0, 0.0, 0.0, 0.0, 0.0, 0.0, 0.0, 0.0, 0.015151515151515152, 0.015151515151515152, 0.015151515151515152, 0.015151515151515152, 0.02776506982114459, 0.02776506982114459, 0.030292137768773285, 0.028775897000196064, 0.02704305040753639, 0.015151515151515152, 0.015151515151515152, 0.015151515151515152, 0.015151515151515152, 0.015151515151515152, 0.015151515151515152, 0.015151515151515152, 0.015151515151515152, 0.029270418055464785, 0.02788718086307855, 0.015151515151515152, 0.028126079527948687, 0.02986502769311773, 0.015140622617258131, 0.02271638019301571, 0.02271638019301571, 0.02271638019301571, 0.022705487658758686, 0.022705487658758686, 0.03010493816840263, 0.03010894514717794, 0.030114625369837448, 0.030303030303030304, 0.030303030303030304, 0.029947748281413028, 0.029699724454020505, 0.02968718317388339, 0.030012269165182265, 0.02263672333944147, 0.01512973008300111, 0.01512973008300111, 0.030214608554355666], "rate_of_adaptation": 0.0005361267227350389}