{"virus": "vic", "subtype": null, "gene": "ha", "loci_len": 66, "loci_offset": 9, "location": [299, 365], "window": 3, "min_seqs": 2, "midfreq_high": 0.75, "midfreq_low": 0.15, "window_midpoint": [1970.5, 1971.5, 1972.5, 1973.5, 1974.5, 1975.5, 1976.5, 1977.5, 1978.5, 1979.5, 1980.5, 1981.5, 1982.5, 1983.5, 1984.5, 1985.5, 1986.5, 1987.5, 1988.5, 1989.5, 1990.5, 1991.5, 1992.5, 1993.5, 1994.5, 1995.5, 1996.5, 1997.5, 1998.5, 1999.5, 2000.5, 2001.5, 2002.5, 2003.5, 2004.5, 2005.5, 2006.5, 2007.5, 2008.5, 2009.5, 2010.5, 2011.5, 2012.5, 2013.5, 2014.5, 2015.5, 2016.5, 2017.5, 2018.5, 2019.5, 2020.5], "adaptive_substitutions": [0.0, 0.0, 0.0, 0.0, 0.0, 0.0, 0.0, 0.0, 0.0, 0.0, 0.0, 0.0, 0.0, 0.0, 0.0, 0.0, 0.0, 0.0, 0.0, 0.0, 0.0, 0.8226836385165137, 0.8491732566498922, 0.8498921639108554, 0.7998562185478074, 0.8749101365923796, 0.866570812365205, 0.9325664989216391, 1.0, 0.9473305838283703, 0.970689123960152, 0.9851864602424034, 0.9992810927390366, 0.9992810927390366, 0.9928005834010003, 0.9938980554435307, 0.9941478426475967, 0.9882956852951934, 0.9883637336365004, 0.9886281942356708, 0.9945015444655991, 0.9789322335313482, 0.9633244379537867, 0.9566973094513361, 0.9723800468449247, 0.9896587955538352, 0.9992810927390366, 0.996180462186027, 0.9961732700456797, 0.995978390074809, 0.9992810927390366], "adaptive_substitutions_per_codon": [0.0, 0.0, 0.0, 0.0, 0.0, 0.0, 0.0, 0.0, 0.0, 0.0, 0.0, 0.0, 0.0, 0.0, 0.0, 0.0, 0.0, 0.0, 0.0, 0.0, 0.0, 0.012464903613886571, 0.012866261464392306, 0.012877153998649325, 0.012119033614360718, 0.01325621419079363, 0.013129860793412195, 0.014129795438206654, 0.015151515151515152, 0.014353493694369248, 0.01470741096909321, 0.014927067579430355, 0.015140622617258131, 0.015140622617258131, 0.015042433081833338, 0.015059061446114103, 0.015062846100721162, 0.014974177049927173, 0.014975208085401521, 0.014979215064176831, 0.015068205219175745, 0.01483230656865679, 0.014595824817481617, 0.014495413779565699, 0.01473303101280189, 0.01499483023566417, 0.015140622617258131, 0.015093643366454954, 0.01509353439463151, 0.015090581667800137, 0.015140622617258131], "rate_of_adaptation": 0.00042841089445859074}