{"virus": "vic", "subtype": null, "gene": "ha", "loci_len": 66, "loci_offset": 9, "location": [209, 275], "window": 3, "min_seqs": 2, "midfreq_high": 0.75, "midfreq_low": 0.15, "window_midpoint": [1970.5, 1971.5, 1972.5, 1973.5, 1974.5, 1975.5, 1976.5, 1977.5, 1978.5, 1979.5, 1980.5, 1981.5, 1982.5, 1983.5, 1984.5, 1985.5, 1986.5, 1987.5, 1988.5, 1989.5, 1990.5, 1991.5, 1992.5, 1993.5, 1994.5, 1995.5, 1996.5, 1997.5, 1998.5, 1999.5, 2000.5, 2001.5, 2002.5, 2003.5, 2004.5, 2005.5, 2006.5, 2007.5, 2008.5, 2009.5, 2010.5, 2011.5, 2012.5, 2013.5, 2014.5, 2015.5, 2016.5, 2017.5, 2018.5, 2019.5, 2020.5], "adaptive_substitutions": [0.0, 0.0, 0.0, 0.0, 0.0, 0.0, 0.0, 0.0, 0.0, 0.0, 0.0, 0.0, 0.0, 0.0, 0.8332135154565061, 0.8332135154565061, 1.0, 0.8992092020129403, 0.7848413268974016, 0.0, 0.0, 0.0, 0.0, 0.0, 0.0, 0.0, 0.0, 0.9318475916606758, 0.8405539369631844, 0.0, 0.8563212488446132, 0.9710918277457701, 0.5, 1.0, 1.0, 1.0, 0.9992810927390366, 0.9985621854780733, 0.9869259191145737, 0.9871903797137442, 0.9868463671483082, 0.9992810927390366, 0.9985621854780733, 0.9779892010951864, 0.9609007212263166, 0.9600729967372671, 0.9800908576410664, 0.9940237404031369, 0.49784327821711, 0.49784327821711, 0.9956019791094007], "adaptive_substitutions_per_codon": [0.0, 0.0, 0.0, 0.0, 0.0, 0.0, 0.0, 0.0, 0.0, 0.0, 0.0, 0.0, 0.0, 0.0, 0.012624447203886457, 0.012624447203886457, 0.015151515151515152, 0.013624381848680913, 0.011891535256021237, 0.0, 0.0, 0.0, 0.0, 0.0, 0.0, 0.0, 0.0, 0.014118902903949633, 0.012735665711563399, 0.0, 0.012974564376433535, 0.014713512541602577, 0.007575757575757576, 0.015151515151515152, 0.015151515151515152, 0.015151515151515152, 0.015140622617258131, 0.01512973008300111, 0.014953423016887481, 0.014957429995662791, 0.014952217684065275, 0.015140622617258131, 0.01512973008300111, 0.014818018198411914, 0.014559101836762373, 0.01454656055662526, 0.014849861479410097, 0.015060965763683893, 0.007543079972986515, 0.007543079972986515, 0.015084878471354557], "rate_of_adaptation": 0.00034142636945220145}