{"virus": "vic", "subtype": null, "gene": "ha", "loci_len": 66, "loci_offset": 9, "location": [569, 635], "window": 3, "min_seqs": 2, "midfreq_high": 0.75, "midfreq_low": 0.15, "window_midpoint": [1970.5, 1971.5, 1972.5, 1973.5, 1974.5, 1975.5, 1976.5, 1977.5, 1978.5, 1979.5, 1980.5, 1981.5, 1982.5, 1983.5, 1984.5, 1985.5, 1986.5, 1987.5, 1988.5, 1989.5, 1990.5, 1991.5, 1992.5, 1993.5, 1994.5, 1995.5, 1996.5, 1997.5, 1998.5, 1999.5, 2000.5, 2001.5, 2002.5, 2003.5, 2004.5, 2005.5, 2006.5, 2007.5, 2008.5, 2009.5, 2010.5, 2011.5, 2012.5, 2013.5, 2014.5, 2015.5, 2016.5, 2017.5, 2018.5, 2019.5, 2020.5], "adaptive_substitutions": [0.0, 0.0, 0.0, 0.0, 0.0, 0.0, 0.0, 0.0, 0.0, 0.0, 0.0, 0.0, 0.0, 0.0, 0.0, 0.8332135154565061, 0.8749101365923796, 0.8999281092739037, 0.785560234158365, 0.0, 0.0, 0.0, 0.0, 0.0, 0.0, 0.0, 0.0, 2.665708123652049, 2.4725869310227404, 0.0, 2.541809592276882, 2.8865240327659705, 2.9790645491580072, 2.959252336448598, 2.9704834263430375, 2.9748733145131596, 2.976231916959905, 2.8474844552070326, 1.9996405463695184, 1.9992810927390368, 1.9992810927390368, 1.9992810927390368, 1.9992810927390368, 1.9992810927390368, 2.0, 2.0, 1.9865059577527264, 1.9878224792971173, 1.9806341565788945, 1.979464876753671, 1.9772064109612213], "adaptive_substitutions_per_codon": [0.0, 0.0, 0.0, 0.0, 0.0, 0.0, 0.0, 0.0, 0.0, 0.0, 0.0, 0.0, 0.0, 0.0, 0.0, 0.012624447203886457, 0.01325621419079363, 0.013635274382937934, 0.011902427790278256, 0.0, 0.0, 0.0, 0.0, 0.0, 0.0, 0.0, 0.0, 0.040389517025031046, 0.0374634383488294, 0.0, 0.038512266549649725, 0.04373521261766622, 0.0451373416539092, 0.044837156612857546, 0.045007324641561174, 0.04507383809868424, 0.04509442298424099, 0.04314370386677322, 0.030297584035901794, 0.030292137768773285, 0.030292137768773285, 0.030292137768773285, 0.030292137768773285, 0.030292137768773285, 0.030303030303030304, 0.030303030303030304, 0.030098575117465554, 0.030118522413592686, 0.030009608433013552, 0.02999189207202532, 0.029957672893351838], "rate_of_adaptation": 0.0009237214486011479}