{"virus": "vic", "subtype": null, "gene": "ha", "loci_len": 66, "loci_offset": 9, "location": [353, 419], "window": 3, "min_seqs": 2, "midfreq_high": 0.75, "midfreq_low": 0.15, "window_midpoint": [1970.5, 1971.5, 1972.5, 1973.5, 1974.5, 1975.5, 1976.5, 1977.5, 1978.5, 1979.5, 1980.5, 1981.5, 1982.5, 1983.5, 1984.5, 1985.5, 1986.5, 1987.5, 1988.5, 1989.5, 1990.5, 1991.5, 1992.5, 1993.5, 1994.5, 1995.5, 1996.5, 1997.5, 1998.5, 1999.5, 2000.5, 2001.5, 2002.5, 2003.5, 2004.5, 2005.5, 2006.5, 2007.5, 2008.5, 2009.5, 2010.5, 2011.5, 2012.5, 2013.5, 2014.5, 2015.5, 2016.5, 2017.5, 2018.5, 2019.5, 2020.5], "adaptive_substitutions": [0.0, 0.0, 0.0, 0.0, 0.7498202731847592, 0.0, 0.0, 0.0, 0.0, 0.0, 0.0, 0.0, 0.0, 0.0, 0.0, 0.0, 0.0, 0.0, 0.0, 0.0, 0.0, 0.0, 0.0, 0.7991373112868441, 0.7498202731847592, 0.7498202731847592, 0.7998562185478074, 0.9296908698777858, 0.891066631351924, 0.7893223353134814, 0.8834754031015712, 0.9696540132238435, 0.9985621854780733, 0.9978432782171099, 1.003604880294183, 1.0025074082516525, 0.9992810927390366, 0.9992810927390366, 0.9985621854780733, 0.9985621854780733, 0.9985621854780733, 0.9911385220780203, 0.9918850049495448, 0.9910824907842207, 0.9978432782171099, 0.9985621854780733, 1.8182724811478042, 1.951289917188469, 1.9815852574893615, 1.9798919503740455, 1.983930308284349], "adaptive_substitutions_per_codon": [0.0, 0.0, 0.0, 0.0, 0.01136091323007211, 0.0, 0.0, 0.0, 0.0, 0.0, 0.0, 0.0, 0.0, 0.0, 0.0, 0.0, 0.0, 0.0, 0.0, 0.0, 0.0, 0.0, 0.0, 0.012108141080103697, 0.01136091323007211, 0.01136091323007211, 0.012119033614360718, 0.014086225301178572, 0.013501009565938242, 0.011959429322931536, 0.013385990956084413, 0.014691727473088537, 0.01512973008300111, 0.01511883754874409, 0.015206134549911864, 0.0151895061856311, 0.015140622617258131, 0.015140622617258131, 0.01512973008300111, 0.01512973008300111, 0.01512973008300111, 0.01501725033451546, 0.01502856068105371, 0.015016401375518495, 0.01511883754874409, 0.01512973008300111, 0.027549583047694004, 0.029564998745279833, 0.030024019052869114, 0.029998362884455235, 0.03005955012552044], "rate_of_adaptation": 0.0005661294694857186}