{"virus": "vic", "subtype": null, "gene": "ha", "loci_len": 66, "loci_offset": 9, "location": [344, 410], "window": 3, "min_seqs": 2, "midfreq_high": 0.75, "midfreq_low": 0.15, "window_midpoint": [1970.5, 1971.5, 1972.5, 1973.5, 1974.5, 1975.5, 1976.5, 1977.5, 1978.5, 1979.5, 1980.5, 1981.5, 1982.5, 1983.5, 1984.5, 1985.5, 1986.5, 1987.5, 1988.5, 1989.5, 1990.5, 1991.5, 1992.5, 1993.5, 1994.5, 1995.5, 1996.5, 1997.5, 1998.5, 1999.5, 2000.5, 2001.5, 2002.5, 2003.5, 2004.5, 2005.5, 2006.5, 2007.5, 2008.5, 2009.5, 2010.5, 2011.5, 2012.5, 2013.5, 2014.5, 2015.5, 2016.5, 2017.5, 2018.5, 2019.5, 2020.5], "adaptive_substitutions": [0.0, 0.0, 0.0, 0.0, 0.7498202731847592, 0.0, 0.0, 0.0, 0.0, 0.0, 0.0, 0.0, 0.0, 0.0, 0.0, 0.0, 0.0, 0.0, 0.0, 0.0, 0.0, 0.0, 0.0, 0.7991373112868441, 0.7498202731847592, 0.7498202731847592, 0.7998562185478074, 0.9311286843997124, 0.8925044458738507, 0.7893223353134814, 0.8834754031015712, 0.9696540132238435, 0.9985621854780733, 0.9978432782171099, 1.0043237875551463, 1.003226315512616, 0.9992810927390366, 0.9992810927390366, 0.9985621854780733, 0.9985621854780733, 0.9985621854780733, 0.9918574293389837, 0.9926039122105081, 0.9918013980451841, 0.9978432782171099, 0.9985621854780733, 1.8189913884087676, 1.9520088244494325, 1.9823041647503248, 1.9806108576350088, 1.9846492155453124], "adaptive_substitutions_per_codon": [0.0, 0.0, 0.0, 0.0, 0.01136091323007211, 0.0, 0.0, 0.0, 0.0, 0.0, 0.0, 0.0, 0.0, 0.0, 0.0, 0.0, 0.0, 0.0, 0.0, 0.0, 0.0, 0.0, 0.0, 0.012108141080103697, 0.01136091323007211, 0.01136091323007211, 0.012119033614360718, 0.014108010369692612, 0.013522794634452284, 0.011959429322931536, 0.013385990956084413, 0.014691727473088537, 0.01512973008300111, 0.01511883754874409, 0.015217027084168883, 0.015200398719888122, 0.015140622617258131, 0.015140622617258131, 0.01512973008300111, 0.01512973008300111, 0.01512973008300111, 0.01502814286877248, 0.015039453215310729, 0.015027293909775516, 0.01511883754874409, 0.01512973008300111, 0.027560475581951023, 0.029575891279536855, 0.030034911587126133, 0.030009255418712254, 0.03007044265977746], "rate_of_adaptation": 0.0005663216906784894}