{"virus": "vic", "subtype": null, "gene": "ha", "loci_len": 66, "loci_offset": 9, "location": [560, 626], "window": 3, "min_seqs": 2, "midfreq_high": 0.75, "midfreq_low": 0.15, "window_midpoint": [1970.5, 1971.5, 1972.5, 1973.5, 1974.5, 1975.5, 1976.5, 1977.5, 1978.5, 1979.5, 1980.5, 1981.5, 1982.5, 1983.5, 1984.5, 1985.5, 1986.5, 1987.5, 1988.5, 1989.5, 1990.5, 1991.5, 1992.5, 1993.5, 1994.5, 1995.5, 1996.5, 1997.5, 1998.5, 1999.5, 2000.5, 2001.5, 2002.5, 2003.5, 2004.5, 2005.5, 2006.5, 2007.5, 2008.5, 2009.5, 2010.5, 2011.5, 2012.5, 2013.5, 2014.5, 2015.5, 2016.5, 2017.5, 2018.5, 2019.5, 2020.5], "adaptive_substitutions": [0.0, 0.0, 0.0, 0.0, 0.0, 0.0, 0.0, 0.0, 0.0, 0.0, 0.0, 0.0, 0.0, 0.0, 0.0, 0.8324946081955428, 0.8749101365923796, 0.8992092020129403, 0.7848413268974016, 0.0, 0.0, 0.0, 0.0, 0.0, 0.0, 0.0, 0.0, 2.6649892163910858, 2.471868023761777, 0.0, 2.5410906850159187, 2.8858051255050072, 2.978345641897044, 2.958533429187635, 2.9697645190820743, 2.974154407252196, 2.975513009698942, 2.8467655479460694, 1.9992810927390368, 1.998921639108555, 1.998921639108555, 1.9985621854780733, 1.998921639108555, 1.998921639108555, 1.9996405463695184, 2.0, 1.9857870504917632, 1.9871035720361538, 1.9799152493179313, 1.9787459694927076, 1.976487503700258], "adaptive_substitutions_per_codon": [0.0, 0.0, 0.0, 0.0, 0.0, 0.0, 0.0, 0.0, 0.0, 0.0, 0.0, 0.0, 0.0, 0.0, 0.0, 0.012613554669629436, 0.01325621419079363, 0.013624381848680913, 0.011891535256021237, 0.0, 0.0, 0.0, 0.0, 0.0, 0.0, 0.0, 0.0, 0.04037862449077403, 0.03745254581457238, 0.0, 0.038501374015392706, 0.0437243200834092, 0.04512644911965218, 0.044826264078600526, 0.044996432107304155, 0.04506294556442721, 0.04508353044998397, 0.0431328113325162, 0.030292137768773285, 0.030286691501644772, 0.030286691501644772, 0.030281245234516262, 0.030286691501644772, 0.030286691501644772, 0.030297584035901794, 0.030303030303030304, 0.030087682583208535, 0.030107629879335664, 0.029998715898756533, 0.029980999537768296, 0.02994678035909482], "rate_of_adaptation": 0.0009234976834177685}