{"virus": "vic", "subtype": null, "gene": "ha", "loci_len": 66, "loci_offset": 9, "location": [317, 383], "window": 3, "min_seqs": 2, "midfreq_high": 0.75, "midfreq_low": 0.15, "window_midpoint": [1970.5, 1971.5, 1972.5, 1973.5, 1974.5, 1975.5, 1976.5, 1977.5, 1978.5, 1979.5, 1980.5, 1981.5, 1982.5, 1983.5, 1984.5, 1985.5, 1986.5, 1987.5, 1988.5, 1989.5, 1990.5, 1991.5, 1992.5, 1993.5, 1994.5, 1995.5, 1996.5, 1997.5, 1998.5, 1999.5, 2000.5, 2001.5, 2002.5, 2003.5, 2004.5, 2005.5, 2006.5, 2007.5, 2008.5, 2009.5, 2010.5, 2011.5, 2012.5, 2013.5, 2014.5, 2015.5, 2016.5, 2017.5, 2018.5, 2019.5, 2020.5], "adaptive_substitutions": [0.0, 0.0, 0.0, 0.0, 0.0, 0.0, 0.0, 0.0, 0.0, 0.0, 0.0, 0.0, 0.0, 0.0, 0.0, 0.0, 0.0, 0.0, 0.0, 0.0, 0.0, 0.8226836385165137, 0.8491732566498922, 0.8498921639108554, 0.7998562185478074, 0.8749101365923796, 0.866570812365205, 0.9318475916606758, 1.0, 0.9473305838283703, 0.9699702166991887, 0.9844675529814401, 0.9992810927390366, 0.9985621854780733, 0.9992810927390366, 0.9985621854780733, 0.99271002812567, 0.9868578707732667, 0.9876448263755371, 0.9871903797137442, 0.9930637299436724, 0.9767755117484582, 0.96188662343186, 0.9552594949294094, 0.9716611395839614, 0.9882209810319085, 0.9985621854780733, 0.9954615549250636, 0.9954543627847163, 0.9952594828138457, 0.9985621854780733], "adaptive_substitutions_per_codon": [0.0, 0.0, 0.0, 0.0, 0.0, 0.0, 0.0, 0.0, 0.0, 0.0, 0.0, 0.0, 0.0, 0.0, 0.0, 0.0, 0.0, 0.0, 0.0, 0.0, 0.0, 0.012464903613886571, 0.012866261464392306, 0.012877153998649325, 0.012119033614360718, 0.01325621419079363, 0.013129860793412195, 0.014118902903949633, 0.015151515151515152, 0.014353493694369248, 0.014696518434836192, 0.014916175045173334, 0.015140622617258131, 0.01512973008300111, 0.015140622617258131, 0.01512973008300111, 0.01504106103220712, 0.014952391981413132, 0.0149643155511445, 0.014957429995662791, 0.015046420150661703, 0.014799628965885731, 0.014574039748967576, 0.014473628711051657, 0.01472213847854487, 0.014973045167150128, 0.01512973008300111, 0.015082750832197933, 0.01508264186037449, 0.015079689133543116, 0.01512973008300111], "rate_of_adaptation": 0.00042813094897960175}