{"virus": "vic", "subtype": null, "gene": "ha", "loci_len": 66, "loci_offset": 9, "location": [452, 518], "window": 3, "min_seqs": 2, "midfreq_high": 0.75, "midfreq_low": 0.15, "window_midpoint": [1970.5, 1971.5, 1972.5, 1973.5, 1974.5, 1975.5, 1976.5, 1977.5, 1978.5, 1979.5, 1980.5, 1981.5, 1982.5, 1983.5, 1984.5, 1985.5, 1986.5, 1987.5, 1988.5, 1989.5, 1990.5, 1991.5, 1992.5, 1993.5, 1994.5, 1995.5, 1996.5, 1997.5, 1998.5, 1999.5, 2000.5, 2001.5, 2002.5, 2003.5, 2004.5, 2005.5, 2006.5, 2007.5, 2008.5, 2009.5, 2010.5, 2011.5, 2012.5, 2013.5, 2014.5, 2015.5, 2016.5, 2017.5, 2018.5, 2019.5, 2020.5], "adaptive_substitutions": [0.0, 0.0, 0.9992810927390366, 0.9992810927390366, 0.9992810927390366, 0.9992810927390366, 0.9992810927390366, 0.9992810927390366, 0.9992810927390366, 0.9992810927390366, 0.9992810927390366, 0.9992810927390366, 0.9992810927390366, 0.9992810927390366, 0.9992810927390366, 0.9992810927390366, 0.9992810927390366, 0.9992810927390366, 0.9992810927390366, 1.799137311286844, 1.4992810927390368, 3.9106229119972933, 4.199065420560748, 2.998921639108555, 1.4992810927390368, 1.4992810927390368, 1.4992810927390368, 1.4992810927390368, 1.4992810927390368, 1.4992810927390368, 1.9699702166991886, 1.9844675529814402, 1.9877350064265953, 1.9992810927390368, 1.9906438616181101, 1.9917413336606407, 1.9861389635123032, 1.9919911208647068, 1.99202514503536, 1.4992810927390368, 1.4992810927390368, 0.9992810927390366, 1.0, 1.9932392125671106, 1.4935414299297327, 1.4937510368854725, 2.392102727258822, 2.483284034222181, 2.951944845077718, 2.866454078908969, 1.9985621854780733], "adaptive_substitutions_per_codon": [0.0, 0.0, 0.015140622617258131, 0.015140622617258131, 0.015140622617258131, 0.015140622617258131, 0.015140622617258131, 0.015140622617258131, 0.015140622617258131, 0.015140622617258131, 0.015140622617258131, 0.015140622617258131, 0.015140622617258131, 0.015140622617258131, 0.015140622617258131, 0.015140622617258131, 0.015140622617258131, 0.015140622617258131, 0.015140622617258131, 0.02725965623161885, 0.02271638019301571, 0.05925186230298929, 0.06362220334182951, 0.045438206653159924, 0.02271638019301571, 0.02271638019301571, 0.02271638019301571, 0.02271638019301571, 0.02271638019301571, 0.02271638019301571, 0.029848033586351342, 0.030067690196688486, 0.030117197067069626, 0.030292137768773285, 0.030161270630577428, 0.03017789899485819, 0.03009301459867126, 0.030181683649465253, 0.030182199167202425, 0.02271638019301571, 0.02271638019301571, 0.015140622617258131, 0.015151515151515152, 0.030200594129804706, 0.02262941560499595, 0.022632591467961705, 0.036243980716042755, 0.03762551567003304, 0.044726437046632095, 0.04343112240771165, 0.030281245234516262], "rate_of_adaptation": 0.0004516830533107542}