{"virus": "vic", "subtype": null, "gene": "ha", "loci_len": 66, "loci_offset": 9, "location": [848, 914], "window": 3, "min_seqs": 2, "midfreq_high": 0.75, "midfreq_low": 0.15, "window_midpoint": [1970.5, 1971.5, 1972.5, 1973.5, 1974.5, 1975.5, 1976.5, 1977.5, 1978.5, 1979.5, 1980.5, 1981.5, 1982.5, 1983.5, 1984.5, 1985.5, 1986.5, 1987.5, 1988.5, 1989.5, 1990.5, 1991.5, 1992.5, 1993.5, 1994.5, 1995.5, 1996.5, 1997.5, 1998.5, 1999.5, 2000.5, 2001.5, 2002.5, 2003.5, 2004.5, 2005.5, 2006.5, 2007.5, 2008.5, 2009.5, 2010.5, 2011.5, 2012.5, 2013.5, 2014.5, 2015.5, 2016.5, 2017.5, 2018.5, 2019.5, 2020.5], "adaptive_substitutions": [0.0, 0.0, 0.0, 0.0, 0.0, 0.0, 0.0, 0.0, 0.0, 0.0, 0.0, 0.0, 0.0, 0.0, 0.8332135154565061, 0.8332135154565061, 1.0, 0.8999281092739037, 0.785560234158365, 0.0, 0.0, 0.0, 0.0, 0.0, 0.0, 0.0, 0.0, 0.9325664989216391, 1.0, 1.0, 1.0, 1.0, 0.9992810927390366, 0.9992810927390366, 0.9992810927390366, 0.9992810927390366, 0.9992810927390366, 1.0, 0.9876448263755371, 0.9872546272039382, 0.9876253668194835, 0.9992810927390366, 0.9985621854780733, 0.993958119828074, 0.9939008835602143, 0.9937510368854725, 1.0, 1.0, 0.9992810927390366, 0.9985621854780733, 0.9956019791094007], "adaptive_substitutions_per_codon": [0.0, 0.0, 0.0, 0.0, 0.0, 0.0, 0.0, 0.0, 0.0, 0.0, 0.0, 0.0, 0.0, 0.0, 0.012624447203886457, 0.012624447203886457, 0.015151515151515152, 0.013635274382937934, 0.011902427790278256, 0.0, 0.0, 0.0, 0.0, 0.0, 0.0, 0.0, 0.0, 0.014129795438206654, 0.015151515151515152, 0.015151515151515152, 0.015151515151515152, 0.015151515151515152, 0.015140622617258131, 0.015140622617258131, 0.015140622617258131, 0.015140622617258131, 0.015140622617258131, 0.015151515151515152, 0.0149643155511445, 0.014958403442483913, 0.014964020709386114, 0.015140622617258131, 0.01512973008300111, 0.015059971512546576, 0.015059104296366884, 0.015056833892204129, 0.015151515151515152, 0.015151515151515152, 0.015140622617258131, 0.01512973008300111, 0.015084878471354557], "rate_of_adaptation": 0.00038881903913432083}