{"virus": "vic", "subtype": null, "gene": "ha", "loci_len": 66, "loci_offset": 9, "location": [578, 644], "window": 3, "min_seqs": 2, "midfreq_high": 0.75, "midfreq_low": 0.15, "window_midpoint": [1970.5, 1971.5, 1972.5, 1973.5, 1974.5, 1975.5, 1976.5, 1977.5, 1978.5, 1979.5, 1980.5, 1981.5, 1982.5, 1983.5, 1984.5, 1985.5, 1986.5, 1987.5, 1988.5, 1989.5, 1990.5, 1991.5, 1992.5, 1993.5, 1994.5, 1995.5, 1996.5, 1997.5, 1998.5, 1999.5, 2000.5, 2001.5, 2002.5, 2003.5, 2004.5, 2005.5, 2006.5, 2007.5, 2008.5, 2009.5, 2010.5, 2011.5, 2012.5, 2013.5, 2014.5, 2015.5, 2016.5, 2017.5, 2018.5, 2019.5, 2020.5], "adaptive_substitutions": [0.0, 0.0, 0.0, 0.0, 0.0, 0.0, 0.0, 0.0, 0.0, 0.0, 0.0, 0.0, 0.0, 0.0, 0.0, 0.8332135154565061, 0.8749101365923796, 0.8999281092739037, 0.785560234158365, 0.0, 0.0, 0.0, 0.0, 0.0, 0.0, 0.0, 0.0, 1.7324227174694464, 1.630595179537629, 0.0, 1.6847694361713053, 1.914713297759237, 1.989172820948522, 1.991275341480949, 2.0, 2.0, 1.9996405463695184, 1.9996405463695184, 1.9996405463695184, 1.9992810927390368, 1.9992810927390368, 1.9992810927390368, 1.9992810927390368, 1.9992810927390368, 2.0, 1.9992810927390368, 1.985787050491763, 1.9871035720361538, 1.9806341565788945, 1.9787459694927076, 1.976487503700258], "adaptive_substitutions_per_codon": [0.0, 0.0, 0.0, 0.0, 0.0, 0.0, 0.0, 0.0, 0.0, 0.0, 0.0, 0.0, 0.0, 0.0, 0.0, 0.012624447203886457, 0.01325621419079363, 0.013635274382937934, 0.011902427790278256, 0.0, 0.0, 0.0, 0.0, 0.0, 0.0, 0.0, 0.0, 0.02624882905256737, 0.024705987568751954, 0.0, 0.02552680963895917, 0.02901080754180662, 0.030138982135583667, 0.030170838507287107, 0.030303030303030304, 0.030303030303030304, 0.030297584035901794, 0.030297584035901794, 0.030297584035901794, 0.030292137768773285, 0.030292137768773285, 0.030292137768773285, 0.030292137768773285, 0.030292137768773285, 0.030303030303030304, 0.030292137768773285, 0.03008768258320853, 0.030107629879335664, 0.030009608433013552, 0.029980999537768296, 0.02994678035909482], "rate_of_adaptation": 0.0008295737687813376}