{"virus": "vic", "subtype": null, "gene": "ha", "loci_len": 66, "loci_offset": 9, "location": [272, 338], "window": 3, "min_seqs": 2, "midfreq_high": 0.75, "midfreq_low": 0.15, "window_midpoint": [1970.5, 1971.5, 1972.5, 1973.5, 1974.5, 1975.5, 1976.5, 1977.5, 1978.5, 1979.5, 1980.5, 1981.5, 1982.5, 1983.5, 1984.5, 1985.5, 1986.5, 1987.5, 1988.5, 1989.5, 1990.5, 1991.5, 1992.5, 1993.5, 1994.5, 1995.5, 1996.5, 1997.5, 1998.5, 1999.5, 2000.5, 2001.5, 2002.5, 2003.5, 2004.5, 2005.5, 2006.5, 2007.5, 2008.5, 2009.5, 2010.5, 2011.5, 2012.5, 2013.5, 2014.5, 2015.5, 2016.5, 2017.5, 2018.5, 2019.5, 2020.5], "adaptive_substitutions": [0.0, 0.0, 0.0, 0.0, 0.0, 0.0, 0.0, 0.0, 0.0, 0.0, 0.0, 0.0, 0.0, 0.0, 0.0, 0.0, 0.0, 0.0, 0.0, 0.0, 0.0, 0.8226836385165137, 0.8484543493889288, 0.8498921639108554, 0.7998562185478074, 0.8749101365923796, 0.866570812365205, 1.8658519051042415, 1.5, 1.4473305838283703, 1.470689123960152, 1.4851864602424034, 1.9992810927390368, 1.9992810927390368, 1.9913627688790736, 1.992460240921604, 2.793736678143958, 2.9751535560684603, 2.986925919114574, 2.9871903797137445, 2.992344822682709, 2.971508570131295, 2.9506889841576927, 2.9446135491074843, 2.9601818139653533, 2.9834098324393077, 2.9917876317359315, 2.9922264722507284, 2.989830364677988, 2.989081151105765, 2.992007442804584], "adaptive_substitutions_per_codon": [0.0, 0.0, 0.0, 0.0, 0.0, 0.0, 0.0, 0.0, 0.0, 0.0, 0.0, 0.0, 0.0, 0.0, 0.0, 0.0, 0.0, 0.0, 0.0, 0.0, 0.0, 0.012464903613886571, 0.012855368930135285, 0.012877153998649325, 0.012119033614360718, 0.01325621419079363, 0.013129860793412195, 0.028270483410670327, 0.022727272727272728, 0.021929251270126824, 0.02228316854485079, 0.02250282515518793, 0.030292137768773285, 0.030292137768773285, 0.03017216316483445, 0.03018879152911521, 0.04232934360824179, 0.04507808418285546, 0.04525645331991779, 0.0452604602986931, 0.04533855791943499, 0.04502285712320144, 0.04470740885087413, 0.044615356804658855, 0.04485123960553566, 0.04520317927938345, 0.0453301156323626, 0.04533676473107164, 0.0453004600708786, 0.04528910835008735, 0.04533344610309976], "rate_of_adaptation": 0.0012247396506772825}