{"virus": "vic", "subtype": null, "gene": "ha", "loci_len": 66, "loci_offset": 9, "location": [245, 311], "window": 3, "min_seqs": 2, "midfreq_high": 0.75, "midfreq_low": 0.15, "window_midpoint": [1970.5, 1971.5, 1972.5, 1973.5, 1974.5, 1975.5, 1976.5, 1977.5, 1978.5, 1979.5, 1980.5, 1981.5, 1982.5, 1983.5, 1984.5, 1985.5, 1986.5, 1987.5, 1988.5, 1989.5, 1990.5, 1991.5, 1992.5, 1993.5, 1994.5, 1995.5, 1996.5, 1997.5, 1998.5, 1999.5, 2000.5, 2001.5, 2002.5, 2003.5, 2004.5, 2005.5, 2006.5, 2007.5, 2008.5, 2009.5, 2010.5, 2011.5, 2012.5, 2013.5, 2014.5, 2015.5, 2016.5, 2017.5, 2018.5, 2019.5, 2020.5], "adaptive_substitutions": [0.0, 0.0, 0.0, 0.0, 0.0, 0.0, 0.0, 0.0, 0.0, 0.0, 0.0, 0.0, 0.0, 0.0, 0.0, 0.0, 0.0, 0.0, 0.0, 0.0, 0.0, 0.0, 0.0, 0.0, 0.0, 0.0, 0.0, 0.9318475916606758, 0.5, 0.5, 0.5, 0.5, 0.9992810927390366, 0.9992810927390366, 0.9992810927390366, 0.9985621854780733, 1.798869928235398, 1.9861389635123032, 1.9992810927390368, 1.9992810927390368, 1.9992810927390368, 1.9911385220780202, 1.9859267316819795, 1.9857595178732583, 1.9856450453375385, 1.9915943151025826, 1.9896309099530416, 1.9982027318475917, 1.9907814655884546, 1.9902271319871023, 1.989850721021694], "adaptive_substitutions_per_codon": [0.0, 0.0, 0.0, 0.0, 0.0, 0.0, 0.0, 0.0, 0.0, 0.0, 0.0, 0.0, 0.0, 0.0, 0.0, 0.0, 0.0, 0.0, 0.0, 0.0, 0.0, 0.0, 0.0, 0.0, 0.0, 0.0, 0.0, 0.014118902903949633, 0.007575757575757576, 0.007575757575757576, 0.007575757575757576, 0.007575757575757576, 0.015140622617258131, 0.015140622617258131, 0.015140622617258131, 0.01512973008300111, 0.027255604973263604, 0.03009301459867126, 0.030292137768773285, 0.030292137768773285, 0.030292137768773285, 0.03016876548603061, 0.030089798964878477, 0.030087265422322096, 0.030085530989962705, 0.03017567144094822, 0.030145922878076388, 0.030275798967387753, 0.03016335553921901, 0.030154956545259126, 0.030149253348813545], "rate_of_adaptation": 0.0007958141948718898}