{"virus": "vic", "subtype": null, "gene": "ha", "loci_len": 66, "loci_offset": 9, "location": [236, 302], "window": 3, "min_seqs": 2, "midfreq_high": 0.75, "midfreq_low": 0.15, "window_midpoint": [1970.5, 1971.5, 1972.5, 1973.5, 1974.5, 1975.5, 1976.5, 1977.5, 1978.5, 1979.5, 1980.5, 1981.5, 1982.5, 1983.5, 1984.5, 1985.5, 1986.5, 1987.5, 1988.5, 1989.5, 1990.5, 1991.5, 1992.5, 1993.5, 1994.5, 1995.5, 1996.5, 1997.5, 1998.5, 1999.5, 2000.5, 2001.5, 2002.5, 2003.5, 2004.5, 2005.5, 2006.5, 2007.5, 2008.5, 2009.5, 2010.5, 2011.5, 2012.5, 2013.5, 2014.5, 2015.5, 2016.5, 2017.5, 2018.5, 2019.5, 2020.5], "adaptive_substitutions": [0.0, 0.0, 0.0, 0.0, 0.0, 0.0, 0.0, 0.0, 0.0, 0.0, 0.0, 0.0, 0.0, 0.0, 0.0, 0.0, 0.0, 0.0, 0.0, 0.0, 0.0, 0.0, 0.0, 0.0, 0.0, 0.0, 0.0, 0.9325664989216391, 0.5, 0.5, 0.5, 0.5, 1.0, 1.0, 1.0, 0.9992810927390366, 1.7995888354963614, 1.9868578707732667, 2.0, 2.0, 2.0, 1.9918574293389837, 1.9866456389429428, 1.9864784251342216, 1.9863639525985017, 1.992313222363546, 1.990349817214005, 1.998921639108555, 1.991500372849418, 1.9909460392480658, 1.9905696282826575], "adaptive_substitutions_per_codon": [0.0, 0.0, 0.0, 0.0, 0.0, 0.0, 0.0, 0.0, 0.0, 0.0, 0.0, 0.0, 0.0, 0.0, 0.0, 0.0, 0.0, 0.0, 0.0, 0.0, 0.0, 0.0, 0.0, 0.0, 0.0, 0.0, 0.0, 0.014129795438206654, 0.007575757575757576, 0.007575757575757576, 0.007575757575757576, 0.007575757575757576, 0.015151515151515152, 0.015151515151515152, 0.015151515151515152, 0.015140622617258131, 0.027266497507520627, 0.030103907132928282, 0.030303030303030304, 0.030303030303030304, 0.030303030303030304, 0.03017965802028763, 0.030100691499135496, 0.030098157956579115, 0.030096423524219724, 0.030186563975205243, 0.03015681541233341, 0.030286691501644772, 0.03017424807347603, 0.03016584907951615, 0.030160145883070567], "rate_of_adaptation": 0.0007961158342820842}