{"virus": "vic", "subtype": null, "gene": "ha", "loci_len": 66, "loci_offset": 9, "location": [830, 896], "window": 3, "min_seqs": 2, "midfreq_high": 0.75, "midfreq_low": 0.15, "window_midpoint": [1970.5, 1971.5, 1972.5, 1973.5, 1974.5, 1975.5, 1976.5, 1977.5, 1978.5, 1979.5, 1980.5, 1981.5, 1982.5, 1983.5, 1984.5, 1985.5, 1986.5, 1987.5, 1988.5, 1989.5, 1990.5, 1991.5, 1992.5, 1993.5, 1994.5, 1995.5, 1996.5, 1997.5, 1998.5, 1999.5, 2000.5, 2001.5, 2002.5, 2003.5, 2004.5, 2005.5, 2006.5, 2007.5, 2008.5, 2009.5, 2010.5, 2011.5, 2012.5, 2013.5, 2014.5, 2015.5, 2016.5, 2017.5, 2018.5, 2019.5, 2020.5], "adaptive_substitutions": [0.0, 0.0, 1.0, 1.0, 1.0, 0.0, 0.0, 0.0, 0.0, 0.0, 0.0, 0.0, 0.0, 0.0, 2.498921639108555, 2.498921639108555, 2.9992810927390368, 2.699065420560748, 2.3559617952141316, 0.0, 0.0, 0.0, 0.0, 0.0, 0.0, 0.0, 0.0, 2.799856218547807, 2.683983502970222, 1.0, 2.714080312211153, 2.9436214700134666, 3.0, 3.0, 3.0, 3.0, 3.0, 3.0, 2.976727467273001, 2.954050859642496, 2.9555338181046777, 2.973084262706027, 2.994041726732435, 2.9886351469171117, 2.9939008835602143, 2.9944699441464357, 3.0, 3.0, 3.0, 2.9992810927390368, 2.995601979109401], "adaptive_substitutions_per_codon": [0.0, 0.0, 0.015151515151515152, 0.015151515151515152, 0.015151515151515152, 0.0, 0.0, 0.0, 0.0, 0.0, 0.0, 0.0, 0.0, 0.0, 0.03786244907740235, 0.03786244907740235, 0.04544365292028844, 0.04089493061455679, 0.03569639083657775, 0.0, 0.0, 0.0, 0.0, 0.0, 0.0, 0.0, 0.0, 0.04242206391739101, 0.04066641671167003, 0.015151515151515152, 0.04112242897289626, 0.044600325303234344, 0.045454545454545456, 0.045454545454545456, 0.045454545454545456, 0.045454545454545456, 0.045454545454545456, 0.045454545454545456, 0.0451019313223182, 0.04475834635821963, 0.04478081542582845, 0.04504673125312163, 0.04536426858685507, 0.04528235071086533, 0.04536213459939719, 0.04537075672949145, 0.045454545454545456, 0.045454545454545456, 0.045454545454545456, 0.04544365292028844, 0.04538790877438486], "rate_of_adaptation": 0.0010621495010251496}