{"virus": "yam", "subtype": null, "gene": "ha", "loci_len": 66, "loci_offset": 9, "location": [137, 203], "window": 3, "min_seqs": 2, "midfreq_high": 0.75, "midfreq_low": 0.15, "window_midpoint": [1991.5, 1992.5, 1993.5, 1994.5, 1995.5, 1996.5, 1997.5, 1998.5, 1999.5, 2000.5, 2001.5, 2002.5, 2003.5, 2004.5, 2005.5, 2006.5, 2007.5, 2008.5, 2009.5, 2010.5, 2011.5, 2012.5, 2013.5, 2014.5, 2015.5, 2016.5, 2017.5, 2018.5], "adaptive_substitutions": [0.0, 0.0, 0.0, 0.0, 0.0, 0.0, 0.0, 0.0, 0.0, 0.0, 0.0, 0.0, 1.696, 1.9536423841059603, 1.9698795180722892, 1.8928571428571428, 1.874251497005988, 1.867816091954023, 1.9367483888113746, 1.9301985584115326, 1.788235294117647, 1.0, 1.0, 1.0, 1.9209302325581397, 1.9656652360515021, 1.986842105263158, 1.9684684684684686], "adaptive_substitutions_per_codon": [0.0, 0.0, 0.0, 0.0, 0.0, 0.0, 0.0, 0.0, 0.0, 0.0, 0.0, 0.0, 0.025696969696969697, 0.02960064218342364, 0.029846659364731656, 0.02867965367965368, 0.028397749954636183, 0.028300243817485197, 0.0293446725577481, 0.02924543270320504, 0.02709447415329768, 0.015151515151515152, 0.015151515151515152, 0.015151515151515152, 0.029105003523608175, 0.02978280660684094, 0.030103668261563, 0.029825279825279827], "rate_of_adaptation": 0.0013448619767035608}