{"virus": "yam", "subtype": null, "gene": "ha", "loci_len": 66, "loci_offset": 9, "location": [443, 509], "window": 3, "min_seqs": 2, "midfreq_high": 0.75, "midfreq_low": 0.15, "window_midpoint": [1991.5, 1992.5, 1993.5, 1994.5, 1995.5, 1996.5, 1997.5, 1998.5, 1999.5, 2000.5, 2001.5, 2002.5, 2003.5, 2004.5, 2005.5, 2006.5, 2007.5, 2008.5, 2009.5, 2010.5, 2011.5, 2012.5, 2013.5, 2014.5, 2015.5, 2016.5, 2017.5, 2018.5], "adaptive_substitutions": [0.0, 0.0, 0.0, 0.0, 0.0, 0.0, 0.0, 0.0, 0.0, 0.85, 0.935251798561151, 0.9833333333333333, 0.984, 1.0, 1.0, 1.0, 1.0, 1.0, 1.839080459770115, 1.9244186046511627, 1.7836257309941521, 1.0, 1.0, 1.7570093457943925, 1.9348837209302325, 1.9871244635193133, 1.4956140350877192, 1.4954954954954955], "adaptive_substitutions_per_codon": [0.0, 0.0, 0.0, 0.0, 0.0, 0.0, 0.0, 0.0, 0.0, 0.012878787878787878, 0.014170481796381076, 0.014898989898989898, 0.014909090909090908, 0.015151515151515152, 0.015151515151515152, 0.015151515151515152, 0.015151515151515152, 0.015151515151515152, 0.027864855451062348, 0.02915785764622974, 0.027024632287790184, 0.015151515151515152, 0.015151515151515152, 0.026621353724157464, 0.029316420014094433, 0.030107946416959293, 0.02266081871345029, 0.02265902265902266], "rate_of_adaptation": 0.0011748451744935686}