{"virus": "yam", "subtype": null, "gene": "ha", "loci_len": 66, "loci_offset": 9, "location": [497, 563], "window": 3, "min_seqs": 2, "midfreq_high": 0.75, "midfreq_low": 0.15, "window_midpoint": [1991.5, 1992.5, 1993.5, 1994.5, 1995.5, 1996.5, 1997.5, 1998.5, 1999.5, 2000.5, 2001.5, 2002.5, 2003.5, 2004.5, 2005.5, 2006.5, 2007.5, 2008.5, 2009.5, 2010.5, 2011.5, 2012.5, 2013.5, 2014.5, 2015.5, 2016.5, 2017.5, 2018.5], "adaptive_substitutions": [0.0, 0.0, 0.0, 0.0, 0.0, 0.0, 0.0, 0.0, 0.0, 0.85, 0.935251798561151, 0.9833333333333333, 2.76, 3.0, 2.4879518072289155, 2.488095238095238, 2.4880239520958085, 3.0, 4.67816091954023, 4.848837209302325, 4.567251461988304, 3.0, 3.0, 4.5140186915887845, 4.869767441860465, 4.9742489270386265, 3.995614035087719, 4.495495495495495], "adaptive_substitutions_per_codon": [0.0, 0.0, 0.0, 0.0, 0.0, 0.0, 0.0, 0.0, 0.0, 0.013492063492063491, 0.014845266643827794, 0.015608465608465608, 0.043809523809523805, 0.047619047619047616, 0.039491298527443104, 0.039493575207860926, 0.03949244368406045, 0.047619047619047616, 0.0742565225323846, 0.0769656699889258, 0.0724960549521953, 0.047619047619047616, 0.047619047619047616, 0.07165109034267912, 0.07729789590254707, 0.07895633217521629, 0.06342244500139237, 0.07135707135707135], "rate_of_adaptation": 0.0034210032085131787}