{"virus": "yam", "subtype": null, "gene": "ha", "loci_len": 66, "loci_offset": 9, "location": [479, 545], "window": 3, "min_seqs": 2, "midfreq_high": 0.75, "midfreq_low": 0.15, "window_midpoint": [1991.5, 1992.5, 1993.5, 1994.5, 1995.5, 1996.5, 1997.5, 1998.5, 1999.5, 2000.5, 2001.5, 2002.5, 2003.5, 2004.5, 2005.5, 2006.5, 2007.5, 2008.5, 2009.5, 2010.5, 2011.5, 2012.5, 2013.5, 2014.5, 2015.5, 2016.5, 2017.5, 2018.5], "adaptive_substitutions": [0.0, 0.0, 0.0, 0.0, 0.0, 0.0, 0.0, 0.0, 0.0, 0.85, 0.935251798561151, 0.9833333333333333, 1.8719999999999999, 2.0, 1.9879518072289155, 1.9880952380952381, 1.9880239520958085, 2.0, 2.839080459770115, 2.9244186046511627, 2.783625730994152, 2.0, 2.0, 2.7570093457943923, 2.9348837209302325, 2.9871244635193133, 2.495614035087719, 2.4954954954954953], "adaptive_substitutions_per_codon": [0.0, 0.0, 0.0, 0.0, 0.0, 0.0, 0.0, 0.0, 0.0, 0.012878787878787878, 0.014170481796381076, 0.014898989898989898, 0.02836363636363636, 0.030303030303030304, 0.03012048192771084, 0.030122655122655124, 0.030121575031754673, 0.030303030303030304, 0.0430163706025775, 0.04430937279774489, 0.04217614743930533, 0.030303030303030304, 0.030303030303030304, 0.04177286887567261, 0.04446793516560958, 0.04525946156847444, 0.03781233386496544, 0.03781053781053781], "rate_of_adaptation": 0.001971930797895045}