{"virus": "yam", "subtype": null, "gene": "ha", "loci_len": 66, "loci_offset": 9, "location": [344, 410], "window": 3, "min_seqs": 2, "midfreq_high": 0.75, "midfreq_low": 0.15, "window_midpoint": [1991.5, 1992.5, 1993.5, 1994.5, 1995.5, 1996.5, 1997.5, 1998.5, 1999.5, 2000.5, 2001.5, 2002.5, 2003.5, 2004.5, 2005.5, 2006.5, 2007.5, 2008.5, 2009.5, 2010.5, 2011.5, 2012.5, 2013.5, 2014.5, 2015.5, 2016.5, 2017.5, 2018.5], "adaptive_substitutions": [0.0, 0.0, 0.0, 0.0, 0.0, 0.8333333333333334, 0.9464285714285714, 0.9857142857142858, 0.8811881188118812, 0.7714285714285715, 0.0, 0.0, 0.0, 0.0, 0.012048192771084338, 0.005952380952380952, 0.005988023952095809, 0.0, 0.0, 0.0, 0.0, 0.0, 0.0, 0.0, 0.9302325581395349, 0.9871244635193133, 0.5, 0.5], "adaptive_substitutions_per_codon": [0.0, 0.0, 0.0, 0.0, 0.0, 0.012626262626262626, 0.01433982683982684, 0.014935064935064937, 0.013351335133513352, 0.011688311688311689, 0.0, 0.0, 0.0, 0.0, 0.00018254837531945966, 9.018759018759019e-05, 9.072763563781528e-05, 0.0, 0.0, 0.0, 0.0, 0.0, 0.0, 0.0, 0.014094432699083862, 0.01495643126544414, 0.007575757575757576, 0.007575757575757576], "rate_of_adaptation": 4.347781773023482e-05}