{"virus": "yam", "subtype": null, "gene": "ha", "loci_len": 66, "loci_offset": 9, "location": [119, 185], "window": 3, "min_seqs": 2, "midfreq_high": 0.75, "midfreq_low": 0.15, "window_midpoint": [1991.5, 1992.5, 1993.5, 1994.5, 1995.5, 1996.5, 1997.5, 1998.5, 1999.5, 2000.5, 2001.5, 2002.5, 2003.5, 2004.5, 2005.5, 2006.5, 2007.5, 2008.5, 2009.5, 2010.5, 2011.5, 2012.5, 2013.5, 2014.5, 2015.5, 2016.5, 2017.5, 2018.5], "adaptive_substitutions": [0.0, 0.0, 0.0, 0.0, 0.0, 0.0, 0.0, 0.0, 0.0, 0.0, 0.0, 0.0, 0.84, 0.9867549668874173, 1.0, 0.9880952380952381, 0.9880239520958084, 0.9827586206896551, 0.9942196531791907, 0.9941520467836257, 1.0, 1.0, 1.0, 1.0, 1.0, 1.0, 1.0, 1.0], "adaptive_substitutions_per_codon": [0.0, 0.0, 0.0, 0.0, 0.0, 0.0, 0.0, 0.0, 0.0, 0.0, 0.0, 0.0, 0.012727272727272726, 0.014950832831627535, 0.015151515151515152, 0.014971139971139972, 0.014970059880239521, 0.014890282131661442, 0.015063934139078647, 0.015062909799751905, 0.015151515151515152, 0.015151515151515152, 0.015151515151515152, 0.015151515151515152, 0.015151515151515152, 0.015151515151515152, 0.015151515151515152, 0.015151515151515152], "rate_of_adaptation": 0.0007968047065313958}