{"virus": "yam", "subtype": null, "gene": "ha", "loci_len": 66, "loci_offset": 9, "location": [416, 482], "window": 3, "min_seqs": 2, "midfreq_high": 0.75, "midfreq_low": 0.15, "window_midpoint": [1991.5, 1992.5, 1993.5, 1994.5, 1995.5, 1996.5, 1997.5, 1998.5, 1999.5, 2000.5, 2001.5, 2002.5, 2003.5, 2004.5, 2005.5, 2006.5, 2007.5, 2008.5, 2009.5, 2010.5, 2011.5, 2012.5, 2013.5, 2014.5, 2015.5, 2016.5, 2017.5, 2018.5], "adaptive_substitutions": [0.0, 0.0, 0.0, 0.0, 0.0, 0.0, 0.0, 0.0, 0.0, 0.0, 0.0, 0.7666666666666667, 0.952, 0.9867549668874173, 0.9819277108433735, 0.9821428571428571, 0.9940119760479041, 0.5, 1.0, 1.0, 1.0, 1.0, 0.9948186528497409, 0.9953271028037384, 0.9953488372093023, 1.002145922746781, 1.0021929824561404, 1.0022522522522523], "adaptive_substitutions_per_codon": [0.0, 0.0, 0.0, 0.0, 0.0, 0.0, 0.0, 0.0, 0.0, 0.0, 0.0, 0.011616161616161616, 0.014424242424242423, 0.014950832831627535, 0.014877692588535963, 0.01488095238095238, 0.015060787515877335, 0.007575757575757576, 0.015151515151515152, 0.015151515151515152, 0.015151515151515152, 0.015151515151515152, 0.015073009891662742, 0.015080713678844521, 0.015081042988019733, 0.015184029132526986, 0.01518474215842637, 0.015185640185640187], "rate_of_adaptation": 0.0007655071946509138}