{"virus": "yam", "subtype": null, "gene": "ha", "loci_len": 66, "loci_offset": 9, "location": [551, 617], "window": 3, "min_seqs": 2, "midfreq_high": 0.75, "midfreq_low": 0.15, "window_midpoint": [1991.5, 1992.5, 1993.5, 1994.5, 1995.5, 1996.5, 1997.5, 1998.5, 1999.5, 2000.5, 2001.5, 2002.5, 2003.5, 2004.5, 2005.5, 2006.5, 2007.5, 2008.5, 2009.5, 2010.5, 2011.5, 2012.5, 2013.5, 2014.5, 2015.5, 2016.5, 2017.5, 2018.5], "adaptive_substitutions": [0.0, 0.0, 0.0, 0.0, 0.0, 0.8333333333333334, 0.9464285714285714, 1.8714285714285714, 1.7425742574257426, 1.5785714285714287, 0.0, 0.0, 1.8, 2.0, 1.5, 1.5, 1.5, 2.0, 2.0, 2.0, 2.0, 1.994535519125683, 1.994818652849741, 1.9953271028037385, 2.8232558139534882, 2.944206008583691, 2.9912280701754383, 3.0], "adaptive_substitutions_per_codon": [0.0, 0.0, 0.0, 0.0, 0.0, 0.012626262626262626, 0.01433982683982684, 0.028354978354978355, 0.026402640264026403, 0.02391774891774892, 0.0, 0.0, 0.027272727272727275, 0.030303030303030304, 0.022727272727272728, 0.022727272727272728, 0.022727272727272728, 0.030303030303030304, 0.030303030303030304, 0.030303030303030304, 0.030303030303030304, 0.030220235138267926, 0.030224525043177894, 0.030232228830359673, 0.042776603241719516, 0.04460918194823774, 0.04532163742690058, 0.045454545454545456], "rate_of_adaptation": 0.001594598905839774}