{"virus": "yam", "subtype": null, "gene": "ha", "loci_len": 66, "loci_offset": 9, "location": [542, 608], "window": 3, "min_seqs": 2, "midfreq_high": 0.75, "midfreq_low": 0.15, "window_midpoint": [1991.5, 1992.5, 1993.5, 1994.5, 1995.5, 1996.5, 1997.5, 1998.5, 1999.5, 2000.5, 2001.5, 2002.5, 2003.5, 2004.5, 2005.5, 2006.5, 2007.5, 2008.5, 2009.5, 2010.5, 2011.5, 2012.5, 2013.5, 2014.5, 2015.5, 2016.5, 2017.5, 2018.5], "adaptive_substitutions": [0.0, 0.0, 0.0, 0.0, 0.0, 0.8333333333333334, 0.9464285714285714, 1.8714285714285714, 1.7425742574257426, 1.5785714285714287, 0.0, 0.0, 1.8, 2.0, 1.5, 1.5, 1.5, 2.0, 2.839080459770115, 2.9244186046511627, 2.783625730994152, 1.994535519125683, 1.994818652849741, 2.7523364485981308, 3.7581395348837208, 3.9313304721030042, 3.4912280701754383, 4.0], "adaptive_substitutions_per_codon": [0.0, 0.0, 0.0, 0.0, 0.0, 0.013227513227513229, 0.015022675736961451, 0.029705215419501135, 0.02765990884802766, 0.02505668934240363, 0.0, 0.0, 0.02857142857142857, 0.031746031746031744, 0.023809523809523808, 0.023809523809523808, 0.023809523809523808, 0.031746031746031744, 0.045064769202700236, 0.04641934293097084, 0.04418453541260559, 0.031659293954375924, 0.03166378814047208, 0.043687880136478265, 0.05965300849021779, 0.06240207098576197, 0.05541631857421331, 0.06349206349206349], "rate_of_adaptation": 0.002209741497426319}