{"virus": "229e", "subtype": null, "gene": "spike", "loci_len": 402, "loci_offset": 9, "location": [972, 1374], "window": 3, "min_seqs": 2, "midfreq_high": 0.75, "midfreq_low": 0.15, "window_midpoint": [1992.5, 1993.5, 1994.5, 2004.5, 2005.5, 2006.5, 2007.5, 2008.5, 2009.5, 2010.5, 2011.5, 2012.5, 2014.5, 2015.5, 2016.5, 2017.5], "adaptive_substitutions": [0.0, 0.0, 0.0, 1.6857142857142857, 1.6857142857142857, 3.107142857142857, 4.454285714285715, 3.492857142857143, 3.534782608695653, 3.546857142857143, 4.685714285714286, 6.991428571428572, 7.185714285714286, 7.145714285714287, 7.145714285714287, 7.062637362637364], "adaptive_substitutions_per_codon": [0.0, 0.0, 0.0, 0.004193319118692253, 0.004193319118692253, 0.007729211087420043, 0.011080312722103768, 0.008688699360341152, 0.008792991563919534, 0.008823027718550107, 0.011656005685856433, 0.017391613361762617, 0.01787491115849325, 0.01777540867093106, 0.01777540867093106, 0.0175687496583019], "rate_of_adaptation": 0.0007881182496176172}