{"virus": "229e", "subtype": null, "gene": "spike", "loci_len": 402, "loci_offset": 9, "location": [9, 411], "window": 3, "min_seqs": 2, "midfreq_high": 0.75, "midfreq_low": 0.15, "window_midpoint": [1992.5, 1993.5, 1994.5, 2004.5, 2005.5, 2006.5, 2007.5, 2008.5, 2009.5, 2010.5, 2011.5, 2012.5, 2014.5, 2015.5, 2016.5, 2017.5], "adaptive_substitutions": [0.0, 0.0, 0.0, 1.0, 1.0, 1.0, 1.0, 1.0, 1.0, 1.0, 2.710714285714286, 2.0, 2.842857142857143, 2.8457142857142856, 2.8457142857142856, 2.821978021978022], "adaptive_substitutions_per_codon": [0.0, 0.0, 0.0, 0.0024875621890547263, 0.0024875621890547263, 0.0024875621890547263, 0.0024875621890547263, 0.0024875621890547263, 0.0024875621890547263, 0.0024875621890547263, 0.006743070362473348, 0.004975124378109453, 0.007071783937455579, 0.007078891257995735, 0.007078891257995735, 0.007019845825815976], "rate_of_adaptation": 0.000302542104440496}