{"virus": "229e", "subtype": null, "gene": "spike", "loci_len": 402, "loci_offset": 9, "location": [540, 942], "window": 3, "min_seqs": 2, "midfreq_high": 0.75, "midfreq_low": 0.15, "window_midpoint": [1992.5, 1993.5, 1994.5, 2004.5, 2005.5, 2006.5, 2007.5, 2008.5, 2009.5, 2010.5, 2011.5, 2012.5, 2014.5, 2015.5, 2016.5, 2017.5], "adaptive_substitutions": [0.0, 0.0, 0.0, 4.5285714285714285, 4.5285714285714285, 4.5285714285714285, 4.5285714285714285, 4.685714285714286, 4.685714285714286, 4.685714285714286, 5.239285714285714, 6.14, 7.371428571428572, 6.985714285714286, 6.985714285714286, 7.015384615384615], "adaptive_substitutions_per_codon": [0.0, 0.0, 0.0, 0.011265103056147831, 0.011265103056147831, 0.011265103056147831, 0.011265103056147831, 0.011656005685856433, 0.011656005685856433, 0.011656005685856433, 0.013033049040511726, 0.015273631840796019, 0.01833688699360341, 0.017377398720682304, 0.017377398720682304, 0.017451205510907], "rate_of_adaptation": 0.0007534092618386177}