{"virus": "229e", "subtype": null, "gene": "spike", "loci_len": 402, "loci_offset": 9, "location": [666, 1068], "window": 3, "min_seqs": 2, "midfreq_high": 0.75, "midfreq_low": 0.15, "window_midpoint": [1992.5, 1993.5, 1994.5, 2004.5, 2005.5, 2006.5, 2007.5, 2008.5, 2009.5, 2010.5, 2011.5, 2012.5, 2014.5, 2015.5, 2016.5, 2017.5], "adaptive_substitutions": [0.0, 0.0, 0.0, 5.5285714285714285, 5.5285714285714285, 5.5285714285714285, 6.297142857142857, 5.5285714285714285, 5.5285714285714285, 5.5285714285714285, 6.239285714285714, 9.445714285714285, 10.371428571428572, 10.754285714285714, 10.754285714285714, 10.74835164835165], "adaptive_substitutions_per_codon": [0.0, 0.0, 0.0, 0.013752665245202559, 0.013752665245202559, 0.013752665245202559, 0.01566453447050462, 0.013752665245202559, 0.013752665245202559, 0.013752665245202559, 0.015520611229566453, 0.023496801705756926, 0.02579957356076759, 0.026751954513148542, 0.026751954513148542, 0.026737193155103606], "rate_of_adaptation": 0.0011198176304671444}