{"virus": "229e", "subtype": null, "gene": "spike", "loci_len": 402, "loci_offset": 9, "location": [819, 1221], "window": 3, "min_seqs": 2, "midfreq_high": 0.75, "midfreq_low": 0.15, "window_midpoint": [1992.5, 1993.5, 1994.5, 2004.5, 2005.5, 2006.5, 2007.5, 2008.5, 2009.5, 2010.5, 2011.5, 2012.5, 2014.5, 2015.5, 2016.5, 2017.5], "adaptive_substitutions": [0.0, 0.0, 0.0, 5.8428571428571425, 5.8428571428571425, 6.553571428571428, 7.611428571428571, 6.7142857142857135, 6.74223602484472, 6.750285714285714, 8.553571428571429, 12.685714285714287, 13.342857142857143, 13.917142857142856, 13.917142857142856, 13.863736263736264], "adaptive_substitutions_per_codon": [0.0, 0.0, 0.0, 0.014534470504619758, 0.014534470504619758, 0.016302416488983652, 0.018933901918976544, 0.016702203269367447, 0.01677173140508637, 0.01679175550817342, 0.021277540867093107, 0.03155650319829425, 0.03319118692253021, 0.034619758351101634, 0.034619758351101634, 0.034486906128697176], "rate_of_adaptation": 0.001470465735739823}