{"virus": "229e", "subtype": null, "gene": "spike", "loci_len": 402, "loci_offset": 9, "location": [450, 852], "window": 3, "min_seqs": 2, "midfreq_high": 0.75, "midfreq_low": 0.15, "window_midpoint": [1992.5, 1993.5, 1994.5, 2004.5, 2005.5, 2006.5, 2007.5, 2008.5, 2009.5, 2010.5, 2011.5, 2012.5, 2014.5, 2015.5, 2016.5, 2017.5], "adaptive_substitutions": [0.0, 0.0, 0.0, 0.5285714285714286, 0.5285714285714286, 0.5285714285714286, 0.5285714285714286, 0.6857142857142857, 0.6857142857142857, 0.6857142857142857, 1.2392857142857143, 1.5285714285714285, 2.3714285714285714, 1.2942857142857145, 1.2942857142857145, 1.2824175824175825], "adaptive_substitutions_per_codon": [0.0, 0.0, 0.0, 0.0013148542999289268, 0.0013148542999289268, 0.0013148542999289268, 0.0013148542999289268, 0.0017057569296375266, 0.0017057569296375266, 0.0017057569296375266, 0.0030828002842928216, 0.003802416488983653, 0.00589907604832978, 0.0032196162046908322, 0.0032196162046908322, 0.0031900934886009515], "rate_of_adaptation": 0.00016744775800631173}