{"virus": "229e", "subtype": null, "gene": "spike", "loci_len": 402, "loci_offset": 9, "location": [1071, 1473], "window": 3, "min_seqs": 2, "midfreq_high": 0.75, "midfreq_low": 0.15, "window_midpoint": [1992.5, 1993.5, 1994.5, 2004.5, 2005.5, 2006.5, 2007.5, 2008.5, 2009.5, 2010.5, 2011.5, 2012.5, 2014.5, 2015.5, 2016.5, 2017.5], "adaptive_substitutions": [0.0, 0.0, 0.0, 0.8428571428571429, 0.8428571428571429, 2.2642857142857142, 2.842857142857143, 2.807142857142857, 2.849068322981367, 2.861142857142857, 2.842857142857143, 3.6114285714285717, 3.342857142857143, 3.6914285714285713, 3.6914285714285713, 3.6439560439560443], "adaptive_substitutions_per_codon": [0.0, 0.0, 0.0, 0.0020966595593461266, 0.0020966595593461266, 0.005632551528073916, 0.007071783937455579, 0.0069829424307036245, 0.0070872346342820075, 0.00711727078891258, 0.007071783937455579, 0.00898365316275764, 0.008315565031982943, 0.009182658137882018, 0.009182658137882018, 0.009064567273522499], "rate_of_adaptation": 0.00041864310970072654}