{"virus": "229e", "subtype": null, "gene": "spike", "loci_len": 402, "loci_offset": 9, "location": [693, 1095], "window": 3, "min_seqs": 2, "midfreq_high": 0.75, "midfreq_low": 0.15, "window_midpoint": [1992.5, 1993.5, 1994.5, 2004.5, 2005.5, 2006.5, 2007.5, 2008.5, 2009.5, 2010.5, 2011.5, 2012.5, 2014.5, 2015.5, 2016.5, 2017.5], "adaptive_substitutions": [0.0, 0.0, 0.0, 4.685714285714286, 4.685714285714286, 4.685714285714286, 5.454285714285715, 4.685714285714286, 4.685714285714286, 4.685714285714286, 6.396428571428571, 10.371428571428572, 11.528571428571428, 11.75714285714286, 11.75714285714286, 11.727472527472528], "adaptive_substitutions_per_codon": [0.0, 0.0, 0.0, 0.011656005685856433, 0.011656005685856433, 0.011656005685856433, 0.013567874911158495, 0.011656005685856433, 0.011656005685856433, 0.011656005685856433, 0.015911513859275053, 0.02579957356076759, 0.028678038379530917, 0.02924662402274343, 0.02924662402274343, 0.029172817232518727], "rate_of_adaptation": 0.0012248584286513942}