{"virus": "229e", "subtype": null, "gene": "spike", "loci_len": 402, "loci_offset": 9, "location": [837, 1239], "window": 3, "min_seqs": 2, "midfreq_high": 0.75, "midfreq_low": 0.15, "window_midpoint": [1992.5, 1993.5, 1994.5, 2004.5, 2005.5, 2006.5, 2007.5, 2008.5, 2009.5, 2010.5, 2011.5, 2012.5, 2014.5, 2015.5, 2016.5, 2017.5], "adaptive_substitutions": [0.0, 0.0, 0.0, 5.8428571428571425, 5.8428571428571425, 7.264285714285714, 8.61142857142857, 7.6499999999999995, 7.6919254658385094, 7.704, 9.553571428571429, 13.685714285714287, 14.342857142857143, 14.84, 14.84, 14.774725274725277], "adaptive_substitutions_per_codon": [0.0, 0.0, 0.0, 0.014534470504619758, 0.014534470504619758, 0.018070362473347548, 0.02142146410803127, 0.019029850746268655, 0.019134142949847038, 0.01916417910447761, 0.023765103056147832, 0.03404406538734897, 0.03567874911158493, 0.03691542288557214, 0.03691542288557214, 0.0367530479470778], "rate_of_adaptation": 0.0015882994041601386}