{"virus": "229e", "subtype": null, "gene": "spike", "loci_len": 402, "loci_offset": 9, "location": [603, 1005], "window": 3, "min_seqs": 2, "midfreq_high": 0.75, "midfreq_low": 0.15, "window_midpoint": [1992.5, 1993.5, 1994.5, 2004.5, 2005.5, 2006.5, 2007.5, 2008.5, 2009.5, 2010.5, 2011.5, 2012.5, 2014.5, 2015.5, 2016.5, 2017.5], "adaptive_substitutions": [0.0, 0.0, 0.0, 4.685714285714286, 4.685714285714286, 4.685714285714286, 5.454285714285715, 4.685714285714286, 4.685714285714286, 4.685714285714286, 5.396428571428571, 7.8342857142857145, 9.528571428571428, 8.98857142857143, 8.98857142857143, 8.994505494505496], "adaptive_substitutions_per_codon": [0.0, 0.0, 0.0, 0.011656005685856433, 0.011656005685856433, 0.011656005685856433, 0.013567874911158495, 0.011656005685856433, 0.011656005685856433, 0.011656005685856433, 0.013423951670220327, 0.019488272921108742, 0.023702914001421462, 0.022359630419331915, 0.022359630419331915, 0.022374391777376858], "rate_of_adaptation": 0.000952805835045943}