{"virus": "229e", "subtype": null, "gene": "spike", "loci_len": 402, "loci_offset": 9, "location": [792, 1194], "window": 3, "min_seqs": 2, "midfreq_high": 0.75, "midfreq_low": 0.15, "window_midpoint": [1992.5, 1993.5, 1994.5, 2004.5, 2005.5, 2006.5, 2007.5, 2008.5, 2009.5, 2010.5, 2011.5, 2012.5, 2014.5, 2015.5, 2016.5, 2017.5], "adaptive_substitutions": [0.0, 0.0, 0.0, 4.8428571428571425, 4.8428571428571425, 4.8428571428571425, 5.611428571428571, 4.8428571428571425, 4.8428571428571425, 4.8428571428571425, 6.553571428571428, 10.528571428571428, 11.685714285714285, 11.914285714285715, 11.914285714285715, 11.884615384615387], "adaptive_substitutions_per_codon": [0.0, 0.0, 0.0, 0.012046908315565031, 0.012046908315565031, 0.012046908315565031, 0.013958777540867093, 0.012046908315565031, 0.012046908315565031, 0.012046908315565031, 0.016302416488983652, 0.02619047619047619, 0.029068941009239516, 0.029637526652452027, 0.029637526652452027, 0.02956371986222733], "rate_of_adaptation": 0.0012421640805864178}