{"virus": "229e", "subtype": null, "gene": "spike", "loci_len": 402, "loci_offset": 9, "location": [810, 1212], "window": 3, "min_seqs": 2, "midfreq_high": 0.75, "midfreq_low": 0.15, "window_midpoint": [1992.5, 1993.5, 1994.5, 2004.5, 2005.5, 2006.5, 2007.5, 2008.5, 2009.5, 2010.5, 2011.5, 2012.5, 2014.5, 2015.5, 2016.5, 2017.5], "adaptive_substitutions": [0.0, 0.0, 0.0, 4.8428571428571425, 4.8428571428571425, 4.8428571428571425, 5.611428571428571, 4.8428571428571425, 4.8428571428571425, 4.8428571428571425, 6.553571428571428, 10.685714285714285, 11.842857142857143, 12.071428571428573, 12.071428571428573, 12.041758241758243], "adaptive_substitutions_per_codon": [0.0, 0.0, 0.0, 0.012046908315565031, 0.012046908315565031, 0.012046908315565031, 0.013958777540867093, 0.012046908315565031, 0.012046908315565031, 0.012046908315565031, 0.016302416488983652, 0.026581378820184787, 0.02945984363894812, 0.03002842928216063, 0.03002842928216063, 0.02995462249193593], "rate_of_adaptation": 0.001258034004360906}