{"virus": "dengue", "subtype": "denv2_AI", "gene": "E3", "window": 3, "min_seqs": 2, "midfreq_high": 0.75, "midfreq_low": 0.15, "window_midpoint": [1965.5, 1973.5, 1974.5, 1975.5, 1984.5, 1985.5, 1993.5, 1994.5, 1995.5, 1996.5, 1997.5, 1998.5, 1999.5, 2000.5, 2001.5, 2002.5, 2003.5, 2004.5, 2005.5, 2006.5, 2007.5, 2008.5, 2009.5, 2010.5, 2011.5, 2012.5, 2013.5, 2014.5, 2015.5], "adaptive_substitutions": [0.0, 0.8135593220338984, 0.8135593220338984, 0.8135593220338984, 0.7514124293785311, 0.7514124293785311, 0.6892655367231639, 0.7514124293785311, 0.7514124293785311, 0.6892655367231639, 0.6892655367231639, 0.5649717514124294, 0.5649717514124294, 0.7514124293785311, 0.7514124293785311, 0.7514124293785311, 0.6892655367231639, 0.6892655367231639, 0.8135593220338984, 0.8135593220338984, 0.8135593220338984, 0.8135593220338984, 0.8135593220338984, 0.7514124293785311, 0.7514124293785311, 0.6271186440677966, 0.6271186440677966, 0.6271186440677966, 0.6892655367231639], "adaptive_substitutions_per_codon": [0.0, 0.002767208578346593, 0.002767208578346593, 0.002767208578346593, 0.002555824589722895, 0.002555824589722895, 0.002344440601099197, 0.002555824589722895, 0.002555824589722895, 0.002344440601099197, 0.002344440601099197, 0.0019216726238518007, 0.0019216726238518007, 0.002555824589722895, 0.002555824589722895, 0.002555824589722895, 0.002344440601099197, 0.002344440601099197, 0.002767208578346593, 0.002767208578346593, 0.002767208578346593, 0.002767208578346593, 0.002767208578346593, 0.002555824589722895, 0.002555824589722895, 0.0021330566124754986, 0.0021330566124754986, 0.0021330566124754986, 0.002344440601099197], "rate_of_adaptation": 1.1092428432022211e-05}