{"virus": "dengue", "subtype": "denv3_II", "gene": "NS5", "window": 3, "min_seqs": 2, "midfreq_high": 0.75, "midfreq_low": 0.15, "window_midpoint": [1974.5, 1986.5, 1987.5, 1988.5, 1992.5, 1993.5, 1994.5, 1995.5, 1997.5, 1998.5, 1999.5, 2000.5, 2001.5, 2002.5, 2003.5, 2004.5, 2005.5, 2006.5, 2007.5, 2008.5, 2009.5, 2010.5, 2011.5, 2012.5], "adaptive_substitutions": [0.0, 6.656270305393113, 6.656270305393113, 6.656270305393113, 6.387264457439896, 6.491877842755036, 6.491877842755036, 6.476933073424302, 7.3425065932805875, 7.375712944913725, 7.381351526965562, 5.544184535412605, 5.385825176242079, 5.393762183235868, 5.678687459389214, 8.755880441845354, 8.299585769980506, 8.3154442820013, 8.313541260558804, 8.272943469785575, 5.678687459389214, 5.648797920727746, 5.641325536062379, 10.14321297069835], "adaptive_substitutions_per_codon": [0.0, 0.0024652852982937454, 0.0024652852982937454, 0.0024652852982937454, 0.002365653502755517, 0.0024043992010203837, 0.0024043992010203837, 0.00239886410126826, 0.0027194468864002175, 0.0027317455351532315, 0.0027338338988761343, 0.0020534016797824463, 0.001994750065274844, 0.001997689697494766, 0.0021032175775515605, 0.003242918682164946, 0.0030739206555483356, 0.0030797941785189998, 0.00307908935576252, 0.0030640531369576208, 0.0021032175775515605, 0.002092147378047313, 0.0020893798281712513, 0.0037567455447030927], "rate_of_adaptation": 4.2350887050777564e-05}