{"virus": "dengue", "subtype": "denv1_III", "gene": "E3", "window": 3, "min_seqs": 2, "midfreq_high": 0.75, "midfreq_low": 0.15, "window_midpoint": [1981.5, 2004.5, 2005.5, 2006.5, 2008.5, 2009.5, 2010.5, 2011.5, 2012.5, 2013.5, 2014.5], "adaptive_substitutions": [0.0, 0.0, 0.0, 0.0, 0.0, 0.0, 0.0, 0.75, 0.8666666666666667, 0.890625, 0.9516129032258065], "adaptive_substitutions_per_codon": [0.0, 0.0, 0.0, 0.0, 0.0, 0.0, 0.0, 0.002551020408163265, 0.0029478458049886623, 0.0030293367346938774, 0.0032367785824007024], "rate_of_adaptation": 8.455173564726755e-05}