{"virus": "dengue", "subtype": "denv1_I", "gene": "E3", "window": 3, "min_seqs": 2, "midfreq_high": 0.75, "midfreq_low": 0.15, "window_midpoint": [1982.5, 1986.5, 1987.5, 1989.5, 1990.5, 1991.5, 1992.5, 1993.5, 1994.5, 1995.5, 1996.5, 1997.5, 1998.5, 1999.5, 2000.5, 2001.5, 2002.5, 2003.5, 2004.5, 2005.5, 2006.5, 2007.5, 2008.5, 2009.5, 2010.5, 2011.5, 2012.5, 2013.5, 2014.5, 2015.5, 2016.5, 2017.5], "adaptive_substitutions": [0.0, 0.0, 0.0, 0.0, 0.0, 0.0, 0.0, 0.0, 0.0, 0.0, 0.0, 2.25, 2.4000000000000004, 2.5, 2.6666666666666665, 2.6, 2.7894736842105265, 2.925, 2.5, 2.5, 2.5, 2.5, 2.5, 2.9693877551020407, 2.909090909090909, 2.8895622895622894, 2.937925170068027, 3.0, 3.0, 3.0, 3.0, 3.0], "adaptive_substitutions_per_codon": [0.0, 0.0, 0.0, 0.0, 0.0, 0.0, 0.0, 0.0, 0.0, 0.0, 0.0, 0.007653061224489796, 0.00816326530612245, 0.008503401360544218, 0.009070294784580499, 0.008843537414965987, 0.009488005728607233, 0.009948979591836734, 0.008503401360544218, 0.008503401360544218, 0.008503401360544218, 0.008503401360544218, 0.008503401360544218, 0.010099958350687213, 0.009894867037724181, 0.009828443161776494, 0.009992942755333425, 0.01020408163265306, 0.01020408163265306, 0.01020408163265306, 0.01020408163265306, 0.01020408163265306], "rate_of_adaptation": 0.0004076046987683998}