{"virus": "dengue", "subtype": "denv1_I", "gene": "NS5", "window": 3, "min_seqs": 2, "midfreq_high": 0.75, "midfreq_low": 0.15, "window_midpoint": [1982.5, 1986.5, 1987.5, 1989.5, 1990.5, 1991.5, 1992.5, 1993.5, 1994.5, 1995.5, 1996.5, 1997.5, 1998.5, 1999.5, 2000.5, 2001.5, 2002.5, 2003.5, 2004.5, 2005.5, 2006.5, 2007.5, 2008.5, 2009.5, 2010.5, 2011.5, 2012.5, 2013.5, 2014.5, 2015.5, 2016.5, 2017.5], "adaptive_substitutions": [0.0, 1.6528660027024433, 1.6528660027024433, 1.566082503378054, 2.9359072543914704, 1.3388178914411966, 2.566082503378054, 0.799584194707182, 0.7706563615990523, 0.7706563615990523, 0.7975051682430919, 2.9988712180733894, 3.3846330579046473, 4.942055065089175, 5.738867224510905, 5.511494712227021, 4.3605913445687525, 4.52660597662501, 4.698191460619528, 6.496127860084298, 6.623600642723005, 7.365385675566209, 6.712698832810684, 6.7578221338202, 6.90087417879636, 6.806855598241958, 6.164257860085447, 6.613346146598933, 7.242017852593365, 6.4895520449339275, 6.973061924661395, 6.7705670929044866], "adaptive_substitutions_per_codon": [0.0, 0.0006128535419734681, 0.0006128535419734681, 0.0005806757520867832, 0.0010885825933969115, 0.0004964100450282524, 0.0009514581028468869, 0.0002964717073441535, 0.0002857457773819252, 0.0002857457773819252, 0.0002957008410245057, 0.0011119285198640673, 0.0012549622016702437, 0.001832426794619642, 0.0021278706802042658, 0.002043564965601417, 0.001616830309443364, 0.0016783856049777568, 0.0017420064740895542, 0.002408649558800259, 0.0024559142168049703, 0.0027309550150412345, 0.0024889502531741507, 0.0025056811767965145, 0.002558722350313815, 0.002523861920000726, 0.0022855980200539292, 0.0024521120306262266, 0.002685212403631207, 0.0024062113626006406, 0.002585488292421726, 0.002510406782686128], "rate_of_adaptation": 8.493862206093082e-05}