{"virus": "h3n2", "subtype": null, "gene": "ha1", "window": 3, "min_seqs": 2, "midfreq_high": 0.75, "midfreq_low": 0.15, "window_midpoint": [1969.5, 1970.5, 1971.5, 1972.5, 1973.5, 1974.5, 1975.5, 1976.5, 1977.5, 1978.5, 1979.5, 1980.5, 1981.5, 1982.5, 1983.5, 1984.5, 1985.5, 1986.5, 1987.5, 1988.5, 1989.5, 1990.5, 1991.5, 1992.5, 1993.5, 1994.5, 1995.5, 1996.5, 1997.5, 1998.5, 1999.5, 2000.5, 2001.5, 2002.5, 2003.5, 2004.5, 2005.5, 2006.5, 2007.5, 2008.5, 2009.5, 2010.5, 2011.5, 2012.5, 2013.5, 2014.5, 2015.5, 2016.5, 2017.5, 2018.5, 2019.5, 2020.5], "adaptive_substitutions": [0.0, 0.0, 0.0, 1.6666666666666667, 8.5, 8.882352941176471, 11.588235294117649, 12.683333333333334, 15.66666666666667, 15.833333333333337, 27.9375, 30.166666666666668, 30.25, 30.166666666666668, 31.125, 33.463235294117645, 35.0, 37.0625, 37.75, 39.55555555555556, 40.526315789473685, 43.617777777777775, 43.47886347886348, 41.5, 43.42307692307692, 43.371134020618555, 42.50438596491228, 43.07393483709273, 44.0146174625305, 49.43969804842334, 50.977203477169866, 55.1337099811676, 55.91287878787878, 52.387005649717516, 56.673371647509576, 58.87984496124031, 59.35468792036588, 59.043283635326006, 61.73378896563658, 64.15218195022116, 63.97809613067682, 63.56363279266505, 63.200737506541074, 66.11289240688741, 66.91722820137274, 65.49024090264967, 63.10468227133797, 64.47621978463332, 62.47532729103726, 61.92139303482587, 64.43508771929825, 67.70456685499059], "adaptive_substitutions_per_codon": [0.0, 0.0, 0.0, 0.0016886187098953058, 0.008611955420466059, 0.008999344418618513, 0.011740866559389714, 0.012850388382303277, 0.015873015873015876, 0.01604187774400541, 0.02830547112462006, 0.030563998649105032, 0.030648429584599797, 0.030563998649105032, 0.031534954407294834, 0.033903987126765595, 0.03546099290780142, 0.03755065856129686, 0.03824721377912867, 0.040076550714848586, 0.041060097051138486, 0.04419227738376674, 0.04405153341323554, 0.04204660587639311, 0.04399501208011846, 0.04394238502595598, 0.043064220835777385, 0.043641271364835595, 0.044594343933668186, 0.050090879481685245, 0.05164863574181344, 0.0558598885320847, 0.05664931994719228, 0.053077006737302444, 0.05741982943010089, 0.059655364702371136, 0.06013646192539603, 0.05982095606416009, 0.06254689864806137, 0.06499714483305083, 0.0648207660898448, 0.0644008437615654, 0.06403316869963635, 0.06698368025013922, 0.06779861013310308, 0.06635282766225904, 0.06393584829922794, 0.06532545064299221, 0.063298203942287, 0.0627369736928327, 0.06528377681793136, 0.0685963190020168], "rate_of_adaptation": 0.0013320324459016643}