{"virus": "h3n2", "subtype": null, "gene": "ha2", "window": 3, "min_seqs": 2, "midfreq_high": 0.75, "midfreq_low": 0.15, "window_midpoint": [1969.5, 1970.5, 1971.5, 1972.5, 1973.5, 1974.5, 1975.5, 1976.5, 1977.5, 1978.5, 1979.5, 1980.5, 1981.5, 1982.5, 1983.5, 1984.5, 1985.5, 1986.5, 1987.5, 1988.5, 1989.5, 1990.5, 1991.5, 1992.5, 1993.5, 1994.5, 1995.5, 1996.5, 1997.5, 1998.5, 1999.5, 2000.5, 2001.5, 2002.5, 2003.5, 2004.5, 2005.5, 2006.5, 2007.5, 2008.5, 2009.5, 2010.5, 2011.5, 2012.5, 2013.5, 2014.5, 2015.5, 2016.5, 2017.5, 2018.5, 2019.5, 2020.5], "adaptive_substitutions": [0.0, 0.0, 0.0, 1.6, 1.8666666666666667, 2.8, 3.0, 2.857142857142857, 2.8461538461538463, 2.7777777777777777, 3.7777777777777777, 4.0, 4.0, 4.0, 4.0, 5.818181818181818, 6.0, 6.0, 6.0, 5.909090909090909, 5.933333333333334, 5.95, 6.0, 6.0, 6.0, 6.890776255707762, 6.475304878048781, 6.477525252525252, 7.426315789473684, 7.799242424242424, 8.604313173933427, 7.953990024673802, 8.780670658276371, 8.87937937937938, 8.370606575963718, 11.601589610124513, 11.56227873669734, 10.779635281825342, 10.911557289912501, 10.953716966917415, 10.872934279650696, 10.909387086308776, 10.86302003081664, 10.799285196312027, 10.712093166175023, 9.75921733003845, 11.151440763482999, 11.445005438878834, 11.580244648318043, 11.473341605078133, 11.894724487274525, 12.910295708618825], "adaptive_substitutions_per_codon": [0.0, 0.0, 0.0, 0.0024132730015082957, 0.002815485168426345, 0.004223227752639517, 0.004524886877828055, 0.004309416074121957, 0.004292841396913796, 0.004189710072063013, 0.005698005698005698, 0.006033182503770739, 0.006033182503770739, 0.006033182503770739, 0.006033182503770739, 0.008775538187302893, 0.00904977375565611, 0.00904977375565611, 0.00904977375565611, 0.008912655971479501, 0.008949220713926597, 0.008974358974358975, 0.00904977375565611, 0.00904977375565611, 0.00904977375565611, 0.01039332768583373, 0.009766674024206307, 0.009770023005317123, 0.011201079622132255, 0.011763563234151468, 0.012977847924484807, 0.011996968363007243, 0.013243847146721525, 0.01339272907900359, 0.01262534928501315, 0.017498626862932902, 0.01743933444449071, 0.016258876744834606, 0.01645785413259804, 0.01652144338901571, 0.016399599215159422, 0.016454580823995136, 0.01638464559700851, 0.016288514624905017, 0.016157003267232312, 0.01471978481152104, 0.016819669326520358, 0.01726245164235118, 0.01746643235040429, 0.01730519095788557, 0.01794076091594951, 0.019472542546936387], "rate_of_adaptation": 0.00034993028959257554}