{"virus": "mumps", "subtype": null, "gene": "L", "window": 3, "min_seqs": 2, "midfreq_high": 0.75, "midfreq_low": 0.15, "window_midpoint": [2007.5, 2008.5, 2009.5, 2010.5, 2011.5, 2012.5, 2013.5, 2014.5, 2015.5, 2016.5], "adaptive_substitutions": [0.0, 0.0, 0.5679414314613236, 0.0, 0.0, 0.0, 0.49378351475451954, 0.0, 0, 0], "adaptive_substitutions_per_codon": [0.0, 0.0, 8.369310808448624e-05, 0.0, 0.0, 0.0, 7.276503312032412e-05, 0.0, 0.0, 0.0], "rate_of_adaptation": -1.2131541882512657e-06, "bootstrap_adaptive_substitutions": [[0.0, 0.0, 0.504085566817984, 0.0, 0.0, 0.0, 0.5060599465207389, 0.0, 0, 0], [0.0, 0.0, 0.772, 0.0, 0.0, 0.0, 1.4889444444444446, 0.0, 0, 0], [0.0, 0.0, 0.6285486655158679, 0.0, 0.0, 0.0, 0.6760689151507105, 0.0, 0, 0], [0.0, 0.0, 1.6, 0.0, 0.0, 0.0, 1.5833333333333333, 0.0, 0.0, 0.0], [0.0, 0.0, 1.6, 0.0, 0.0, 0.0, 1.5833333333333333, 0.0, 0.0, 0.0], [0.0, 0.0, 1.4523263654753877, 0.0, 0.0, 0.0, 0.5900523392094531, 0.0, 0, 0], [0.0, 0.0, 1.6, 0.0, 0.0, 0.0, 2.3833333333333333, 0.0, 0.0, 0.0], [0.0, 0.0, 0.44241503317631564, 0.0, 0.0, 0.0, 0.22498775937463078, 0.0, 0, 0], [0.0, 0.0, 2.3960000000000004, 0.0, 0.0, 0.0, 3.1161666666666665, 0.0, 0, 0], [0.0, 0.0, 2.3419354838709676, 0.0, 0.0, 0.0, 0.49462365591397806, 0.0, 0, 0], [0.0, 0.0, 1.5013618556059947, 0.0, 0.0, 0.0, 1.7057832224364153, 0.0, 0, 0], [0.0, 0.0, 1.9285012470712724, 0.0, 0.0, 0.0, 1.3962191066434888, 0.0, 0, 0], [0.0, 0.0, 0.7859088365151421, 0.0, 0.0, 0.0, 0.8583390336421863, 0.0, 0, 0], [0.0, 0.0, 0.3032258064516129, 0.0, 0.0, 0.0, 0.4478494623655911, 0.0, 0, 0], [0.0, 0.0, 0.6734225989789038, 0.0, 0.0, 0.0, 0, 0.0, 0, 0], [0.0, 0.0, 0.8, 0.0, 0.0, 0.0, 1.5916666666666668, 0.0, 0.0, 0.0], [0.0, 0.0, 0, 0.0, 0.0, 0.0, 0, 0.0, 0, 0], [0.0, 0.0, 0, 0.0, 0.0, 0.0, 0, 0.0, 0, 0], [0.0, 0.0, 0, 0.0, 0.0, 0.0, 0, 0.0, 0, 0], [0.0, 0.0, 0.0, 0.0, 0.0, 0.0, 0.0, 0.0, 0.0, 0.0], [0.0, 0.0, 0, 0.0, 0.0, 0.0, 0.7186666666666667, 0.0, 0, 0], [0.0, 0.0, 0.6285486655158679, 0.0, 0.0, 0.0, 0, 0.0, 0, 0], [0.0, 0.0, 0, 0.0, 0.0, 0.0, 0, 0.0, 0, 0], [0.0, 0.0, 0, 0.0, 0.0, 0.0, 0, 0.0, 0, 0], [0.0, 0.0, 2.2645161290322586, 0.0, 0.0, 0.0, 0, 0.0, 0, 0], [0.0, 0.0, 0.0, 0.0, 0.0, 0.0, 0, 0.0, 0, 0], [0.0, 0.0, 0, 0.0, 0.0, 0.0, 0.8784978712565046, 0.0, 0, 0], [0.0, 0.0, 0.6064516129032258, 0.0, 0.0, 0.0, 0, 0.0, 0, 0], [0.0, 0.0, 2.382666666666667, 0.0, 0.0, 0.0, 2.3108333333333335, 0.0, 0, 0], [0.0, 0.0, 0.7154530190908526, 0.0, 0.0, 0.0, 0, 0.0, 0, 0], [0.0, 0.0, 0.5745413842422735, 0.0, 0.0, 0.0, 0.8583390336421864, 0.0, 0, 0], [0.0, 0.0, 0.6285486655158679, 0.0, 0.0, 0.0, 0, 0.0, 0, 0], [0.0, 0.0, 0, 0.0, 0.0, 0.0, 0.2222622971208259, 0.0, 0, 0], [0.0, 0.0, 1.2570973310317357, 0.0, 0.0, 0.0, 0.09504049926968516, 0.0, 0, 0], [0.0, 0.0, 0.7853333333333333, 0.0, 0.0, 0.0, 3.1396111111111114, 0.0, 0, 0], [0.0, 0.0, 0.7548387096774194, 0.0, 0.0, 0.0, 0, 0.0, 0, 0], [0.0, 0.0, 0, 0.0, 0.0, 0.0, 0, 0.0, 0, 0], [0.0, 0.0, 0.0, 0.0, 0.0, 0.0, 0.0, 0.0, 0.0, 0], [0.0, 0.0, 0, 0.0, 0.0, 0.0, 1.5106666666666668, 0.0, 0, 0], [0.0, 0.0, 0.38064516129032255, 0.0, 0.0, 0.0, 0, 0.0, 0, 0], [0.0, 0.0, 1.6, 0.0, 0.0, 0.0, 1.5833333333333333, 0.0, 0.0, 0.0], [0.0, 0.0, 0, 0.0, 0.0, 0.0, 0, 0.0, 0, 0], [0.0, 0.0, 0, 0.0, 0.0, 0.0, 0.2222622971208258, 0.0, 0, 0], [0.0, 0.0, 0, 0.0, 0.0, 0.0, 0, 0.0, 0, 0], [0.0, 0.0, 0, 0.0, 0.0, 0.0, 0, 0.0, 0, 0], [0.0, 0.0, 1.4523263654753877, 0.0, 0.0, 0.0, 1.6204540346145202, 0.0, 0, 0], [0.0, 0.0, 0.5904028824107436, 0.0, 0.0, 0.0, 0, 0.0, 0, 0], [0.0, 0.0, 0.0, 0.0, 0.0, 0.0, 0.0, 0.0, 0.0, 0], [0.0, 0.0, 0.7853333333333333, 0.0, 0.0, 0.0, 0.7169444444444444, 0.0, 0, 0], [0.0, 0.0, 0.6147683470637141, 0.0, 0.0, 0.0, 2.2816460081122614, 0.0, 0, 0], [0.0, 0.0, 0, 0.0, 0.0, 0.0, 0.772, 0.0, 0, 0], [0.0, 0.0, 0.3032258064516129, 0.0, 0.0, 0.0, 0, 0.0, 0, 0], [0.0, 0.0, 0.0, 0.0, 0.0, 0.0, 1.6, 0.0, 0.0, 0.0], [0.0, 0.0, 0.5679414314613236, 0.0, 0.0, 0.0, 0, 0.0, 0, 0], [0.0, 0.0, 0.778903766496484, 0.0, 0.0, 0.0, 0, 0.0, 0, 0], [0.0, 0.0, 0, 0.0, 0.0, 0.0, 0, 0.0, 0, 0], [0.0, 0.0, 0, 0.0, 0.0, 0.0, 0, 0.0, 0, 0], [0.0, 0.0, 0.832258064516129, 0.0, 0.0, 0.0, 0, 0.0, 0, 0], [0.0, 0.0, 0.7786666666666667, 0.0, 0.0, 0.0, 2.3209444444444443, 0.0, 0, 0], [0.0, 0.0, 0.0, 0.0, 0.0, 0.0, 0, 0.0, 0, 0], [0.0, 0.0, 0.7548387096774194, 0.0, 0.0, 0.0, 0, 0.0, 0, 0], [0.0, 0.0, 0, 0.0, 0.0, 0.0, 0, 0.0, 0, 0], [0.0, 0.0, 1.2413640304402274, 0.0, 0.0, 0.0, 1.3689561057059372, 0.0, 0, 0], [0.0, 0.0, 0, 0.0, 0.0, 0.0, 1.0283893241269426, 0.0, 0, 0], [0.0, 0.0, 2.1257489644542917, 0.0, 0.0, 0.0, 1.7167228590694537, 0.0, 0, 0], [0.0, 0.0, 1.2838709677419355, 0.0, 0.0, 0.0, 0, 0.0, 0, 0], [0.0, 0.0, 0, 0.0, 0.0, 0.0, 0, 0.0, 0, 0], [0.0, 0.0, 1.6, 0.0, 0.0, 0.0, 1.5833333333333333, 0.0, 0.0, 0.0], [0.0, 0.0, 0, 0.0, 0.0, 0.0, 0, 0.0, 0, 0], [0.0, 0.0, 1.0580645161290323, 0.0, 0.0, 0.0, 0.9666666666666663, 0.0, 0, 0], [0.0, 0.0, 0, 0.0, 0.0, 0.0, 0, 0.0, 0, 0], [0.0, 0.0, 1.3468451979578075, 0.0, 0.0, 0.0, 0.6955335067270331, 0.0, 0, 0], [0.0, 0.0, 0.778903766496484, 0.0, 0.0, 0.0, 1.9461098802299073, 0.0, 0, 0], [0.0, 0.0, 2.3760000000000003, 0.0, 0.0, 0.0, 2.2775, 0.0, 0, 0], [0.0, 0.0, 0.832258064516129, 0.0, 0.0, 0.0, 0, 0.0, 0, 0], [0.0, 0.0, 1.6, 0.0, 0.0, 0.0, 2.3833333333333333, 0.0, 0.0, 0.0], [0.0, 0.0, 0.7786666666666667, 0.0, 0.0, 0.0, 2.314277777777778, 0.0, 0, 0], [0.0, 0.0, 1.5773333333333335, 0.0, 0.0, 0.0, 2.2992222222222223, 0.0, 0, 0], [0.0, 0.0, 0.5290322580645161, 0.0, 0.0, 0.0, 0, 0.0, 0, 0], [0.0, 0.0, 0, 0.0, 0.0, 0.0, 0, 0.0, 0, 0], [0.0, 0.0, 1.1453404882472982, 0.0, 0.0, 0.0, 0.5378971103217192, 0.0, 0, 0], [0.0, 0.0, 1.5773333333333335, 0.0, 0.0, 0.0, 2.3125555555555555, 0.0, 0, 0], [0.0, 0.0, 1.5096774193548388, 0.0, 0.0, 0.0, 0.7408602150537633, 0.0, 0, 0], [0.0, 0.0, 1.0580645161290323, 0.0, 0.0, 0.0, 0, 0.0, 0, 0], [0.0, 0.0, 0.7548387096774194, 0.0, 0.0, 0.0, 0.0, 0.0, 0.0, 0], [0.0, 0.0, 0.4624602639437434, 0.0, 0.0, 0.0, 0, 0.0, 0, 0], [0.0, 0.0, 1.3468451979578075, 0.0, 0.0, 0.0, 1.2634749381883568, 0.0, 0, 0], [0.0, 0.0, 0.4624602639437434, 0.0, 0.0, 0.0, 0.38830234723693935, 0.0, 0, 0], [0.0, 0.0, 0.0, 0.0, 0.0, 0.0, 0.0, 0.0, 0.0, 0.0], [0.0, 0.0, 0.3032258064516129, 0.0, 0.0, 0.0, 0, 0.0, 0, 0], [0.0, 0.0, 1.6, 0.0, 0.0, 0.0, 1.5833333333333333, 0.0, 0.0, 0.0], [0.0, 0.0, 0.7548387096774194, 0.0, 0.0, 0.0, 0, 0.0, 0, 0], [0.0, 0.0, 0.6734225989789038, 0.0, 0.0, 0.0, 0.8507626111806827, 0.0, 0, 0], [0.0, 0.0, 0.3032258064516129, 0.0, 0.0, 0.0, 0, 0.0, 0, 0], [0.0, 0.0, 0.8, 0.0, 0.0, 0.0, 2.3916666666666666, 0.0, 0.0, 0.0], [0.0, 0.0, 0, 0.0, 0.0, 0.0, 0, 0.0, 0, 0], [0.0, 0.0, 0, 0.0, 0.0, 0.0, 1.5506666666666669, 0.0, 0, 0], [0.0, 0.0, 0.19992032930553716, 0.0, 0.0, 0.0, 0, 0.0, 0, 0], [0.0, 0.0, 0, 0.0, 0.0, 0.0, 0, 0.0, 0, 0], [0.0, 0.0, 0.3427964413756474, 0.0, 0.0, 0.0, 0.0, 0.0, 0.0, 0]],