{"virus": "rsv", "subtype": "A", "gene": "L", "window": 3, "min_seqs": 2, "midfreq_high": 0.75, "midfreq_low": 0.15, "window_midpoint": [1978.5, 1979.5, 1980.5, 1981.5, 1982.5, 1983.5, 1984.5, 1985.5, 1986.5, 1987.5, 1988.5, 1989.5, 1990.5, 1991.5, 1992.5, 1993.5, 1994.5, 1995.5, 1996.5, 1997.5, 1998.5, 1999.5, 2000.5, 2001.5, 2002.5, 2003.5, 2004.5, 2005.5, 2006.5, 2007.5, 2008.5, 2009.5, 2010.5, 2011.5, 2012.5, 2013.5, 2014.5, 2015.5, 2016.5, 2017.5, 2018.5], "adaptive_substitutions": [0.0, 0.0, 0.0, 0.0, 0.0, 1.3015728625719194, 1.52728976772907, 1.4025142547613316, 0.0, 0.0, 0.08479804414932751, 0.0, 0, 1.341004560599216, 1.373173943997284, 0.0, 0.0, 0.0, 0, 0.0, 0.0, 0.0, 1.6923460778103605, 1.9323698166178371, 1.939935368129712, 2.254765142669258, 1.9162822822376495, 0, 0.7199887162461203, 8.457127758499265, 9.135061379083588, 10.945933863943528, 12.175159489745147, 13.818321813179299, 14.24138318533706, 13.86128676298695, 14.010833958845884, 13.137159005648389, 13.149385342265255, 13.719655213107279, 14.56518086502588], "adaptive_substitutions_per_codon": [0.0, 0.0, 0.0, 0.0, 0.0, 0.00020030361073744527, 0.00023503997656649278, 0.0002158378354511129, 0.0, 0.0, 1.304986829013966e-05, 0.0, 0.0, 0.0002063718929823355, 0.00021132255216948047, 0.0, 0.0, 0.0, 0.0, 0.0, 0.0, 0.0, 0.00026044107076182834, 0.0002973791653767062, 0.00029854345462137767, 0.0003469937123221388, 0.00029490339831296546, 0.0, 0.00011080158760328105, 0.001301497038857997, 0.0014058266203575852, 0.0016845081354175944, 0.0018736779762611798, 0.002126549986638858, 0.002191656384323955, 0.0021331620133867267, 0.0021561763556241743, 0.002021723454239518, 0.0020236050080432834, 0.002111365837658861, 0.00224148674438687], "rate_of_adaptation": 5.965224437170083e-05}