{"virus": "rsv", "subtype": "A", "gene": "G", "window": 3, "min_seqs": 2, "midfreq_high": 0.75, "midfreq_low": 0.15, "window_midpoint": [1978.5, 1979.5, 1980.5, 1981.5, 1982.5, 1983.5, 1984.5, 1985.5, 1986.5, 1987.5, 1988.5, 1989.5, 1990.5, 1991.5, 1992.5, 1993.5, 1994.5, 1995.5, 1996.5, 1997.5, 1998.5, 1999.5, 2000.5, 2001.5, 2002.5, 2003.5, 2004.5, 2005.5, 2006.5, 2007.5, 2008.5, 2009.5, 2010.5, 2011.5, 2012.5, 2013.5, 2014.5, 2015.5, 2016.5, 2017.5, 2018.5], "adaptive_substitutions": [0.0, 0.0, 0.0, 0.0, 0.0, 3.308197657812054, 3.705471905986045, 3.5717022027319922, 1.5904027420736933, 0.8993144815766924, 0.8881272017518803, 0, 0, 12.69344473007712, 14.743787489288778, 0, 0, 0, 0, 0.0, 0.0, 0.0, 14.572193658954584, 16.67973436161097, 16.827290724817537, 17.988646101113964, 16.503534704370182, 3.9254498714652954, 0.8055720343638081, 13.168190040940686, 15.072865087443853, 17.116122895031875, 17.643914822734228, 16.97955044843422, 17.775426224110987, 20.245103318871063, 23.025951579971856, 22.426206870799465, 20.901059279836964, 20.78295579741595, 20.570153304589432], "adaptive_substitutions_per_codon": [0.0, 0.0, 0.0, 0.0, 0.0, 0.0037004448073960335, 0.004144823161058216, 0.003995192620505584, 0.0017789739844224757, 0.0010059446102647566, 0.0009934308744428192, 0.0, 0.0, 0.014198484038117585, 0.01649193231464069, 0.0, 0.0, 0.0, 0.0, 0.0, 0.0, 0.0, 0.016299992907108034, 0.018657420986142023, 0.018822472846552054, 0.020121528077308683, 0.01846032964694651, 0.004390883525128965, 0.0009010872867604117, 0.014729519061454907, 0.016860028062017734, 0.019145551336724694, 0.019735922620508085, 0.018992785736503603, 0.019883027096321015, 0.02264552943945309, 0.025756097964174336, 0.025085242584786872, 0.023379260939414948, 0.023247154135812027, 0.023009120027504958], "rate_of_adaptation": 0.0006588532949104518}