{"virus": "rsv", "subtype": "A", "gene": "F", "window": 3, "min_seqs": 2, "midfreq_high": 0.75, "midfreq_low": 0.15, "window_midpoint": [1978.5, 1979.5, 1980.5, 1981.5, 1982.5, 1983.5, 1984.5, 1985.5, 1986.5, 1987.5, 1988.5, 1989.5, 1990.5, 1991.5, 1992.5, 1993.5, 1994.5, 1995.5, 1996.5, 1997.5, 1998.5, 1999.5, 2000.5, 2001.5, 2002.5, 2003.5, 2004.5, 2005.5, 2006.5, 2007.5, 2008.5, 2009.5, 2010.5, 2011.5, 2012.5, 2013.5, 2014.5, 2015.5, 2016.5, 2017.5, 2018.5], "adaptive_substitutions": [0.0, 0.0, 0.0, 0.0, 0.0, 0.0, 0.0, 0.0, 0.0, 0.0, 0.0, 0.0, 0.0, 2.507290652385589, 2.739801363193768, 0.0, 0.0, 0.0, 0.0, 0.0, 0.0, 0.0, 3.160029211295034, 3.443119522882181, 3.475297093420184, 3.7136280428432324, 3.4116650438169427, 0.0, 0.0, 0.0, 0.0, 0.5942395667845368, 2.1794538373019385, 2.515496768761589, 2.511700282839523, 2.482717973597875, 2.4646056475170397, 2.8485016553067184, 2.8224952937358, 2.707799578965692, 2.7250387397412714], "adaptive_substitutions_per_codon": [0.0, 0.0, 0.0, 0.0, 0.0, 0.0, 0.0, 0.0, 0.0, 0.0, 0.0, 0.0, 0.0, 0.0014535018274699067, 0.0015882906453297204, 0.0, 0.0, 0.0, 0.0, 0.0, 0.0, 0.0, 0.0018319009920550922, 0.0019960113176128585, 0.00201466498169286, 0.002152827850923613, 0.001977776836995329, 0.0, 0.0, 0.0, 0.0, 0.0003444867053823402, 0.0012634514998851817, 0.0014582589963835298, 0.0014560581349794338, 0.001439256796288623, 0.0014287568971113273, 0.0016513053074241847, 0.0016362291557888695, 0.0015697388863569227, 0.0015797326027485632], "rate_of_adaptation": 4.221654360641858e-05}