{"virus": "rsv", "subtype": "B", "gene": "G_duplication", "window": 3, "min_seqs": 2, "midfreq_high": 0.75, "midfreq_low": 0.15, "window_midpoint": [2002.5, 2003.5, 2004.5, 2005.5, 2006.5, 2007.5, 2008.5, 2009.5, 2010.5, 2011.5, 2012.5, 2013.5, 2014.5, 2015.5, 2016.5, 2017.5, 2018.5], "adaptive_substitutions": [0.0, 0.0, 0.7972262322128274, 0.8377809857702618, 0.8558053206846773, 1.623596242899192, 0.8394086786815487, 1.5922372903051465, 1.5876453984973051, 1.5844302823312826, 0.7092250480644495, 0.7296385785211195, 0.7734088967332935, 1.5629913807959275, 1.7022478861620953, 1.6725425445005697, 1.6554283099608167], "adaptive_substitutions_per_codon": [0.0, 0.0, 0.01328710387021379, 0.013963016429504364, 0.014263422011411288, 0.027059937381653198, 0.013990144644692478, 0.02653728817175244, 0.02646075664162175, 0.026407171372188044, 0.011820417467740825, 0.012160642975351991, 0.012890148278888226, 0.02604985634659879, 0.02837079810270159, 0.027875709075009494, 0.027590471832680277], "rate_of_adaptation": 0.0012552194947657944}