{"virus": "229e", "subtype": null, "gene": "spike", "loci_len": 99, "loci_offset": 9, "location": [1125, 1224], "window": 3, "min_seqs": 2, "midfreq_high": 0.75, "midfreq_low": 0.15, "window_midpoint": [1992.5, 1993.5, 1994.5, 2004.5, 2005.5, 2006.5, 2007.5, 2008.5, 2009.5, 2010.5, 2011.5, 2012.5, 2014.5, 2015.5, 2016.5, 2017.5], "adaptive_substitutions": [0.0, 0.0, 0.0, 1.0, 1.0, 2.4214285714285717, 3.0, 2.807142857142857, 2.849068322981367, 2.861142857142857, 3.0, 3.0, 2.5, 2.7685714285714282, 2.7685714285714282, 2.732967032967033], "adaptive_substitutions_per_codon": [0.0, 0.0, 0.0, 0.010101010101010102, 0.010101010101010102, 0.02445887445887446, 0.030303030303030304, 0.02835497835497835, 0.028778467908902695, 0.028900432900432902, 0.030303030303030304, 0.030303030303030304, 0.025252525252525252, 0.02796536796536796, 0.02796536796536796, 0.027605727605727607], "rate_of_adaptation": 0.0013410776840332476}