{"virus": "229e", "subtype": null, "gene": "spike", "loci_len": 99, "loci_offset": 9, "location": [918, 1017], "window": 3, "min_seqs": 2, "midfreq_high": 0.75, "midfreq_low": 0.15, "window_midpoint": [1992.5, 1993.5, 1994.5, 2004.5, 2005.5, 2006.5, 2007.5, 2008.5, 2009.5, 2010.5, 2011.5, 2012.5, 2014.5, 2015.5, 2016.5, 2017.5], "adaptive_substitutions": [0.0, 0.0, 0.0, 3.842857142857143, 3.842857142857143, 3.842857142857143, 4.611428571428571, 3.842857142857143, 3.842857142857143, 3.842857142857143, 3.842857142857143, 5.38, 6.8428571428571425, 7.380000000000001, 7.380000000000001, 7.397802197802198], "adaptive_substitutions_per_codon": [0.0, 0.0, 0.0, 0.03881673881673882, 0.03881673881673882, 0.03881673881673882, 0.046580086580086576, 0.03881673881673882, 0.03881673881673882, 0.03881673881673882, 0.03881673881673882, 0.05434343434343434, 0.06911976911976912, 0.07454545454545455, 0.07454545454545455, 0.07472527472527472], "rate_of_adaptation": 0.003026168500032211}