{"virus": "229e", "subtype": null, "gene": "spike", "loci_len": 99, "loci_offset": 9, "location": [1035, 1134], "window": 3, "min_seqs": 2, "midfreq_high": 0.75, "midfreq_low": 0.15, "window_midpoint": [1992.5, 1993.5, 1994.5, 2004.5, 2005.5, 2006.5, 2007.5, 2008.5, 2009.5, 2010.5, 2011.5, 2012.5, 2014.5, 2015.5, 2016.5, 2017.5], "adaptive_substitutions": [0.0, 0.0, 0.0, 1.0, 1.0, 1.0, 1.0, 1.0, 1.0, 1.0, 2.0, 3.5371428571428574, 4.0, 3.7685714285714282, 3.7685714285714282, 3.732967032967033], "adaptive_substitutions_per_codon": [0.0, 0.0, 0.0, 0.010101010101010102, 0.010101010101010102, 0.010101010101010102, 0.010101010101010102, 0.010101010101010102, 0.010101010101010102, 0.010101010101010102, 0.020202020202020204, 0.03572871572871573, 0.04040404040404041, 0.03806637806637806, 0.03806637806637806, 0.03770673770673771], "rate_of_adaptation": 0.001625416842836663}