{"virus": "229e", "subtype": null, "gene": "spike", "loci_len": 99, "loci_offset": 9, "location": [837, 936], "window": 3, "min_seqs": 2, "midfreq_high": 0.75, "midfreq_low": 0.15, "window_midpoint": [1992.5, 1993.5, 1994.5, 2004.5, 2005.5, 2006.5, 2007.5, 2008.5, 2009.5, 2010.5, 2011.5, 2012.5, 2014.5, 2015.5, 2016.5, 2017.5], "adaptive_substitutions": [0.0, 0.0, 0.0, 2.0, 2.0, 2.0, 2.0, 2.0, 2.0, 2.0, 2.710714285714286, 3.7685714285714287, 4.0, 4.614285714285715, 4.614285714285715, 4.643956043956044], "adaptive_substitutions_per_codon": [0.0, 0.0, 0.0, 0.020202020202020204, 0.020202020202020204, 0.020202020202020204, 0.020202020202020204, 0.020202020202020204, 0.020202020202020204, 0.020202020202020204, 0.02738095238095238, 0.03806637806637807, 0.04040404040404041, 0.046608946608946614, 0.046608946608946614, 0.04690864690864691], "rate_of_adaptation": 0.0019097900343391263}