{"virus": "229e", "subtype": null, "gene": "spike", "loci_len": 99, "loci_offset": 9, "location": [1215, 1314], "window": 3, "min_seqs": 2, "midfreq_high": 0.75, "midfreq_low": 0.15, "window_midpoint": [1992.5, 1993.5, 1994.5, 2004.5, 2005.5, 2006.5, 2007.5, 2008.5, 2009.5, 2010.5, 2011.5, 2012.5, 2014.5, 2015.5, 2016.5, 2017.5], "adaptive_substitutions": [0.0, 0.0, 0.0, 0.0, 0.0, 1.4214285714285715, 1.842857142857143, 1.8714285714285714, 1.8993788819875776, 1.9074285714285713, 1.842857142857143, 1.842857142857143, 1.342857142857143, 1.8457142857142856, 1.8457142857142856, 1.8219780219780222], "adaptive_substitutions_per_codon": [0.0, 0.0, 0.0, 0.0, 0.0, 0.014357864357864358, 0.018614718614718615, 0.018903318903318905, 0.019185645272601793, 0.019266955266955266, 0.018614718614718615, 0.018614718614718615, 0.013564213564213565, 0.018643578643578643, 0.018643578643578643, 0.018403818403818405], "rate_of_adaptation": 0.000893949260886734}