{"virus": "229e", "subtype": null, "gene": "spike", "loci_len": 99, "loci_offset": 9, "location": [846, 945], "window": 3, "min_seqs": 2, "midfreq_high": 0.75, "midfreq_low": 0.15, "window_midpoint": [1992.5, 1993.5, 1994.5, 2004.5, 2005.5, 2006.5, 2007.5, 2008.5, 2009.5, 2010.5, 2011.5, 2012.5, 2014.5, 2015.5, 2016.5, 2017.5], "adaptive_substitutions": [0.0, 0.0, 0.0, 4.0, 4.0, 4.0, 4.0, 4.0, 4.0, 4.0, 4.710714285714285, 5.768571428571429, 6.0, 6.614285714285715, 6.614285714285715, 6.643956043956044], "adaptive_substitutions_per_codon": [0.0, 0.0, 0.0, 0.04040404040404041, 0.04040404040404041, 0.04040404040404041, 0.04040404040404041, 0.04040404040404041, 0.04040404040404041, 0.04040404040404041, 0.04758297258297258, 0.05826839826839827, 0.06060606060606061, 0.06681096681096682, 0.06681096681096682, 0.06711066711066711], "rate_of_adaptation": 0.0028041537541767096}