{"virus": "229e", "subtype": null, "gene": "spike", "loci_len": 99, "loci_offset": 9, "location": [783, 882], "window": 3, "min_seqs": 2, "midfreq_high": 0.75, "midfreq_low": 0.15, "window_midpoint": [1992.5, 1993.5, 1994.5, 2004.5, 2005.5, 2006.5, 2007.5, 2008.5, 2009.5, 2010.5, 2011.5, 2012.5, 2014.5, 2015.5, 2016.5, 2017.5], "adaptive_substitutions": [0.0, 0.0, 0.0, 0.0, 0.0, 0.0, 0.0, 0.0, 0.0, 0.0, 0.7107142857142857, 1.0, 0.8428571428571429, 0.7657142857142858, 0.7657142857142858, 0.7538461538461539], "adaptive_substitutions_per_codon": [0.0, 0.0, 0.0, 0.0, 0.0, 0.0, 0.0, 0.0, 0.0, 0.0, 0.007178932178932179, 0.010101010101010102, 0.008513708513708513, 0.007734487734487735, 0.007734487734487735, 0.0076146076146076155], "rate_of_adaptation": 0.00036035341177336323}