{"virus": "229e", "subtype": null, "gene": "spike", "loci_len": 99, "loci_offset": 9, "location": [882, 981], "window": 3, "min_seqs": 2, "midfreq_high": 0.75, "midfreq_low": 0.15, "window_midpoint": [1992.5, 1993.5, 1994.5, 2004.5, 2005.5, 2006.5, 2007.5, 2008.5, 2009.5, 2010.5, 2011.5, 2012.5, 2014.5, 2015.5, 2016.5, 2017.5], "adaptive_substitutions": [0.0, 0.0, 0.0, 4.0, 4.0, 4.0, 4.768571428571429, 4.0, 4.0, 4.0, 4.0, 6.305714285714286, 7.0, 7.537142857142857, 7.537142857142857, 7.554945054945056], "adaptive_substitutions_per_codon": [0.0, 0.0, 0.0, 0.04040404040404041, 0.04040404040404041, 0.04040404040404041, 0.04816738816738817, 0.04040404040404041, 0.04040404040404041, 0.04040404040404041, 0.04040404040404041, 0.06369408369408369, 0.0707070707070707, 0.07613275613275614, 0.07613275613275614, 0.07631257631257632], "rate_of_adaptation": 0.003136664534972399}