{"virus": "229e", "subtype": null, "gene": "spike", "loci_len": 99, "loci_offset": 9, "location": [1188, 1287], "window": 3, "min_seqs": 2, "midfreq_high": 0.75, "midfreq_low": 0.15, "window_midpoint": [1992.5, 1993.5, 1994.5, 2004.5, 2005.5, 2006.5, 2007.5, 2008.5, 2009.5, 2010.5, 2011.5, 2012.5, 2014.5, 2015.5, 2016.5, 2017.5], "adaptive_substitutions": [0.0, 0.0, 0.0, 0.8428571428571429, 0.8428571428571429, 2.2642857142857142, 2.842857142857143, 2.807142857142857, 2.849068322981367, 2.861142857142857, 2.842857142857143, 2.842857142857143, 2.342857142857143, 2.7685714285714282, 2.7685714285714282, 2.732967032967033], "adaptive_substitutions_per_codon": [0.0, 0.0, 0.0, 0.008513708513708513, 0.008513708513708513, 0.022871572871572873, 0.028715728715728715, 0.02835497835497835, 0.028778467908902695, 0.028900432900432902, 0.028715728715728715, 0.028715728715728715, 0.023665223665223667, 0.02796536796536796, 0.02796536796536796, 0.027605727605727607], "rate_of_adaptation": 0.0013251494920704257}