{"virus": "dengue", "subtype": "denv1_V", "gene": "NS5", "window": 3, "min_seqs": 2, "midfreq_high": 0.75, "midfreq_low": 0.15, "window_midpoint": [1986.5, 1987.5, 1988.5, 1989.5, 1991.5, 1992.5, 1993.5, 1994.5, 1995.5, 1996.5, 1997.5, 1998.5, 1999.5, 2000.5, 2001.5, 2002.5, 2003.5, 2004.5, 2005.5, 2006.5, 2007.5, 2008.5, 2009.5, 2010.5, 2011.5, 2012.5, 2013.5, 2014.5], "adaptive_substitutions": [0.0, 0.0, 0.0, 0.6195449776033962, 0.0, 0.0, 0.0, 0.0, 0.0, 0.0, 0.0, 0.0, 0.0, 0.6559229624490801, 0.5845067329020353, 0.594106693761838, 1.6057245093069032, 2.4907516898132918, 2.540239832331475, 2.5668495867888046, 2.574977612802467, 2.5952533172146093, 2.44329855155, 2.3799247337284433, 2.3476032539426477, 2.349816197031825, 2.2701502458214513, 0.9776202928001998], "adaptive_substitutions_per_codon": [0.0, 0.0, 0.0, 0.00022971634319740312, 0.0, 0.0, 0.0, 0.0, 0.0, 0.0, 0.0, 0.0, 0.0, 0.00024320465793440123, 0.00021672478046052475, 0.0002202842765153274, 0.0005953743082339278, 0.0009235267667086733, 0.0009418760965263163, 0.0009517425238371541, 0.0009547562524295391, 0.0009622741257747903, 0.0009059319805524656, 0.0008824340874039464, 0.0008704498531489238, 0.0008712703733896274, 0.0008417316447243053, 0.0003624843503152391], "rate_of_adaptation": 4.0239214129715375e-05}