{"virus": "dengue", "subtype": "denv4_I", "gene": "E3", "window": 3, "min_seqs": 2, "midfreq_high": 0.75, "midfreq_low": 0.15, "window_midpoint": [1957.5, 1978.5, 1990.5, 1991.5, 2000.5, 2001.5, 2002.5, 2003.5, 2004.5, 2005.5, 2006.5, 2007.5, 2008.5, 2009.5, 2010.5, 2011.5, 2012.5, 2013.5, 2014.5, 2015.5, 2016.5, 2017.5], "adaptive_substitutions": [0.0, 0.7539543057996485, 0.9297012302284711, 0.9297012302284711, 1.5430579964850617, 1.5430579964850617, 1.2842706502636205, 0.9648506151142355, 1.3353837141183365, 1.507908611599297, 1.5606326889279438, 1.5606326889279438, 1.353602811950791, 0.8066783831282953, 0.8066783831282953, 1.507908611599297, 1.5430579964850617, 2.4727592267135323, 2.260300722515134, 2.0550307557117753, 2.081670629587512, 1.4401874633860574], "adaptive_substitutions_per_codon": [0.0, 0.002564470427889961, 0.0031622490824097654, 0.0031622490824097654, 0.005248496586683883, 0.005248496586683883, 0.004368267517903471, 0.0032818048133137264, 0.004542121476592981, 0.005128940855779922, 0.0053082744521358634, 0.0053082744521358634, 0.004604091197111534, 0.0027438040242459025, 0.0027438040242459025, 0.005128940855779922, 0.005248496586683883, 0.008410745669093648, 0.007688097695629707, 0.006989900529631889, 0.007080512345535754, 0.00489859681423829], "rate_of_adaptation": 0.00010392738419583848}