{"virus": "dengue", "subtype": "denv1_III", "gene": "NS5", "window": 3, "min_seqs": 2, "midfreq_high": 0.75, "midfreq_low": 0.15, "window_midpoint": [1981.5, 2004.5, 2005.5, 2006.5, 2008.5, 2009.5, 2010.5, 2011.5, 2012.5, 2013.5, 2014.5], "adaptive_substitutions": [0.0, 0.0, 0.0, 0.5349999999999999, 1.43, 1.1983333333333333, 0.5840000000000001, 0.8809999999999999, 1.6808888888888889, 1.6603124999999999, 1.5840322580645163], "adaptive_substitutions_per_codon": [0.0, 0.0, 0.0, 0.0001983685576566555, 0.0005302187615869484, 0.0004443208503275244, 0.00021653689284390065, 0.00032665925101965144, 0.0006232439335887612, 0.0006156145717463848, 0.0005873312043249968], "rate_of_adaptation": 1.8569979412683725e-05}