{"virus": "dengue", "subtype": "denv1", "gene": "E2", "window": 3, "min_seqs": 2, "midfreq_high": 0.75, "midfreq_low": 0.15, "window_midpoint": [1945.5, 1970.5, 1971.5, 1972.5, 1979.5, 1980.5, 1981.5, 1982.5, 1983.5, 1985.5, 1986.5, 1987.5, 1988.5, 1989.5, 1990.5, 1991.5, 1992.5, 1993.5, 1994.5, 1995.5, 1996.5, 1997.5, 1998.5, 1999.5, 2000.5, 2001.5, 2002.5, 2003.5, 2004.5, 2005.5, 2006.5, 2007.5, 2008.5, 2009.5, 2010.5, 2011.5, 2012.5, 2013.5, 2014.5, 2015.5, 2016.5, 2017.5], "adaptive_substitutions": [0.0, 1.906192610005142, 0.8582237567031514, 0.8582237567031514, 2.5463160214500844, 0.9149342540218908, 0.9149342540218908, 0.9149342540218908, 0.9149342540218908, 0.9078454418570484, 0.9078454418570484, 0.9078454418570484, 2.218621905531477, 0.9078454418570484, 0.9220230661867332, 0.9220230661867332, 0.9291118783515757, 0.9291118783515757, 0.9432895026812605, 0.9385636279046989, 1.5532946448248, 2.350045299835941, 2.2958691446901245, 2.3056927008625654, 0.9574671270109454, 0.9574671270109454, 0.9527412522343838, 0.9527412522343838, 0.9503749757918567, 0.9521572965170728, 0.9394037646570088, 0.45037831484610297, 0.46455593917578786, 0.9053665405848184, 0.8874994058447592, 0.9165133985462379, 0.4787335635054727, 0.4787335635054727, 0.8815333455399854, 0.8948257663920323, 0.8625549963306063, 0.4574671270109454], "adaptive_substitutions_per_codon": [0.0, 0.0038276960040263897, 0.0017233408769139586, 0.0017233408769139586, 0.005113084380421856, 0.0018372173775539975, 0.0018372173775539975, 0.0018372173775539975, 0.0018372173775539975, 0.0018229828149739927, 0.0018229828149739927, 0.0018229828149739927, 0.004455064067332284, 0.0018229828149739927, 0.0018514519401340026, 0.0018514519401340026, 0.0018656865027140074, 0.0018656865027140074, 0.0018941556278740171, 0.0018846659194873474, 0.003119065551857028, 0.004718966465534018, 0.004610179005401857, 0.00462990502181238, 0.0019226247530340268, 0.0019226247530340268, 0.001913135044647357, 0.001913135044647357, 0.0019083834855258166, 0.0019119624428053671, 0.001886352941078331, 0.0009043741261969939, 0.0009328432513570037, 0.0018180051015759405, 0.001782127320973412, 0.0018403883504944536, 0.0009613123765170134, 0.0009613123765170134, 0.001770147280200774, 0.001796838888337414, 0.0017320381452421813, 0.0009186086887769988], "rate_of_adaptation": -7.807696212730946e-06}