{"virus": "dengue", "subtype": "all", "gene": "NS5", "window": 3, "min_seqs": 2, "midfreq_high": 0.75, "midfreq_low": 0.15, "window_midpoint": [1945.5, 1955.5, 1956.5, 1957.5, 1959.5, 1960.5, 1961.5, 1962.5, 1963.5, 1964.5, 1965.5, 1968.5, 1969.5, 1970.5, 1971.5, 1972.5, 1973.5, 1974.5, 1975.5, 1976.5, 1977.5, 1978.5, 1979.5, 1980.5, 1981.5, 1982.5, 1983.5, 1984.5, 1985.5, 1986.5, 1987.5, 1988.5, 1989.5, 1990.5, 1991.5, 1992.5, 1993.5, 1994.5, 1995.5, 1996.5, 1997.5, 1998.5, 1999.5, 2000.5, 2001.5, 2002.5, 2003.5, 2004.5, 2005.5, 2006.5, 2007.5, 2008.5, 2009.5, 2010.5, 2011.5, 2012.5, 2013.5, 2014.5, 2015.5, 2016.5, 2017.5], "adaptive_substitutions": [0.0, 10.550842761921237, 10.550842761921237, 10.550842761921237, 0.0, 0.0030283111688058917, 1.8581435744410735, 9.141295365310823, 0.6287853889610074, 0.2501751255271879, 0.5909041112553481, 7.1217709747007, 7.1217709747007, 3.4317808344151097, 4.039718296248852, 4.259389720668457, 4.027906559579345, 0.5796938823116492, 0.0, 0.0, 0, 0.722322979472912, 0, 0.0, 0.0, 0.0, 0.9213743808554125, 1.7532034366959939, 0.0, 0.0, 0.0, 0.0, 0.0, 0.0, 0.0, 0.0, 0.0, 0.0, 0.0, 0.0, 0.0, 0.0, 0.6106274400559196, 0.0, 0.0, 0.0, 0.0, 0.0, 0.0, 0.0, 0.7641577233113847, 0.8169370525309845, 0.7956315246786965, 0.0, 0.0, 0.0, 0.0, 0.0, 0.0, 0.0, 0.0], "adaptive_substitutions_per_codon": [0.0, 0.00390771954145231, 0.00390771954145231, 0.00390771954145231, 0.0, 1.1215967291873674e-06, 0.0006882013238670643, 0.0033856649501151194, 0.0002328834773929657, 9.265745389895848e-05, 0.00021885337453901783, 0.002637692953592852, 0.002637692953592852, 0.0012710299386722629, 0.0014961919615736488, 0.001577551748395725, 0.0014918172442886465, 0.00021470143789320342, 0.0, 0.0, 0.0, 0.0002675270294344119, 0.0, 0.0, 0.0, 0.0, 0.0003412497706871898, 0.0006493346061837014, 0.0, 0.0, 0.0, 0.0, 0.0, 0.0, 0.0, 0.0, 0.0, 0.0, 0.0, 0.0, 0.0, 0.0, 0.0002261583111318221, 0.0, 0.0, 0.0, 0.0, 0.0, 0.0, 0.0, 0.0002830213790042165, 0.00030256927871517944, 0.0002946783424735913, 0.0, 0.0, 0.0, 0.0, 0.0, 0.0, 0.0, 0.0], "rate_of_adaptation": -3.036115660004297e-05}