{"virus": "dengue", "subtype": "denv4_II", "gene": "NS5", "window": 3, "min_seqs": 2, "midfreq_high": 0.75, "midfreq_low": 0.15, "window_midpoint": [1981.5, 1982.5, 1983.5, 1993.5, 1994.5, 1995.5, 1996.5, 1997.5, 1998.5, 1999.5, 2000.5, 2001.5, 2002.5, 2003.5, 2004.5, 2005.5, 2006.5, 2007.5, 2008.5, 2009.5, 2010.5, 2011.5, 2012.5, 2013.5, 2014.5, 2015.5, 2016.5], "adaptive_substitutions": [0.0, 0.0, 0.0, 0.8693032747060538, 0.7552877919217439, 0.8531726751530464, 0.7505587406471674, 1.5062676124769216, 1.5324069575357109, 1.489393433688364, 1.429793023029832, 1.1974540860946459, 1.5033524438830046, 1.9544261976484305, 0.446215139442231, 0.5498007968127491, 0.916279134333745, 0.07820834761084028, 0, 0, 0, 1.0027174732524902, 1.4935380429501504, 1.4421339034107472, 0, 0, 11.504810028179964], "adaptive_substitutions_per_codon": [0.0, 0.0, 0.0, 0.000321964175817057, 0.00027973621923027553, 0.00031598987968631346, 0.0002779847187582102, 0.000557876893509971, 0.0005675581324206336, 0.000551627197662357, 0.0005295529714925304, 0.00044350151336838736, 0.0005567972014381498, 0.0007238615546846039, 0.00016526486646008557, 0.00020362992474546262, 0.0003393626423458315, 2.8966054670681583e-05, 0.0, 0.0, 0.0, 0.00037137684194536675, 0.0005531622381296853, 0.0005341236679299063, 0.0, 0.0, 0.004261040751177765], "rate_of_adaptation": 2.4116305305347183e-05}