{"virus": "dengue", "subtype": "denv2_AA", "gene": "NS5", "window": 3, "min_seqs": 2, "midfreq_high": 0.75, "midfreq_low": 0.15, "window_midpoint": [1987.5, 1988.5, 1989.5, 1990.5, 1991.5, 1992.5, 1993.5, 1994.5, 1995.5, 1996.5, 1997.5, 1998.5, 1999.5, 2000.5, 2001.5, 2002.5, 2003.5, 2004.5, 2005.5, 2006.5, 2007.5, 2008.5, 2009.5, 2010.5, 2011.5, 2012.5, 2013.5, 2014.5, 2015.5, 2016.5, 2017.5], "adaptive_substitutions": [0.0, 0.0, 0.0, 0.0, 0.0, 0.0, 0.0, 0.0, 0.0, 0.8195629671436557, 0.9167091714064012, 1.0, 1.0, 1.0, 1.0, 0.9787826554976615, 0.9787826554976615, 0.957565310995323, 0.957565310995323, 3.004163386576991, 3.0932408356756427, 3.25106841956943, 3.4352937419256193, 7.530645837082142, 8.073551442118323, 7.860887787924918, 3.5438270931997233, 3.5650444377020616, 3.5650444377020616, 4.566436841897108, 3.5013924041950464], "adaptive_substitutions_per_codon": [0.0, 0.0, 0.0, 0.0, 0.0, 0.0, 0.0, 0.0, 0.0, 0.00030354183968283547, 0.0003395219153357041, 0.00037037037037037035, 0.00037037037037037035, 0.00037037037037037035, 0.00037037037037037035, 0.00036251209462876354, 0.00036251209462876354, 0.00035465381888715667, 0.00035465381888715667, 0.0011126531061396263, 0.0011456447539539417, 0.0012040994146553445, 0.001272331015528007, 0.002789128087808201, 0.0029902042378216007, 0.0029114399214536734, 0.0013125285530369345, 0.0013203868287785412, 0.0013203868287785412, 0.0016912729044063362, 0.001296812001553721], "rate_of_adaptation": 7.666923959951721e-05}