{"virus": "dengue", "subtype": "denv3_I", "gene": "NS5", "window": 3, "min_seqs": 2, "midfreq_high": 0.75, "midfreq_low": 0.15, "window_midpoint": [1988.5, 1989.5, 1990.5, 1991.5, 1992.5, 1993.5, 1994.5, 1995.5, 1996.5, 1997.5, 1998.5], "adaptive_substitutions": [0.0, 0.0, 0.0, 0.0, 0.0, 0.0, 0.8913793103448275, 0.8913793103448275, 0.768025078369906, 0.0, 2.5887931034482756], "adaptive_substitutions_per_codon": [0.0, 0.0, 0.0, 0.0, 0.0, 0.0, 0.0003301404853128991, 0.0003301404853128991, 0.0002844537327295948, 0.0, 0.0009588122605363984], "rate_of_adaptation": 6.03440359709952e-05}