{"virus": "dengue", "subtype": "denv3_III", "gene": "NS5", "window": 3, "min_seqs": 2, "midfreq_high": 0.75, "midfreq_low": 0.15, "window_midpoint": [1982.5, 1983.5, 1984.5, 1985.5, 1986.5, 1988.5, 1989.5, 1990.5, 1993.5, 1994.5, 1995.5, 1996.5, 1997.5, 1998.5, 1999.5, 2000.5, 2001.5, 2002.5, 2003.5, 2004.5, 2005.5, 2006.5, 2007.5, 2008.5, 2009.5, 2010.5, 2011.5, 2012.5, 2013.5, 2014.5, 2015.5, 2016.5, 2017.5], "adaptive_substitutions": [0.0, 0.0, 0.0, 0.0, 0.0, 3.2660194956929556, 3.2660194956929556, 3.2660194956929556, 2.0793317481507403, 3.2379117924582976, 3.7872119192957157, 4.592465366725699, 8.080658867933277, 7.907083148516586, 8.001267845558935, 8.190477695989294, 7.795256774900469, 7.784561481880727, 8.199658841845029, 5.0083488201299495, 4.880578801852011, 3.6366859913861953, 7.0072235757383305, 7.579141623081343, 8.934638408899705, 8.900279835560845, 9.180642581130314, 2.089450802078299, 1.676174987734759, 1.8409733709853766, 1.9626422794879659, 1.9626422794879659, 1.8752159611691712], "adaptive_substitutions_per_codon": [0.0, 0.0, 0.0, 0.0, 0.0, 0.0012096368502566503, 0.0012096368502566503, 0.0012096368502566503, 0.0007701228696854593, 0.0011992265897993696, 0.0014026710812206353, 0.0017009130987872961, 0.0029928366177530657, 0.0029285493142654022, 0.0029634325353921982, 0.003033510257773813, 0.0028871321388520255, 0.0028831709192150843, 0.0030369106821648254, 0.001854944007455537, 0.001807621778463708, 0.0013469207375504427, 0.0025952679910141965, 0.002807089490030127, 0.0033091253366295203, 0.0032963999390966093, 0.0034002379930112275, 0.0007738706674364071, 0.0006208055510128737, 0.0006818419892538432, 0.0007269045479585058, 0.0007269045479585058, 0.000694524430062656], "rate_of_adaptation": 3.930421218406493e-05}