{"virus": "dengue", "subtype": "denv4_I", "gene": "E2", "window": 3, "min_seqs": 2, "midfreq_high": 0.75, "midfreq_low": 0.15, "window_midpoint": [1957.5, 1978.5, 1990.5, 1991.5, 2000.5, 2001.5, 2002.5, 2003.5, 2004.5, 2005.5, 2006.5, 2007.5, 2008.5, 2009.5, 2010.5, 2011.5, 2012.5, 2013.5, 2014.5, 2015.5, 2016.5, 2017.5], "adaptive_substitutions": [0.0, 0.8945518453427065, 0.0, 0.0, 5.367311072056239, 4.4376098418277685, 3.3321616871704745, 0.8945518453427065, 3.7475102519039254, 5.942394063659442, 5.8848857644991215, 4.543057996485062, 3.678500292911541, 1.3545694200351495, 0.718804920913884, 3.437609841827768, 3.4727592267135323, 5.261862917398946, 4.686779925795744, 4.420804042179262, 4.540576863434302, 3.3347393087287642], "adaptive_substitutions_per_codon": [0.0, 0.001789103690685413, 0.0, 0.0, 0.010734622144112478, 0.008875219683655537, 0.006664323374340949, 0.001789103690685413, 0.007495020503807851, 0.011884788127318885, 0.011769771528998243, 0.009086115992970123, 0.007357000585823082, 0.0027091388400702987, 0.0014376098418277682, 0.006875219683655536, 0.0069455184534270645, 0.010523725834797892, 0.009373559851591487, 0.008841608084358524, 0.009081153726868603, 0.006669478617457528], "rate_of_adaptation": 0.0001687611014134612}