{"virus": "dengue", "subtype": "denv1_IV", "gene": "E2", "window": 3, "min_seqs": 2, "midfreq_high": 0.75, "midfreq_low": 0.15, "window_midpoint": [1994.5, 1995.5, 1996.5, 2000.5, 2001.5, 2002.5, 2003.5, 2004.5, 2005.5, 2006.5, 2007.5, 2008.5, 2009.5, 2010.5, 2011.5, 2012.5, 2013.5, 2014.5], "adaptive_substitutions": [0.0, 0.0, 0.0, 0, 0.0, 0.0, 0, 0, 0, 0.0, 0.0, 0.634375, 0.0, 0.0, 0, 0, 0, 0.0], "adaptive_substitutions_per_codon": [0.0, 0.0, 0.0, 0.0, 0.0, 0.0, 0.0, 0.0, 0.0, 0.0, 0.0, 0.0012738453815261046, 0.0, 0.0, 0.0, 0.0, 0.0, 0.0], "rate_of_adaptation": 5.952548511804228e-06}