{"virus": "dengue", "subtype": "denv2_C", "gene": "E3", "window": 3, "min_seqs": 2, "midfreq_high": 0.75, "midfreq_low": 0.15, "window_midpoint": [1976.5, 1977.5, 1992.5, 1993.5, 1994.5, 1995.5, 1996.5, 1997.5, 2000.5, 2001.5, 2002.5, 2003.5, 2004.5, 2005.5, 2006.5, 2007.5, 2008.5, 2009.5, 2010.5, 2011.5, 2012.5, 2013.5, 2014.5, 2015.5, 2016.5, 2017.5], "adaptive_substitutions": [0.0, 0.0, 1.9481564887777472, 1.9481564887777472, 1.9481564887777472, 0.8703912219443679, 0.8703912219443679, 0.8703912219443679, 1.0, 1.0, 1.0, 1.0, 0.504672109355937, 0.5, 0.5, 0.8500140748124483, 0.8773342041383602, 0.8298679805908381, 0.9251368765506531, 0.8586358971700343, 0.9913594147962912, 1.0, 1.0, 0.9477458127432966, 0.9464230578691383, 0.9406259233215692], "adaptive_substitutions_per_codon": [0.0, 0.0, 0.006626382614890297, 0.006626382614890297, 0.006626382614890297, 0.002960514360354993, 0.002960514360354993, 0.002960514360354993, 0.003401360544217687, 0.003401360544217687, 0.003401360544217687, 0.003401360544217687, 0.001716571800530398, 0.0017006802721088435, 0.0017006802721088435, 0.002891204336096763, 0.002984129946048844, 0.002822680206091286, 0.0031467240699001807, 0.00292053026248311, 0.0033719707986268406, 0.003401360544217687, 0.003401360544217687, 0.0032236252134125736, 0.0032191260471739398, 0.003199407902454317], "rate_of_adaptation": 2.0992961338474512e-05}