{"virus": "mumps", "subtype": null, "gene": "L", "window": 3, "min_seqs": 2, "midfreq_high": 0.75, "midfreq_low": 0.15, "window_midpoint": [2007.5, 2008.5, 2009.5, 2010.5, 2011.5, 2012.5, 2013.5, 2014.5, 2015.5, 2016.5], "adaptive_substitutions": [0.0, 0.0, 0.5679414314613236, 0.0, 0.0, 0.0, 0.49378351475451954, 0.0, 0, 0], "adaptive_substitutions_per_codon": [0.0, 0.0, 8.369310808448624e-05, 0.0, 0.0, 0.0, 7.276503312032412e-05, 0.0, 0.0, 0.0], "rate_of_adaptation": -1.2131541882512657e-06}