{"virus": "rsv", "subtype": "B", "gene": "F", "window": 3, "min_seqs": 2, "midfreq_high": 0.75, "midfreq_low": 0.15, "window_midpoint": [1977.5, 1978.5, 1979.5, 1980.5, 1981.5, 1982.5, 1983.5, 1984.5, 1985.5, 1986.5, 1987.5, 1988.5, 1989.5, 1990.5, 1991.5, 1992.5, 1993.5, 1994.5, 1995.5, 1996.5, 1997.5, 1998.5, 2001.5, 2002.5, 2003.5, 2004.5, 2005.5, 2006.5, 2007.5, 2008.5, 2009.5, 2010.5, 2011.5, 2012.5, 2013.5, 2014.5, 2015.5, 2016.5, 2017.5, 2018.5], "adaptive_substitutions": [0.0, 0.0, 0.0, 0.0, 0.0, 0.0, 0.0, 0.10676446617766921, 0.6772616136919316, 0.7353300733496333, 0.6772616136919316, 1.0850855745721273, 1.193154034229829, 1.193154034229829, 1.193154034229829, 1.193154034229829, 1.8704156479217604, 2.031784841075795, 2.031784841075795, 1.9511002444987775, 1.7897310513447433, 1.7897310513447433, 1.7897310513447433, 1.8704156479217604, 1.9511002444987775, 1.547677261613692, 1.0635696821515892, 1.1442542787286065, 1.547677261613692, 1.8704156479217604, 1.9511002444987775, 1.307657987257509, 1.2627206745856034, 1.4211072780252534, 1.3804125784565886, 1.8175111710648344, 1.6900127916578962, 3.5147730285444956, 3.3435514726192057, 5.487989116474651], "adaptive_substitutions_per_codon": [0.0, 0.0, 0.0, 0.0, 0.0, 0.0, 0.0, 6.189244416096766e-05, 0.00039261542822720675, 0.00042627830339109175, 0.00039261542822720675, 0.0006290351156939868, 0.0006916834981042487, 0.0006916834981042487, 0.0006916834981042487, 0.0006916834981042487, 0.0010842989263314554, 0.0011778462846816203, 0.0011778462846816203, 0.0011310726055065376, 0.001037525247156373, 0.001037525247156373, 0.001037525247156373, 0.0010842989263314554, 0.0011310726055065376, 0.0008972042096311258, 0.0006165621345806314, 0.0006633358137557139, 0.0008972042096311258, 0.0010842989263314554, 0.0011310726055065376, 0.0007580626013087009, 0.0007320119852670165, 0.0008238303061015961, 0.000800239175916863, 0.0010536296643854112, 0.000979717560381389, 0.002037549581764925, 0.001938290708764757, 0.0031814429660722613], "rate_of_adaptation": 3.767727631817818e-05}