{"virus": "rsv", "subtype": "B", "gene": "L", "window": 3, "min_seqs": 2, "midfreq_high": 0.75, "midfreq_low": 0.15, "window_midpoint": [1977.5, 1978.5, 1979.5, 1980.5, 1981.5, 1982.5, 1983.5, 1984.5, 1985.5, 1986.5, 1987.5, 1988.5, 1989.5, 1990.5, 1991.5, 1992.5, 1993.5, 1994.5, 1995.5, 1996.5, 1997.5, 1998.5, 2001.5, 2002.5, 2003.5, 2004.5, 2005.5, 2006.5, 2007.5, 2008.5, 2009.5, 2010.5, 2011.5, 2012.5, 2013.5, 2014.5, 2015.5, 2016.5, 2017.5, 2018.5], "adaptive_substitutions": [0.0, 0.0, 0.0, 0.0, 0.0, 0.0, 0.0, 6.93929024780617, 7.7484500616295975, 6.198327722280479, 0.6684419669959711, 2.771637507588719, 3.1772448810640763, 6.207710138528617, 5.712715933550417, 3.189524808212374, 8.612368232242398, 8.636928086538992, 8.489568960759424, 8.452729179314531, 9.147469507147193, 9.452729179314531, 14.119184281693249, 15.00501315377964, 15.149900405902391, 15.336387217837629, 15.921461817245248, 15.922990599186857, 16.01005390290119, 16.040216719851426, 16.07901098294608, 16.129683402872253, 15.579404039117883, 15.53000268897076, 15.012193796232651, 14.55578556960275, 16.511662291007926, 18.441246081516862, 17.69300409203897, 19.297325206057746], "adaptive_substitutions_per_codon": [0.0, 0.0, 0.0, 0.0, 0.0, 0.0, 0.0, 0.0010674188967552945, 0.001191885873193293, 0.0009534421969359297, 0.00010282140701368576, 0.00042634017960140275, 0.0004887317152844295, 0.0009548854235546249, 0.0008787441829796057, 0.0004906206442412512, 0.0013247759163578523, 0.0013285537742714956, 0.001305886626789636, 0.0013002198399191711, 0.001407086526249376, 0.0014540423287670405, 0.002171848066711775, 0.0023081084685094046, 0.0023303953862332553, 0.002359081251782438, 0.0024490788828249884, 0.0024493140438681523, 0.002462706337932809, 0.0024673460575067568, 0.0024733134876089957, 0.002481108045357984, 0.0023964627040636644, 0.002388863665431589, 0.0023092130128030534, 0.0022390071634521996, 0.002539864988618355, 0.0028366783697149458, 0.0027215819246329746, 0.00296836259130253], "rate_of_adaptation": 7.621922494333721e-05}