{"virus": "rsv", "subtype": "B", "gene": "G", "window": 3, "min_seqs": 2, "midfreq_high": 0.75, "midfreq_low": 0.15, "window_midpoint": [1977.5, 1978.5, 1979.5, 1980.5, 1981.5, 1982.5, 1983.5, 1984.5, 1985.5, 1986.5, 1987.5, 1988.5, 1989.5, 1990.5, 1991.5, 1992.5, 1993.5, 1994.5, 1995.5, 1996.5, 1997.5, 1998.5, 2001.5, 2002.5, 2003.5, 2004.5, 2005.5, 2006.5, 2007.5, 2008.5, 2009.5, 2010.5, 2011.5, 2012.5, 2013.5, 2014.5, 2015.5, 2016.5, 2017.5, 2018.5], "adaptive_substitutions": [0.0, 0.0, 0.0, 0.0, 0.0, 0.0, 0.0, 6.64576888705575, 8.014367223482505, 6.1559084347288096, 0.0, 4.455062899566921, 5.022478861620953, 8.435759950505258, 6.3019797896473495, 4.769671347419337, 8.95428610710112, 9.020375335120644, 9.00685708393483, 9.884842235512476, 9.870798102701588, 10.033718292431429, 16.07772834850583, 16.300886780779543, 16.344582138147818, 17.513150073392936, 19.057599505052586, 19.201794184367913, 18.86807467883008, 20.158917377076875, 19.907690192532428, 18.41356580676736, 18.506026073439376, 17.199011681843665, 17.638654018010588, 17.198049939336798, 19.085747096562773, 23.11027015879563, 23.631738148744443, 23.843459991750876], "adaptive_substitutions_per_codon": [0.0, 0.0, 0.0, 0.0, 0.0, 0.0, 0.0, 0.007384187652284167, 0.008904852470536117, 0.006839898260809788, 0.0, 0.00495006988840769, 0.0055805320684677254, 0.009373066611672509, 0.007002199766274832, 0.00529963483046593, 0.009949206785667911, 0.010022639261245159, 0.010007618982149812, 0.010983158039458306, 0.01096755344744621, 0.011148575880479366, 0.01786414260945092, 0.01811209642308838, 0.01816064682016424, 0.019459055637103262, 0.021175110561169542, 0.021335326871519903, 0.02096452742092231, 0.02239879708564097, 0.022119655769480474, 0.020459517563074844, 0.020562251192710417, 0.019110012979826296, 0.01959850446445621, 0.019108944377040887, 0.021206385662847525, 0.025678077954217365, 0.02625748683193827, 0.02649273332416764], "rate_of_adaptation": 0.0006702132171998371}