{"virus": "229e", "subtype": null, "gene": "rdrp", "window": 3, "min_seqs": 2, "midfreq_high": 0.75, "midfreq_low": 0.15, "years": ["1991-1994", "1992-1995", "1993-1996", "2003-2006", "2004-2007", "2005-2008", "2006-2009", "2007-2010", "2008-2011", "2009-2012", "2010-2013", "2011-2014", "2013-2016", "2014-2017", "2015-2018", "2016-2019"], "window_midpoints": [1992.5, 1993.5, 1994.5, 2004.5, 2005.5, 2006.5, 2007.5, 2008.5, 2009.5, 2010.5, 2011.5, 2012.5, 2014.5, 2015.5, 2016.5, 2017.5], "gene_length_in_codons": 927.0, "adaptive_mutations_accumulated": [0.0, 0.0, 0.0, 1.5601851851851851, 1.5601851851851851, 1.5601851851851851, 1.5601851851851851, 1.5601851851851851, 1.5601851851851851, 1.5601851851851851, 2.2222222222222223, 2.2222222222222223, 2.2222222222222223, 2.2222222222222223, 2.2222222222222223, 2.2222222222222223], "adaptive_muts_per_codon": [0.0, 0.0, 0.0, 0.0016830476647089376, 0.0016830476647089376, 0.0016830476647089376, 0.0016830476647089376, 0.0016830476647089376, 0.0016830476647089376, 0.0016830476647089376, 0.00239721922569819, 0.00239721922569819, 0.00239721922569819, 0.00239721922569819, 0.00239721922569819, 0.00239721922569819], "rate_of_adaptation": 0.09868395482778641, "rate_of_adaptation_per_codon": 0.0001064551832014956, "adaptive_muts_per_codon_per_year_scientific": 0.10645518320149559}