{"virus": "h1n1pdm", "subtype": null, "gene": "ha1", "window": 3, "min_seqs": 2, "midfreq_high": 0.75, "midfreq_low": 0.15, "years": ["2010-2013", "2011-2014", "2012-2015", "2013-2016", "2014-2017", "2015-2018", "2016-2019", "2017-2020", "2018-2021", "2019-2022"], "window_midpoints": [2011.5, 2012.5, 2013.5, 2014.5, 2015.5, 2016.5, 2017.5, 2018.5, 2019.5, 2020.5], "gene_length_in_codons": 327.0, "adaptive_mutations_accumulated": [0.7752442996742671, 0.7752442996742671, 1.568800230207617, 4.064495941624674, 4.064495941624674, 4.664558013317479, 6.365125372320832, 8.846562530023956, 9.64612680017646, 12.229519442879695], "adaptive_muts_per_codon": [0.0023707776748448537, 0.0023707776748448537, 0.004797554220818401, 0.012429651197628974, 0.012429651197628974, 0.01426470340464061, 0.019465215205874103, 0.027053708042886714, 0.029498858716135966, 0.03739914202715503], "rate_of_adaptation": 1.2671237312438013, "rate_of_adaptation_per_codon": 0.0038749961200116247, "adaptive_muts_per_codon_per_year_scientific": 3.8749961200116245}