{"virus": "h1n1pdm", "subtype": null, "gene": "ha2", "window": 3, "min_seqs": 2, "midfreq_high": 0.75, "midfreq_low": 0.15, "years": ["2010-2013", "2011-2014", "2012-2015", "2013-2016", "2014-2017", "2015-2018", "2016-2019", "2017-2020", "2018-2021", "2019-2022"], "window_midpoints": [2011.5, 2012.5, 2013.5, 2014.5, 2015.5, 2016.5, 2017.5, 2018.5, 2019.5, 2020.5], "gene_length_in_codons": 222.0, "adaptive_mutations_accumulated": [0.7659574468085106, 0.7659574468085106, 0.7659574468085106, 1.7202843698854338, 1.7202843698854338, 1.7202843698854338, 1.7202843698854338, 1.7202843698854338, 1.7202843698854338, 1.7202843698854338], "adaptive_muts_per_codon": [0.0034502587694077054, 0.0034502587694077054, 0.0034502587694077054, 0.00774902869317763, 0.00774902869317763, 0.00774902869317763, 0.00774902869317763, 0.00774902869317763, 0.00774902869317763, 0.00774902869317763], "rate_of_adaptation": 0.12145979020979024, "rate_of_adaptation_per_codon": 0.0005471161721161723, "adaptive_muts_per_codon_per_year_scientific": 0.5471161721161723}