{"virus": "h1n1pdm", "subtype": null, "gene": "pb1", "window": 3, "min_seqs": 2, "midfreq_high": 0.75, "midfreq_low": 0.15, "years": ["2010-2013", "2011-2014", "2012-2015", "2013-2016", "2014-2017", "2015-2018", "2016-2019", "2017-2020", "2018-2021", "2019-2022"], "window_midpoints": [2011.5, 2012.5, 2013.5, 2014.5, 2015.5, 2016.5, 2017.5, 2018.5, 2019.5, 2020.5], "gene_length_in_codons": 758.0, "adaptive_mutations_accumulated": [0.0, 1.407703763700733, 1.8769265601865182, 1.8769265601865182, 1.8769265601865182, 1.8769265601865182, 1.8769265601865182, 1.8769265601865182, 1.8769265601865182, 3.3669519982569485], "adaptive_muts_per_codon": [0.0, 0.0018571289758584869, 0.002476156411855565, 0.002476156411855565, 0.002476156411855565, 0.002476156411855565, 0.002476156411855565, 0.002476156411855565, 0.002476156411855565, 0.004441889179758508], "rate_of_adaptation": 0.20355834884674562, "rate_of_adaptation_per_codon": 0.00026854663436246126, "adaptive_muts_per_codon_per_year_scientific": 0.26854663436246123}