{"virus": "measles", "subtype": null, "gene": "L", "window": 3, "min_seqs": 2, "midfreq_high": 0.75, "midfreq_low": 0.15, "years": ["2003-2006", "2004-2007", "2005-2008", "2006-2009", "2007-2010", "2008-2011", "2009-2012", "2010-2013", "2011-2014", "2012-2015", "2013-2016", "2014-2017", "2015-2018", "2016-2019", "2017-2020"], "window_midpoints": [2004.5, 2005.5, 2006.5, 2007.5, 2008.5, 2009.5, 2010.5, 2011.5, 2012.5, 2013.5, 2014.5, 2015.5, 2016.5, 2017.5, 2018.5], "gene_length_in_codons": 2184.0, "adaptive_mutations_accumulated": [0.5269831653017009, 0.5269831653017009, 0.9050198588449746, 0.9050198588449746, 1.5143654233593993, 1.5143654233593993, 1.5143654233593993, 2.5918722781623154, 3.0479284971406844, 3.849029850826468, 3.849029850826468, 3.849029850826468, 3.849029850826468, 3.849029850826468, 10.69000128935784], "adaptive_muts_per_codon": [0.00024129265810517438, 0.00024129265810517438, 0.000414386382255025, 0.000414386382255025, 0.0006933907616114465, 0.0006933907616114465, 0.0006933907616114465, 0.0011867547061182762, 0.001395571656199947, 0.0017623763053234744, 0.0017623763053234744, 0.0017623763053234744, 0.0017623763053234744, 0.0017623763053234744, 0.004894689235053956], "rate_of_adaptation": 0.4670585075731844, "rate_of_adaptation_per_codon": 0.00021385462800969983, "adaptive_muts_per_codon_per_year_scientific": 0.21385462800969982}