{"virus": "measles", "subtype": null, "gene": "H", "window": 3, "min_seqs": 2, "midfreq_high": 0.75, "midfreq_low": 0.15, "years": ["2003-2006", "2004-2007", "2005-2008", "2006-2009", "2007-2010", "2008-2011", "2009-2012", "2010-2013", "2011-2014", "2012-2015", "2013-2016", "2014-2017", "2015-2018", "2016-2019", "2017-2020"], "window_midpoints": [2004.5, 2005.5, 2006.5, 2007.5, 2008.5, 2009.5, 2010.5, 2011.5, 2012.5, 2013.5, 2014.5, 2015.5, 2016.5, 2017.5, 2018.5], "gene_length_in_codons": 618.0, "adaptive_mutations_accumulated": [0.3983639112860614, 0.3983639112860614, 0.3983639112860614, 0.3983639112860614, 0.3983639112860614, 0.3983639112860614, 0.3983639112860614, 3.96074616934376, 4.729976938574529, 4.729976938574529, 5.487552696150287, 5.487552696150287, 5.487552696150287, 5.487552696150287, 7.525359707452751], "adaptive_muts_per_codon": [0.0006446017981975103, 0.0006446017981975103, 0.0006446017981975103, 0.0006446017981975103, 0.0006446017981975103, 0.0006446017981975103, 0.0006446017981975103, 0.006408974384051391, 0.007653684366625451, 0.007653684366625451, 0.008879535107039298, 0.008879535107039298, 0.008879535107039298, 0.008879535107039298, 0.012176957455425163], "rate_of_adaptation": 0.551747170652101, "rate_of_adaptation_per_codon": 0.0008927947745179628, "adaptive_muts_per_codon_per_year_scientific": 0.8927947745179629}