{"virus": "nl63", "subtype": null, "gene": "rdrp", "window": 3, "min_seqs": 2, "midfreq_high": 0.75, "midfreq_low": 0.15, "years": ["1987-1990", "1988-1991", "1989-1992", "1990-1993", "1999-2002", "2000-2003", "2001-2004", "2002-2005", "2003-2006", "2004-2007", "2005-2008", "2006-2009", "2007-2010", "2008-2011", "2009-2012", "2010-2013", "2011-2014", "2012-2015", "2013-2016", "2014-2017", "2015-2018", "2016-2019"], "window_midpoints": [1988.5, 1989.5, 1990.5, 1991.5, 2000.5, 2001.5, 2002.5, 2003.5, 2004.5, 2005.5, 2006.5, 2007.5, 2008.5, 2009.5, 2010.5, 2011.5, 2012.5, 2013.5, 2014.5, 2015.5, 2016.5, 2017.5], "gene_length_in_codons": 927.0, "adaptive_mutations_accumulated": [0.0, 0.0, 0.0, 0.0, 0.16666666666666666, 0.3333333333333333, 0.3333333333333333, 0.3333333333333333, 0.3333333333333333, 0.3333333333333333, 0.3333333333333333, 0.3333333333333333, 0.3333333333333333, 0.3333333333333333, 0.3333333333333333, 0.3333333333333333, 0.3333333333333333, 0.3333333333333333, 0.3333333333333333, 0.3333333333333333, 0.3333333333333333, 0.3333333333333333], "adaptive_muts_per_codon": [0.0, 0.0, 0.0, 0.0, 0.00017979144192736425, 0.0003595828838547285, 0.0003595828838547285, 0.0003595828838547285, 0.0003595828838547285, 0.0003595828838547285, 0.0003595828838547285, 0.0003595828838547285, 0.0003595828838547285, 0.0003595828838547285, 0.0003595828838547285, 0.0003595828838547285, 0.0003595828838547285, 0.0003595828838547285, 0.0003595828838547285, 0.0003595828838547285, 0.0003595828838547285, 0.0003595828838547285], "rate_of_adaptation": 0.0129077010962705, "rate_of_adaptation_per_codon": 1.3924165152395363e-05, "adaptive_muts_per_codon_per_year_scientific": 0.013924165152395362}