{"virus": "nl63", "subtype": null, "gene": "s2", "window": 3, "min_seqs": 2, "midfreq_high": 0.75, "midfreq_low": 0.15, "years": ["1987-1990", "1988-1991", "1989-1992", "1990-1993", "1999-2002", "2000-2003", "2001-2004", "2003-2006", "2004-2007", "2005-2008", "2006-2009", "2007-2010", "2008-2011", "2009-2012", "2010-2013", "2012-2015", "2013-2016", "2014-2017", "2015-2018", "2016-2019"], "window_midpoints": [1988.5, 1989.5, 1990.5, 1991.5, 2000.5, 2001.5, 2002.5, 2004.5, 2005.5, 2006.5, 2007.5, 2008.5, 2009.5, 2010.5, 2011.5, 2013.5, 2014.5, 2015.5, 2016.5, 2017.5], "gene_length_in_codons": 608.0, "adaptive_mutations_accumulated": [1.5005242122181361, 1.5005242122181361, 1.5005242122181361, 1.5005242122181361, 1.5005242122181361, 1.5005242122181361, 1.5005242122181361, 2.250524212218136, 2.250524212218136, 2.250524212218136, 3.875917371381738, 3.875917371381738, 3.875917371381738, 3.875917371381738, 3.875917371381738, 5.6261794774908065, 5.6261794774908065, 6.179969327819792, 6.179969327819792, 6.179969327819792], "adaptive_muts_per_codon": [0.002467967454306145, 0.002467967454306145, 0.002467967454306145, 0.002467967454306145, 0.002467967454306145, 0.002467967454306145, 0.002467967454306145, 0.003701520085885092, 0.003701520085885092, 0.003701520085885092, 0.006374864097667333, 0.006374864097667333, 0.006374864097667333, 0.006374864097667333, 0.006374864097667333, 0.009253584666925668, 0.009253584666925668, 0.01016442323654571, 0.01016442323654571, 0.01016442323654571], "rate_of_adaptation": 0.17273621929408595, "rate_of_adaptation_per_codon": 0.00028410562383895715, "adaptive_muts_per_codon_per_year_scientific": 0.28410562383895716}