{"virus": "nl63", "subtype": null, "gene": "s1", "window": 3, "min_seqs": 2, "midfreq_high": 0.75, "midfreq_low": 0.15, "years": ["1987-1990", "1988-1991", "1989-1992", "1990-1993", "1999-2002", "2000-2003", "2001-2004", "2002-2005", "2003-2006", "2004-2007", "2005-2008", "2006-2009", "2007-2010", "2008-2011", "2009-2012", "2010-2013", "2011-2014", "2012-2015", "2013-2016", "2014-2017", "2015-2018", "2016-2019"], "window_midpoints": [1988.5, 1989.5, 1990.5, 1991.5, 2000.5, 2001.5, 2002.5, 2003.5, 2004.5, 2005.5, 2006.5, 2007.5, 2008.5, 2009.5, 2010.5, 2011.5, 2012.5, 2013.5, 2014.5, 2015.5, 2016.5, 2017.5], "gene_length_in_codons": 734.0, "adaptive_mutations_accumulated": [12.0, 12.0, 12.0, 12.0, 14.0, 14.0, 14.0, 16.0, 16.8, 16.8, 16.8, 24.363241106719368, 24.363241106719368, 24.363241106719368, 24.363241106719368, 24.363241106719368, 24.363241106719368, 24.363241106719368, 24.363241106719368, 25.12324110671937, 26.070609527772, 26.070609527772], "adaptive_muts_per_codon": [0.01634877384196185, 0.01634877384196185, 0.01634877384196185, 0.01634877384196185, 0.01907356948228883, 0.01907356948228883, 0.01907356948228883, 0.021798365122615803, 0.022888283378746595, 0.022888283378746595, 0.022888283378746595, 0.03319242657591195, 0.03319242657591195, 0.03319242657591195, 0.03319242657591195, 0.03319242657591195, 0.03319242657591195, 0.03319242657591195, 0.03319242657591195, 0.0342278489192362, 0.035518541590970024, 0.035518541590970024], "rate_of_adaptation": 0.5741380394118554, "rate_of_adaptation_per_codon": 0.0007822044133676503, "adaptive_muts_per_codon_per_year_scientific": 0.7822044133676503}