{"virus": "rsv", "subtype": "A", "gene": "G", "window": 3, "min_seqs": 2, "midfreq_high": 0.75, "midfreq_low": 0.15, "years": ["1977-1980", "1978-1981", "1979-1982", "1980-1983", "1981-1984", "1982-1985", "1983-1986", "1984-1987", "1985-1988", "1986-1989", "1987-1990", "1988-1991", "1989-1992", "1990-1993", "1991-1994", "1992-1995", "1993-1996", "1994-1997", "1995-1998", "1996-1999", "1997-2000", "1998-2001", "1999-2002", "2000-2003", "2001-2004", "2002-2005", "2003-2006", "2004-2007", "2005-2008", "2006-2009", "2007-2010", "2008-2011", "2009-2012", "2010-2013", "2011-2014", "2012-2015", "2013-2016", "2014-2017", "2015-2018", "2016-2019", "2017-2020"], "window_midpoints": [1978.5, 1979.5, 1980.5, 1981.5, 1982.5, 1983.5, 1984.5, 1985.5, 1986.5, 1987.5, 1988.5, 1989.5, 1990.5, 1991.5, 1992.5, 1993.5, 1994.5, 1995.5, 1996.5, 1997.5, 1998.5, 1999.5, 2000.5, 2001.5, 2002.5, 2003.5, 2004.5, 2005.5, 2006.5, 2007.5, 2008.5, 2009.5, 2010.5, 2011.5, 2012.5, 2013.5, 2014.5, 2015.5, 2016.5, 2017.5, 2018.5], "gene_length_in_codons": 322.0, "adaptive_mutations_accumulated": [0.0, 0.0, 0.0, 0.0, 0.0, 2.8988851492755545, 2.8988851492755545, 2.8988851492755545, 2.8988851492755545, 2.8988851492755545, 2.8988851492755545, 2.8988851492755545, 2.8988851492755545, 18.372212873188886, 19.172212873188887, 19.172212873188887, 19.172212873188887, 20.012212873188886, 20.012212873188886, 20.012212873188886, 20.012212873188886, 20.012212873188886, 23.669988781159997, 23.669988781159997, 23.669988781159997, 23.669988781159997, 23.669988781159997, 24.509988781159997, 26.594409053373074, 46.235508945644185, 49.50150633012536, 51.61819740618218, 52.26129393119074, 52.26129393119074, 53.03052470042151, 56.16048110905138, 58.440757951925825, 58.440757951925825, 58.440757951925825, 58.440757951925825, 58.440757951925825], "adaptive_muts_per_codon": [0.0, 0.0, 0.0, 0.0, 0.0, 0.009002748910793647, 0.009002748910793647, 0.009002748910793647, 0.009002748910793647, 0.009002748910793647, 0.009002748910793647, 0.009002748910793647, 0.009002748910793647, 0.057056561717977905, 0.059541033767667347, 0.059541033767667347, 0.059541033767667347, 0.06214972941984126, 0.06214972941984126, 0.06214972941984126, 0.06214972941984126, 0.06214972941984126, 0.07350928192906832, 0.07350928192906832, 0.07350928192906832, 0.07350928192906832, 0.07350928192906832, 0.07611797758124222, 0.08259133246389154, 0.14358853709827388, 0.15373138611840173, 0.16030496088876456, 0.16230215506580975, 0.16230215506580975, 0.16469107049820345, 0.1744114320156875, 0.18149303711778206, 0.18149303711778206, 0.18149303711778206, 0.18149303711778206, 0.18149303711778206], "rate_of_adaptation": 1.6907226010250302, "rate_of_adaptation_per_codon": 0.00525069130753115, "adaptive_muts_per_codon_per_year_scientific": 5.25069130753115}