{"virus": "rsv", "subtype": "B", "gene": "G", "window": 3, "min_seqs": 2, "midfreq_high": 0.75, "midfreq_low": 0.15, "years": ["1976-1979", "1977-1980", "1978-1981", "1979-1982", "1980-1983", "1981-1984", "1982-1985", "1983-1986", "1984-1987", "1985-1988", "1986-1989", "1987-1990", "1988-1991", "1989-1992", "1990-1993", "1991-1994", "1992-1995", "1993-1996", "1994-1997", "1995-1998", "1996-1999", "1997-2000", "2000-2003", "2001-2004", "2002-2005", "2003-2006", "2004-2007", "2005-2008", "2006-2009", "2007-2010", "2008-2011", "2009-2012", "2010-2013", "2011-2014", "2012-2015", "2013-2016", "2014-2017", "2015-2018", "2016-2019", "2017-2020"], "window_midpoints": [1977.5, 1978.5, 1979.5, 1980.5, 1981.5, 1982.5, 1983.5, 1984.5, 1985.5, 1986.5, 1987.5, 1988.5, 1989.5, 1990.5, 1991.5, 1992.5, 1993.5, 1994.5, 1995.5, 1996.5, 1997.5, 1998.5, 2001.5, 2002.5, 2003.5, 2004.5, 2005.5, 2006.5, 2007.5, 2008.5, 2009.5, 2010.5, 2011.5, 2012.5, 2013.5, 2014.5, 2015.5, 2016.5, 2017.5, 2018.5], "gene_length_in_codons": 300.0, "adaptive_mutations_accumulated": [20.764517726495452, 22.43118439316212, 22.43118439316212, 22.43118439316212, 22.43118439316212, 22.43118439316212, 22.43118439316212, 34.75125767521313, 34.75125767521313, 34.75125767521313, 37.67858224735993, 39.478582247359924, 39.478582247359924, 40.469854252387464, 40.469854252387464, 40.469854252387464, 51.08068205081563, 53.46280412701808, 55.0431093175242, 57.44068680326242, 58.75294194797497, 60.75294194797497, 69.56875966549268, 71.16275090430614, 71.16275090430614, 74.48798828389384, 76.69263742818742, 76.69263742818742, 76.69263742818742, 77.56763742818742, 77.56763742818742, 78.56763742818742, 78.56763742818742, 80.32065007372871, 80.32065007372871, 80.32065007372871, 81.85756368697139, 84.72383569199893, 84.72383569199893, 85.51289819199893], "adaptive_muts_per_codon": [0.06921505908831817, 0.07477061464387373, 0.07477061464387373, 0.07477061464387373, 0.07477061464387373, 0.07477061464387373, 0.07477061464387373, 0.11583752558404377, 0.11583752558404377, 0.11583752558404377, 0.12559527415786642, 0.13159527415786643, 0.13159527415786643, 0.13489951417462487, 0.13489951417462487, 0.13489951417462487, 0.17026894016938543, 0.17820934709006028, 0.18347703105841398, 0.19146895601087474, 0.19584313982658322, 0.2025098064932499, 0.23189586555164227, 0.23720916968102046, 0.23720916968102046, 0.24829329427964614, 0.25564212476062476, 0.25564212476062476, 0.25564212476062476, 0.25855879142729143, 0.25855879142729143, 0.26189212476062473, 0.26189212476062473, 0.26773550024576237, 0.26773550024576237, 0.26773550024576237, 0.27285854562323797, 0.28241278563999644, 0.28241278563999644, 0.2850429939733298], "rate_of_adaptation": 1.7781464470619153, "rate_of_adaptation_per_codon": 0.005927154823539718, "adaptive_muts_per_codon_per_year_scientific": 5.927154823539718}