{"virus": "vic", "subtype": null, "gene": "ha2", "window": 3, "min_seqs": 2, "midfreq_high": 0.75, "midfreq_low": 0.15, "years": ["1969-1972", "1970-1973", "1971-1974", "1972-1975", "1973-1976", "1974-1977", "1975-1978", "1976-1979", "1977-1980", "1978-1981", "1979-1982", "1980-1983", "1981-1984", "1982-1985", "1983-1986", "1984-1987", "1985-1988", "1986-1989", "1987-1990", "1988-1991", "1989-1992", "1990-1993", "1991-1994", "1992-1995", "1993-1996", "1994-1997", "1995-1998", "1996-1999", "1997-2000", "1998-2001", "1999-2002", "2000-2003", "2001-2004", "2002-2005", "2003-2006", "2004-2007", "2005-2008", "2006-2009", "2007-2010", "2008-2011", "2009-2012", "2010-2013", "2011-2014", "2012-2015", "2013-2016", "2014-2017", "2015-2018", "2016-2019", "2017-2020", "2018-2021", "2019-2022"], "window_midpoints": [1970.5, 1971.5, 1972.5, 1973.5, 1974.5, 1975.5, 1976.5, 1977.5, 1978.5, 1979.5, 1980.5, 1981.5, 1982.5, 1983.5, 1984.5, 1985.5, 1986.5, 1987.5, 1988.5, 1989.5, 1990.5, 1991.5, 1992.5, 1993.5, 1994.5, 1995.5, 1996.5, 1997.5, 1998.5, 1999.5, 2000.5, 2001.5, 2002.5, 2003.5, 2004.5, 2005.5, 2006.5, 2007.5, 2008.5, 2009.5, 2010.5, 2011.5, 2012.5, 2013.5, 2014.5, 2015.5, 2016.5, 2017.5, 2018.5, 2019.5, 2020.5], "gene_length_in_codons": 225.0, "adaptive_mutations_accumulated": [0.0, 0.0, 0.0, 0.0, 0.0, 0.0, 0.0, 0.0, 0.0, 0.0, 0.0, 0.0, 0.0, 0.0, 1.0, 1.0, 1.0, 1.0, 1.0, 2.0, 2.0, 3.0, 3.857142857142857, 3.857142857142857, 3.857142857142857, 3.857142857142857, 3.857142857142857, 4.714285714285714, 6.714285714285714, 6.714285714285714, 6.714285714285714, 7.487012987012987, 7.487012987012987, 7.487012987012987, 7.487012987012987, 7.487012987012987, 7.487012987012987, 7.487012987012987, 7.487012987012987, 7.487012987012987, 7.487012987012987, 7.487012987012987, 7.487012987012987, 7.487012987012987, 7.487012987012987, 7.487012987012987, 7.487012987012987, 7.487012987012987, 7.487012987012987, 7.487012987012987, 7.487012987012987], "adaptive_muts_per_codon": [0.0, 0.0, 0.0, 0.0, 0.0, 0.0, 0.0, 0.0, 0.0, 0.0, 0.0, 0.0, 0.0, 0.0, 0.0044444444444444444, 0.0044444444444444444, 0.0044444444444444444, 0.0044444444444444444, 0.0044444444444444444, 0.008888888888888889, 0.008888888888888889, 0.013333333333333334, 0.017142857142857144, 0.017142857142857144, 0.017142857142857144, 0.017142857142857144, 0.017142857142857144, 0.02095238095238095, 0.029841269841269842, 0.029841269841269842, 0.029841269841269842, 0.03327561327561328, 0.03327561327561328, 0.03327561327561328, 0.03327561327561328, 0.03327561327561328, 0.03327561327561328, 0.03327561327561328, 0.03327561327561328, 0.03327561327561328, 0.03327561327561328, 0.03327561327561328, 0.03327561327561328, 0.03327561327561328, 0.03327561327561328, 0.03327561327561328, 0.03327561327561328, 0.03327561327561328, 0.03327561327561328, 0.03327561327561328, 0.03327561327561328], "rate_of_adaptation": 0.2092930598812952, "rate_of_adaptation_per_codon": 0.0009301913772502009, "adaptive_muts_per_codon_per_year_scientific": 0.930191377250201}