{"virus": "sars2", "subtype": null, "gene": "ORF3a", "window": 0.1, "min_seqs": 3, "midfreq_high": 0.75, "midfreq_low": 0.15, "window_midpoint": [2020.03, 2020.08, 2020.13, 2020.18, 2020.23, 2020.28, 2020.33, 2020.38, 2020.43, 2020.48, 2020.53, 2020.58, 2020.63, 2020.68, 2020.73, 2020.78, 2020.83, 2020.88, 2020.93, 2020.98, 2021.03, 2021.08, 2021.13, 2021.18, 2021.23, 2021.28, 2021.33, 2021.38, 2021.43, 2021.48, 2021.53, 2021.58, 2021.63, 2021.68, 2021.73, 2021.78, 2021.83, 2021.88, 2021.93, 2021.98, 2022.03, 2022.08, 2022.13, 2022.18, 2022.23, 2022.28, 2022.33, 2022.38, 2022.43, 2022.48, 2022.53, 2022.58, 2022.63, 2022.68, 2022.73, 2022.78, 2022.83, 2022.88, 2022.93, 2022.98, 2023.03], "adaptive_substitutions": [0.0, 0.0, 0.0, 0.0, 0.0, 0.0, 0.0, 0.0, 0.0, 0.0, 0.0, 0.0, 0.0, 0.0, 0.0, 0.0, 0.0, 0.0, 0.0, 0.0, 0.0, 0.0, 0.0, 0.0, 0.0, 0.0, 0.0, 0.0, 0.0, 0.0, 0.0, 0.8163530175210902, 0.8832434147889558, 0.882815734989648, 0.869334359368988, 0.9144045368620037, 0.9772141706924315, 0.9634524321997416, 0.6984228473998295, 0.0, 0.0, 0.0, 0.0, 0.0, 0.0, 0.8508563899868248, 0.937856829161177, 0.9645066889632107, 0.9623336291038154, 0.9880540312368088, 0.7695652173913043, 0.7695652173913043, 0.7695652173913043, 0.7695652173913043, 1.0, 1.0, 1.0, 1.0, 0.7695652173913043, 0.7572608695652174, 0.7535855448898927], "adaptive_substitutions_per_codon": [0.0, 0.0, 0.0, 0.0, 0.0, 0.0, 0.0, 0.0, 0.0, 0.0, 0.0, 0.0, 0.0, 0.0, 0.0, 0.0, 0.0, 0.0, 0.0, 0.0, 0.0, 0.0, 0.0, 0.0, 0.0, 0.0, 0.0, 0.0, 0.0, 0.0, 0.0, 0.0029578007881198923, 0.003200157299959985, 0.0031986077354697394, 0.003149762171626768, 0.00331305991616668, 0.003540631053233448, 0.003490769681883122, 0.0025305175630428605, 0.0, 0.0, 0.0, 0.0, 0.0, 0.0, 0.0030828130071986403, 0.003398031989714409, 0.003494589452765256, 0.003486716047477592, 0.003579905910278293, 0.0027882797731569, 0.0027882797731569, 0.0027882797731569, 0.0027882797731569, 0.0036231884057971015, 0.0036231884057971015, 0.0036231884057971015, 0.0036231884057971015, 0.0027882797731569, 0.002743698802772527, 0.0027303824090213506], "rate_of_adaptation": 0.0013260151024127452}