{"virus": "sars2", "subtype": null, "gene": "ORF1a", "window": 0.3, "min_seqs": 3, "midfreq_high": 0.75, "midfreq_low": 0.15, "window_midpoint": [2020.13, 2020.18, 2020.23, 2020.28, 2020.33, 2020.38, 2020.43, 2020.48, 2020.53, 2020.58, 2020.63, 2020.68, 2020.73, 2020.78, 2020.83, 2020.88, 2020.93, 2020.98, 2021.03, 2021.08, 2021.13, 2021.18, 2021.23, 2021.28, 2021.33, 2021.38, 2021.43, 2021.48, 2021.53, 2021.58, 2021.63, 2021.68, 2021.73, 2021.78, 2021.83, 2021.88, 2021.93, 2021.98, 2022.03, 2022.08, 2022.13, 2022.18, 2022.23, 2022.28, 2022.33, 2022.38, 2022.43, 2022.48, 2022.53, 2022.58, 2022.63, 2022.68, 2022.73, 2022.78, 2022.83, 2022.88, 2022.93], "adaptive_substitutions": [0.0, 0.0, 0.0, 0.0, 0.0, 0.0, 0.0, 0.0, 0.0, 0.0, 0.0, 0.0, 0.0, 0.0, 0.0, 0.0, 0.0, 0.0, 0.0, 0.0, 0.0, 0.0, 0.0, 0.0, 0.0, 0.0, 0.0, 0.0, 0.0, 0.0, 0.0, 1.4856931127725486, 4.393419307395181, 4.5689384314126, 4.4623923297608155, 0.9012311328013802, 0.935126789668357, 0.958093512892578, 0.9807152642230678, 1.8204255528620799, 1.924139940217945, 1.961901839241008, 1.9735485066151375, 5.355896231714118, 7.66653328293588, 8.136537841009687, 8.304650633087192, 8.37022600966264, 8.387586829816183, 8.367058566367973, 9.395767731934958, 6.395755491213684, 6.390777181769307, 9.394443704532707, 9.391119943300255, 7.194900067586858, 7.194730255904751], "adaptive_substitutions_per_codon": [0.0, 0.0, 0.0, 0.0, 0.0, 0.0, 0.0, 0.0, 0.0, 0.0, 0.0, 0.0, 0.0, 0.0, 0.0, 0.0, 0.0, 0.0, 0.0, 0.0, 0.0, 0.0, 0.0, 0.0, 0.0, 0.0, 0.0, 0.0, 0.0, 0.0, 0.0, 0.0003375808027204155, 0.0009982775067928155, 0.0010381591527863212, 0.0010139496318474926, 0.0002047787168373961, 0.00021248052480535266, 0.0002176990486009039, 0.00022283918750808175, 0.0004136390713160827, 0.00043720516705702004, 0.00044578546676687296, 0.00044843183517726367, 0.0012169725588989135, 0.001741998019299223, 0.001848792965464596, 0.001886991736670573, 0.0019018918449585638, 0.0019058365893697303, 0.0019011721350529363, 0.002134916548951365, 0.0014532505092510076, 0.0014521193323720307, 0.002134615702006977, 0.0021338604733697466, 0.0016348330078588635, 0.0016347944230640198], "rate_of_adaptation": 0.0007585876883511971}