{"virus": "sars2", "subtype": null, "gene": "ORF9b", "window": 0.1, "min_seqs": 3, "midfreq_high": 0.75, "midfreq_low": 0.15, "window_midpoint": [2020.03, 2020.08, 2020.13, 2020.18, 2020.23, 2020.28, 2020.33, 2020.38, 2020.43, 2020.48, 2020.53, 2020.58, 2020.63, 2020.68, 2020.73, 2020.78, 2020.83, 2020.88, 2020.93, 2020.98, 2021.03, 2021.08, 2021.13, 2021.18, 2021.23, 2021.28, 2021.33, 2021.38, 2021.43, 2021.48, 2021.53, 2021.58, 2021.63, 2021.68, 2021.73, 2021.78, 2021.83, 2021.88, 2021.93, 2021.98, 2022.03, 2022.08, 2022.13, 2022.18, 2022.23, 2022.28, 2022.33, 2022.38, 2022.43, 2022.48, 2022.53, 2022.58, 2022.63, 2022.68, 2022.73, 2022.78, 2022.83, 2022.88, 2022.93, 2022.98, 2023.03], "adaptive_substitutions": [0.0, 0.0, 0.0, 0.0, 0.0, 0.0, 0.0, 0.0, 0.0, 0.0, 0.0, 0.0, 0.0, 0.0, 0.0, 0.0, 0.0, 0.0, 0.0, 0.0, 0.0, 0.0, 0.0, 0.0, 0.0, 0.0, 0.0, 0.0, 0.0, 0.0, 0.0, 0.7968872601335406, 0.8645688783310205, 0.8928016095149242, 0.8794018107042897, 0.9130684009582007, 0.9311452988897899, 0.9148974073736843, 0.7082196824240601, 0.0, 0.8092568797723628, 0.9017672930827669, 0.9364874739759269, 0.9754418232706917, 1.0, 1.0, 1.9872092829534853, 0.9879616780738686, 1.0, 2.0, 2.0, 0.9883056301289008, 0.9865064963025779, 1.0, 2.0, 2.0, 2.0, 1.0, 1.0, 0.9877209116353458, 0.9840531319939556], "adaptive_substitutions_per_codon": [0.0, 0.0, 0.0, 0.0, 0.0, 0.0, 0.0, 0.0, 0.0, 0.0, 0.0, 0.0, 0.0, 0.0, 0.0, 0.0, 0.0, 0.0, 0.0, 0.0, 0.0, 0.0, 0.0, 0.0, 0.0, 0.0, 0.0, 0.0, 0.0, 0.0, 0.0, 0.008131502654423884, 0.008822131411541026, 0.009110220505254328, 0.008973487864329487, 0.009317024499573476, 0.00950148264173255, 0.009335687830343718, 0.007226731453306735, 0.0, 0.008257723262983295, 0.009201707072273132, 0.009555994632407418, 0.00995348799255808, 0.01020408163265306, 0.01020408163265306, 0.02027764574442332, 0.010081241612998658, 0.01020408163265306, 0.02040816326530612, 0.02040816326530612, 0.010084751327845927, 0.01006639281941406, 0.01020408163265306, 0.02040816326530612, 0.02040816326530612, 0.02040816326530612, 0.01020408163265306, 0.01020408163265306, 0.01007878481260557, 0.010041358489734241], "rate_of_adaptation": 0.006206506126898325}