{"virus": "sars2", "subtype": null, "gene": "S1", "window": 0.1, "min_seqs": 3, "midfreq_high": 0.75, "midfreq_low": 0.15, "window_midpoint": [2020.03, 2020.08, 2020.13, 2020.18, 2020.23, 2020.28, 2020.33, 2020.38, 2020.43, 2020.48, 2020.53, 2020.58, 2020.63, 2020.68, 2020.73, 2020.78, 2020.83, 2020.88, 2020.93, 2020.98, 2021.03, 2021.08, 2021.13, 2021.18, 2021.23, 2021.28, 2021.33, 2021.38, 2021.43, 2021.48, 2021.53, 2021.58, 2021.63, 2021.68, 2021.73, 2021.78, 2021.83, 2021.88, 2021.93, 2021.98, 2022.03, 2022.08, 2022.13, 2022.18, 2022.23, 2022.28, 2022.33, 2022.38, 2022.43, 2022.48, 2022.53, 2022.58, 2022.63, 2022.68, 2022.73, 2022.78, 2022.83, 2022.88, 2022.93, 2022.98, 2023.03], "adaptive_substitutions": [0.0, 0.0, 0.0, 0.0, 0.7259375251752195, 0.7837014621767501, 0.8368118027396606, 0.8247581290783855, 0.8558009747845001, 0.9620528881011843, 0.9876117675931702, 0.9339748053042582, 0.9044135249518466, 0.9585634985012932, 0.9835389240621575, 0.9837613710342906, 0.9877381781279336, 1.0, 0.9732964768119444, 0.939310174572601, 0.9495101452326682, 0.9702068129720042, 0.9779512193860092, 0.9884455909282452, 1.0, 0.9691882424753205, 0.9699585364134375, 1.0, 1.7440912361144678, 1.8048588690103635, 1.811680377517071, 4.335753421738488, 4.603675075577091, 4.660188107948869, 4.6255073117909085, 4.737290348443482, 4.932615315942678, 4.903136561482139, 4.418291886138556, 2.4899861788044793, 15.416151022830151, 15.723407319569176, 15.999312631101409, 15.997273783582461, 16.82611717326867, 21.08191659320345, 21.370363313181045, 21.26308748306495, 20.4928955500784, 21.36692347451876, 22.44173072139811, 22.545979497501015, 22.158709239931035, 22.215051048326693, 21.52085147060921, 21.412096394314236, 21.424653759563675, 21.012720960374487, 21.046266159839995, 21.150408853451722, 21.461263066838832], "adaptive_substitutions_per_codon": [0.0, 0.0, 0.0, 0.0, 0.0010786590270062697, 0.001164489542610327, 0.001243405353253582, 0.0012254949912011673, 0.0012716210620869245, 0.0014294990907892783, 0.0014674766234668204, 0.0013877783139736378, 0.0013438536774915996, 0.0014243142622604654, 0.0014614248500180646, 0.0014617553804372818, 0.0014676644548706295, 0.0014858841010401188, 0.001446205760493231, 0.0013957060543426463, 0.001410862028577516, 0.0014416148781159052, 0.0014531221684784682, 0.0014687155883034847, 0.0014858841010401188, 0.0014401014004090944, 0.00144124596792487, 0.0014858841010401188, 0.002591517438505896, 0.0026818110980837495, 0.0026919470691189763, 0.006442427075391513, 0.006840527601154668, 0.006924499417457458, 0.006872967773834931, 0.007039064410762974, 0.007329294674506209, 0.0072854926619348274, 0.00656506966736784, 0.0036998308748952143, 0.022906613704056687, 0.02336316095032567, 0.023773124266123935, 0.023770094775011085, 0.025001659989998024, 0.03132528468529487, 0.03175388308050675, 0.031594483630111365, 0.0304500676821373, 0.03174877187892832, 0.03334581087874905, 0.033500712477713246, 0.032925273759184304, 0.033008991156503256, 0.031977491041024084, 0.03181589360224998, 0.031834552391625075, 0.03122246799461291, 0.031272312273164925, 0.031427056245842085, 0.031888949579255324], "rate_of_adaptation": 0.01346799210107457}