{"virus": "sars2", "subtype": null, "gene": "S2", "window": 0.2, "min_seqs": 3, "midfreq_high": 0.75, "midfreq_low": 0.15, "window_midpoint": [2020.08, 2020.13, 2020.18, 2020.23, 2020.28, 2020.33, 2020.38, 2020.43, 2020.48, 2020.53, 2020.58, 2020.63, 2020.68, 2020.73, 2020.78, 2020.83, 2020.88, 2020.93, 2020.98, 2021.03, 2021.08, 2021.13, 2021.18, 2021.23, 2021.28, 2021.33, 2021.38, 2021.43, 2021.48, 2021.53, 2021.58, 2021.63, 2021.68, 2021.73, 2021.78, 2021.83, 2021.88, 2021.93, 2021.98, 2022.03, 2022.08, 2022.13, 2022.18, 2022.23, 2022.28, 2022.33, 2022.38, 2022.43, 2022.48, 2022.53, 2022.58, 2022.63, 2022.68, 2022.73, 2022.78, 2022.83, 2022.88, 2022.93, 2022.98], "adaptive_substitutions": [0.0, 0.0, 0.0, 0.0, 0.0, 0.0, 0.0, 0.0, 0.0, 0.0, 0.0, 0.0, 0.0, 0.0, 0.0, 0.0, 0.0, 0.0, 0.0, 0.0, 0.0, 0.0, 0.0, 0.0, 0.0, 0.0, 0.0, 0.0, 0.0, 0.0, 0.7558544303797469, 0.810325155075899, 0.8531074373654078, 0.8753299218960409, 0.8700150902484763, 0.8968399001604564, 0.8063268317916261, 0.0, 0.0, 2.7375496766067773, 3.3753746573587584, 3.585623590348234, 3.6576845543722016, 3.725023839374974, 3.773168512658228, 3.7668789757758785, 3.77291419435654, 3.767125606146483, 3.767590545696808, 3.773403268013632, 3.773346288558437, 3.7732587142233585, 3.772778918664153, 3.7669387362118325, 3.767211977763958, 3.7732587142233585, 3.773288191859022, 4.0, 4.0], "adaptive_substitutions_per_codon": [0.0, 0.0, 0.0, 0.0, 0.0, 0.0, 0.0, 0.0, 0.0, 0.0, 0.0, 0.0, 0.0, 0.0, 0.0, 0.0, 0.0, 0.0, 0.0, 0.0, 0.0, 0.0, 0.0, 0.0, 0.0, 0.0, 0.0, 0.0, 0.0, 0.0, 0.0012854667183329028, 0.0013781040052311207, 0.00145086298871668, 0.0014886563297551716, 0.0014796175004225787, 0.0015252379254429532, 0.0013713041357000444, 0.0, 0.0, 0.00465569672892309, 0.005740433090746188, 0.006097999303313323, 0.00622055196321803, 0.00633507455676016, 0.006416953252820116, 0.006406256761523603, 0.006416520738701598, 0.006406676200929393, 0.006407466914450354, 0.006417352496621823, 0.006417255592786457, 0.006417106656842446, 0.00641629067800026, 0.006406358394918083, 0.006406823091435303, 0.006417106656842446, 0.006417156788875888, 0.006802721088435374, 0.006802721088435374], "rate_of_adaptation": 0.0029590619689023644}