{"virus": "sars221L", "subtype": null, "gene": "S1", "window": 0.2, "min_seqs": 3, "midfreq_high": 0.75, "midfreq_low": 0.15, "window_midpoint": [2021.93, 2021.98, 2022.03, 2022.08, 2022.13, 2022.18, 2022.23, 2022.28, 2022.33, 2022.38, 2022.43, 2022.48, 2022.53, 2022.58, 2022.63, 2022.68, 2022.73, 2022.78, 2022.83, 2022.88, 2022.93, 2022.98, 2023.03, 2023.08, 2023.13], "adaptive_substitutions": [0.0, 0.0, 0.0, 0.0, 0.0, 0.0, 0.0, 0.0, 0.0, 0.0, 0.0, 0.710791508733451, 2.412621729408353, 2.7293983959302293, 2.841224407694124, 2.873068624445136, 2.83759047164681, 2.7090388266667436, 2.570035153363321, 2.466852172625564, 1.0, 2.570375528646323, 2.6804933243751465, 2.7926746447354924, 4.983702892769811], "adaptive_substitutions_per_codon": [0.0, 0.0, 0.0, 0.0, 0.0, 0.0, 0.0, 0.0, 0.0, 0.0, 0.0, 0.0010561538019813537, 0.0035848762695517874, 0.0040555696819171315, 0.0042217301748798276, 0.004269046990260232, 0.004216330567082927, 0.004025317721644493, 0.003818774373496762, 0.0036654564229206, 0.0014858841010401188, 0.003819280131718162, 0.003982902413633204, 0.004149590853990331, 0.007405204892674311], "rate_of_adaptation": 0.005083236084839346}