{"virus": "sars2", "subtype": null, "gene": "ORF1b", "window": 0.2, "min_seqs": 3, "midfreq_high": 0.75, "midfreq_low": 0.15, "window_midpoint": [2020.08, 2020.13, 2020.18, 2020.23, 2020.28, 2020.33, 2020.38, 2020.43, 2020.48, 2020.53, 2020.58, 2020.63, 2020.68, 2020.73, 2020.78, 2020.83, 2020.88, 2020.93, 2020.98, 2021.03, 2021.08, 2021.13, 2021.18, 2021.23, 2021.28, 2021.33, 2021.38, 2021.43, 2021.48, 2021.53, 2021.58, 2021.63, 2021.68, 2021.73, 2021.78, 2021.83, 2021.88, 2021.93, 2021.98, 2022.03, 2022.08, 2022.13, 2022.18, 2022.23, 2022.28, 2022.33, 2022.38, 2022.43, 2022.48, 2022.53, 2022.58, 2022.63, 2022.68, 2022.73, 2022.78, 2022.83, 2022.88, 2022.93, 2022.98], "adaptive_substitutions": [0.0, 0.0, 0.0, 0.0, 0.7722319133650541, 0.8028553717485327, 0.8396830087009208, 0.8812439120486244, 0.8971880164495035, 0.9258405364553797, 0.9254330668754641, 0.9228910123371277, 0.9310329551338286, 0.9537346074022767, 0.9713082836603265, 0.9783553718841059, 0.9670121977912846, 0.9557117609320939, 0.9460985717308077, 0.9380311332024405, 0.9404772726812916, 0.9508686096307363, 0.9609221419989064, 0.9555407638700557, 0.9517230685936799, 0.9580002109751163, 0.956520042198909, 0.9683655435229241, 0.9745094255659926, 0.9753251239478808, 2.5211549781302915, 2.6962542544787023, 3.4504736640183875, 3.543958463006304, 3.607775031738374, 3.661729977636054, 3.423044166131527, 0.9946124724777032, 0.9942077755746199, 1.7439284579195686, 1.9003383667333176, 1.9478699801715793, 1.9671001652638411, 1.987280991725712, 3.0598704953643248, 3.3292155309077014, 3.412122981862986, 3.4663349722859045, 3.481048495597628, 3.520981071685463, 3.5325123947880863, 3.526464631049822, 3.525949927752948, 3.5262497358916094, 3.5263743659194002, 3.5262813654819958, 3.526312677187051, 3.5074598420617003, 3.5039016959932985], "adaptive_substitutions_per_codon": [0.0, 0.0, 0.0, 0.0, 0.0002864361696457916, 0.00029779501919455963, 0.00031145512192170654, 0.00032687088725839186, 0.00033278487257029063, 0.00034341266188997764, 0.0003432615233217597, 0.0003423186247541275, 0.00034533863320987705, 0.0003537591273747317, 0.00036027755328647127, 0.00036289145841398587, 0.0003586840496258474, 0.0003544924929273345, 0.0003509267699298248, 0.0003479343965884423, 0.0003488417183535948, 0.0003526960718214897, 0.00035642512685419377, 0.00035442906671737974, 0.0003530130076386053, 0.0003553413245456663, 0.00035479230051888315, 0.00035918603246399265, 0.00036146492046216345, 0.0003617674792091546, 0.0009351465052412061, 0.0010000943080410616, 0.00127984928190593, 0.0013145246524504095, 0.001338195486549842, 0.0013582084486780616, 0.0012696751358054626, 0.0003689215402365368, 0.0003687714301092804, 0.0006468577366170507, 0.0007048732814292721, 0.0007225037018440576, 0.0007296365598159648, 0.0007371220295718516, 0.001134966800951159, 0.001234872229565171, 0.0012656242514328584, 0.0012857325564858697, 0.0012911900948062419, 0.0013060018811889699, 0.001310279078185492, 0.0013080358423775305, 0.0013078449286917464, 0.001307956133490953, 0.0013080023612460684, 0.0013079678655348649, 0.0013079794796687875, 0.0013009865883018177, 0.0012996668011844579], "rate_of_adaptation": 0.00046912770416431844}