{"virus": "sars221L", "subtype": null, "gene": "S1", "window": 0.1, "min_seqs": 3, "midfreq_high": 0.75, "midfreq_low": 0.15, "window_midpoint": [2021.98, 2022.03, 2022.08, 2022.13, 2022.18, 2022.23, 2022.28, 2022.33, 2022.38, 2022.43, 2022.48, 2022.53, 2022.58, 2022.63, 2022.68, 2022.73, 2022.78, 2022.83, 2022.88, 2022.93, 2022.98, 2023.03, 2023.08, 2023.13, 2023.18], "adaptive_substitutions": [0.0, 0.0, 0.0, 0.0, 0.0, 0.0, 0.0, 0.0, 0.0, 0.0, 0.7579633791536261, 1.7362764695423911, 1.8795593843900584, 1.9109239772591464, 1.8980785506187698, 1.876956930200363, 1.799488340162209, 1.5506779906374186, 0.0, 1.4470417237584856, 2.3040877033573266, 1.7198711033109246, 1.793927270904113, 4.872840217295061, 5.761828049899175], "adaptive_substitutions_per_codon": [0.0, 0.0, 0.0, 0.0, 0.0, 0.0, 0.0, 0.0, 0.0, 0.0, 0.0011262457342550165, 0.0025799056011031074, 0.0027928074062259414, 0.0028394115561057153, 0.002820324740889703, 0.0027889404609217875, 0.0026738311146541, 0.0023041277721209787, 0.0, 0.0021501362908744213, 0.0034236072858206935, 0.0025555291282480306, 0.0026655680102587115, 0.007240475805787609, 0.008561408692272177], "rate_of_adaptation": 0.004749351406472199}