{"virus": "sars2", "subtype": null, "gene": "E", "window": 0.1, "min_seqs": 3, "midfreq_high": 0.75, "midfreq_low": 0.15, "window_midpoint": [2020.03, 2020.08, 2020.13, 2020.18, 2020.23, 2020.28, 2020.33, 2020.38, 2020.43, 2020.48, 2020.53, 2020.58, 2020.63, 2020.68, 2020.73, 2020.78, 2020.83, 2020.88, 2020.93, 2020.98, 2021.03, 2021.08, 2021.13, 2021.18, 2021.23, 2021.28, 2021.33, 2021.38, 2021.43, 2021.48, 2021.53, 2021.58, 2021.63, 2021.68, 2021.73, 2021.78, 2021.83, 2021.88, 2021.93, 2021.98, 2022.03, 2022.08, 2022.13, 2022.18, 2022.23, 2022.28, 2022.33, 2022.38, 2022.43, 2022.48, 2022.53, 2022.58, 2022.63, 2022.68, 2022.73, 2022.78, 2022.83, 2022.88, 2022.93, 2022.98, 2023.03], "adaptive_substitutions": [0.0, 0.0, 0.0, 0.0, 0.0, 0.0, 0.0, 0.0, 0.0, 0.0, 0.0, 0.0, 0.0, 0.0, 0.0, 0.0, 0.0, 0.0, 0.0, 0.0, 0.0, 0.0, 0.0, 0.0, 0.0, 0.0, 0.0, 0.0, 0.0, 0.0, 0.0, 0.0, 0.0, 0.0, 0.0, 0.0, 0.0, 0.0, 0.0, 0.0, 0.8761061946902655, 0.9369369369369369, 0.9603174603174603, 0.9903846153846154, 1.0, 1.0, 1.0, 0.9807692307692307, 0.9693877551020408, 0.9901960784313726, 0.9830508474576272, 0.9823008849557522, 1.0, 1.0, 1.0, 1.0, 1.0, 1.0, 1.0, 0.98989898989899, 0.9868421052631579], "adaptive_substitutions_per_codon": [0.0, 0.0, 0.0, 0.0, 0.0, 0.0, 0.0, 0.0, 0.0, 0.0, 0.0, 0.0, 0.0, 0.0, 0.0, 0.0, 0.0, 0.0, 0.0, 0.0, 0.0, 0.0, 0.0, 0.0, 0.0, 0.0, 0.0, 0.0, 0.0, 0.0, 0.0, 0.0, 0.0, 0.0, 0.0, 0.0, 0.0, 0.0, 0.0, 0.0, 0.01152771308802981, 0.012328117591275486, 0.01263575605680869, 0.013031376518218623, 0.013157894736842105, 0.013157894736842105, 0.013157894736842105, 0.01290485829959514, 0.012755102040816327, 0.01302889576883385, 0.012934879571810883, 0.012925011644154634, 0.013157894736842105, 0.013157894736842105, 0.013157894736842105, 0.013157894736842105, 0.013157894736842105, 0.013157894736842105, 0.013157894736842105, 0.013024986709197236, 0.012984764542936287], "rate_of_adaptation": 0.005775329527405652}