{"virus": "sars2", "subtype": null, "gene": "N", "window": 0.2, "min_seqs": 3, "midfreq_high": 0.75, "midfreq_low": 0.15, "window_midpoint": [2020.08, 2020.13, 2020.18, 2020.23, 2020.28, 2020.33, 2020.38, 2020.43, 2020.48, 2020.53, 2020.58, 2020.63, 2020.68, 2020.73, 2020.78, 2020.83, 2020.88, 2020.93, 2020.98, 2021.03, 2021.08, 2021.13, 2021.18, 2021.23, 2021.28, 2021.33, 2021.38, 2021.43, 2021.48, 2021.53, 2021.58, 2021.63, 2021.68, 2021.73, 2021.78, 2021.83, 2021.88, 2021.93, 2021.98, 2022.03, 2022.08, 2022.13, 2022.18, 2022.23, 2022.28, 2022.33, 2022.38, 2022.43, 2022.48, 2022.53, 2022.58, 2022.63, 2022.68, 2022.73, 2022.78, 2022.83, 2022.88, 2022.93, 2022.98], "adaptive_substitutions": [0.0, 0.0, 0.0, 0.0, 0.0, 0.0, 0.0, 0.0, 0.0, 0.0, 0.0, 0.0, 0.0, 0.0, 0.0, 0.0, 0.0, 0.0, 0.0, 0.0, 0.0, 0.0, 0.0, 0.0, 0.0, 0.7030903051700794, 0.7332139905760299, 0.7801972410041429, 0.8431724759227972, 0.8935806031194408, 2.4637562992184106, 2.677002605801595, 3.4263331334237477, 3.5243764976541123, 3.581998936424521, 3.628521806776131, 3.3993923877786556, 0.9893495739166586, 0.9886528170700848, 2.216433142829476, 2.531799054993331, 2.6464491828748944, 2.6945576879743403, 2.743640077148854, 3.551252603825755, 3.6698657517353843, 3.703676215403967, 3.511921897203491, 3.7340630987194143, 3.53720182138855, 3.5484351974084105, 3.7679655343958087, 3.558888530821685, 3.5717028529981496, 3.5597407980868105, 3.7737703461657324, 3.7737703461657324, 3.2549411383049534, 3.264796357952993], "adaptive_substitutions_per_codon": [0.0, 0.0, 0.0, 0.0, 0.0, 0.0, 0.0, 0.0, 0.0, 0.0, 0.0, 0.0, 0.0, 0.0, 0.0, 0.0, 0.0, 0.0, 0.0, 0.0, 0.0, 0.0, 0.0, 0.0, 0.0, 0.0016740245361192368, 0.001745747596609595, 0.0018576124785812927, 0.0020075535141018982, 0.0021275728645700973, 0.0058660864267105015, 0.006373815728099036, 0.008157936031961304, 0.008391372613462173, 0.00852856889624886, 0.008639337635181264, 0.008093791399472989, 0.002355594223611092, 0.002353935278738297, 0.00527722176864161, 0.00602809298807936, 0.006301069483035463, 0.006415613542796048, 0.006532476374163938, 0.008455363342442275, 0.008737775599369963, 0.008818276703342778, 0.008361718802865455, 0.008890626425522415, 0.008421909098544168, 0.008448655231924788, 0.00897134651046621, 0.008473544121004012, 0.008504054411900356, 0.008475573328778121, 0.00898516749087079, 0.00898516749087079, 0.007749859853107032, 0.007773324661792841], "rate_of_adaptation": 0.0040075238916824464}