{"virus": "sars2", "subtype": null, "gene": "S2", "window": 0.3, "min_seqs": 3, "midfreq_high": 0.75, "midfreq_low": 0.15, "window_midpoint": [2020.13, 2020.18, 2020.23, 2020.28, 2020.33, 2020.38, 2020.43, 2020.48, 2020.53, 2020.58, 2020.63, 2020.68, 2020.73, 2020.78, 2020.83, 2020.88, 2020.93, 2020.98, 2021.03, 2021.08, 2021.13, 2021.18, 2021.23, 2021.28, 2021.33, 2021.38, 2021.43, 2021.48, 2021.53, 2021.58, 2021.63, 2021.68, 2021.73, 2021.78, 2021.83, 2021.88, 2021.93, 2021.98, 2022.03, 2022.08, 2022.13, 2022.18, 2022.23, 2022.28, 2022.33, 2022.38, 2022.43, 2022.48, 2022.53, 2022.58, 2022.63, 2022.68, 2022.73, 2022.78, 2022.83, 2022.88, 2022.93], "adaptive_substitutions": [0.0, 0.0, 0.0, 0.0, 0.0, 0.0, 0.0, 0.0, 0.0, 0.0, 0.0, 0.0, 0.0, 0.0, 0.0, 0.0, 0.0, 0.0, 0.0, 0.0, 0.0, 0.0, 0.0, 0.0, 0.0, 0.0, 0.0, 0.0, 0.0, 0.6948180379746836, 0.774785503959927, 0.8361214669672273, 0.8737178088171105, 0.883044038505268, 0.8113070518707822, 0.0, 0.0, 0.0, 0.0, 3.030171894129851, 3.4965801731324753, 3.642145994907597, 3.6937842314021685, 3.7392432861988705, 3.771023990762915, 3.766899910195005, 3.7712673791243, 3.7713964883625968, 3.7711878615139574, 3.7711878615139574, 3.771161003406367, 3.771368931460767, 3.771036002830286, 3.77103675242292, 3.7711192665516124, 3.775243347119522, 3.774927924681292], "adaptive_substitutions_per_codon": [0.0, 0.0, 0.0, 0.0, 0.0, 0.0, 0.0, 0.0, 0.0, 0.0, 0.0, 0.0, 0.0, 0.0, 0.0, 0.0, 0.0, 0.0, 0.0, 0.0, 0.0, 0.0, 0.0, 0.0, 0.0, 0.0, 0.0, 0.0, 0.0, 0.0011816633298889175, 0.001317662421700556, 0.0014219752839578696, 0.001485914640845426, 0.0015017755756892314, 0.0013797738977394255, 0.0, 0.0, 0.0, 0.0, 0.005153353561445325, 0.005946564920293326, 0.006194125841679586, 0.006281945971772396, 0.006359257289453861, 0.006413306106739651, 0.0064062923642772196, 0.0064137200325243195, 0.006413939606058838, 0.006413584798493125, 0.006413584798493125, 0.0064135391214393996, 0.006413892740579536, 0.0064133265354256565, 0.006413327810243061, 0.006413468140393899, 0.00642048188285633, 0.006419945450138251], "rate_of_adaptation": 0.0029248641944557316}