{"virus": "sars2", "subtype": null, "gene": "ORF1a", "window": 0.2, "min_seqs": 3, "midfreq_high": 0.75, "midfreq_low": 0.15, "window_midpoint": [2020.08, 2020.13, 2020.18, 2020.23, 2020.28, 2020.33, 2020.38, 2020.43, 2020.48, 2020.53, 2020.58, 2020.63, 2020.68, 2020.73, 2020.78, 2020.83, 2020.88, 2020.93, 2020.98, 2021.03, 2021.08, 2021.13, 2021.18, 2021.23, 2021.28, 2021.33, 2021.38, 2021.43, 2021.48, 2021.53, 2021.58, 2021.63, 2021.68, 2021.73, 2021.78, 2021.83, 2021.88, 2021.93, 2021.98, 2022.03, 2022.08, 2022.13, 2022.18, 2022.23, 2022.28, 2022.33, 2022.38, 2022.43, 2022.48, 2022.53, 2022.58, 2022.63, 2022.68, 2022.73, 2022.78, 2022.83, 2022.88, 2022.93, 2022.98], "adaptive_substitutions": [0.0, 0.0, 0.0, 0.0, 0.0, 0.0, 0.0, 0.0, 0.0, 0.0, 0.0, 0.0, 0.0, 0.0, 0.0, 0.0, 0.0, 0.0, 0.0, 0.0, 0.0, 0.0, 0.0, 0.0, 0.0, 0.0, 0.0, 0.0, 0.0, 0.0, 0.0, 0.7334015581107876, 3.5005515701836836, 4.408534785436276, 4.540583615574834, 4.7293224415249595, 4.557758574929459, 0.9425668567691362, 0.9795137230531654, 1.7553590040095755, 1.8907390263852366, 1.9446501123326778, 1.9624891692549897, 1.98390807007145, 7.439256124963155, 8.771097708474297, 8.190239193766711, 8.298193454281638, 8.33958863004371, 8.34661601878144, 9.446208982506398, 6.408146389063784, 6.395539875367337, 6.3908304639171085, 6.386188753157251, 9.385896014013065, 9.487336301435572, 7.195953245250176, 7.189002056409813], "adaptive_substitutions_per_codon": [0.0, 0.0, 0.0, 0.0, 0.0, 0.0, 0.0, 0.0, 0.0, 0.0, 0.0, 0.0, 0.0, 0.0, 0.0, 0.0, 0.0, 0.0, 0.0, 0.0, 0.0, 0.0, 0.0, 0.0, 0.0, 0.0, 0.0, 0.0, 0.0, 0.0, 0.0, 0.00016664429859368043, 0.000795399129784977, 0.0010017120621304877, 0.0010317163407350225, 0.001074601781759818, 0.0010356188536535921, 0.00021417106493277352, 0.00022256617201844248, 0.0003988545794159453, 0.0004296157751386586, 0.0004418655106413719, 0.0004459189205305589, 0.00045078574643750283, 0.0016903558566151227, 0.001992978347756032, 0.001860995045163988, 0.0018855245294891246, 0.0018949303862857783, 0.00189652715718733, 0.002146377864691297, 0.0014560659825184695, 0.0014532015167842167, 0.0014521314391995248, 0.00145107674463923, 0.002132673486483314, 0.0021557228587674557, 0.0016350723120313966, 0.0016334928553532863], "rate_of_adaptation": 0.0007488521144677203}