{"virus": "sars2", "subtype": null, "gene": "ORF3a", "window": 0.3, "min_seqs": 3, "midfreq_high": 0.75, "midfreq_low": 0.15, "window_midpoint": [2020.13, 2020.18, 2020.23, 2020.28, 2020.33, 2020.38, 2020.43, 2020.48, 2020.53, 2020.58, 2020.63, 2020.68, 2020.73, 2020.78, 2020.83, 2020.88, 2020.93, 2020.98, 2021.03, 2021.08, 2021.13, 2021.18, 2021.23, 2021.28, 2021.33, 2021.38, 2021.43, 2021.48, 2021.53, 2021.58, 2021.63, 2021.68, 2021.73, 2021.78, 2021.83, 2021.88, 2021.93, 2021.98, 2022.03, 2022.08, 2022.13, 2022.18, 2022.23, 2022.28, 2022.33, 2022.38, 2022.43, 2022.48, 2022.53, 2022.58, 2022.63, 2022.68, 2022.73, 2022.78, 2022.83, 2022.88, 2022.93], "adaptive_substitutions": [0.0, 0.0, 0.0, 0.0, 0.0, 0.0, 0.0, 0.0, 0.0, 0.0, 0.0, 0.0, 0.0, 0.0, 0.0, 0.0, 0.0, 0.0, 0.0, 0.0, 0.0, 0.0, 0.0, 0.0, 0.0, 0.0, 0.0, 0.0, 0.0, 0.7193172644447007, 0.7981317934782609, 0.8687536231884058, 0.9072018460043721, 0.9172514619883041, 0.8514335711401266, 0.0, 0.0, 0.0, 0.0, 0.0, 0.0, 0.0, 0.0, 0.5067539046010976, 0.599009900990099, 0.9356635407786302, 0.9688497523390204, 0.9846195652173914, 0.9881308541870544, 0.9960562987736901, 1.0, 1.0, 1.0, 1.0, 1.0, 0.7654773941932688, 0.7651708074534161], "adaptive_substitutions_per_codon": [0.0, 0.0, 0.0, 0.0, 0.0, 0.0, 0.0, 0.0, 0.0, 0.0, 0.0, 0.0, 0.0, 0.0, 0.0, 0.0, 0.0, 0.0, 0.0, 0.0, 0.0, 0.0, 0.0, 0.0, 0.0, 0.0, 0.0, 0.0, 0.0, 0.002606221972625727, 0.0028917818604284815, 0.0031476580550304557, 0.0032869632101607685, 0.0033233748622764642, 0.0030849042432613285, 0.0, 0.0, 0.0, 0.0, 0.0, 0.0, 0.0, 0.0, 0.0018360648717431073, 0.0021703257282249962, 0.0033900852926761964, 0.0035103251896341317, 0.0035674621928166355, 0.0035801842543009216, 0.0036088996332380077, 0.0036231884057971015, 0.0036231884057971015, 0.0036231884057971015, 0.0036231884057971015, 0.0036231884057971015, 0.0027734688195408287, 0.0027723579980196236], "rate_of_adaptation": 0.0013633070396709321}