{"virus": "sars2", "subtype": null, "gene": "S1", "window": 0.2, "min_seqs": 3, "midfreq_high": 0.75, "midfreq_low": 0.15, "window_midpoint": [2020.08, 2020.13, 2020.18, 2020.23, 2020.28, 2020.33, 2020.38, 2020.43, 2020.48, 2020.53, 2020.58, 2020.63, 2020.68, 2020.73, 2020.78, 2020.83, 2020.88, 2020.93, 2020.98, 2021.03, 2021.08, 2021.13, 2021.18, 2021.23, 2021.28, 2021.33, 2021.38, 2021.43, 2021.48, 2021.53, 2021.58, 2021.63, 2021.68, 2021.73, 2021.78, 2021.83, 2021.88, 2021.93, 2021.98, 2022.03, 2022.08, 2022.13, 2022.18, 2022.23, 2022.28, 2022.33, 2022.38, 2022.43, 2022.48, 2022.53, 2022.58, 2022.63, 2022.68, 2022.73, 2022.78, 2022.83, 2022.88, 2022.93, 2022.98], "adaptive_substitutions": [0.0, 0.0, 0.0, 0.0, 0.0, 0.0, 0.0, 0.0, 0.0, 0.0, 0.0, 0.0, 0.0, 0.0, 0.0, 0.0, 0.0, 0.0, 0.0, 0.0, 0.0, 0.0, 0.0, 0.0, 0.0, 0.0, 0.0, 0.7099444895090519, 0.7815166284613638, 0.8468005044191236, 3.2258038382989285, 3.4928157629554573, 3.6132355462521732, 3.697225607661464, 3.775103810637706, 3.8141911922436997, 3.685277065741265, 1.983705177484836, 1.9823749978958025, 10.674315130649815, 14.307629050482355, 15.10728343325291, 15.379917760718557, 15.12690761668802, 19.628632645925865, 20.172982362221532, 19.503673664519937, 19.575049998065964, 19.60700015289465, 21.27619436653918, 21.039393244384215, 21.124115254242085, 20.588957052164766, 20.558066402696394, 20.471472270725897, 20.807765014690766, 20.039977541853517, 19.792645457098352, 20.631861924416548], "adaptive_substitutions_per_codon": [0.0, 0.0, 0.0, 0.0, 0.0, 0.0, 0.0, 0.0, 0.0, 0.0, 0.0, 0.0, 0.0, 0.0, 0.0, 0.0, 0.0, 0.0, 0.0, 0.0, 0.0, 0.0, 0.0, 0.0, 0.0, 0.0, 0.0, 0.0010548952295825437, 0.0011612431329292182, 0.0012582474062691287, 0.004793170636402568, 0.005189919410037827, 0.005368849251489114, 0.005493648748382561, 0.005609366732002535, 0.005667446050882169, 0.0054758945999127265, 0.002947555984375685, 0.002945579491672812, 0.01586079514212454, 0.021259478529691463, 0.02244767226337728, 0.022852775275956253, 0.022476831525539406, 0.029165873173738283, 0.029974713762587715, 0.028980198609985047, 0.029086255569191626, 0.02913372979627734, 0.03161395893987991, 0.03126209991736139, 0.03138798700481736, 0.03059280394080946, 0.030546904015893602, 0.03041823517195527, 0.030917927213507824, 0.029777084014641183, 0.029409577202226377, 0.03065655560834554], "rate_of_adaptation": 0.013393084307095723}