{
    "adenovirusB3": -0.0035174872035513356,
    "adenovirusB7": 0.018762618376968576,
    "parvovirusB19": 0.15643541425662846,
    "hepatitisB_D3": 0.1198305434648665,
    "hepatitisB_A2": 0.06472364795323432,
    "hepatitisA_IA": -0.04764535946588712,
    "enterovirusd68": 2.213178644658431,
    "norovirus": 4.118521417008256,
    "rotavirusAg1p4": 0.33474118552312865,
    "rotavirusAg1p8": 0.38874367212040317,
    "nl63": 1.0520619649157839,
    "229e": 2.9384246747830294,
    "oc43_A": 2.1170215130991124,
    "dengue1_V": -0.0206031536343419,
    "dengue3_III": 0.31217297161777935,
    "dengue4_II": 0.3983216504582143,
    "dengue2_AA": 0.07965316021416001,
    "parainfluenza_3": 0.17824630658283186,
    "mumps": -0.17275326656085999,
    "measles": -0.6150392136096525,
    "parainfluenza_1": 1.2117608249992875,
    "rsv_A": 2.774132654137455,
    "rsv_B": 2.350224179101496,
    "influenzaC_Yamagata": 0.26871020167250614,
    "yam": 2.119977566679927,
    "vic": 1.7959708219688493,
    "h1n1pdm": 5.3816050609965504,
    "h3n2": 8.615301227204771
}