virus,gene,codon,adaptive_subs_per_year,adaptive_subs_at_residue
oc43,A,20,55.639721015321285,1.6135519094443174
oc43,A,22,29.843778649247614,0.8654695808281808
oc43,A,25,54.31672726259495,1.5751850906152538
oc43,A,26,55.639721015321285,1.6135519094443174
oc43,A,27,45.70660873542191,1.3254916533272354
oc43,A,31,43.94866224559799,1.2745112051223415
oc43,A,37,43.94866224559799,1.2745112051223415
oc43,A,40,8.02124927439357,0.23261622895741352
oc43,A,87,93.43150217780465,2.7095135631563347
oc43,A,154,19.065858678252912,0.5529099016693345
oc43,A,181,25.53076161425858,0.7403920868134989
oc43,A,192,19.077325576886665,0.5532424417297133
oc43,A,212,16.786245140635717,0.48680110907843577
oc43,A,234,48.674922909518905,1.4115727643760483
oc43,A,260,8.244061754237833,0.23907779087289718
oc43,A,262,31.810906229356284,0.9225162806513323
oc43,A,263,59.68755729849523,1.7309391616563616
oc43,A,264,59.68755729849523,1.7309391616563616
oc43,A,267,26.2135476865218,0.7601928829091322
oc43,A,277,56.55613679456984,1.6401279670425253
oc43,A,328,8.02124927439357,0.23261622895741352
oc43,A,500,16.664761033615367,0.4832780699748457
oc43,A,501,2.372513148868054,0.06880288131717356
oc43,A,525,32.77317589504252,0.9504221009562331
oc43,A,539,30.12655409390157,0.8736700687231456
oc43,A,543,57.08221717683184,1.6553842981281233
oc43,A,550,30.12655409390157,0.8736700687231456
oc43,A,572,111.27944203064257,3.2271038188886347
oc43,A,602,55.639721015321285,1.6135519094443174
oc43,A,609,55.639721015321285,1.6135519094443174
oc43,A,623,55.3109993139721,1.6040189801051907
oc43,A,625,110.6219986279442,3.2080379602103815
oc43,A,680,56.93220862550371,1.6510340501396077
oc43,A,691,55.41240621563055,1.6069597802532858
oc43,A,1024,55.3109993139721,1.6040189801051907
