{"virus": "dengue", "subtype": "denv3", "gene": "NS5", "window": 3, "min_seqs": 2, "midfreq_high": 0.75, "midfreq_low": 0.15, "window_midpoint": [1963.5, 1964.5, 1965.5, 1972.5, 1973.5, 1974.5, 1981.5, 1982.5, 1983.5, 1984.5, 1985.5, 1986.5, 1987.5, 1988.5, 1989.5, 1990.5, 1991.5, 1992.5, 1993.5, 1994.5, 1995.5, 1996.5, 1997.5, 1998.5, 1999.5, 2000.5, 2001.5, 2002.5, 2003.5, 2004.5, 2005.5, 2006.5, 2007.5, 2008.5, 2009.5, 2010.5, 2011.5, 2012.5, 2013.5, 2014.5, 2015.5, 2016.5, 2017.5], "adaptive_substitutions": [0.0, 0.0, 0.0, 7.232880324139986, 7.232880324139986, 7.232880324139986, 3.165757352502234, 1.73630261142312, 2.330481427264054, 3.475858043654086, 3.630823655992368, 3.2969199414451786, 6.175346348450484, 0.6979466276301192, 0.6547961458629934, 1.3163351144441837, 4.093839882890357, 1.418324067964585, 1.4856180041584142, 0.7554806033196203, 0.7554806033196203, 1.1439594093500396, 2.248263418396415, 1.8887967391029856, 1.978055443217007, 9.8575958058489, 10.40453387177691, 10.48686255283656, 11.545075000317468, 6.388423254142721, 5.804063735205438, 2.2980417069962327, 2.383357355481844, 2.3378365326408357, 2.904904667043251, 11.286281826636934, 2.242996139057933, 1.8753430526727477, 2.329488634374172, 2.43641778625847, 2.5110699886911063, 2.5305956033788783, 2.470732614716667], "adaptive_substitutions_per_codon": [0.0, 0.0, 0.0, 0.002678844564496291, 0.002678844564496291, 0.002678844564496291, 0.0011725027231489756, 0.0006430750412678222, 0.000863141269357057, 0.0012873548309829948, 0.0013447495022193955, 0.0012210814597945106, 0.00228716531424092, 0.0002584987509741182, 0.00024251709106036791, 0.0004875315238682162, 0.0015162369936630952, 0.0005253052103572538, 0.0005502288904290423, 0.0002798076308591186, 0.0002798076308591186, 0.0004236886701296443, 0.0008326901549616352, 0.0006995543478159206, 0.00073261312711741, 0.003650961409573667, 0.0038535310636210775, 0.003884023167717245, 0.004275953703821284, 0.002366082686719526, 0.002149653235261273, 0.0008511265581467529, 0.0008827249464747571, 0.0008658653824595687, 0.0010758906174234263, 0.004180104380235901, 0.0008307393107621974, 0.0006945715009899065, 0.0008627735682867303, 0.0009023769578735074, 0.0009300259217374468, 0.0009372576308810661, 0.0009150861535987655], "rate_of_adaptation": 1.1925736584344434e-05}