{"virus": "dengue", "subtype": "denv4", "gene": "E3", "window": 3, "min_seqs": 2, "midfreq_high": 0.75, "midfreq_low": 0.15, "window_midpoint": [1957.5, 1961.5, 1962.5, 1974.5, 1975.5, 1976.5, 1977.5, 1978.5, 1979.5, 1981.5, 1982.5, 1983.5, 1984.5, 1985.5, 1986.5, 1989.5, 1990.5, 1991.5, 1992.5, 1993.5, 1994.5, 1995.5, 1996.5, 1997.5, 1998.5, 1999.5, 2000.5, 2001.5, 2002.5, 2003.5, 2004.5, 2005.5, 2006.5, 2007.5, 2008.5, 2009.5, 2010.5, 2011.5, 2012.5, 2013.5, 2014.5, 2015.5, 2016.5, 2017.5], "adaptive_substitutions": [0.0, 0.03656658968437254, 0.03656658968437254, 0.0, 0.0, 0.6358737490377213, 0.867590454195535, 0.9337952270977675, 0.9337952270977675, 2.602771362586605, 2.602771362586605, 2.602771362586605, 0.0, 3.602771362586605, 3.602771362586605, 3.73518090839107, 0.9337952270977675, 0.9337952270977675, 1.5696689761354887, 3.73518090839107, 3.5541869814387135, 3.6001026430587633, 2.3738040250742327, 3.2740569668976134, 3.2740569668976134, 3.3332663922080528, 2.1436147463861093, 0.9337952270977675, 1.0, 1.5431100846805235, 1.0, 0.9503464203233256, 0.8808254870610528, 0.8815613149716306, 0.9165768539902488, 0.9834488067744419, 0.9834488067744419, 3.7788042083654094, 3.9157479628741996, 3.8605883412772504, 0.9834488067744419, 0.9834488067744419, 1.2782268411598665, 0.9503464203233256], "adaptive_substitutions_per_codon": [0.0, 0.00012437615538902225, 0.00012437615538902225, 0.0, 0.0, 0.0021628358810806846, 0.0029509879394405956, 0.0031761742418291413, 0.0031761742418291413, 0.008852963818321785, 0.008852963818321785, 0.008852963818321785, 0.0, 0.012254324362539473, 0.012254324362539473, 0.012704696967316565, 0.0031761742418291413, 0.0031761742418291413, 0.0053390101229098255, 0.012704696967316565, 0.012089071365437801, 0.012245247085233888, 0.008074163350592628, 0.011136248186726577, 0.011136248186726577, 0.011337640789823309, 0.007291206620360916, 0.0031761742418291413, 0.003401360544217687, 0.005248673757416746, 0.003401360544217687, 0.0032324708174262776, 0.002996005058030792, 0.0029985078740531654, 0.003117608346905608, 0.0033450639686205506, 0.0033450639686205506, 0.012853075538657855, 0.013318870622021087, 0.013131252861487246, 0.0033450639686205506, 0.0033450639686205506, 0.004347710344081179, 0.0032324708174262776], "rate_of_adaptation": 8.003058920812697e-05}