{"virus": "dengue", "subtype": "denv2", "gene": "E2", "window": 3, "min_seqs": 2, "midfreq_high": 0.75, "midfreq_low": 0.15, "window_midpoint": [1945.5, 1963.5, 1964.5, 1965.5, 1966.5, 1967.5, 1968.5, 1969.5, 1970.5, 1971.5, 1972.5, 1973.5, 1974.5, 1975.5, 1976.5, 1977.5, 1978.5, 1979.5, 1980.5, 1981.5, 1982.5, 1983.5, 1984.5, 1985.5, 1986.5, 1987.5, 1988.5, 1989.5, 1990.5, 1991.5, 1992.5, 1993.5, 1994.5, 1995.5, 1996.5, 1997.5, 1998.5, 1999.5, 2000.5, 2001.5, 2002.5, 2003.5, 2004.5, 2005.5, 2006.5, 2007.5, 2008.5, 2009.5, 2010.5, 2011.5, 2012.5, 2013.5, 2014.5, 2015.5, 2016.5, 2017.5], "adaptive_substitutions": [0.0, 1.9333688427596631, 1.9333688427596631, 1.9333688427596631, 0.0, 0.0, 3.8667376855193263, 3.8667376855193263, 3.615627166231987, 3.6904465183623887, 3.7033239808899445, 3.2565648634068802, 1.0272410126269884, 1.0146854866626214, 1.0, 0.9600213056557979, 1.977789614253221, 0.9866737685519327, 0.8565082746929491, 2.1607438971341923, 1.3722237017816525, 1.7458066587778593, 1.8103826013949953, 0.8750690933131152, 1.855177880968647, 1.8464980038045322, 2.740677954677782, 2.8814102237289285, 2.982508064655038, 3.019775046286399, 2.0073357439878663, 2.6511023612924003, 2.6205098351229785, 1.797386116793637, 1.0673801734005246, 2.6088567870652555, 2.8803247296192094, 2.823196020647217, 0.9955579228506443, 0.9955579228506443, 0.9955579228506443, 1.7339956193308699, 0.9955579228506443, 0.9595396471328529, 0.9521741019280685, 0.9354227241745892, 0.9266131619692733, 0.9300854825153492, 0.9562547411314728, 0.9656800403317327, 0.9911158457012884, 0.9714323859168327, 0.9699072487381675, 1.7188718784914652, 1.8078880277397271, 1.81354016940485], "adaptive_substitutions_per_codon": [0.0, 0.0038822667525294442, 0.0038822667525294442, 0.0038822667525294442, 0.0, 0.0, 0.0077645335050588885, 0.0077645335050588885, 0.007260295514522063, 0.007410535177434515, 0.007436393535923584, 0.006539286874311005, 0.002062732957082306, 0.0020375210575554648, 0.002008032128514056, 0.0019277536258148552, 0.00397146508886189, 0.0019812726276143226, 0.0017198961339215846, 0.004338843166936129, 0.0027554692806860495, 0.0035056358609997177, 0.0036353064285040066, 0.0017571668540424, 0.0037252567890936686, 0.003707827316876571, 0.005503369386903176, 0.005785964304676564, 0.005988972017379594, 0.0060638053138281104, 0.004030794666642302, 0.0053234987174546194, 0.005262067942014013, 0.003609209069866741, 0.002143333681527158, 0.005238668247118987, 0.005783784597628934, 0.0056690683145526445, 0.001999112294880812, 0.001999112294880812, 0.001999112294880812, 0.003481918914319016, 0.001999112294880812, 0.001926786440025809, 0.0019119961886105794, 0.0018783588838847173, 0.0018606689999383, 0.0018676415311553196, 0.0019201902432358891, 0.001939116546850869, 0.001990192461247567, 0.0019506674416000657, 0.0019476049171449146, 0.003451549956810171, 0.003630297244457283, 0.003641646926515763], "rate_of_adaptation": -2.2897284913141122e-05}