{"virus": "mumps", "subtype": null, "gene": "F", "window": 3, "min_seqs": 2, "midfreq_high": 0.75, "midfreq_low": 0.15, "window_midpoint": [1995.5, 1996.5, 1997.5, 1998.5, 1999.5, 2001.5, 2002.5, 2003.5, 2004.5, 2005.5, 2006.5, 2007.5, 2008.5, 2009.5, 2010.5, 2011.5, 2012.5, 2013.5, 2014.5, 2015.5, 2016.5], "adaptive_substitutions": [0.0, 0.0, 0.0, 0.8476324917874211, 0.9782332131124887, 0.0, 0.8693992786749323, 0.9782332131124887, 0.7912932852449955, 0.7825441639291404, 0.8521130688474752, 0.7245700764971946, 1.3998091704761721, 0.7109291147485015, 1.2655746884910093, 0.0, 0.0, 2.1422196208718645, 3.1649788162324684, 4.287533622415204, 4.066669134393095], "adaptive_substitutions_per_codon": [0.0, 0.0, 0.0, 0.0005242006751932103, 0.0006049679734771111, 0.0, 0.0005376618915738604, 0.0006049679734771111, 0.000489358865333949, 0.00048394815332661746, 0.0005269715948345549, 0.0004480952854033362, 0.000865682851253044, 0.0004396593164802112, 0.0007826683293079835, 0.0, 0.0, 0.0013248111446331878, 0.0019573152852396217, 0.002651535944598147, 0.0025149468982022852], "rate_of_adaptation": 8.225667017691107e-05}