{"virus": "mumps", "subtype": null, "gene": "HN", "window": 3, "min_seqs": 2, "midfreq_high": 0.75, "midfreq_low": 0.15, "window_midpoint": [1995.5, 1996.5, 1997.5, 1998.5, 1999.5, 2001.5, 2002.5, 2003.5, 2004.5, 2005.5, 2006.5, 2007.5, 2008.5, 2009.5, 2010.5, 2011.5, 2012.5, 2013.5, 2014.5, 2015.5, 2016.5], "adaptive_substitutions": [0.0, 0.0, 0.0, 0.0, 0.0, 0.760565344237376, 0.5649823114561542, 0.0, 0, 0.0, 0.0, 0.0, 0.6085158852311767, 0.0, 1.1606567868468676, 0.0, 0.0, 1.2641332252548112, 2.9946809835457495, 3.1598722055039077, 2.986981325913772], "adaptive_substitutions_per_codon": [0.0, 0.0, 0.0, 0.0, 0.0, 0.0004348572579973562, 0.0003230316246175839, 0.0, 0.0, 0.0, 0.0, 0.0, 0.0003479221756610502, 0.0, 0.0006636116562875172, 0.0, 0.0, 0.0007227748572068675, 0.0017122246904206686, 0.0018066736452280775, 0.0017078223704481258], "rate_of_adaptation": 6.303188522476e-05}