{"virus": "mumps", "subtype": null, "gene": "L", "window": 3, "min_seqs": 2, "midfreq_high": 0.75, "midfreq_low": 0.15, "window_midpoint": [1995.5, 1996.5, 1997.5, 1998.5, 1999.5, 2001.5, 2002.5, 2003.5, 2004.5, 2005.5, 2006.5, 2007.5, 2008.5, 2009.5, 2010.5, 2011.5, 2012.5, 2013.5, 2014.5, 2015.5, 2016.5], "adaptive_substitutions": [0.0, 0.0, 0.0, 0.0, 0.7971415351961575, 0.7757880125852267, 0.7651112512797613, 0.0, 1.2498022291807351, 0, 0, 0, 0, 0, 0.48208573014944534, 0, 0, 0, 0.24635922288683187, 0.18230418149774819, 0.06256574085700539], "adaptive_substitutions_per_codon": [0.0, 0.0, 0.0, 0.0, 0.0001174685433533978, 0.00011432184093504666, 0.0001127484897258711, 0.0, 0.00018417362646341515, 0.0, 0.0, 0.0, 0.0, 0.0, 7.104122165479596e-05, 0.0, 0.0, 0.0, 3.630404109738165e-05, 2.6864748231321572e-05, 9.219826238874947e-06], "rate_of_adaptation": -1.340601253866088e-06}