{"virus": "229e", "subtype": null, "gene": "RdRp", "window": 3, "min_seqs": 3, "midfreq_high": 0.75, "midfreq_low": 0.15, "window_midpoint": [1992.5, 1993.5, 1994.5, 2003.5, 2004.5, 2005.5, 2006.5, 2007.5, 2008.5, 2009.5, 2010.5, 2011.5, 2012.5, 2013.5, 2014.5, 2015.5, 2016.5, 2017.5, 2018.5, 2019.5, 2020.5], "adaptive_substitutions": [0.0, 0.0, 0.0, 1.0, 1.0, 1.0, 2.0, 2.0, 2.0, 2.0, 2.0, 2.75, 2.888888888888889, 8.0, 2.857142857142857, 2.9047619047619047, 2.9393939393939394, 2.9473684210526314, 3.0, 3.0, 3.0], "adaptive_substitutions_per_codon": [0.0, 0.0, 0.0, 0.0010787486515641855, 0.0010787486515641855, 0.0010787486515641855, 0.002157497303128371, 0.002157497303128371, 0.002157497303128371, 0.002157497303128371, 0.002157497303128371, 0.0029665587918015104, 0.003116384993407647, 0.008629989212513484, 0.0030821390044691015, 0.00313350798787692, 0.0031708672485371513, 0.0031794697098733887, 0.003236245954692557, 0.003236245954692557, 0.003236245954692557], "rate_of_adaptation": 0.00015297539506797347}