{"virus": "229e", "subtype": null, "gene": "S1", "window": 5, "min_seqs": 3, "midfreq_high": 0.75, "midfreq_low": 0.15, "window_midpoint": [1991.5, 1992.5, 1993.5, 1994.5, 1995.5, 2002.5, 2003.5, 2004.5, 2005.5, 2006.5, 2007.5, 2008.5, 2009.5, 2010.5, 2011.5, 2012.5, 2013.5, 2014.5, 2015.5, 2016.5, 2017.5, 2018.5, 2019.5], "adaptive_substitutions": [0.0, 0.0, 0.0, 0.0, 0.0, 7.25, 7.666666666666666, 9.8, 8.0, 8.8, 11.564814814814815, 12.45625, 12.518918918918919, 12.511764705882353, 11.627880184331797, 11.1875, 17.333333333333332, 21.27166666666667, 21.373123123123122, 22.070731707317073, 22.1140642303433, 22.111522198731503, 21.74074074074074], "adaptive_substitutions_per_codon": [0.0, 0.0, 0.0, 0.0, 0.0, 0.013302752293577982, 0.014067278287461772, 0.01798165137614679, 0.014678899082568808, 0.01614678899082569, 0.02121984369690792, 0.022855504587155965, 0.022970493429209024, 0.022957366432811658, 0.021335559971251004, 0.020527522935779818, 0.031804281345565746, 0.039030581039755353, 0.03921673967545527, 0.040496755426269855, 0.04057626464283174, 0.04057160036464496, 0.039891267414203194], "rate_of_adaptation": 0.0016081455502957823}