{"virus": "229e", "subtype": null, "gene": "N", "window": 5, "min_seqs": 3, "midfreq_high": 0.75, "midfreq_low": 0.15, "window_midpoint": [1991.5, 1992.5, 1993.5, 1994.5, 1995.5, 2002.5, 2003.5, 2004.5, 2005.5, 2006.5, 2007.5, 2008.5, 2009.5, 2010.5, 2011.5, 2012.5, 2013.5, 2014.5, 2015.5, 2016.5, 2017.5, 2018.5, 2019.5], "adaptive_substitutions": [0.0, 0.0, 0.0, 0.0, 0.0, 0.0, 0.0, 0.0, 0.0, 0.0, 0.7565982404692082, 0.8264619630843539, 0.8344236408752538, 0.7922400180464697, 0.7546432062561095, 0.7516354613128807, 2.4457478005865103, 2.5693923480870215, 2.3870967741935485, 2.6291395465274303, 2.6412934402431776, 2.646953060579194, 2.532145274080758], "adaptive_substitutions_per_codon": [0.0, 0.0, 0.0, 0.0, 0.0, 0.0, 0.0, 0.0, 0.0, 0.0, 0.0019399954883825852, 0.0021191332386778306, 0.0021395477971160354, 0.0020313846616576148, 0.0019349825801438705, 0.001927270413622771, 0.006271148206632078, 0.00658818550791544, 0.006120760959470637, 0.006741383452634437, 0.006772547282674814, 0.006787059129690241, 0.006492680189950662], "rate_of_adaptation": 0.0002724120641537883}