{"virus": "229e", "subtype": null, "gene": "S1", "window": 3, "min_seqs": 3, "midfreq_high": 0.75, "midfreq_low": 0.15, "window_midpoint": [1992.5, 1993.5, 1994.5, 2003.5, 2004.5, 2005.5, 2006.5, 2007.5, 2008.5, 2009.5, 2010.5, 2011.5, 2012.5, 2013.5, 2014.5, 2015.5, 2016.5, 2017.5, 2018.5, 2019.5, 2020.5], "adaptive_substitutions": [0.0, 0.0, 0.0, 9.0, 8.0, 8.0, 12.4, 14.0, 14.0, 14.75, 14.833333333333334, 17.416666666666668, 20.666666666666664, 51.75, 19.0, 22.70952380952381, 23.632575757575758, 23.68136557610242, 24.5, 26.57142857142857, 25.357142857142858], "adaptive_substitutions_per_codon": [0.0, 0.0, 0.0, 0.01651376146788991, 0.014678899082568808, 0.014678899082568808, 0.022752293577981652, 0.025688073394495414, 0.025688073394495414, 0.02706422018348624, 0.027217125382262997, 0.03195718654434251, 0.03792048929663608, 0.09495412844036698, 0.03486238532110092, 0.04166885102664919, 0.04336252432582708, 0.04345204692862829, 0.044954128440366975, 0.04875491480996068, 0.04652686762778506], "rate_of_adaptation": 0.0020338638285610266}