{"virus": "229e", "subtype": null, "gene": "ORF1ab", "window": 5, "min_seqs": 3, "midfreq_high": 0.75, "midfreq_low": 0.15, "window_midpoint": [1991.5, 1992.5, 1993.5, 1994.5, 1995.5, 2002.5, 2003.5, 2004.5, 2005.5, 2006.5, 2007.5, 2008.5, 2009.5, 2010.5, 2011.5, 2012.5, 2013.5, 2014.5, 2015.5, 2016.5, 2017.5, 2018.5, 2019.5], "adaptive_substitutions": [0.0, 0.0, 0.0, 0.0, 0.0, 0.0, 0.0, 9.827341428913345, 9.827341428913345, 9.827341428913345, 21.918063424135106, 22.295147094863896, 22.295147094863896, 22.295147094863896, 18.273738188770427, 18.334450739308085, 18.96506265369621, 24.88628772320053, 24.84814500188554, 26.117985906897815, 26.164216699322715, 26.86170522141314, 29.639212270987112], "adaptive_substitutions_per_codon": [0.0, 0.0, 0.0, 0.0, 0.0, 0.0, 0.0, 0.0014539638154924316, 0.0014539638154924316, 0.0014539638154924316, 0.0032427967782416196, 0.0032985866392756173, 0.0032985866392756173, 0.0032985866392756173, 0.002703615651541711, 0.002712598126839486, 0.002805897714705757, 0.0036819481762391673, 0.0036763049270432816, 0.003864179006790622, 0.0038710188932272105, 0.003974212934075031, 0.004385147547120449], "rate_of_adaptation": 0.0001726399890796529}