{"virus": "adenovirusB3", "subtype": null, "gene": "hexon", "window": 5, "min_seqs": 3, "midfreq_high": 0.75, "midfreq_low": 0.15, "window_midpoint": [1990.5, 2002.5, 2003.5, 2004.5, 2005.5, 2006.5, 2007.5, 2008.5, 2009.5, 2010.5, 2011.5, 2012.5, 2013.5, 2014.5, 2015.5, 2016.5, 2017.5, 2018.5], "adaptive_substitutions": [0.0, 2.4489795918367347, 2.4489795918367347, 2.4489795918367347, 2.4489795918367347, 2.4489795918367347, 2.4489795918367347, 2.4489795918367347, 2.4489795918367347, 2.4489795918367347, 3.857142857142857, 2.4489795918367347, 2.4489795918367347, 2.4489795918367347, 2.4489795918367347, 2.4489795918367347, 2.4489795918367347, 2.4489795918367347], "adaptive_substitutions_per_codon": [0.0, 0.0026192295099858125, 0.0026192295099858125, 0.0026192295099858125, 0.0026192295099858125, 0.0026192295099858125, 0.0026192295099858125, 0.0026192295099858125, 0.0026192295099858125, 0.0026192295099858125, 0.004125286478227655, 0.0026192295099858125, 0.0026192295099858125, 0.0026192295099858125, 0.0026192295099858125, 0.0026192295099858125, 0.0026192295099858125, 0.0026192295099858125], "rate_of_adaptation": 6.700849817508244e-05}