{"virus": "adenovirusB3", "subtype": null, "gene": "pol", "window": 5, "min_seqs": 3, "midfreq_high": 0.75, "midfreq_low": 0.15, "window_midpoint": [1990.5, 2002.5, 2003.5, 2004.5, 2005.5, 2006.5, 2007.5, 2008.5, 2009.5, 2010.5, 2011.5, 2012.5, 2013.5, 2014.5, 2015.5, 2016.5, 2017.5, 2018.5], "adaptive_substitutions": [0.0, 0.8333333333333334, 0.8333333333333334, 0.8333333333333334, 0.8333333333333334, 0.8333333333333334, 0.8333333333333334, 0.8333333333333334, 0.8333333333333334, 0.8333333333333334, 1.4583333333333335, 0.8333333333333334, 0.8333333333333334, 0.8333333333333334, 0.8333333333333334, 2.4714285714285715, 2.4814814814814814, 2.670940170940171], "adaptive_substitutions_per_codon": [0.0, 0.0006979341150195422, 0.0006979341150195422, 0.0006979341150195422, 0.0006979341150195422, 0.0006979341150195422, 0.0006979341150195422, 0.0006979341150195422, 0.0006979341150195422, 0.0006979341150195422, 0.001221384701284199, 0.0006979341150195422, 0.0006979341150195422, 0.0006979341150195422, 0.0006979341150195422, 0.0020698731754008135, 0.0020782926980581922, 0.0022369683173703277], "rate_of_adaptation": 6.269307716506472e-05}