{"virus": "adenovirusB3", "subtype": null, "gene": "E1A", "window": 5, "min_seqs": 3, "midfreq_high": 0.75, "midfreq_low": 0.15, "window_midpoint": [1990.5, 2002.5, 2003.5, 2004.5, 2005.5, 2006.5, 2007.5, 2008.5, 2009.5, 2010.5, 2011.5, 2012.5, 2013.5, 2014.5, 2015.5, 2016.5, 2017.5, 2018.5], "adaptive_substitutions": [0.0, 1.0, 1.0, 1.0, 1.0, 1.0, 1.0, 1.0, 1.0, 1.0, 1.0, 1.0, 1.0, 1.0, 1.0, 2.6571428571428575, 2.666666666666667, 2.8461538461538463], "adaptive_substitutions_per_codon": [0.0, 0.003816793893129771, 0.003816793893129771, 0.003816793893129771, 0.003816793893129771, 0.003816793893129771, 0.003816793893129771, 0.003816793893129771, 0.003816793893129771, 0.003816793893129771, 0.003816793893129771, 0.003816793893129771, 0.003816793893129771, 0.003816793893129771, 0.003816793893129771, 0.01014176663031625, 0.010178117048346057, 0.01086318261890781], "rate_of_adaptation": 0.0002963565728021187}