{"virus": "dengue", "subtype": "denv2_C", "gene": "E", "window": 5, "min_seqs": 3, "midfreq_high": 0.75, "midfreq_low": 0.15, "window_midpoint": [1977.5, 1978.5, 1994.5, 1995.5, 1999.5, 2000.5, 2001.5, 2002.5, 2003.5, 2004.5, 2005.5, 2006.5, 2007.5, 2008.5, 2009.5, 2010.5, 2011.5, 2012.5, 2013.5, 2014.5, 2015.5, 2016.5], "adaptive_substitutions": [0.0, 0.0, 1.958074309671823, 1.958074309671823, 4.202327598669943, 3.5354725511585423, 3.496439930605754, 2.69052093874994, 2.706357524938557, 2.68012314076997, 2.609946508601995, 2.639258348995229, 2.6201059313680393, 2.5612285466449123, 2.536552455303359, 2.5598459658023054, 2.52583309238109, 2.5614287404080667, 1.9245337574092816, 1.9245337574092816, 2.8162696779871856, 2.8504259869486974], "adaptive_substitutions_per_codon": [0.0, 0.0, 0.0039557056761046925, 0.0039557056761046925, 0.008489550704383723, 0.007142368790219278, 0.007063515011324756, 0.005435395835858464, 0.005467388939269812, 0.005414390183373676, 0.00527261920929696, 0.00533183504847521, 0.005293143295693008, 0.005174199084131136, 0.005124348394552241, 0.0051714059915198085, 0.005102693115921393, 0.005174603515975892, 0.0038879469846652154, 0.0038879469846652154, 0.0056894336929034055, 0.005758436337270096], "rate_of_adaptation": 0.00011027193269880755}