{"virus": "dengue", "subtype": "denv4_II", "gene": "E", "window": 5, "min_seqs": 3, "midfreq_high": 0.75, "midfreq_low": 0.15, "window_midpoint": [1980.5, 1984.5, 1992.5, 1993.5, 1994.5, 1995.5, 1996.5, 1997.5, 1998.5, 1999.5, 2000.5, 2001.5, 2002.5, 2003.5, 2004.5, 2005.5, 2006.5, 2007.5, 2008.5, 2009.5, 2010.5, 2011.5, 2012.5, 2013.5, 2014.5, 2015.5], "adaptive_substitutions": [0.0, 0.0, 0.9675796534376747, 0.9675796534376747, 0.9675796534376747, 0.9675796534376747, 0.9675796534376747, 0.9675796534376747, 0.9675796534376747, 0.9675796534376747, 0.9675796534376747, 0.9675796534376747, 0.9675796534376747, 0.9567728712502329, 1.6681572573132104, 1.6758948719541231, 1.6376274159611355, 0.9567728712502329, 0.9567728712502329, 0.9567728712502329, 0.9567728712502329, 0.9567728712502329, 1.5780521328677937, 1.5745062418483324, 1.5506800819824855, 0.9567728712502329], "adaptive_substitutions_per_codon": [0.0, 0.0, 0.001954706370581161, 0.001954706370581161, 0.001954706370581161, 0.001954706370581161, 0.001954706370581161, 0.001954706370581161, 0.001954706370581161, 0.001954706370581161, 0.001954706370581161, 0.001954706370581161, 0.001954706370581161, 0.0019328744873742078, 0.003370014661238809, 0.0033856462059679254, 0.0033083382140629, 0.0019328744873742078, 0.0019328744873742078, 0.0019328744873742078, 0.0019328744873742078, 0.0019328744873742078, 0.0031879841068036237, 0.003180820690602692, 0.0031326870343080515, 0.0019328744873742078], "rate_of_adaptation": 6.472806327989803e-05}