{"virus": "dengue", "subtype": "denv1_V", "gene": "NS1", "window": 5, "min_seqs": 3, "midfreq_high": 0.75, "midfreq_low": 0.15, "window_midpoint": [1987.5, 1988.5, 1989.5, 1990.5, 1991.5, 1992.5, 1993.5, 1994.5, 1995.5, 1996.5, 1997.5, 1998.5, 1999.5, 2000.5, 2001.5, 2002.5, 2003.5, 2004.5, 2005.5, 2006.5, 2007.5, 2008.5, 2009.5, 2010.5, 2011.5, 2012.5, 2013.5], "adaptive_substitutions": [0.0, 0.0, 0.0, 0.0, 0.0, 0.0, 0.0, 0.0, 0.0, 0.0, 0.0, 0.0, 0.0, 0.0, 0.0, 0.0, 0.6816528546821519, 0.7828898511316508, 0.8225525490651493, 0.8343406415544156, 0.8627120774161117, 0.8313077528558105, 0.8327289300471965, 0.8233644729308924, 0.7637501570943823, 0.7244564534372251, 0.7770097607976205], "adaptive_substitutions_per_codon": [0.0, 0.0, 0.0, 0.0, 0.0, 0.0, 0.0, 0.0, 0.0, 0.0, 0.0, 0.0, 0.0, 0.0, 0.0, 0.0, 0.0019365137917106588, 0.0022241188952603717, 0.0023367970143896286, 0.0023702859135068624, 0.002450886583568499, 0.00236166975243128, 0.002365707187634081, 0.0023391036162809446, 0.002169744764472677, 0.0020581149245375713, 0.0022074140931750584], "rate_of_adaptation": 0.00012124825224666346}