{"virus": "dengue", "subtype": "denv2_C", "gene": "C", "window": 5, "min_seqs": 3, "midfreq_high": 0.75, "midfreq_low": 0.15, "window_midpoint": [1977.5, 1978.5, 1994.5, 1995.5, 1999.5, 2000.5, 2001.5, 2002.5, 2003.5, 2004.5, 2005.5, 2006.5, 2007.5, 2008.5, 2009.5, 2010.5, 2011.5, 2012.5, 2013.5, 2014.5, 2015.5, 2016.5], "adaptive_substitutions": [0.0, 0.0, 0, 0, 2.315403422982885, 3.3191185342774587, 3.135056467574805, 2.197280759627948, 1.5043660495983235, 1.4891619239382794, 1.4293263326310097, 1.5043660495983235, 1.4395579970152097, 0.6305573574172946, 0.6052573705385441, 1.40567745213222, 1.3382066763135574, 1.393593134075146, 0, 0, 0, 0], "adaptive_substitutions_per_codon": [0.0, 0.0, 0.0, 0.0, 0.02031055634195513, 0.029115074862082972, 0.027500495329603553, 0.019274392628315335, 0.013196193417529154, 0.013062823894195434, 0.012537950286236927, 0.013196193417529154, 0.012627701728203595, 0.005531204889625391, 0.005309275180162667, 0.012330503966072106, 0.011738655055382081, 0.012224501176097772, 0.0, 0.0, 0.0, 0.0], "rate_of_adaptation": 4.907381274958029e-05}