{"virus": "dengue", "subtype": "denv1_I", "gene": "NS5", "window": 5, "min_seqs": 3, "midfreq_high": 0.75, "midfreq_low": 0.15, "window_midpoint": [1988.5, 1989.5, 1990.5, 1991.5, 1992.5, 1993.5, 1994.5, 1995.5, 1996.5, 1997.5, 1998.5, 1999.5, 2000.5, 2001.5, 2002.5, 2003.5, 2004.5, 2005.5, 2006.5, 2007.5, 2008.5, 2009.5, 2010.5, 2011.5, 2012.5, 2013.5, 2014.5, 2015.5, 2016.5], "adaptive_substitutions": [0.0, 0.0, 0.0, 0.0, 0.0, 0.0, 0.7846005215370946, 0.795154643339722, 1.4148618681079699, 1.5324536204631845, 4.136866056562848, 5.413232566367578, 5.288254904483377, 5.152042233734565, 5.21421494996876, 6.072625987369291, 6.153514538565865, 5.888242150285857, 6.609948257779648, 6.677056189782117, 6.697761958572551, 6.724053093975711, 6.712521038365278, 6.775935694904817, 6.731317444965523, 6.705520437174533, 6.67134931694777, 5.940562077251935, 5.939849899120911], "adaptive_substitutions_per_codon": [0.0, 0.0, 0.0, 0.0, 0.0, 0.0, 0.0008727480773493822, 0.0008844879236259421, 0.0015738174283737151, 0.0017046202674785144, 0.00460163076369616, 0.006021393288506761, 0.005882374754708985, 0.005730858991918315, 0.005800016629553682, 0.0067548676166510465, 0.0068448437581377815, 0.006549768798983155, 0.007352556460266571, 0.007427203770614145, 0.0074502357714933826, 0.00747948063846019, 0.007466652990395192, 0.007537192096668316, 0.007487561117870437, 0.0074588658922964774, 0.007420855747439121, 0.0066079667155193944, 0.00660717452627465], "rate_of_adaptation": 0.0003303140573077589}