{"virus": "dengue", "subtype": "denv1_I", "gene": "NS1", "window": 5, "min_seqs": 3, "midfreq_high": 0.75, "midfreq_low": 0.15, "window_midpoint": [1988.5, 1989.5, 1990.5, 1991.5, 1992.5, 1993.5, 1994.5, 1995.5, 1996.5, 1997.5, 1998.5, 1999.5, 2000.5, 2001.5, 2002.5, 2003.5, 2004.5, 2005.5, 2006.5, 2007.5, 2008.5, 2009.5, 2010.5, 2011.5, 2012.5, 2013.5, 2014.5, 2015.5, 2016.5], "adaptive_substitutions": [0.0, 0.0, 0.0, 0.0, 0.0, 0.0, 0.6886414209965518, 0, 0, 0, 2.205224988804817, 1.3317080252511189, 1.2917477883803024, 2.2929109676743558, 2.2913544972507838, 2.320675046822514, 2.465555607560048, 1.8177444236148295, 1.3069282984204937, 1.279757712088006, 1.1720479569401865, 1.9492329083556994, 1.2423319251638514, 1.3447625025626895, 2.1157618028075005, 2.1686258753894836, 2.193630760434444, 2.283410189947113, 2.2809979778875658], "adaptive_substitutions_per_codon": [0.0, 0.0, 0.0, 0.0, 0.0, 0.0, 0.0019563676732856587, 0.0, 0.0, 0.0, 0.006264843718195503, 0.0037832614353724967, 0.0036697380351713134, 0.006513951612711238, 0.006509529821735181, 0.00659282683756396, 0.007004419339659228, 0.005164046657996675, 0.00371286448414913, 0.003635675318431835, 0.0033296816958528026, 0.005537593489646873, 0.003529352060124578, 0.003820348018644004, 0.0060106869397940355, 0.00616086896417467, 0.0062319055694160345, 0.006486960766895208, 0.006480107891726039], "rate_of_adaptation": 0.00024742886714949924}