{"virus": "dengue", "subtype": "denv3_II", "gene": "NS3", "window": 5, "min_seqs": 3, "midfreq_high": 0.75, "midfreq_low": 0.15, "window_midpoint": [1985.5, 1992.5, 1993.5, 1994.5, 1995.5, 1996.5, 1997.5, 1998.5, 1999.5, 2000.5, 2001.5, 2002.5, 2003.5, 2004.5, 2005.5, 2006.5, 2007.5, 2008.5, 2009.5, 2010.5, 2011.5], "adaptive_substitutions": [0.0, 0.9309381484435166, 0.9309381484435166, 0.9309381484435166, 0.9309381484435166, 0.9309381484435166, 0.9309381484435166, 0.9309381484435166, 0.9309381484435166, 0.9309381484435166, 0.9309381484435166, 0.9309381484435166, 0.9309381484435166, 0.9309381484435166, 0.9309381484435166, 0.9309381484435166, 0.9309381484435166, 0.9309381484435166, 0.9309381484435166, 0.9309381484435166, 2.26368946195643], "adaptive_substitutions_per_codon": [0.0, 0.0015039388504741787, 0.0015039388504741787, 0.0015039388504741787, 0.0015039388504741787, 0.0015039388504741787, 0.0015039388504741787, 0.0015039388504741787, 0.0015039388504741787, 0.0015039388504741787, 0.0015039388504741787, 0.0015039388504741787, 0.0015039388504741787, 0.0015039388504741787, 0.0015039388504741787, 0.0015039388504741787, 0.0015039388504741787, 0.0015039388504741787, 0.0015039388504741787, 0.0015039388504741787, 0.003657010439348029], "rate_of_adaptation": 4.952927789042919e-05}