{"virus": "dengue", "subtype": "denv2_AA", "gene": "E", "window": 5, "min_seqs": 3, "midfreq_high": 0.75, "midfreq_low": 0.15, "window_midpoint": [1988.5, 1989.5, 1990.5, 1991.5, 1992.5, 1993.5, 1994.5, 1995.5, 1996.5, 1997.5, 1998.5, 1999.5, 2000.5, 2001.5, 2002.5, 2003.5, 2004.5, 2005.5, 2006.5, 2007.5, 2008.5, 2009.5, 2010.5, 2011.5, 2012.5, 2013.5, 2014.5, 2015.5, 2016.5], "adaptive_substitutions": [0.0, 0.0, 0.0, 0.0, 0.0, 0.0, 0.0, 0.0, 0.0, 0.0, 0.0, 0, 0, 0.7264841950469888, 0.7327652761330684, 0.7993790391015382, 0.8070046046640014, 0.7944238949211684, 2.269849084661755, 2.4564703385457816, 2.471525862989794, 2.6630723479296736, 2.668677904228114, 4.58385477524698, 3.6736678231466517, 2.5981744068676615, 2.574264525154117, 2.6330478440986367, 2.518803939593321], "adaptive_substitutions_per_codon": [0.0, 0.0, 0.0, 0.0, 0.0, 0.0, 0.0, 0.0, 0.0, 0.0, 0.0, 0.0, 0.0, 0.0014676448384787653, 0.0014803338911779159, 0.001614907149700077, 0.0016303123326545483, 0.0016048967574165019, 0.004585553706387384, 0.004962566340496528, 0.004992981541393523, 0.005379944137231664, 0.005391268493390129, 0.009260312677266626, 0.007421551157872024, 0.005248837185591235, 0.005200534394250741, 0.00531928857393664, 0.005088492807259234], "rate_of_adaptation": 0.00028582111731150433}