{"virus": "dengue", "subtype": "denv4_II", "gene": "NS5", "window": 5, "min_seqs": 3, "midfreq_high": 0.75, "midfreq_low": 0.15, "window_midpoint": [1980.5, 1984.5, 1992.5, 1993.5, 1994.5, 1995.5, 1996.5, 1997.5, 1998.5, 1999.5, 2000.5, 2001.5, 2002.5, 2003.5, 2004.5, 2005.5, 2006.5, 2007.5, 2008.5, 2009.5, 2010.5, 2011.5, 2012.5, 2013.5, 2014.5, 2015.5], "adaptive_substitutions": [0.0, 0.0, 0.9477213098824215, 0.9477213098824215, 0.9477213098824215, 0.9477213098824215, 0.9477213098824215, 1.5591763551615725, 1.6540666601885143, 1.6540666601885143, 1.6847328934891217, 1.6364784763385483, 1.4630259450004859, 1.5314352346710718, 1.1935671946360897, 1.1246484070310714, 0.8170245845884754, 0.8170245845884754, 0.8170245845884754, 0.8170245845884754, 0.8170245845884754, 1.3394875781427138, 1.2613469768856704, 1.2104335272151812, 1.6018657079001068, 0.8170245845884754], "adaptive_substitutions_per_codon": [0.0, 0.0, 0.001053023677647135, 0.001053023677647135, 0.001053023677647135, 0.001053023677647135, 0.001053023677647135, 0.0017324181724017473, 0.001837851844653905, 0.001837851844653905, 0.0018719254372101353, 0.0018183094181539426, 0.0016255843833338731, 0.0017015947051900798, 0.0013261857718178775, 0.0012496093411456348, 0.0009078050939871949, 0.0009078050939871949, 0.0009078050939871949, 0.0009078050939871949, 0.0009078050939871949, 0.001488319531269682, 0.0014014966409840782, 0.0013449261413502013, 0.0017798507865556742, 0.0009078050939871949], "rate_of_adaptation": 2.305461730046924e-05}