{"virus": "dengue", "subtype": "denv1_I", "gene": "C", "window": 5, "min_seqs": 3, "midfreq_high": 0.75, "midfreq_low": 0.15, "window_midpoint": [1988.5, 1989.5, 1990.5, 1991.5, 1992.5, 1993.5, 1994.5, 1995.5, 1996.5, 1997.5, 1998.5, 1999.5, 2000.5, 2001.5, 2002.5, 2003.5, 2004.5, 2005.5, 2006.5, 2007.5, 2008.5, 2009.5, 2010.5, 2011.5, 2012.5, 2013.5, 2014.5, 2015.5, 2016.5], "adaptive_substitutions": [0.0, 0.0, 0.0, 0.0, 0.0, 0.0, 0.0, 0.0, 0.0, 0.0, 0.5548098434004474, 1.1045680883308076, 1.1966048164232137, 1.467814305034189, 1.481318085344931, 1.4308770026890831, 1.5000335402768417, 1.807606263982103, 1.7114093959731544, 1.7114093959731544, 1.7114093959731544, 1.7114093959731544, 1.7114093959731544, 1.7114093959731544, 1.7114093959731544, 1.7114093959731544, 1.7114093959731544, 1.7114093959731544, 1.7114093959731544], "adaptive_substitutions_per_codon": [0.0, 0.0, 0.0, 0.0, 0.0, 0.0, 0.0, 0.0, 0.0, 0.0, 0.004866753012284626, 0.009689193757287785, 0.01049653347739661, 0.012875564079247271, 0.012994018292499396, 0.012551552655167397, 0.013158188949796857, 0.015856195298088623, 0.01501236312257153, 0.01501236312257153, 0.01501236312257153, 0.01501236312257153, 0.01501236312257153, 0.01501236312257153, 0.01501236312257153, 0.01501236312257153, 0.01501236312257153, 0.01501236312257153, 0.01501236312257153], "rate_of_adaptation": 0.0007341168676002789}