{"virus": "dengue", "subtype": "denv1_I", "gene": "E", "window": 5, "min_seqs": 3, "midfreq_high": 0.75, "midfreq_low": 0.15, "window_midpoint": [1988.5, 1989.5, 1990.5, 1991.5, 1992.5, 1993.5, 1994.5, 1995.5, 1996.5, 1997.5, 1998.5, 1999.5, 2000.5, 2001.5, 2002.5, 2003.5, 2004.5, 2005.5, 2006.5, 2007.5, 2008.5, 2009.5, 2010.5, 2011.5, 2012.5, 2013.5, 2014.5, 2015.5, 2016.5], "adaptive_substitutions": [0.0, 0.0, 0.0, 0.0, 0.0, 0.0, 0.0, 0.0, 0.0, 0.0, 5.034329829172141, 5.075240557839854, 4.966423823142923, 5.45317290845379, 5.497359435352208, 5.614774967148489, 5.811660304046399, 6.089744557303689, 6.654956998214225, 6.699044254396358, 6.72056108115456, 6.732254275423288, 6.760229595561396, 6.811477123402222, 6.820115162797489, 6.833791157584738, 6.896681997371879, 6.890604467805519, 6.884526938239159], "adaptive_substitutions_per_codon": [0.0, 0.0, 0.0, 0.0, 0.0, 0.0, 0.0, 0.0, 0.0, 0.0, 0.01017036329125685, 0.010253011227959302, 0.010033179440692775, 0.011016510926169272, 0.011105776637075168, 0.01134297973161311, 0.011740727886962423, 0.012302514257179169, 0.01344435757214995, 0.013533422736154259, 0.013576891073039516, 0.013600513687723813, 0.013657029485982618, 0.013760559845257014, 0.013778010429893916, 0.01380563870219139, 0.013932690903781575, 0.013920413066273776, 0.013908135228765979], "rate_of_adaptation": 0.0006566172740247146}