{"virus": "dengue", "subtype": "denv2_C", "gene": "NS2B", "window": 5, "min_seqs": 3, "midfreq_high": 0.75, "midfreq_low": 0.15, "window_midpoint": [1977.5, 1978.5, 1994.5, 1995.5, 1999.5, 2000.5, 2001.5, 2002.5, 2003.5, 2004.5, 2005.5, 2006.5, 2007.5, 2008.5, 2009.5, 2010.5, 2011.5, 2012.5, 2013.5, 2014.5, 2015.5, 2016.5], "adaptive_substitutions": [0.0, 0.0, 0, 0, 0.6288738065109858, 0.4466916955125858, 0.49706660531462094, 0.6174316499865792, 0.6288738065109858, 0.6102069954865645, 0.5955514819116605, 0.5947889106177384, 0.611859071562281, 0.6259387684672397, 0.600738780883725, 0.5522708971690911, 0.47917864948809386, 0.5547548690248616, 0, 0, 0, 0], "adaptive_substitutions_per_codon": [0.0, 0.0, 0.0, 0.0, 0.004837490819315275, 0.0034360899654814294, 0.00382358927165093, 0.004749474230665993, 0.004837490819315275, 0.004693899965281266, 0.004581165245474312, 0.004575299312444141, 0.004706608242786777, 0.004814913603594152, 0.004621067545259423, 0.00424823767053147, 0.003685989611446876, 0.004267345146345089, 0.0, 0.0, 0.0, 0.0], "rate_of_adaptation": 5.124852019142148e-05}