{"virus": "dengue", "subtype": "denv3_III", "gene": "E", "window": 5, "min_seqs": 3, "midfreq_high": 0.75, "midfreq_low": 0.15, "window_midpoint": [1981.5, 1982.5, 1983.5, 1984.5, 1985.5, 1987.5, 1988.5, 1989.5, 1990.5, 1991.5, 1992.5, 1993.5, 1994.5, 1995.5, 1996.5, 1997.5, 1998.5, 1999.5, 2000.5, 2001.5, 2002.5, 2003.5, 2004.5, 2005.5, 2006.5, 2007.5, 2008.5, 2009.5, 2010.5, 2011.5, 2012.5, 2013.5, 2014.5, 2015.5, 2016.5], "adaptive_substitutions": [0.0, 0.0, 0.0, 0.0, 0.0, 0.0, 0.5248696417688088, 0.5248696417688088, 0.5248696417688088, 0.6789462991806055, 0.8966614749102729, 0.8966614749102729, 0.8966614749102729, 0.8966614749102729, 0.8671361820274938, 0.8523735355861042, 1.4457978027931302, 1.4898353240393103, 1.46689302305974, 1.4361110397601362, 0.8523735355861042, 0.8523735355861042, 0.8523735355861042, 0.8523735355861042, 0.8523735355861042, 0.8523735355861042, 0.8523735355861042, 0.8523735355861042, 1.2019988686417744, 0.8523735355861042, 0.8523735355861042, 0.8523735355861042, 0.8523735355861042, 0.8523735355861042, 0.8523735355861042], "adaptive_substitutions_per_codon": [0.0, 0.0, 0.0, 0.0, 0.0, 0.0, 0.0010646443037906873, 0.0010646443037906873, 0.0010646443037906873, 0.0013771730206503152, 0.0018187859531648537, 0.0018187859531648537, 0.0018187859531648537, 0.0018187859531648537, 0.0017588969209482632, 0.001728952404839968, 0.0029326527440022925, 0.003021978344907323, 0.0029754422374436915, 0.0029130041374444953, 0.001728952404839968, 0.001728952404839968, 0.001728952404839968, 0.001728952404839968, 0.001728952404839968, 0.001728952404839968, 0.001728952404839968, 0.001728952404839968, 0.0024381315793950797, 0.001728952404839968, 0.001728952404839968, 0.001728952404839968, 0.001728952404839968, 0.001728952404839968, 0.001728952404839968], "rate_of_adaptation": 5.074709815630697e-05}