{"virus": "dengue", "subtype": "denv3_III", "gene": "NS4B", "window": 5, "min_seqs": 3, "midfreq_high": 0.75, "midfreq_low": 0.15, "window_midpoint": [1981.5, 1982.5, 1983.5, 1984.5, 1985.5, 1987.5, 1988.5, 1989.5, 1990.5, 1991.5, 1992.5, 1993.5, 1994.5, 1995.5, 1996.5, 1997.5, 1998.5, 1999.5, 2000.5, 2001.5, 2002.5, 2003.5, 2004.5, 2005.5, 2006.5, 2007.5, 2008.5, 2009.5, 2010.5, 2011.5, 2012.5, 2013.5, 2014.5, 2015.5, 2016.5], "adaptive_substitutions": [0.0, 0.0, 0.0, 0.0, 0.0, 0.0, 0.0, 0.0, 0.0, 0.0, 0.0, 0, 0, 0, 0, 0, 0, 0, 0.004116952400046076, 0.008882362285760326, 0.007244102062157852, 0.005678800795881807, 0.006165522155288243, 0.006128824909936171, 0.0017817432367807878, 0.0018173650714746652, 0.002007628859681106, 0.002183850146580773, 0, 0, 0, 0.0, 0, 0.7566742903269205, 0], "adaptive_substitutions_per_codon": [0.0, 0.0, 0.0, 0.0, 0.0, 0.0, 0.0, 0.0, 0.0, 0.0, 0.0, 0.0, 0.0, 0.0, 0.0, 0.0, 0.0, 0.0, 1.6600614516314825e-05, 3.5815976958710994e-05, 2.921008896031392e-05, 2.289839030597503e-05, 2.486097643261388e-05, 2.4713003669097465e-05, 7.184448535406403e-06, 7.32808496562365e-06, 8.09527766000446e-06, 8.805847365245052e-06, 0.0, 0.0, 0.0, 0.0, 0.0, 0.0030511060093827438, 0.0], "rate_of_adaptation": 1.3449543130766786e-05}