{"virus": "dengue", "subtype": "denv4_II", "gene": "NS1", "window": 5, "min_seqs": 3, "midfreq_high": 0.75, "midfreq_low": 0.15, "window_midpoint": [1980.5, 1984.5, 1992.5, 1993.5, 1994.5, 1995.5, 1996.5, 1997.5, 1998.5, 1999.5, 2000.5, 2001.5, 2002.5, 2003.5, 2004.5, 2005.5, 2006.5, 2007.5, 2008.5, 2009.5, 2010.5, 2011.5, 2012.5, 2013.5, 2014.5, 2015.5], "adaptive_substitutions": [0.0, 0.0, 0.9621807070679996, 0.9621807070679996, 0.9621807070679996, 0.9621807070679996, 0.9621807070679996, 0.9621807070679996, 0.9621807070679996, 0.9621807070679996, 0.9621807070679996, 0.9621807070679996, 0.9621807070679996, 0.9621807070679996, 1.3764239191615963, 2.016586261138514, 1.2805352007525812, 0.9621807070679996, 0.9243614141359994, 0.9243614141359994, 0.9243614141359994, 0.9243614141359994, 2.064860986644634, 1.7973258080202785, 1.6015706665951916, 0.9243614141359994], "adaptive_substitutions_per_codon": [0.0, 0.0, 0.002733467917806817, 0.002733467917806817, 0.002733467917806817, 0.002733467917806817, 0.002733467917806817, 0.002733467917806817, 0.002733467917806817, 0.002733467917806817, 0.002733467917806817, 0.002733467917806817, 0.002733467917806817, 0.002733467917806817, 0.003910295224890899, 0.005728938241870779, 0.0036378840930471057, 0.002733467917806817, 0.0026260267447045437, 0.0026260267447045437, 0.0026260267447045437, 0.0026260267447045437, 0.005866082348422255, 0.0051060392273303366, 0.004549916666463613, 0.0026260267447045437], "rate_of_adaptation": 9.937533220326592e-05}