{"virus": "dengue", "subtype": "denv2_C", "gene": "NS5", "window": 5, "min_seqs": 3, "midfreq_high": 0.75, "midfreq_low": 0.15, "window_midpoint": [1977.5, 1978.5, 1994.5, 1995.5, 1999.5, 2000.5, 2001.5, 2002.5, 2003.5, 2004.5, 2005.5, 2006.5, 2007.5, 2008.5, 2009.5, 2010.5, 2011.5, 2012.5, 2013.5, 2014.5, 2015.5, 2016.5], "adaptive_substitutions": [0.0, 0.0, 0, 0, 3.5497873537569546, 6.208437842542571, 5.165962662547329, 4.035163974221751, 3.447358641846642, 3.8720618718854007, 3.1922723751616657, 3.999350705815706, 3.206860392188683, 3.7843015582147013, 3.689709052456509, 4.615135324405289, 4.229023354130355, 3.873212900198997, 1.29890185417021, 1.3026439891260921, 0.5476917523418623, 1.2397953608982712], "adaptive_substitutions_per_codon": [0.0, 0.0, 0.0, 0.0, 0.00394420817084106, 0.006898264269491745, 0.005739958513941477, 0.004483515526913057, 0.0038303984909407135, 0.0043022909687615565, 0.003546969305735184, 0.004443723006461895, 0.0035631782135429812, 0.004204779509127446, 0.004099676724951677, 0.005127928138228099, 0.004698914837922617, 0.004303569889109997, 0.0014432242824113444, 0.0014473822101401025, 0.0006085463914909581, 0.001377550400998079], "rate_of_adaptation": 6.983306185132753e-05}