{"virus": "dengue", "subtype": "denv4_I", "gene": "NS1", "window": 5, "min_seqs": 3, "midfreq_high": 0.75, "midfreq_low": 0.15, "window_midpoint": [2000.5, 2001.5, 2002.5, 2003.5, 2004.5, 2005.5, 2006.5, 2007.5, 2008.5, 2009.5, 2010.5, 2011.5, 2012.5, 2013.5, 2014.5, 2015.5, 2016.5], "adaptive_substitutions": [0.0, 0.0, 0.0, 0.0, 0.0, 0.0, 0.0, 0.0, 0.0, 0.0, 0.0, 0.763194125745755, 0.8194125745754934, 0.8440798531436439, 1.5722808627810922, 1.5828361633776962, 0.9880679210647085], "adaptive_substitutions_per_codon": [0.0, 0.0, 0.0, 0.0, 0.0, 0.0, 0.0, 0.0, 0.0, 0.0, 0.0, 0.002168165129959531, 0.002327876632316743, 0.002397954128248988, 0.004466706996537194, 0.0044966936459593645, 0.0028070111393883766], "rate_of_adaptation": 0.00026602686072655935}