{"virus": "dengue", "subtype": "denv3_II", "gene": "NS5", "window": 5, "min_seqs": 3, "midfreq_high": 0.75, "midfreq_low": 0.15, "window_midpoint": [1985.5, 1992.5, 1993.5, 1994.5, 1995.5, 1996.5, 1997.5, 1998.5, 1999.5, 2000.5, 2001.5, 2002.5, 2003.5, 2004.5, 2005.5, 2006.5, 2007.5, 2008.5, 2009.5, 2010.5, 2011.5], "adaptive_substitutions": [0.0, 0, 0, 0, 0, 0.8034950925070963, 0.8539455634972204, 0.8595841455490578, 0.0, 0.0, 0.0, 0.0, 0.0, 1.5798842498148902, 1.7930010210711966, 1.8028461643363094, 1.8423814165042234, 1.6326064947035979, 1.5143961908414023, 0.0, 4.256416504223521], "adaptive_substitutions_per_codon": [0.0, 0.0, 0.0, 0.0, 0.0, 0.0008927723250078848, 0.0009488284038858004, 0.0009550934950545087, 0.0, 0.0, 0.0, 0.0, 0.0, 0.0017554269442387669, 0.001992223356745774, 0.0020031624048181215, 0.0020470904627824704, 0.001814007216337331, 0.0016826624342682248, 0.0, 0.004729351671359469], "rate_of_adaptation": 0.0001116962623936445}