{"virus": "dengue", "subtype": "denv3_II", "gene": "E", "window": 5, "min_seqs": 3, "midfreq_high": 0.75, "midfreq_low": 0.15, "window_midpoint": [1985.5, 1992.5, 1993.5, 1994.5, 1995.5, 1996.5, 1997.5, 1998.5, 1999.5, 2000.5, 2001.5, 2002.5, 2003.5, 2004.5, 2005.5, 2006.5, 2007.5, 2008.5, 2009.5, 2010.5, 2011.5], "adaptive_substitutions": [0.0, 0.8937908496732025, 0.8937908496732025, 0.8937908496732025, 0.8937908496732025, 2.615067079463364, 2.695352214960058, 2.7066993464052285, 0.8937908496732025, 0.8937908496732025, 0.8937908496732025, 0.8937908496732025, 0.8937908496732025, 2.6447634609399313, 2.7006962205171923, 2.6940359477124183, 2.7063167038967486, 2.612937331795463, 2.5609396764170147, 1.8937908496732025, 4.575776143790849], "adaptive_substitutions_per_codon": [0.0, 0.0018129631839213034, 0.0018129631839213034, 0.0018129631839213034, 0.0018129631839213034, 0.005304395698708649, 0.005467245872129935, 0.005490262365933527, 0.0018129631839213034, 0.0018129631839213034, 0.0018129631839213034, 0.0018129631839213034, 0.0018129631839213034, 0.005364631766612437, 0.005478085639994305, 0.0054645759588487185, 0.005489486214800707, 0.005300075723723049, 0.005194603806119706, 0.0038413607498442243, 0.009281493192273527], "rate_of_adaptation": 0.00022432848191816766}