{"virus": "dengue", "subtype": "denv4_II", "gene": "NS2A", "window": 5, "min_seqs": 3, "midfreq_high": 0.75, "midfreq_low": 0.15, "window_midpoint": [1980.5, 1984.5, 1992.5, 1993.5, 1994.5, 1995.5, 1996.5, 1997.5, 1998.5, 1999.5, 2000.5, 2001.5, 2002.5, 2003.5, 2004.5, 2005.5, 2006.5, 2007.5, 2008.5, 2009.5, 2010.5, 2011.5, 2012.5, 2013.5, 2014.5, 2015.5], "adaptive_substitutions": [0.0, 0.0, 0.0, 0.0, 0.0, 0.0, 0.0, 2.274836877634984, 2.5711983671921796, 2.5711983671921796, 2.7255163845836026, 2.54799902386489, 2.3599982252088907, 2.5711983671921796, 2.1423967343843597, 2.3478887644221538, 2.097139561102226, 0.0, 0.0, 0.0, 0.6911540496810276, 2.1839981068894834, 2.2709533425481006, 2.3239961841991152, 1.918393894718585, 0], "adaptive_substitutions_per_codon": [0.0, 0.0, 0.0, 0.0, 0.0, 0.0, 0.0, 0.01043503154878433, 0.011794487922899907, 0.011794487922899907, 0.01250236873662203, 0.011688068916811421, 0.010825679932150875, 0.011794487922899907, 0.009827507955891558, 0.010770131946890613, 0.009619906243588192, 0.0, 0.0, 0.0, 0.0031704314205551723, 0.010018339939860016, 0.010417217167651838, 0.010660532955041813, 0.00879997199412195, 0.0], "rate_of_adaptation": 0.00019741968437066105}