{"virus": "dengue", "subtype": "denv1_I", "gene": "NS3", "window": 5, "min_seqs": 3, "midfreq_high": 0.75, "midfreq_low": 0.15, "window_midpoint": [1988.5, 1989.5, 1990.5, 1991.5, 1992.5, 1993.5, 1994.5, 1995.5, 1996.5, 1997.5, 1998.5, 1999.5, 2000.5, 2001.5, 2002.5, 2003.5, 2004.5, 2005.5, 2006.5, 2007.5, 2008.5, 2009.5, 2010.5, 2011.5, 2012.5, 2013.5, 2014.5, 2015.5, 2016.5], "adaptive_substitutions": [0.0, 0.0, 0.0, 0.0, 0.0, 0.0, 0.0, 0.0, 0.0, 0.0, 0.7768062328344824, 1.566695776853243, 1.5333419057887152, 1.6997552454085159, 1.732513268918179, 1.775848275932352, 1.8276734341757994, 1.3293310486012688, 1.8208277056652762, 1.8074745252768611, 1.799789584497029, 1.7867493797126415, 1.7741656235014232, 1.7683680592710356, 1.7861230997265973, 1.7909206660409662, 1.7939987413050928, 1.804166534114407, 1.3804439213048596], "adaptive_substitutions_per_codon": [0.0, 0.0, 0.0, 0.0, 0.0, 0.0, 0.0, 0.0, 0.0, 0.0, 0.0012549373712996484, 0.0025310109480666284, 0.002477127473002771, 0.0027459697017908173, 0.0027988905798355074, 0.0028688986687113926, 0.0029526226723357017, 0.0021475461205190125, 0.0029415633371006077, 0.0029199911555361246, 0.0029075760654233103, 0.0028865094987280153, 0.002866180328758357, 0.0028568143122310753, 0.0028854977378458763, 0.0028932482488545496, 0.0028982209067933648, 0.00291464706642069, 0.0022301194205248138], "rate_of_adaptation": 0.00013405577418512617}