{"virus": "dengue", "subtype": "denv3_II", "gene": "NS4B", "window": 5, "min_seqs": 3, "midfreq_high": 0.75, "midfreq_low": 0.15, "window_midpoint": [1985.5, 1992.5, 1993.5, 1994.5, 1995.5, 1996.5, 1997.5, 1998.5, 1999.5, 2000.5, 2001.5, 2002.5, 2003.5, 2004.5, 2005.5, 2006.5, 2007.5, 2008.5, 2009.5, 2010.5, 2011.5], "adaptive_substitutions": [0.0, 0.0, 0.0, 0.0, 0.0, 0.8947368421052632, 0.9444444444444444, 0.95, 0.0, 0.0, 0.0, 0.0, 0.0, 0.8837209302325582, 0.9428571428571428, 0.9506172839506173, 0.9625, 0.872093023255814, 0.819672131147541, 0.0, 0.0], "adaptive_substitutions_per_codon": [0.0, 0.0, 0.0, 0.0, 0.0, 0.003607809847198642, 0.0038082437275985663, 0.0038306451612903224, 0.0, 0.0, 0.0, 0.0, 0.0, 0.003563390847711928, 0.0038018433179723503, 0.0038331342094782956, 0.003881048387096774, 0.003516504126031508, 0.0033051295610787945, 0.0, 0.0], "rate_of_adaptation": 9.100313583462794e-05}