{"virus": "dengue", "subtype": "denv4_II", "gene": "NS2B", "window": 5, "min_seqs": 3, "midfreq_high": 0.75, "midfreq_low": 0.15, "window_midpoint": [1980.5, 1984.5, 1992.5, 1993.5, 1994.5, 1995.5, 1996.5, 1997.5, 1998.5, 1999.5, 2000.5, 2001.5, 2002.5, 2003.5, 2004.5, 2005.5, 2006.5, 2007.5, 2008.5, 2009.5, 2010.5, 2011.5, 2012.5, 2013.5, 2014.5, 2015.5], "adaptive_substitutions": [0.0, 0.0, 0.0, 0.0, 0.0, 0.0, 0.0, 0.0, 0.0, 0.0, 0.0, 0.0, 0, 0, 0, 0.7129057231665185, 0, 0, 0, 0, 0, 0, 0, 0.6874122030171624, 0.66129115006413, 0.0], "adaptive_substitutions_per_codon": [0.0, 0.0, 0.0, 0.0, 0.0, 0.0, 0.0, 0.0, 0.0, 0.0, 0.0, 0.0, 0.0, 0.0, 0.0, 0.005483890178203988, 0.0, 0.0, 0.0, 0.0, 0.0, 0.0, 0.0, 0.0052877861770550955, 0.005086855000493307, 0.0], "rate_of_adaptation": 6.865884897725616e-05}