{"virus": "dengue", "subtype": "denv2_C", "gene": "M", "window": 5, "min_seqs": 3, "midfreq_high": 0.75, "midfreq_low": 0.15, "window_midpoint": [1977.5, 1978.5, 1994.5, 1995.5, 1999.5, 2000.5, 2001.5, 2002.5, 2003.5, 2004.5, 2005.5, 2006.5, 2007.5, 2008.5, 2009.5, 2010.5, 2011.5, 2012.5, 2013.5, 2014.5, 2015.5, 2016.5], "adaptive_substitutions": [0.0, 0.0, 0.18136911723770463, 0.9389947708779597, 3.0193759460386147, 3.5707891839595947, 3.5661610275696707, 3.6033120295027983, 3.6319063058887058, 3.6048220096360217, 2.7199976584237606, 2.6610700555407547, 2.6553268198560014, 2.608764424288836, 2.5651452660005383, 2.6060877941211444, 2.5322572287206273, 2.5831205804241835, 1.9389947708779596, 1.9389947708779596, 1.9389947708779596, 1.9389947708779596], "adaptive_substitutions_per_codon": [0.0, 0.0, 0.0010925850436006304, 0.005656595005288914, 0.018189011723124184, 0.021510778216624064, 0.0214828977564438, 0.021706698972908424, 0.021878953649931962, 0.021715795238771214, 0.01638552806279374, 0.01603054250325756, 0.01599594469792772, 0.015715448339089375, 0.015452682325304447, 0.01569932406097075, 0.01525456161879896, 0.015560967351952913, 0.011680691390831081, 0.011680691390831081, 0.011680691390831081, 0.011680691390831081], "rate_of_adaptation": 0.0003537997486639679}