{"virus": "dengue", "subtype": "denv2_AA", "gene": "NS3", "window": 5, "min_seqs": 3, "midfreq_high": 0.75, "midfreq_low": 0.15, "window_midpoint": [1988.5, 1989.5, 1990.5, 1991.5, 1992.5, 1993.5, 1994.5, 1995.5, 1996.5, 1997.5, 1998.5, 1999.5, 2000.5, 2001.5, 2002.5, 2003.5, 2004.5, 2005.5, 2006.5, 2007.5, 2008.5, 2009.5, 2010.5, 2011.5, 2012.5, 2013.5, 2014.5, 2015.5, 2016.5], "adaptive_substitutions": [0.0, 0.0, 0.0, 0.0, 0.0, 0.0, 0.0, 0.0, 0.0, 0.0, 0.0, 0, 0.0, 0.0, 0.0, 0.0, 0.0, 0, 2.2702666355027623, 2.4844466365156834, 2.489226369186856, 2.7300229888520793, 2.727686579047873, 2.3955386325266246, 2.696921636462393, 2.768307511789084, 3.4068639212927323, 3.3833107409625773, 3.4955098782770007], "adaptive_substitutions_per_codon": [0.0, 0.0, 0.0, 0.0, 0.0, 0.0, 0.0, 0.0, 0.0, 0.0, 0.0, 0.0, 0.0, 0.0, 0.0, 0.0, 0.0, 0.0, 0.0036735706076096476, 0.004020140188536705, 0.0040278743837975015, 0.004417512926945112, 0.004413732328556429, 0.003876276104412014, 0.004363950868062125, 0.0044794619931862205, 0.005512724791735812, 0.005474612849454008, 0.005656164851580907], "rate_of_adaptation": 0.00023128262404148607}