{"virus": "dengue", "subtype": "denv2_C", "gene": "NS3", "window": 5, "min_seqs": 3, "midfreq_high": 0.75, "midfreq_low": 0.15, "window_midpoint": [1977.5, 1978.5, 1994.5, 1995.5, 1999.5, 2000.5, 2001.5, 2002.5, 2003.5, 2004.5, 2005.5, 2006.5, 2007.5, 2008.5, 2009.5, 2010.5, 2011.5, 2012.5, 2013.5, 2014.5, 2015.5, 2016.5], "adaptive_substitutions": [0.0, 0.0, 0, 0, 3.0615751692894015, 3.1939113157647054, 3.0674752613778278, 2.30894690429583, 2.344411349340523, 2.17573887592246, 2.07148573855991, 2.2143856995956708, 2.16772867343082, 2.163193400771485, 2.095743584384672, 2.11441209036745, 1.98613155456616, 2.1681112545944865, 0.7132304252232606, 0.7249591874037052, 0.7293612359475242, 0.7485469024077483], "adaptive_substitutions_per_codon": [0.0, 0.0, 0.0, 0.0, 0.004954005128300003, 0.0051681412876451545, 0.004963552202876744, 0.0037361600393136405, 0.0037935458727192933, 0.0035206130678356955, 0.003351918670808916, 0.003583148381222768, 0.0035076515751307764, 0.0035003129462321766, 0.0033911708485188864, 0.0034213787870023466, 0.003213805104475987, 0.0035082706385024054, 0.0011540945391962146, 0.001173073118776222, 0.0011801961746723693, 0.0012112409424073598], "rate_of_adaptation": 5.464393797001488e-05}