{"virus": "dengue", "subtype": "denv3_III", "gene": "NS2A", "window": 5, "min_seqs": 3, "midfreq_high": 0.75, "midfreq_low": 0.15, "window_midpoint": [1981.5, 1982.5, 1983.5, 1984.5, 1985.5, 1987.5, 1988.5, 1989.5, 1990.5, 1991.5, 1992.5, 1993.5, 1994.5, 1995.5, 1996.5, 1997.5, 1998.5, 1999.5, 2000.5, 2001.5, 2002.5, 2003.5, 2004.5, 2005.5, 2006.5, 2007.5, 2008.5, 2009.5, 2010.5, 2011.5, 2012.5, 2013.5, 2014.5, 2015.5, 2016.5], "adaptive_substitutions": [0.0, 0.0, 0.0, 0.0, 0.0, 0.0, 1.7311226548315513, 1.7311226548315513, 1.7311226548315513, 0.39373007867661897, 0.5584022594311076, 0.5584022594311076, 0.5584022594311076, 0.5584022594311076, 0.47008271131732904, 0.47008271131732904, 0.47008271131732904, 0.47008271131732904, 0.47008271131732904, 0.47008271131732904, 0.47008271131732904, 0.47008271131732904, 0.47008271131732904, 0.47008271131732904, 0.47008271131732904, 0.47008271131732904, 1.0096655871032754, 1.0559583849678664, 0.9777211289819722, 0.9343299952406228, 0.9047095647569094, 0.47008271131732904, 0.47008271131732904, 0.47008271131732904, 0.47008271131732904], "adaptive_substitutions_per_codon": [0.0, 0.0, 0.0, 0.0, 0.0, 0.0, 0.007940929609319042, 0.007940929609319042, 0.007940929609319042, 0.0018061012783331144, 0.0025614782542711357, 0.0025614782542711357, 0.0025614782542711357, 0.0025614782542711357, 0.0021563427124648123, 0.0021563427124648123, 0.0021563427124648123, 0.0021563427124648123, 0.0021563427124648123, 0.0021563427124648123, 0.0021563427124648123, 0.0021563427124648123, 0.0021563427124648123, 0.0021563427124648123, 0.0021563427124648123, 0.0021563427124648123, 0.004631493518822364, 0.004843845802604892, 0.004484959307256753, 0.004285917409360655, 0.004150043875031695, 0.0021563427124648123, 0.0021563427124648123, 0.0021563427124648123, 0.0021563427124648123], "rate_of_adaptation": 3.959029275423549e-05}