{"virus": "dengue", "subtype": "denv2_C", "gene": "NS1", "window": 5, "min_seqs": 3, "midfreq_high": 0.75, "midfreq_low": 0.15, "window_midpoint": [1977.5, 1978.5, 1994.5, 1995.5, 1999.5, 2000.5, 2001.5, 2002.5, 2003.5, 2004.5, 2005.5, 2006.5, 2007.5, 2008.5, 2009.5, 2010.5, 2011.5, 2012.5, 2013.5, 2014.5, 2015.5, 2016.5], "adaptive_substitutions": [0.0, 0.0, 0, 0, 0.5546147089574921, 0.5651204805837131, 0.586482315561816, 0.6779031651640284, 0.7041321509672358, 0.6563697159460133, 1.4127427792450205, 1.4946479891277415, 1.4031485515823505, 1.3738204005323873, 1.3521161855439623, 1.4044274891703807, 1.3230754928731412, 1.4221899160942855, 0, 0, 0, 0], "adaptive_substitutions_per_codon": [0.0, 0.0, 0.0, 0.0, 0.0015756099686292388, 0.001605455910749185, 0.0016661429419369772, 0.0019258612646705351, 0.0020003754288841925, 0.001864686693028447, 0.004013473804673353, 0.004246159060021993, 0.003986217476086223, 0.0039028988651488277, 0.0038412391634771656, 0.003989850821506763, 0.003758737195662333, 0.004040312261631492, 0.0, 0.0, 0.0, 0.0], "rate_of_adaptation": 5.860881858985538e-05}