{"virus": "dengue", "subtype": "denv1_I", "gene": "NS2A", "window": 5, "min_seqs": 3, "midfreq_high": 0.75, "midfreq_low": 0.15, "window_midpoint": [1988.5, 1989.5, 1990.5, 1991.5, 1992.5, 1993.5, 1994.5, 1995.5, 1996.5, 1997.5, 1998.5, 1999.5, 2000.5, 2001.5, 2002.5, 2003.5, 2004.5, 2005.5, 2006.5, 2007.5, 2008.5, 2009.5, 2010.5, 2011.5, 2012.5, 2013.5, 2014.5, 2015.5, 2016.5], "adaptive_substitutions": [0.0, 0.0, 0.0, 0.0, 0.0, 0.0, 0.0, 0.0, 0.0, 0.0, 0.41251789345815004, 1.0709987629844453, 1.02187454366739, 0.3072459882326022, 0.3137332863195691, 0.2990253956047286, 0.3679510384087953, 1.0871636405175393, 1.1065702794239396, 1.1090685912899776, 0.5972220917209125, 0.5972220917209125, 0.5972220917209125, 0.5972220917209125, 1.2682990867468567, 1.4145710202092268, 1.4200009679954866, 1.3812412384884207, 1.2853302129032849], "adaptive_substitutions_per_codon": [0.0, 0.0, 0.0, 0.0, 0.0, 0.0, 0.0, 0.0, 0.0, 0.0, 0.0018922839149456425, 0.004912838362313969, 0.0046874979067311464, 0.0014093852671220285, 0.001439143515227381, 0.0013716761266271955, 0.0016878488000403454, 0.00498698917668596, 0.005076010456073117, 0.0050874706022476035, 0.0027395508794537267, 0.0027395508794537267, 0.0027395508794537267, 0.0027395508794537267, 0.005817885719022278, 0.006488857890868013, 0.006513765908236177, 0.006335968983891839, 0.005896010150932499], "rate_of_adaptation": 0.0002399888938132282}