{"virus": "dengue", "subtype": "denv3_III", "gene": "NS5", "window": 5, "min_seqs": 3, "midfreq_high": 0.75, "midfreq_low": 0.15, "window_midpoint": [1981.5, 1982.5, 1983.5, 1984.5, 1985.5, 1987.5, 1988.5, 1989.5, 1990.5, 1991.5, 1992.5, 1993.5, 1994.5, 1995.5, 1996.5, 1997.5, 1998.5, 1999.5, 2000.5, 2001.5, 2002.5, 2003.5, 2004.5, 2005.5, 2006.5, 2007.5, 2008.5, 2009.5, 2010.5, 2011.5, 2012.5, 2013.5, 2014.5, 2015.5, 2016.5], "adaptive_substitutions": [0.0, 0.0, 0.0, 0.0, 0.0, 0.0, 3.2660194956929556, 3.2660194956929556, 3.2660194956929556, 1.3146727530378906, 2.0793317481507403, 4.868997622226111, 4.868997622226111, 5.2185598349402795, 9.851774079018394, 12.048820161332783, 12.03154365521765, 12.346572260376814, 11.913100783003337, 12.365982157178628, 12.363610348255204, 11.6157040538723, 11.552987862908855, 11.494573620583944, 11.450044009744468, 11.31531094739719, 11.916330030734105, 11.774812409368273, 12.759892493276507, 12.162969713766877, 11.51715419969032, 7.442027579439867, 9.31677728013293, 9.624118763283853, 9.547338616514963], "adaptive_substitutions_per_codon": [0.0, 0.0, 0.0, 0.0, 0.0, 0.0, 0.0036289105507699504, 0.0036289105507699504, 0.0036289105507699504, 0.0014607475033754339, 0.002310368609056378, 0.005409997358029012, 0.005409997358029012, 0.005798399816600311, 0.010946415643353772, 0.013387577957036425, 0.013368381839130722, 0.013718413622640905, 0.013236778647781486, 0.01373998017464292, 0.01373734483139467, 0.012906337837635888, 0.012836653181009839, 0.012771748467315493, 0.012722271121938298, 0.012572567719330211, 0.013240366700815673, 0.013083124899298082, 0.014177658325862786, 0.013514410793074309, 0.012796837999655912, 0.008268919532710963, 0.010351974755703255, 0.010693465292537615, 0.010608154018349959], "rate_of_adaptation": 0.00042170366157053566}