{"virus": "dengue", "subtype": "denv2_C", "gene": "NS2A", "window": 5, "min_seqs": 3, "midfreq_high": 0.75, "midfreq_low": 0.15, "window_midpoint": [1977.5, 1978.5, 1994.5, 1995.5, 1999.5, 2000.5, 2001.5, 2002.5, 2003.5, 2004.5, 2005.5, 2006.5, 2007.5, 2008.5, 2009.5, 2010.5, 2011.5, 2012.5, 2013.5, 2014.5, 2015.5, 2016.5], "adaptive_substitutions": [0.0, 0.0, 0, 0, 0, 0, 0, 0, 0, 0, 0.36019745804298386, 0.4736496703961752, 0.4577910122324398, 0.3939959394234643, 0.3688062980047436, 0.4003459571373727, 0, 0.3462112172300181, 0, 0, 0, 0], "adaptive_substitutions_per_codon": [0.0, 0.0, 0.0, 0.0, 0.0, 0.0, 0.0, 0.0, 0.0, 0.0, 0.0016522819176283663, 0.0021727049100741984, 0.002099958771708439, 0.001807320823043414, 0.0016917720091960717, 0.0018364493446668473, 0.0, 0.001588124849678982, 0.0, 0.0, 0.0, 0.0], "rate_of_adaptation": 2.4904998932388587e-05}