{"virus": "dengue", "subtype": "denv2_AA", "gene": "NS4A", "window": 5, "min_seqs": 3, "midfreq_high": 0.75, "midfreq_low": 0.15, "window_midpoint": [1988.5, 1989.5, 1990.5, 1991.5, 1992.5, 1993.5, 1994.5, 1995.5, 1996.5, 1997.5, 1998.5, 1999.5, 2000.5, 2001.5, 2002.5, 2003.5, 2004.5, 2005.5, 2006.5, 2007.5, 2008.5, 2009.5, 2010.5, 2011.5, 2012.5, 2013.5, 2014.5, 2015.5, 2016.5], "adaptive_substitutions": [0.0, 0.0, 0.0, 0.0, 0.0, 0.0, 0.0, 0.0, 0.0, 0.0, 0.0, 0.0, 0.0, 0.0, 0.0, 0.0, 0.0, 0.0, 0.757854821235103, 0.8305709754163363, 0.8259962928637627, 0.9076923076923077, 0.9179807692307693, 3.0575498575498576, 0.9307692307692308, 0.9307692307692308, 0.9307692307692308, 1.7080675422138838, 1.797089397089397], "adaptive_substitutions_per_codon": [0.0, 0.0, 0.0, 0.0, 0.0, 0.0, 0.0, 0.0, 0.0, 0.0, 0.0, 0.0, 0.0, 0.0, 0.0, 0.0, 0.0, 0.0, 0.005967360797126795, 0.006539928940286112, 0.006503907817824904, 0.007147183525136281, 0.0072281950333131445, 0.024075195728739035, 0.0073288915808600846, 0.0073288915808600846, 0.0073288915808600846, 0.013449350726093573, 0.014150310213302339], "rate_of_adaptation": 0.0005098150078284876}