{"virus": "dengue", "subtype": "denv1_V", "gene": "M", "window": 5, "min_seqs": 3, "midfreq_high": 0.75, "midfreq_low": 0.15, "window_midpoint": [1987.5, 1988.5, 1989.5, 1990.5, 1991.5, 1992.5, 1993.5, 1994.5, 1995.5, 1996.5, 1997.5, 1998.5, 1999.5, 2000.5, 2001.5, 2002.5, 2003.5, 2004.5, 2005.5, 2006.5, 2007.5, 2008.5, 2009.5, 2010.5, 2011.5, 2012.5, 2013.5], "adaptive_substitutions": [0.0, 0.0, 0.0, 0.0, 0.0, 0.0, 0.0, 0.0, 0.0, 0.0, 0.0, 0.0, 0.0, 0.0, 0.0, 0.0, 0.7687503680150739, 0.8652541430319208, 0.8996879044649746, 0.9079117188254244, 0.9199067488541173, 0.88411559707856, 0.8823823823823824, 0.861685759833908, 0.7918168168168168, 0.7509384384384384, 0.8056111667222778], "adaptive_substitutions_per_codon": [0.0, 0.0, 0.0, 0.0, 0.0, 0.0, 0.0, 0.0, 0.0, 0.0, 0.0, 0.0, 0.0, 0.0, 0.0, 0.0, 0.004631026313343819, 0.005212374355613981, 0.005419806653403462, 0.005469347703767617, 0.005541606920807935, 0.005325997572762409, 0.005315556520375798, 0.005190878071288603, 0.004769980824197692, 0.004523725532761677, 0.004853079317604083], "rate_of_adaptation": 0.00027206974411739997}