{"virus": "dengue", "subtype": "denv3_III", "gene": "NS4A", "window": 5, "min_seqs": 3, "midfreq_high": 0.75, "midfreq_low": 0.15, "window_midpoint": [1981.5, 1982.5, 1983.5, 1984.5, 1985.5, 1987.5, 1988.5, 1989.5, 1990.5, 1991.5, 1992.5, 1993.5, 1994.5, 1995.5, 1996.5, 1997.5, 1998.5, 1999.5, 2000.5, 2001.5, 2002.5, 2003.5, 2004.5, 2005.5, 2006.5, 2007.5, 2008.5, 2009.5, 2010.5, 2011.5, 2012.5, 2013.5, 2014.5, 2015.5, 2016.5], "adaptive_substitutions": [0.0, 0.0, 0.0, 0.0, 0.0, 0.0, 1.5, 1.5, 1.5, 0.8, 1.0, 1.75, 1.75, 1.8333333333333335, 2.0, 2.0, 2.8269230769230766, 2.0, 2.0, 2.0, 2.0, 2.0, 2.0, 2.0, 2.0, 2.0, 2.0, 2.0, 2.0, 2.0, 2.0, 2.0, 2.0, 2.0, 2.0], "adaptive_substitutions_per_codon": [0.0, 0.0, 0.0, 0.0, 0.0, 0.0, 0.011811023622047244, 0.011811023622047244, 0.011811023622047244, 0.006299212598425198, 0.007874015748031496, 0.013779527559055118, 0.013779527559055118, 0.014435695538057744, 0.015748031496062992, 0.015748031496062992, 0.022259236826165957, 0.015748031496062992, 0.015748031496062992, 0.015748031496062992, 0.015748031496062992, 0.015748031496062992, 0.015748031496062992, 0.015748031496062992, 0.015748031496062992, 0.015748031496062992, 0.015748031496062992, 0.015748031496062992, 0.015748031496062992, 0.015748031496062992, 0.015748031496062992, 0.015748031496062992, 0.015748031496062992, 0.015748031496062992, 0.015748031496062992], "rate_of_adaptation": 0.0004566108996488743}