{"virus": "dengue", "subtype": "denv1_I", "gene": "M", "window": 5, "min_seqs": 3, "midfreq_high": 0.75, "midfreq_low": 0.15, "window_midpoint": [1988.5, 1989.5, 1990.5, 1991.5, 1992.5, 1993.5, 1994.5, 1995.5, 1996.5, 1997.5, 1998.5, 1999.5, 2000.5, 2001.5, 2002.5, 2003.5, 2004.5, 2005.5, 2006.5, 2007.5, 2008.5, 2009.5, 2010.5, 2011.5, 2012.5, 2013.5, 2014.5, 2015.5, 2016.5], "adaptive_substitutions": [0.0, 0.0, 0.0, 0.0, 0.0, 0.0, 0.0, 0.0, 0.0, 0.0, 0.8571428571428571, 0.8709677419354839, 0.8529411764705882, 0.0, 0.0, 0.75, 0.7586206896551724, 0.8040540540540541, 0.8461538461538461, 0.8797814207650273, 0.9080459770114943, 0.920863309352518, 0.9285714285714286, 0.9818181818181818, 0.9861111111111112, 0.9929078014184397, 1.0, 1.0, 1.0], "adaptive_substitutions_per_codon": [0.0, 0.0, 0.0, 0.0, 0.0, 0.0, 0.0, 0.0, 0.0, 0.0, 0.005163511187607573, 0.005246793626117373, 0.005138199858256556, 0.0, 0.0, 0.004518072289156626, 0.004570004154549231, 0.004843699120807555, 0.005097312326227989, 0.005299888076897755, 0.00547015648802105, 0.005547369333448904, 0.005593803786574871, 0.005914567360350492, 0.0059404283801874165, 0.005981372297701444, 0.006024096385542169, 0.006024096385542169, 0.006024096385542169], "rate_of_adaptation": 0.0002749656360667682}