{"virus": "dengue", "subtype": "denv3_III", "gene": "NS1", "window": 5, "min_seqs": 3, "midfreq_high": 0.75, "midfreq_low": 0.15, "window_midpoint": [1981.5, 1982.5, 1983.5, 1984.5, 1985.5, 1987.5, 1988.5, 1989.5, 1990.5, 1991.5, 1992.5, 1993.5, 1994.5, 1995.5, 1996.5, 1997.5, 1998.5, 1999.5, 2000.5, 2001.5, 2002.5, 2003.5, 2004.5, 2005.5, 2006.5, 2007.5, 2008.5, 2009.5, 2010.5, 2011.5, 2012.5, 2013.5, 2014.5, 2015.5, 2016.5], "adaptive_substitutions": [0.0, 0.0, 0.0, 0.0, 0.0, 0.0, 2.8492122523497194, 2.8492122523497194, 2.8492122523497194, 2.3155588613158433, 2.8944485766448036, 2.8944485766448036, 2.8944485766448036, 2.8944485766448036, 3.5940822471391694, 3.5104875245114613, 3.4322651450922463, 3.6236732993967653, 3.6193900155789676, 3.6259964885364475, 3.6239375052204936, 3.5322499455300864, 3.5015249598741596, 3.5035193394625885, 3.4964339936330084, 3.4999607085616957, 4.418301799048106, 4.450334708229089, 5.153438971886123, 5.0252316548378, 4.909303367367638, 2.8793698018797755, 2.8642910271147475, 3.420014875921293, 2.8642910271147475], "adaptive_substitutions_per_codon": [0.0, 0.0, 0.0, 0.0, 0.0, 0.0, 0.008094352989629884, 0.008094352989629884, 0.008094352989629884, 0.0065782922196472825, 0.0082228652745591, 0.0082228652745591, 0.0082228652745591, 0.0082228652745591, 0.01021046092937264, 0.009972975921907561, 0.009750753253102972, 0.010294526418740811, 0.010282357998803886, 0.010301126387887634, 0.010295277003467312, 0.010034800981619563, 0.00994751409055159, 0.009953179941655082, 0.009933051118275592, 0.009943070194777545, 0.012551993747295757, 0.012642996330196277, 0.014640451624676486, 0.01427622629215284, 0.013946884566385336, 0.008180027846249362, 0.008137190417939623, 0.009715951352049128, 0.008137190417939623], "rate_of_adaptation": 0.0003082934226421099}