{"virus": "enterovirusd68", "subtype": null, "gene": "3C", "window": 5, "min_seqs": 3, "midfreq_high": 0.75, "midfreq_low": 0.15, "window_midpoint": [1999.5, 2000.5, 2001.5, 2002.5, 2003.5, 2004.5, 2005.5, 2006.5, 2007.5, 2008.5, 2009.5, 2010.5, 2011.5, 2012.5, 2013.5, 2014.5, 2015.5, 2016.5], "adaptive_substitutions": [0.0, 0.0, 0.0, 0.0, 0.0, 0.0, 0.0, 0.0, 0.7365941261337611, 0.7648312863453862, 0.7755492337546723, 0.7730725013735693, 0.7705065136923743, 0.7024868311564693, 0.0, 0.0, 0.0, 0.0], "adaptive_substitutions_per_codon": [0.0, 0.0, 0.0, 0.0, 0.0, 0.0, 0.0, 0.0, 0.004025104514392137, 0.004179405936313586, 0.004237973954943564, 0.004224439898216225, 0.004210418107608603, 0.0038387258533140395, 0.0, 0.0, 0.0, 0.0], "rate_of_adaptation": 0.00010114745326204317}