{"virus": "enterovirusd68", "subtype": null, "gene": "VP1", "window": 5, "min_seqs": 3, "midfreq_high": 0.75, "midfreq_low": 0.15, "window_midpoint": [1999.5, 2000.5, 2001.5, 2002.5, 2003.5, 2004.5, 2005.5, 2006.5, 2007.5, 2008.5, 2009.5, 2010.5, 2011.5, 2012.5, 2013.5, 2014.5, 2015.5, 2016.5], "adaptive_substitutions": [0.0, 0.0, 0.0, 0.0, 0.7673003413296469, 0.0, 0.0, 0.0, 0.7280194245169637, 0.7284329711013271, 0.759397804526391, 0.8236234839859583, 0.8640404788231228, 5.548468244017101, 5.699871451961815, 6.576403520807704, 6.716021367181277, 6.759858540804826], "adaptive_substitutions_per_codon": [0.0, 0.0, 0.0, 0.0, 0.0024831726256622877, 0.0, 0.0, 0.0, 0.002356049917530627, 0.00235738825599135, 0.002457598072900942, 0.0026654481682393473, 0.002796247504281951, 0.01795620790944046, 0.018446185928679016, 0.02128285929063982, 0.021734696981169182, 0.02187656485697355], "rate_of_adaptation": 0.0014004537634284956}