{"virus": "enterovirusd68", "subtype": null, "gene": "VP2", "window": 5, "min_seqs": 3, "midfreq_high": 0.75, "midfreq_low": 0.15, "window_midpoint": [1999.5, 2000.5, 2001.5, 2002.5, 2003.5, 2004.5, 2005.5, 2006.5, 2007.5, 2008.5, 2009.5, 2010.5, 2011.5, 2012.5, 2013.5, 2014.5, 2015.5, 2016.5], "adaptive_substitutions": [0.0, 0.0, 0.0, 0.0, 0.0, 0.0, 0.0, 0.0, 0.0, 0.0, 0.0, 0.0, 0.0, 1.7395242273218698, 1.7210096288843766, 0.9576182706848321, 0.9791746861423135, 0.9919335447212573], "adaptive_substitutions_per_codon": [0.0, 0.0, 0.0, 0.0, 0.0, 0.0, 0.0, 0.0, 0.0, 0.0, 0.0, 0.0, 0.0, 0.007014210594039798, 0.006939554955178938, 0.0038613639946969034, 0.003948285024767393, 0.00399973203516636], "rate_of_adaptation": 0.0003270180100657639}