{"virus": "enterovirusd68", "subtype": null, "gene": "VP1", "window": 3, "min_seqs": 3, "midfreq_high": 0.75, "midfreq_low": 0.15, "window_midpoint": [1998.5, 1999.5, 2000.5, 2001.5, 2002.5, 2003.5, 2004.5, 2005.5, 2006.5, 2007.5, 2008.5, 2009.5, 2010.5, 2011.5, 2012.5, 2013.5, 2014.5, 2015.5, 2016.5, 2017.5], "adaptive_substitutions": [0.0, 2.072771438159623, 2.400042709429086, 2.836404404455037, 3.583263126431794, 3.583263126431794, 4.311944560014666, 2.77278389507644, 2.7636952508794974, 2.7636952508794974, 3.584753127476052, 3.606129092140075, 3.6660046928631806, 3.579183306328411, 4.39895077671834, 10.476783003211597, 9.82770270246085, 10.865960277797525, 10.568863894531134, 9.426602580475027], "adaptive_substitutions_per_codon": [0.0, 0.006707998181746353, 0.007767128509479243, 0.009179302279789763, 0.011596320797513897, 0.011596320797513897, 0.013954513139206039, 0.0089734106636778, 0.008943997575661803, 0.008943997575661803, 0.011601142807365863, 0.011670320686537458, 0.011864092857162396, 0.01158311749620845, 0.014236086656046407, 0.033905446612335265, 0.03180486311476004, 0.035164919992872246, 0.0342034430243726, 0.03050680446755672], "rate_of_adaptation": 0.0015263150699506252}