{"virus": "enterovirusd68", "subtype": null, "gene": "3D", "window": 3, "min_seqs": 3, "midfreq_high": 0.75, "midfreq_low": 0.15, "window_midpoint": [1998.5, 1999.5, 2000.5, 2001.5, 2002.5, 2003.5, 2004.5, 2005.5, 2006.5, 2007.5, 2008.5, 2009.5, 2010.5, 2011.5, 2012.5, 2013.5, 2014.5, 2015.5, 2016.5, 2017.5], "adaptive_substitutions": [0.0, 0.5818600823565656, 0.6909505061130532, 0.8545816928489216, 0.8545816928489216, 0.8545816928489216, 0.8545816928489216, 0.8000498276672672, 1.4400647759674472, 1.4096994773467006, 0.8000498276672672, 0.8000498276672672, 0.8000498276672672, 1.4455459905484505, 1.4980562212310302, 3.4025127012981993, 2.7344714048400918, 2.918997139582694, 2.7574339369067395, 2.7700581256045522], "adaptive_substitutions_per_codon": [0.0, 0.0012732168104082398, 0.0015119267092189347, 0.0018699818224265244, 0.0018699818224265244, 0.0018699818224265244, 0.0018699818224265244, 0.0017506560780465364, 0.003151126424436427, 0.003084681569686435, 0.0017506560780465364, 0.0017506560780465364, 0.0017506560780465364, 0.0031631203294276815, 0.0032780223659322322, 0.007445323197589057, 0.005983526049978319, 0.006387302274798017, 0.006033772290824376, 0.006061396336114994], "rate_of_adaptation": 0.00030091754513658387}