{"virus": "enterovirusd68", "subtype": null, "gene": "2A", "window": 5, "min_seqs": 3, "midfreq_high": 0.75, "midfreq_low": 0.15, "window_midpoint": [1999.5, 2000.5, 2001.5, 2002.5, 2003.5, 2004.5, 2005.5, 2006.5, 2007.5, 2008.5, 2009.5, 2010.5, 2011.5, 2012.5, 2013.5, 2014.5, 2015.5, 2016.5], "adaptive_substitutions": [0.0, 0.0, 0.0, 0.0, 0.0, 0.0, 0.0, 0, 0, 0, 0, 0, 0.0, 0.6256592996554631, 0.6421467688350997, 0.6982111105218327, 0.7182781387444706, 0.6934506521669449], "adaptive_substitutions_per_codon": [0.0, 0.0, 0.0, 0.0, 0.0, 0.0, 0.0, 0.0, 0.0, 0.0, 0.0, 0.0, 0.0, 0.0042561857119419256, 0.004368345366225168, 0.004749735445726753, 0.004886245841799119, 0.004717351375285339], "rate_of_adaptation": 0.00031124116845948353}