{"virus": "enterovirusd68", "subtype": null, "gene": "2C", "window": 5, "min_seqs": 3, "midfreq_high": 0.75, "midfreq_low": 0.15, "window_midpoint": [1999.5, 2000.5, 2001.5, 2002.5, 2003.5, 2004.5, 2005.5, 2006.5, 2007.5, 2008.5, 2009.5, 2010.5, 2011.5, 2012.5, 2013.5, 2014.5, 2015.5, 2016.5], "adaptive_substitutions": [0.0, 0.0, 0.0, 0.0, 0.0, 0.0, 0.0, 0.0, 0.7512917524869436, 0.7849613779035349, 0.7403874332672882, 0.0, 0.0, 1.9219045934965417, 2.0258016094589633, 2.174526567660804, 2.236803139381861, 2.1825844085957997], "adaptive_substitutions_per_codon": [0.0, 0.0, 0.0, 0.0, 0.0, 0.0, 0.0, 0.0, 0.002276641674202859, 0.002378670842131924, 0.002243598282628146, 0.0, 0.0, 0.005823953313625884, 0.0061387927559362525, 0.006589474447456982, 0.006778191331460184, 0.006613892147259999], "rate_of_adaptation": 0.00044019332140970974}