{"virus": "enterovirusd68", "subtype": null, "gene": "VP3", "window": 5, "min_seqs": 3, "midfreq_high": 0.75, "midfreq_low": 0.15, "window_midpoint": [1999.5, 2000.5, 2001.5, 2002.5, 2003.5, 2004.5, 2005.5, 2006.5, 2007.5, 2008.5, 2009.5, 2010.5, 2011.5, 2012.5, 2013.5, 2014.5, 2015.5, 2016.5], "adaptive_substitutions": [0.0, 0.0, 0.0, 0.0, 0.0, 0.0, 0.0, 0.0, 0.0, 0.0, 0.0, 0.0, 0.0, 0.12462388843218053, 0.2757750164941616, 0.3458542047728205, 0.37154123424989904, 0.37386861023454365], "adaptive_substitutions_per_codon": [0.0, 0.0, 0.0, 0.0, 0.0, 0.0, 0.0, 0.0, 0.0, 0.0, 0.0, 0.0, 0.0, 0.0005303144188603427, 0.001173510708485794, 0.0014717200203098744, 0.0015810265287229746, 0.001590930256317207], "rate_of_adaptation": 9.037669774546163e-05}