{"virus": "h1n1pdm", "subtype": null, "gene": "NP", "window": 5, "min_seqs": 3, "midfreq_high": 0.75, "midfreq_low": 0.15, "window_midpoint": [2012.5, 2013.5, 2014.5, 2015.5, 2016.5, 2017.5, 2018.5, 2019.5], "adaptive_substitutions": [0.0, 0.0, 0.0, 0.7298397684760358, 1.5463397683302875, 1.6457749962895167, 1.7639662223739494, 1.7030215108580349], "adaptive_substitutions_per_codon": [0.0, 0.0, 0.0, 0.0014626047464449616, 0.0030988772912430612, 0.003298146285149332, 0.0035350024496471934, 0.003412868759234539], "rate_of_adaptation": 0.0006320929162276646}