{"virus": "h1n1pdm", "subtype": null, "gene": "ha2", "window": 3, "min_seqs": 3, "midfreq_high": 0.75, "midfreq_low": 0.15, "window_midpoint": [2011.5, 2012.5, 2013.5, 2014.5, 2015.5, 2016.5, 2017.5, 2018.5, 2019.5, 2020.5], "adaptive_substitutions": [0.0, 0.0, 0.0, 0.846742872882523, 1.0, 1.0, 0.9741654571843251, 0.9741654571843251, 0.9741654571843251, 0.9483309143686502], "adaptive_substitutions_per_codon": [0.0, 0.0, 0.0, 0.00381415708505641, 0.0045045045045045045, 0.0045045045045045045, 0.004388132690019483, 0.004388132690019483, 0.004388132690019483, 0.00427176087553446], "rate_of_adaptation": 0.0005625779816662615}