{"virus": "h1n1pdm", "subtype": null, "gene": "ha1", "window": 5, "min_seqs": 3, "midfreq_high": 0.75, "midfreq_low": 0.15, "window_midpoint": [2012.5, 2013.5, 2014.5, 2015.5, 2016.5, 2017.5, 2018.5, 2019.5], "adaptive_substitutions": [0.0, 0.0, 0.0, 0.0, 0.0, 2.473168089786248, 2.9227805657977184, 4.790383771992298], "adaptive_substitutions_per_codon": [0.0, 0.0, 0.0, 0.0, 0.0, 0.007563205167542043, 0.008938166867882931, 0.0146494916574688], "rate_of_adaptation": 0.0020229391838609808}