{"virus": "h1n1pdm", "subtype": null, "gene": "NA", "window": 5, "min_seqs": 3, "midfreq_high": 0.75, "midfreq_low": 0.15, "window_midpoint": [2012.5, 2013.5, 2014.5, 2015.5, 2016.5, 2017.5, 2018.5, 2019.5], "adaptive_substitutions": [0.0, 0.0, 1.4817233558351517, 3.887948137077734, 7.0277585217950955, 7.4873841346111325, 7.916347967114716, 10.393118719455156], "adaptive_substitutions_per_codon": [0.0, 0.0, 0.003152602884755642, 0.008272230078888795, 0.014952677705947012, 0.015930604541725814, 0.01684329354705259, 0.022113018552032248], "rate_of_adaptation": 0.0033812148833030644}