{"virus": "h1n1pdm", "subtype": null, "gene": "ha1", "window": 3, "min_seqs": 3, "midfreq_high": 0.75, "midfreq_low": 0.15, "window_midpoint": [2011.5, 2012.5, 2013.5, 2014.5, 2015.5, 2016.5, 2017.5, 2018.5, 2019.5, 2020.5], "adaptive_substitutions": [0.0, 0.0, 0.0, 2.66061981192344, 2.9764566188257193, 3.7487470422746436, 5.880927054420352, 8.578651006490219, 9.774920405095251, 10.72526277383173], "adaptive_substitutions_per_codon": [0.0, 0.0, 0.0, 0.008136452024230703, 0.009102313819038896, 0.01146405823325579, 0.017984486404955202, 0.02623440674767651, 0.029892722951361625, 0.03279896872731416], "rate_of_adaptation": 0.004045561578788677}