{"virus": "h1n1pdm", "subtype": null, "gene": "PB2", "window": 5, "min_seqs": 3, "midfreq_high": 0.75, "midfreq_low": 0.15, "window_midpoint": [2012.5, 2013.5, 2014.5, 2015.5, 2016.5, 2017.5, 2018.5, 2019.5], "adaptive_substitutions": [0.0, 0.0, 0.0, 0.0, 1.2743416557785472, 1.4094637202879507, 1.541380036712708, 1.3562647432407913], "adaptive_substitutions_per_codon": [0.0, 0.0, 0.0, 0.0, 0.00167676533655072, 0.001854557526694672, 0.002028131627253563, 0.0017845588726852516], "rate_of_adaptation": 0.00035563104954403947}