{"virus": "h1n1pdm", "subtype": null, "gene": "pb1", "window": 3, "min_seqs": 3, "midfreq_high": 0.75, "midfreq_low": 0.15, "window_midpoint": [2011.5, 2012.5, 2013.5, 2014.5, 2015.5, 2016.5, 2017.5, 2018.5, 2019.5, 2020.5], "adaptive_substitutions": [0.0, 0.0, 0.8437613219287052, 1.0, 0.9996967692138052, 0.9996692027786966, 0.9996140699084795, 0.999503804168045, 0.9993935384276106, 2.7559009449239906], "adaptive_substitutions_per_codon": [0.0, 0.0, 0.0011131415856579225, 0.0013192612137203166, 0.001318861173105284, 0.0013188248057766448, 0.0013187520711193661, 0.0013186066018048086, 0.0013184611324902513, 0.003635753225493391], "rate_of_adaptation": 0.0002604652620756074}