{"virus": "h3n2", "subtype": null, "gene": "pb1", "window": 5, "min_seqs": 3, "midfreq_high": 0.75, "midfreq_low": 0.15, "window_midpoint": [1970.5, 1971.5, 1972.5, 1973.5, 1974.5, 1975.5, 1976.5, 1977.5, 1978.5, 1979.5, 1980.5, 1981.5, 1982.5, 1983.5, 1984.5, 1985.5, 1986.5, 1987.5, 1988.5, 1989.5, 1990.5, 1991.5, 1992.5, 1993.5, 1994.5, 1995.5, 1996.5, 1997.5, 1998.5, 1999.5, 2000.5, 2001.5, 2002.5, 2003.5, 2004.5, 2005.5, 2006.5, 2007.5, 2008.5, 2009.5, 2010.5, 2011.5, 2012.5, 2013.5, 2014.5, 2015.5, 2016.5, 2017.5, 2018.5, 2019.5], "adaptive_substitutions": [0.0, 0.0, 0.0, 2.324810079673893, 2.8037798777098386, 3.660088938299055, 3.7463035019455253, 3.696011673151751, 3.7239515780371812, 4.451590753032731, 6.469722762645915, 7.497568093385214, 7.581387808041504, 7.6931474275832255, 7.660677500572213, 7.778210116731517, 7.7315175097276265, 7.7315175097276265, 8.394617380025942, 8.525003602824615, 8.537724209926925, 8.091439688715953, 9.22651473040578, 9.96535709802937, 10.136423616985281, 10.287255102737388, 10.304687789512693, 10.305352101930266, 10.235575917325635, 10.422178988326849, 10.337548638132295, 10.299610894941635, 10.285019455252918, 10.804335742078933, 10.93620298313878, 13.466102963184674, 13.898015564202336, 14.854187999180832, 14.889367967188978, 14.916292527187467, 16.79009943795936, 16.973207337409672, 17.735226167315176, 17.957866025787748, 17.93952463550701, 17.901091876439292, 17.877469683804918, 17.79538999955275, 17.733592929141313, 17.61936369878691], "adaptive_substitutions_per_codon": [0.0, 0.0, 0.0, 0.003067031767379806, 0.0036989180444720825, 0.004828613375064716, 0.004942352904941326, 0.004876004845846637, 0.00491286487867702, 0.005872811019832099, 0.00853525430428221, 0.009891250782830097, 0.010001830881321245, 0.010149271012642777, 0.010106434697324819, 0.010261490919170868, 0.010199891173783148, 0.010199891173783148, 0.011074693113490687, 0.011246706600032474, 0.011263488403597526, 0.01067472254448015, 0.01217218302164351, 0.0131469091003026, 0.013372590523727284, 0.013571576652687848, 0.013594574920201443, 0.013595451321807738, 0.01350339830781746, 0.01374957650175046, 0.013637926963235219, 0.013587877170107697, 0.013568627249674035, 0.014253741084536852, 0.014427708421027415, 0.017765307339293764, 0.018335112881533423, 0.019596554088629065, 0.019642965655922134, 0.019678486183624628, 0.02215052696300707, 0.022392094112677667, 0.02339739599909654, 0.023691116129007584, 0.0236669190442045, 0.0236162161958302, 0.02358505235330464, 0.023476767809436347, 0.023395241331320992, 0.023244543138241303], "rate_of_adaptation": 0.00046270397641339514}