{"virus": "h3n2", "subtype": null, "gene": "pb1", "window": 3, "min_seqs": 3, "midfreq_high": 0.75, "midfreq_low": 0.15, "window_midpoint": [1969.5, 1970.5, 1971.5, 1972.5, 1973.5, 1974.5, 1975.5, 1976.5, 1977.5, 1978.5, 1979.5, 1980.5, 1981.5, 1982.5, 1983.5, 1984.5, 1985.5, 1986.5, 1987.5, 1988.5, 1989.5, 1990.5, 1991.5, 1992.5, 1993.5, 1994.5, 1995.5, 1996.5, 1997.5, 1998.5, 1999.5, 2000.5, 2001.5, 2002.5, 2003.5, 2004.5, 2005.5, 2006.5, 2007.5, 2008.5, 2009.5, 2010.5, 2011.5, 2012.5, 2013.5, 2014.5, 2015.5, 2016.5, 2017.5, 2018.5, 2019.5, 2020.5], "adaptive_substitutions": [0.0, 0.0, 0.0, 0.0, 2.7144246803779875, 3.765239948119326, 3.43579766536965, 3.93579766536965, 3.93579766536965, 3.93579766536965, 5.589710332900994, 6.766536964980545, 7.485894941634241, 7.636770428015565, 7.636770428015565, 7.749027237354086, 7.702334630350195, 7.702334630350195, 7.614785992217898, 8.45330739299611, 8.47769130998703, 8.550583657587548, 8.550583657587548, 8.550583657587548, 10.039867321553869, 10.318775770950694, 10.24774798784713, 10.248397802700847, 10.237982639928166, 10.38715953307393, 10.305447470817121, 10.25875486381323, 10.235408560311283, 10.229571984435797, 10.772008754863812, 13.142023346303501, 13.71997853213471, 14.162451361867705, 14.905461882115578, 14.910505836575876, 16.702890494719288, 17.03112840466926, 17.03112840466926, 17.759299610894942, 17.898832684824903, 18.000715595509636, 17.943579766536963, 17.943114738540384, 17.91147859922179, 17.896887159533073, 17.892023346303503, 17.873540856031127], "adaptive_substitutions_per_codon": [0.0, 0.0, 0.0, 0.0, 0.0035810351983878463, 0.004967335023904124, 0.004532714598112995, 0.005192345204973153, 0.005192345204973153, 0.005192345204973153, 0.0073742880381279605, 0.008926829769103622, 0.009875850846483167, 0.010074895023767235, 0.010074895023767235, 0.010222991078303543, 0.010161391332915824, 0.010161391332915824, 0.01004589181031385, 0.011152120571234972, 0.011184289327159671, 0.011280453374126054, 0.011280453374126054, 0.011280453374126054, 0.013245207548224102, 0.013613160647692208, 0.013519456448347138, 0.013520313723879745, 0.013506573403599164, 0.01370337669270967, 0.013595577138281162, 0.013533977392893444, 0.013503177520199581, 0.013495477552026118, 0.014211093344147508, 0.017337761670585095, 0.018100235530520727, 0.01868397277291254, 0.019664197733661713, 0.019670852027144956, 0.02203547558670091, 0.02246850713017053, 0.02246850713017053, 0.023429155159492007, 0.023613235731958976, 0.023747645904366274, 0.02367226882128887, 0.023671655327889687, 0.023629918996334816, 0.02361066907590115, 0.0236042524357566, 0.02357986920320729], "rate_of_adaptation": 0.00046448793276921536}