{"virus": "h3n2", "subtype": null, "gene": "ha2", "window": 5, "min_seqs": 3, "midfreq_high": 0.75, "midfreq_low": 0.15, "window_midpoint": [1970.5, 1971.5, 1972.5, 1973.5, 1974.5, 1975.5, 1976.5, 1977.5, 1978.5, 1979.5, 1980.5, 1981.5, 1982.5, 1983.5, 1984.5, 1985.5, 1986.5, 1987.5, 1988.5, 1989.5, 1990.5, 1991.5, 1992.5, 1993.5, 1994.5, 1995.5, 1996.5, 1997.5, 1998.5, 1999.5, 2000.5, 2001.5, 2002.5, 2003.5, 2004.5, 2005.5, 2006.5, 2007.5, 2008.5, 2009.5, 2010.5, 2011.5, 2012.5, 2013.5, 2014.5, 2015.5, 2016.5, 2017.5, 2018.5, 2019.5], "adaptive_substitutions": [0.0, 0.0, 0.0, 1.3831783120313266, 1.558277661180032, 2.4322061297929642, 2.550318599855091, 2.5290944363219143, 2.5352382731341496, 2.3198434156099044, 3.218651225825443, 3.3422507664009995, 3.3422507664009995, 3.3422507664009995, 4.005063170860972, 4.939185135526669, 5.089270291939846, 5.089270291939846, 5.089270291939846, 5.038674197047615, 5.038674197047615, 4.988078102155384, 4.988078102155384, 4.988078102155384, 5.550192714993197, 5.690072080770277, 5.836289817478692, 6.561205860263791, 6.6088324397103655, 6.73509762769423, 6.73509762769423, 6.537716086672413, 7.175127172720031, 7.304704573559012, 8.502261749000523, 8.667247202872261, 9.383120624359613, 11.013979500115571, 11.167598207515328, 11.249781007893374, 11.220147175200955, 11.263824014697226, 11.242870909175211, 11.141995340061039, 11.14184047624988, 11.892316834077615, 11.805019459677624, 11.893355774883199, 11.819414376590146, 11.798953466012883], "adaptive_substitutions_per_codon": [0.0, 0.0, 0.0, 0.006258725393806908, 0.007051030141086117, 0.011005457600873141, 0.011539903166765116, 0.01144386622770097, 0.01147166639427217, 0.01049702902990907, 0.01456403269604273, 0.01512330663529864, 0.01512330663529864, 0.01512330663529864, 0.018122457786701233, 0.022349254006908004, 0.023028372361718757, 0.023028372361718757, 0.023028372361718757, 0.022799430755871562, 0.022799430755871562, 0.022570489150024364, 0.022570489150024364, 0.022570489150024364, 0.02511399418548958, 0.0257469324921732, 0.026408551210310823, 0.029688714299836157, 0.0299042191842098, 0.030475554876444478, 0.030475554876444478, 0.02958242573154938, 0.03246663879058838, 0.03305296187130775, 0.038471772619911866, 0.0392183131351686, 0.04245755938624259, 0.04983701131274014, 0.05053211858604221, 0.05090398646105599, 0.05076989672036631, 0.05096752947826799, 0.05087271904604168, 0.05041626850706352, 0.05041556776583656, 0.05381138838949147, 0.05341637764560011, 0.0538160894791095, 0.05348151301624501, 0.053388929710465535], "rate_of_adaptation": 0.0011192882523318067}