{"virus": "h3n2", "subtype": null, "gene": "ha1", "window": 3, "min_seqs": 3, "midfreq_high": 0.75, "midfreq_low": 0.15, "window_midpoint": [1969.5, 1970.5, 1971.5, 1972.5, 1973.5, 1974.5, 1975.5, 1976.5, 1977.5, 1978.5, 1979.5, 1980.5, 1981.5, 1982.5, 1983.5, 1984.5, 1985.5, 1986.5, 1987.5, 1988.5, 1989.5, 1990.5, 1991.5, 1992.5, 1993.5, 1994.5, 1995.5, 1996.5, 1997.5, 1998.5, 1999.5, 2000.5, 2001.5, 2002.5, 2003.5, 2004.5, 2005.5, 2006.5, 2007.5, 2008.5, 2009.5, 2010.5, 2011.5, 2012.5, 2013.5, 2014.5, 2015.5, 2016.5, 2017.5, 2018.5, 2019.5, 2020.5], "adaptive_substitutions": [0.0, 0.0, 0.0, 1.635538261997406, 8.427042801556421, 8.86787594415198, 10.569123369192035, 12.089372568093385, 15.034889753566796, 15.76666666666667, 27.33365758754864, 29.629571984435795, 29.767874513618676, 29.76368352788586, 30.630471789883266, 34.17914568551156, 34.786964980544745, 38.32064688715953, 39.503404669260696, 41.35786856895806, 41.3784558672947, 45.52165729932267, 46.352854650520015, 46.43343310386112, 50.366581861718046, 54.23288597951516, 55.11430814390061, 58.5489587295086, 60.68878596916183, 65.47670283932051, 68.09092126990836, 70.22774736749544, 69.90406128404669, 71.30745894611884, 75.98785723869582, 81.65004298253552, 85.68051616874409, 86.7608201546839, 88.7193188329446, 89.81417301752809, 90.31003612973151, 91.63178562018778, 93.20520473510415, 95.1647503074039, 99.4298125636179, 100.33838090015487, 99.77048222275417, 104.82741944342357, 103.60084545933975, 103.58615356416372, 105.6195954586142, 108.53038498550268], "adaptive_substitutions_per_codon": [0.0, 0.0, 0.0, 0.004971240917925246, 0.025614111858834106, 0.026954030225385957, 0.032124995043136886, 0.03674581327687959, 0.04569875305035501, 0.04792299898682878, 0.08308102610197154, 0.09005948931439452, 0.09047986174352181, 0.0904671231850634, 0.09310173796317102, 0.103887980807026, 0.10573545586791716, 0.116476130356108, 0.12007113881234255, 0.12570780720048041, 0.12577038257536383, 0.13836369999794124, 0.1408901357158663, 0.1411350550269335, 0.15308991447330714, 0.16484159872193058, 0.1675206934465064, 0.17796036087996533, 0.18446439504304507, 0.19901733385811704, 0.20696328653467588, 0.21345819868539648, 0.21247435040743676, 0.2167399967967138, 0.23096613142460737, 0.2481764224393177, 0.26042710081685133, 0.2637106995583097, 0.26966358307885896, 0.2729914073481097, 0.27449859005997423, 0.2785160657148565, 0.28329849463557494, 0.2892545602048751, 0.3022182752693553, 0.30497988115548597, 0.3032537453579154, 0.3186243752079744, 0.31489618680650383, 0.3148515305901633, 0.3210322050413805, 0.3298795896215887], "rate_of_adaptation": 0.006809623692928483}