{"virus": "h3n2", "subtype": null, "gene": "PB2", "window": 5, "min_seqs": 3, "midfreq_high": 0.75, "midfreq_low": 0.15, "window_midpoint": [1970.5, 1971.5, 1972.5, 1973.5, 1974.5, 1975.5, 1976.5, 1977.5, 1978.5, 1979.5, 1980.5, 1981.5, 1982.5, 1983.5, 1984.5, 1985.5, 1986.5, 1987.5, 1988.5, 1989.5, 1990.5, 1991.5, 1992.5, 1993.5, 1994.5, 1995.5, 1996.5, 1997.5, 1998.5, 1999.5, 2000.5, 2001.5, 2002.5, 2003.5, 2004.5, 2005.5, 2006.5, 2007.5, 2008.5, 2009.5, 2010.5, 2011.5, 2012.5, 2013.5, 2014.5, 2015.5, 2016.5, 2017.5, 2018.5, 2019.5], "adaptive_substitutions": [0.0, 0.0, 0.0, 2.4474981046247155, 2.758366728040723, 2.7406781997380936, 2.726876421531463, 2.6889215314632295, 2.710007581501137, 2.6040087187263077, 3.5253980288097044, 4.464746019711903, 4.468492173215003, 4.515898853855417, 4.443116442938055, 4.587566338134951, 4.514783927217589, 5.217083649229214, 6.180692443770534, 6.3681239996630445, 7.1102276299487785, 7.265885614101592, 7.307929140701566, 7.381349507202426, 7.363153904473085, 7.3570887035633055, 7.3570887035633055, 7.3570887035633055, 7.3570887035633055, 8.680142614183556, 8.775621513358152, 8.92368363129448, 8.910215140630632, 8.900718437488717, 8.93276833098668, 10.521796815769523, 10.638094813361281, 10.896133434420015, 12.934104119282285, 13.372251705837757, 12.65352539802881, 13.408365539303611, 14.218780461388498, 14.30705079605762, 14.326450519555813, 15.094653798829217, 15.1657542609021, 15.239790095139615, 15.25110630596973, 15.255153139689554], "adaptive_substitutions_per_codon": [0.0, 0.0, 0.0, 0.003220392242927257, 0.003629429905316741, 0.0036061555259711757, 0.003587995291488767, 0.003538054646662144, 0.0035657994493436015, 0.003426327261481984, 0.004638681616854874, 0.005874665815410399, 0.005879594964756583, 0.005941972176125548, 0.005846205845971125, 0.006036271497545988, 0.005940505167391565, 0.006864583748985808, 0.008132490057592808, 0.008379110525872428, 0.009355562670985236, 0.009560375808028411, 0.009615696237765217, 0.009712301983161087, 0.009688360400622481, 0.009680379873109612, 0.009680379873109612, 0.009680379873109612, 0.009680379873109612, 0.011421240281820467, 0.011546870412313358, 0.011741688988545369, 0.011723967290303462, 0.011711471628274628, 0.011753642540771946, 0.013844469494433582, 0.01399749317547537, 0.014337017676868442, 0.017018558051687217, 0.017595068033997047, 0.01664937552372212, 0.017642586235925805, 0.018708921659721708, 0.018825066836917922, 0.018850592788889228, 0.019861386577406864, 0.019954939816976446, 0.0200523553883416, 0.020067245139433854, 0.02007256992064415], "rate_of_adaptation": 0.00040337292077513353}