{"virus": "h3n2", "subtype": null, "gene": "PA", "window": 5, "min_seqs": 3, "midfreq_high": 0.75, "midfreq_low": 0.15, "window_midpoint": [1970.5, 1971.5, 1972.5, 1973.5, 1974.5, 1975.5, 1976.5, 1977.5, 1978.5, 1979.5, 1980.5, 1981.5, 1982.5, 1983.5, 1984.5, 1985.5, 1986.5, 1987.5, 1988.5, 1989.5, 1990.5, 1991.5, 1992.5, 1993.5, 1994.5, 1995.5, 1996.5, 1997.5, 1998.5, 1999.5, 2000.5, 2001.5, 2002.5, 2003.5, 2004.5, 2005.5, 2006.5, 2007.5, 2008.5, 2009.5, 2010.5, 2011.5, 2012.5, 2013.5, 2014.5, 2015.5, 2016.5, 2017.5, 2018.5, 2019.5], "adaptive_substitutions": [0.0, 0.0, 0.0, 0.0, 0.1291384681513965, 0.17873382855430664, 0.1744040748683382, 0.16268827077689452, 0.766486940779621, 0.47617368956175654, 1.115429279937131, 2.135145984473361, 1.091577838008305, 1.1496686999617134, 1.005927935424308, 1.767972579651542, 1.8613328935052345, 3.519040962487943, 5.00459494892099, 5.178726206863361, 5.93569721743116, 6.8863714236250075, 6.995871740493762, 6.990572524196029, 6.99854410223763, 6.414069258208604, 6.365477418650343, 6.270035764194904, 8.345075184313313, 10.116809945264084, 10.390783748923617, 10.572099267746559, 10.652589300079958, 10.630342928026693, 10.491030548743005, 10.037081230929084, 10.144290910174298, 13.24136216779636, 13.505746011560563, 13.614062525014457, 13.49997373711107, 13.706280241282883, 14.0462298594431, 14.557511589719297, 14.746262767573986, 16.066389300963298, 16.153065979413455, 16.32433865079779, 15.819614727058907, 15.775907354586591], "adaptive_substitutions_per_codon": [0.0, 0.0, 0.0, 0.0, 0.00018010943954169668, 0.000249280095612701, 0.00024324138754301005, 0.00022690135394267018, 0.0010690194432072817, 0.000664119511243733, 0.0015556893722972539, 0.002977888402333837, 0.0015224237629125593, 0.0016034430961809113, 0.0014029678318330655, 0.002465791603419166, 0.002596001246171875, 0.004908006921182626, 0.0069799092732510315, 0.007222770162989346, 0.008278517737003013, 0.009604423184972117, 0.009757143292180978, 0.009749752474471449, 0.009760870435477865, 0.00894570328899387, 0.008877932243584859, 0.008744819754804609, 0.011638877523449529, 0.014109916241651442, 0.014492027543826523, 0.014744908323216958, 0.014857167782538296, 0.014826140764332904, 0.014631841769516046, 0.013998718592648653, 0.014148243947244489, 0.01846772966219855, 0.0188364658459701, 0.018987534902391155, 0.018828415253990333, 0.019116150964132335, 0.019590278743993165, 0.020303363444517847, 0.020566614738596913, 0.02240779539883305, 0.022528683374356283, 0.02276755739302342, 0.022063618866190945, 0.022002660187707936], "rate_of_adaptation": 0.0005343826331125256}