{"virus": "h3n2", "subtype": null, "gene": "NP", "window": 5, "min_seqs": 3, "midfreq_high": 0.75, "midfreq_low": 0.15, "window_midpoint": [1970.5, 1971.5, 1972.5, 1973.5, 1974.5, 1975.5, 1976.5, 1977.5, 1978.5, 1979.5, 1980.5, 1981.5, 1982.5, 1983.5, 1984.5, 1985.5, 1986.5, 1987.5, 1988.5, 1989.5, 1990.5, 1991.5, 1992.5, 1993.5, 1994.5, 1995.5, 1996.5, 1997.5, 1998.5, 1999.5, 2000.5, 2001.5, 2002.5, 2003.5, 2004.5, 2005.5, 2006.5, 2007.5, 2008.5, 2009.5, 2010.5, 2011.5, 2012.5, 2013.5, 2014.5, 2015.5, 2016.5, 2017.5, 2018.5, 2019.5], "adaptive_substitutions": [0.0, 0.0, 0.0, 0.0034473326829577156, 0.09330915041566978, 0.09330915041566978, 0.6091213992337028, 0.6635831069504978, 0.7234909854389724, 1.18546918993702, 2.6428365028593026, 3.199051815287568, 3.224424563823863, 3.2949044208691274, 3.287856435164601, 2.9459866986838943, 3.7534256606852257, 3.649735984224714, 4.101352926675904, 3.7879856755057317, 3.7879856755057317, 3.7096438627131887, 3.2787638923542017, 3.161251173165387, 3.161251173165387, 4.836452378406954, 6.969637051425542, 7.7540025968037725, 8.99450566923336, 9.806701067810106, 9.75064178814158, 8.22114941965487, 8.621029310349806, 9.40945254260686, 9.233677417440488, 14.986954444473659, 16.367565503884748, 15.839804951892507, 18.923833379008183, 19.263539325755236, 19.27932638047426, 19.15511791373003, 19.13034519640912, 18.857206049490898, 18.42072165676446, 18.41928772542638, 18.41928772542638, 18.41928772542638, 18.26260409984129, 18.184262287048746], "adaptive_substitutions_per_codon": [0.0, 0.0, 0.0, 6.908482330576584e-06, 0.00018699228540214387, 0.00018699228540214387, 0.0012206841668010076, 0.00132982586563226, 0.001449881734346638, 0.002375689759392826, 0.005296265536792189, 0.0064109254815382126, 0.006461772672993714, 0.006603014871481217, 0.006588890651632467, 0.005903780959286361, 0.007521895111593639, 0.007314100168787002, 0.008219144141635078, 0.00759115365832812, 0.00759115365832812, 0.00743415603750138, 0.006570669122954312, 0.0063351726917142024, 0.0063351726917142024, 0.009692289335484877, 0.013967208519890865, 0.015539083360328202, 0.0180250614613895, 0.019652707550721654, 0.019540364304892945, 0.01647524933798571, 0.01727661184438839, 0.018856618321857435, 0.018504363562004984, 0.030033976842632582, 0.03280073247271493, 0.03174309609597697, 0.03792351378558754, 0.038604287225962396, 0.038635924610168855, 0.03838700984715437, 0.03833736512306437, 0.037789992083148094, 0.03691527386125142, 0.03691240025135547, 0.03691240025135547, 0.03691240025135547, 0.03659840500970198, 0.03644140738887524], "rate_of_adaptation": 0.0009268191545599959}