{"virus": "h3n2", "subtype": null, "gene": "ha2", "window": 3, "min_seqs": 3, "midfreq_high": 0.75, "midfreq_low": 0.15, "window_midpoint": [1969.5, 1970.5, 1971.5, 1972.5, 1973.5, 1974.5, 1975.5, 1976.5, 1977.5, 1978.5, 1979.5, 1980.5, 1981.5, 1982.5, 1983.5, 1984.5, 1985.5, 1986.5, 1987.5, 1988.5, 1989.5, 1990.5, 1991.5, 1992.5, 1993.5, 1994.5, 1995.5, 1996.5, 1997.5, 1998.5, 1999.5, 2000.5, 2001.5, 2002.5, 2003.5, 2004.5, 2005.5, 2006.5, 2007.5, 2008.5, 2009.5, 2010.5, 2011.5, 2012.5, 2013.5, 2014.5, 2015.5, 2016.5, 2017.5, 2018.5, 2019.5, 2020.5], "adaptive_substitutions": [0.0, 0.0, 0.0, 1.4279732773664153, 1.5057478564354203, 2.3851120218837076, 2.5952312408621534, 2.5952312408621534, 2.5952312408621534, 2.5952312408621534, 3.15938106242829, 3.291654671508769, 3.291654671508769, 3.291654671508769, 3.291654671508769, 4.847656725249028, 5.038674197047615, 5.038674197047615, 5.038674197047615, 4.988078102155384, 4.988078102155384, 4.937482007263153, 4.937482007263153, 4.937482007263153, 4.810991770032576, 5.598151168838253, 5.73509762769423, 5.684501532801999, 6.6070891889678345, 6.684501532801999, 6.684501532801999, 6.489842124519049, 7.044254338602101, 7.240821807186663, 7.330328868556384, 8.739832995074588, 8.660208737687142, 9.338183986369296, 10.914526374687682, 11.272975288365782, 11.127179755290591, 11.235646187230335, 11.154680094047663, 11.07850130203955, 10.956701225946885, 10.931783461836275, 11.71590257010145, 11.6955865118683, 11.691295432286525, 11.641845080991096, 11.622782581908808, 13.160442127033606], "adaptive_substitutions_per_codon": [0.0, 0.0, 0.0, 0.0064614175446444135, 0.006813338716902355, 0.010792362089971528, 0.011743127786706576, 0.011743127786706576, 0.011743127786706576, 0.011743127786706576, 0.014295841911440225, 0.014894365029451443, 0.014894365029451443, 0.014894365029451443, 0.014894365029451443, 0.021935098304294243, 0.022799430755871562, 0.022799430755871562, 0.022799430755871562, 0.022570489150024364, 0.022570489150024364, 0.02234154754417716, 0.02234154754417716, 0.02234154754417716, 0.021769193529559167, 0.025331000763973998, 0.025950667998616422, 0.025721726392769227, 0.029896331171800156, 0.03024661327059728, 0.03024661327059728, 0.029365801468411987, 0.031874454020823985, 0.03276389958003015, 0.03316890890749495, 0.039546755633821665, 0.03918646487641241, 0.0422542261826665, 0.0493869971705325, 0.05100893795640625, 0.05034922966194837, 0.05084002799651735, 0.050473665583926075, 0.05012896516759977, 0.049577833601569615, 0.0494650835377207, 0.05301313380136403, 0.052921205936055656, 0.05290178928636437, 0.05267803204068369, 0.05259177638872764, 0.05954951188702989], "rate_of_adaptation": 0.001083943222374593}