{"virus": "h3n2", "subtype": null, "gene": "NA", "window": 5, "min_seqs": 3, "midfreq_high": 0.75, "midfreq_low": 0.15, "window_midpoint": [1970.5, 1971.5, 1972.5, 1973.5, 1974.5, 1975.5, 1976.5, 1977.5, 1978.5, 1979.5, 1980.5, 1981.5, 1982.5, 1983.5, 1984.5, 1985.5, 1986.5, 1987.5, 1988.5, 1989.5, 1990.5, 1991.5, 1992.5, 1993.5, 1994.5, 1995.5, 1996.5, 1997.5, 1998.5, 1999.5, 2000.5, 2001.5, 2002.5, 2003.5, 2004.5, 2005.5, 2006.5, 2007.5, 2008.5, 2009.5, 2010.5, 2011.5, 2012.5, 2013.5, 2014.5, 2015.5, 2016.5, 2017.5, 2018.5, 2019.5], "adaptive_substitutions": [0.0, 0.0, 0.0, 1.859010801508752, 6.6799501181731475, 6.769480459840949, 7.460544367290123, 7.562644485887972, 7.686071438469253, 12.25929537743562, 13.992028897210306, 16.21225632204273, 15.990773512688545, 16.18061592070642, 17.732220469479678, 19.059140221180918, 19.31339344620486, 19.321303546538935, 22.01568214247913, 23.448180259993535, 23.4563163631943, 25.50044384357476, 25.85961410544102, 28.475946539445296, 28.96960580986359, 29.086951453312693, 32.477750370584, 35.981914438317375, 36.867701295587715, 37.274214134154576, 37.019613027026686, 41.32264402921319, 42.08544815998075, 42.17367316640423, 48.27575839920924, 49.59796042528169, 51.47984784443059, 51.90558467487157, 54.00886916493694, 56.11490120533697, 57.35481966171253, 59.48689292175224, 59.7549295182082, 60.38895606200604, 60.08328528697853, 60.792149102263885, 62.44927319878492, 65.12925161730419, 65.28957383436088, 65.99898329998165], "adaptive_substitutions_per_codon": [0.0, 0.0, 0.0, 0.003963775696180708, 0.014242964004633577, 0.014433860255524412, 0.01590734406671668, 0.016125041547735548, 0.0163882120223225, 0.026139222553167633, 0.02983375031388125, 0.03456771070798024, 0.034095465911915875, 0.03450024716568533, 0.0378085724295942, 0.040637825631515814, 0.04117994338209991, 0.041196809267673634, 0.04694175296903865, 0.049996119957342294, 0.050013467725360986, 0.05437194849376282, 0.05513776994763543, 0.0607163039220582, 0.06176888232380297, 0.062019086254398066, 0.06924893469207676, 0.07672049986848055, 0.07860917120594395, 0.07947593632015901, 0.07893307681668803, 0.08810798300471895, 0.08973443104473508, 0.08992254406482778, 0.10293338677869773, 0.10575258086414006, 0.1097651339966537, 0.11067288843256198, 0.11515750354997215, 0.11964797698366092, 0.12229172635759603, 0.12683772477985553, 0.12740923138210702, 0.12876110034542865, 0.1281093502920651, 0.12962078699843047, 0.13315410063706806, 0.1388683403354034, 0.1392101787513025, 0.14072277889121887], "rate_of_adaptation": 0.003030863444404525}