{"virus": "h3n2", "subtype": null, "gene": "ha1", "window": 5, "min_seqs": 3, "midfreq_high": 0.75, "midfreq_low": 0.15, "window_midpoint": [1970.5, 1971.5, 1972.5, 1973.5, 1974.5, 1975.5, 1976.5, 1977.5, 1978.5, 1979.5, 1980.5, 1981.5, 1982.5, 1983.5, 1984.5, 1985.5, 1986.5, 1987.5, 1988.5, 1989.5, 1990.5, 1991.5, 1992.5, 1993.5, 1994.5, 1995.5, 1996.5, 1997.5, 1998.5, 1999.5, 2000.5, 2001.5, 2002.5, 2003.5, 2004.5, 2005.5, 2006.5, 2007.5, 2008.5, 2009.5, 2010.5, 2011.5, 2012.5, 2013.5, 2014.5, 2015.5, 2016.5, 2017.5, 2018.5, 2019.5], "adaptive_substitutions": [0.0, 0.0, 0.0, 6.394825235292162, 7.64074295786358, 8.44864034941856, 11.04692540490206, 12.826147859922179, 14.254788985333732, 21.779455252918293, 28.19058665070338, 28.61613289434301, 28.610296318467523, 29.389537397319497, 31.88773598501225, 34.13496258605208, 36.388896609227345, 37.46021736213605, 40.97623679822124, 40.49582312033674, 43.97678689015265, 44.53112840466926, 45.419368785127546, 48.63280106916882, 51.717435085596705, 52.45962898513471, 56.50102734460869, 58.11472865227698, 61.15687706974508, 66.87168702843675, 68.88512086654868, 70.74972206781545, 69.20552557769814, 70.20561728642679, 77.24861033907727, 82.26878137737816, 83.9111388101791, 86.99087732566605, 88.75316145869193, 88.09933662991786, 88.30832210183256, 90.47376630205228, 90.96624288165077, 95.42297092934591, 96.80117889412927, 97.29557296962042, 98.14901829159581, 99.99269808596556, 99.9991407904618, 100.26662476317809], "adaptive_substitutions_per_codon": [0.0, 0.0, 0.0, 0.01943715876988499, 0.02322414272906863, 0.025679757900968266, 0.03357728086596371, 0.0389852518538668, 0.04332762609523931, 0.06619895213652977, 0.08568567371034462, 0.08697912733842861, 0.08696138698622348, 0.08932990090370668, 0.0969232096808883, 0.10375368567189083, 0.11060454896421686, 0.11386084304600623, 0.1245478322134384, 0.12308760826850072, 0.13366804525882264, 0.13535297387437464, 0.13805279265996215, 0.14782006404002682, 0.15719585132400216, 0.1594517598332362, 0.17173564542434253, 0.17664051262090266, 0.18588716434572972, 0.2032574073812667, 0.20937726707157653, 0.21504474792649075, 0.2103511415735506, 0.21339093400129722, 0.2347982077175601, 0.25005708625342904, 0.25504905413428297, 0.2644099614761886, 0.26976644820271106, 0.26777913869275943, 0.26841435289310805, 0.2749962501582136, 0.2764931394579051, 0.2900394253171608, 0.2942285072769886, 0.295731224831673, 0.2983252835610815, 0.3039291735135731, 0.30394875620201156, 0.30476177739567806], "rate_of_adaptation": 0.00667401988998986}