{"virus": "hepatitisB", "subtype": "D3", "gene": "X", "window": 5, "min_seqs": 3, "midfreq_high": 0.75, "midfreq_low": 0.15, "window_midpoint": [1977.5, 1983.5, 1984.5, 1985.5, 1986.5, 1987.5, 1994.5, 1995.5, 1996.5, 1997.5, 1998.5, 1999.5, 2000.5, 2001.5, 2002.5, 2003.5, 2004.5, 2005.5, 2006.5, 2007.5, 2008.5, 2009.5, 2010.5, 2011.5, 2012.5, 2013.5, 2014.5, 2015.5, 2016.5, 2017.5, 2018.5, 2019.5], "adaptive_substitutions": [0.0, 5.30641968705689, 5.80641968705689, 5.80641968705689, 5.80641968705689, 5.911234452349556, 11.61283937411378, 11.61283937411378, 11.61283937411378, 11.61283937411378, 11.61283937411378, 11.61283937411378, 11.61283937411378, 11.61283937411378, 11.61283937411378, 11.61283937411378, 11.61283937411378, 13.011634429530421, 13.067692519525856, 13.13242732507831, 13.17407874639077, 14.004993064642008, 13.256656100528577, 13.359520206572794, 13.444276603387936, 13.460312883818817, 13.35343603023912, 13.353153623037453, 13.375434938242677, 13.29217600645742, 13.27714491109853, 13.472418160826354], "adaptive_substitutions_per_codon": [0.0, 0.03423496572294767, 0.03746077217456058, 0.03746077217456058, 0.03746077217456058, 0.03813699646677133, 0.07492154434912116, 0.07492154434912116, 0.07492154434912116, 0.07492154434912116, 0.07492154434912116, 0.07492154434912116, 0.07492154434912116, 0.07492154434912116, 0.07492154434912116, 0.07492154434912116, 0.07492154434912116, 0.08394602857761561, 0.08430769367436036, 0.08472533758115039, 0.08499405642832754, 0.0903547939654323, 0.08552681355179727, 0.08619045294563094, 0.08673726840895442, 0.08684072828270205, 0.0861512001950911, 0.08614937821314486, 0.08629312863382373, 0.08575597423520917, 0.08565899942644213, 0.086918826844041], "rate_of_adaptation": 0.0016781011382799597}