{"virus": "hepatitisA_IA", "subtype": null, "gene": "3D", "window": 3, "min_seqs": 3, "midfreq_high": 0.75, "midfreq_low": 0.15, "window_midpoint": [2000.5, 2001.5, 2002.5, 2003.5, 2004.5, 2005.5, 2006.5, 2007.5, 2008.5, 2009.5, 2010.5, 2011.5, 2012.5, 2013.5, 2014.5, 2015.5, 2016.5], "adaptive_substitutions": [0.0, 0.0, 0.0, 0, 0, 0.6768050780216874, 0, 0, 0.0, 0, 0, 0, 0, 0, 0, 1.642863440007053, 2.0161332980692936], "adaptive_substitutions_per_codon": [0.0, 0.0, 0.0, 0.0, 0.0, 0.0013840594642570295, 0.0, 0.0, 0.0, 0.0, 0.0, 0.0, 0.0, 0.0, 0.0, 0.0033596389366197404, 0.004122971979691807], "rate_of_adaptation": 0.00012830654412034694}