{"virus": "hepatitisB", "subtype": "D3", "gene": "Large", "window": 5, "min_seqs": 3, "midfreq_high": 0.75, "midfreq_low": 0.15, "window_midpoint": [1977.5, 1983.5, 1984.5, 1985.5, 1986.5, 1987.5, 1994.5, 1995.5, 1996.5, 1997.5, 1998.5, 1999.5, 2000.5, 2001.5, 2002.5, 2003.5, 2004.5, 2005.5, 2006.5, 2007.5, 2008.5, 2009.5, 2010.5, 2011.5, 2012.5, 2013.5, 2014.5, 2015.5, 2016.5, 2017.5, 2018.5, 2019.5], "adaptive_substitutions": [0.0, 3.6203902888752304, 3.6203902888752304, 3.6203902888752304, 3.6203902888752304, 3.6203902888752304, 7.424439151813153, 7.424439151813153, 7.099963506453595, 7.029554970805163, 7.093841025092862, 8.677512292563, 7.977922044662979, 8.067467259231242, 7.240780577750461, 7.968231407498463, 7.984101359184023, 7.951371250212898, 7.973426936078672, 7.9409306888563185, 7.960625384142594, 8.725783121039358, 7.969244250792626, 8.026624496346377, 8.05791717885679, 8.036551830108301, 7.990134046232537, 7.98907327733388, 7.993111042819095, 7.950977837755984, 7.960625384142594, 8.04797715029466], "adaptive_substitutions_per_codon": [0.0, 0.009283052022757001, 0.009283052022757001, 0.009283052022757001, 0.009283052022757001, 0.009283052022757001, 0.01903702346618757, 0.01903702346618757, 0.018205034631932297, 0.018024499925141442, 0.01818933596177657, 0.022250031519392307, 0.020456210370930716, 0.020685813485208312, 0.018566104045514002, 0.020431362583329393, 0.02047205476713852, 0.020388131410802302, 0.020444684451483775, 0.02036136074065723, 0.020411859959339983, 0.02237380287445989, 0.02043395961741699, 0.020581088452170198, 0.020661326099632796, 0.02060654315412385, 0.020487523195468045, 0.020484803275215076, 0.020495156520048963, 0.02038712266091278, 0.020411859959339983, 0.020635838846909383], "rate_of_adaptation": 0.0003809557291429418}