{"virus": "hepatitisB", "subtype": "D3", "gene": "Middle", "window": 5, "min_seqs": 3, "midfreq_high": 0.75, "midfreq_low": 0.15, "window_midpoint": [1977.5, 1983.5, 1984.5, 1985.5, 1986.5, 1987.5, 1994.5, 1995.5, 1996.5, 1997.5, 1998.5, 1999.5, 2000.5, 2001.5, 2002.5, 2003.5, 2004.5, 2005.5, 2006.5, 2007.5, 2008.5, 2009.5, 2010.5, 2011.5, 2012.5, 2013.5, 2014.5, 2015.5, 2016.5, 2017.5, 2018.5, 2019.5], "adaptive_substitutions": [0.0, 2.746926859250154, 2.746926859250154, 2.746926859250154, 2.746926859250154, 2.746926859250154, 5.677512292563, 5.677512292563, 5.353036647203442, 5.2826281115550096, 5.346914165842709, 6.118341528375334, 5.418751280475313, 5.3205403999810885, 4.493853718500308, 5.221304548248311, 5.23717449993387, 5.204444390962745, 5.226500076828519, 5.1940038296061655, 5.213698524892441, 5.978856261789204, 5.222317391542473, 5.279697637096224, 5.310990319606638, 5.289624970858148, 5.243207186982384, 5.242146418083727, 5.246184183568941, 5.204050978505831, 5.213698524892441, 5.301050291044507], "adaptive_substitutions_per_codon": [0.0, 0.009740875387411894, 0.009740875387411894, 0.009740875387411894, 0.009740875387411894, 0.009740875387411894, 0.02013302231405319, 0.02013302231405319, 0.018982399458168236, 0.01873272379984046, 0.018960688531357125, 0.02169624655452246, 0.01921543007260749, 0.01886716453894003, 0.015935651484043644, 0.018515264355490463, 0.01857154077990734, 0.018455476563697677, 0.018533688215703968, 0.018418453296475765, 0.018488292641462557, 0.021201617949607107, 0.018518855998377565, 0.018722332046440512, 0.018833299005697298, 0.01875753535765301, 0.018592933287171574, 0.018589171695332363, 0.018603490012655818, 0.018454081484063228, 0.018488292641462557, 0.01879805067746279], "rate_of_adaptation": 0.0002978421331743372}