{"virus": "hepatitisB", "subtype": "D3", "gene": "Polymerase", "window": 5, "min_seqs": 3, "midfreq_high": 0.75, "midfreq_low": 0.15, "window_midpoint": [1977.5, 1983.5, 1984.5, 1985.5, 1986.5, 1987.5, 1994.5, 1995.5, 1996.5, 1997.5, 1998.5, 1999.5, 2000.5, 2001.5, 2002.5, 2003.5, 2004.5, 2005.5, 2006.5, 2007.5, 2008.5, 2009.5, 2010.5, 2011.5, 2012.5, 2013.5, 2014.5, 2015.5, 2016.5, 2017.5, 2018.5, 2019.5], "adaptive_substitutions": [0.0, 11.22863042202372, 11.22863042202372, 11.22863042202372, 11.22863042202372, 11.22863042202372, 23.592567107405266, 23.592567107405266, 22.561459054516632, 22.561459054516632, 22.561459054516632, 24.695801794013253, 23.16902959850005, 24.12617573305692, 24.45726084404744, 25.836582825455558, 25.728303598472085, 28.315179336237147, 28.98677280923716, 27.406931914451707, 28.22452867679278, 28.949994789506025, 28.298225400022247, 28.57652469738361, 28.713008480995274, 28.673004837804218, 27.659334870061944, 26.90310538750759, 26.916417650064567, 26.90498220034437, 27.005543394310042, 27.989053079469244], "adaptive_substitutions_per_codon": [0.0, 0.013479748405790781, 0.013479748405790781, 0.013479748405790781, 0.013479748405790781, 0.013479748405790781, 0.028322409492683394, 0.028322409492683394, 0.02708458469929968, 0.02708458469929968, 0.02708458469929968, 0.02964682088116837, 0.027813961102641116, 0.028962996078099545, 0.029360457195735223, 0.031016305912911834, 0.030886318845704783, 0.03399181192825588, 0.03479804658972048, 0.032901478888897606, 0.033882987607194215, 0.03475389530552944, 0.033971459063652155, 0.034305551857603374, 0.03446939793636888, 0.0344213743551071, 0.03320448363752934, 0.03229664512305833, 0.032312626230569706, 0.03229889819969312, 0.03241961992114051, 0.033600303816889845], "rate_of_adaptation": 0.0006760022323432995}