{"virus": "influenzaC", "subtype": "Yamagata", "gene": "NS", "window": 5, "min_seqs": 3, "midfreq_high": 0.75, "midfreq_low": 0.15, "window_midpoint": [1979.5, 1980.5, 1981.5, 1982.5, 1983.5, 1984.5, 1985.5, 1986.5, 1987.5, 1988.5, 1989.5, 1990.5, 1991.5, 1992.5, 1993.5, 1994.5, 1995.5, 1996.5, 1997.5, 1998.5, 1999.5, 2000.5, 2001.5, 2002.5, 2003.5, 2004.5, 2005.5, 2006.5, 2007.5, 2008.5, 2009.5, 2010.5, 2011.5, 2012.5, 2013.5, 2014.5, 2015.5, 2016.5], "adaptive_substitutions": [0.0, 0.0, 0.0, 0.0, 0.0, 0.0, 0.0, 0.0, 0.0, 0.0, 0.0, 0.0, 0.0, 0.7660818713450293, 0.75, 0.9498746867167919, 1.0, 1.0, 1.5789473684210527, 1.0, 1.0, 1.0, 1.0, 1.0, 1.0, 1.0, 1.0, 1.0, 1.0, 1.0, 1.0, 1.0, 1.0, 1.0, 1.0, 1.0, 1.0, 1.0], "adaptive_substitutions_per_codon": [0.0, 0.0, 0.0, 0.0, 0.0, 0.0, 0.0, 0.0, 0.0, 0.0, 0.0, 0.0, 0.0, 0.0031015460378341266, 0.003036437246963563, 0.003845646504926283, 0.004048582995951417, 0.004048582995951417, 0.006392499467291711, 0.004048582995951417, 0.004048582995951417, 0.004048582995951417, 0.004048582995951417, 0.004048582995951417, 0.004048582995951417, 0.004048582995951417, 0.004048582995951417, 0.004048582995951417, 0.004048582995951417, 0.004048582995951417, 0.004048582995951417, 0.004048582995951417, 0.004048582995951417, 0.004048582995951417, 0.004048582995951417, 0.004048582995951417, 0.004048582995951417, 0.004048582995951417], "rate_of_adaptation": 0.0001460108141952322}