{"virus": "influenzaC", "subtype": "Yamagata", "gene": "PB1", "window": 3, "min_seqs": 3, "midfreq_high": 0.75, "midfreq_low": 0.15, "window_midpoint": [1980.5, 1981.5, 1982.5, 1988.5, 1989.5, 1992.5, 1993.5, 1997.5, 1999.5, 2001.5, 2002.5, 2003.5, 2004.5, 2005.5, 2006.5, 2007.5, 2008.5, 2009.5, 2010.5, 2011.5, 2012.5, 2013.5, 2014.5, 2015.5, 2016.5, 2017.5], "adaptive_substitutions": [0.0, 0.0, 0.0, 0.0, 0.0, 0.0, 0.0, 0.6657018813314037, 0.6497829232995659, 1.3639652677279306, 0.6497829232995659, 1.4068272750489488, 1.4591172214182344, 1.4356005788712012, 2.292833322846536, 1.5574266543875805, 1.6497829232995658, 2.3950795947901593, 2.3950795947901593, 2.3950795947901593, 2.3950795947901593, 2.9546112353637684, 3.78726483357453, 3.75904486251809, 3.726193921852388, 3.840810419681621], "adaptive_substitutions_per_codon": [0.0, 0.0, 0.0, 0.0, 0.0, 0.0, 0.0, 0.0008817243461343095, 0.0008606396335093588, 0.001806576513546928, 0.0008606396335093588, 0.001863347384170793, 0.0019326055912824297, 0.0019014577203592068, 0.0030368653282735578, 0.0020628167607782523, 0.0021851429447676367, 0.0031722908540267013, 0.0031722908540267013, 0.0031722908540267013, 0.0031722908540267013, 0.003913392364720223, 0.005016244812681496, 0.004978867367573629, 0.004935356187883958, 0.005087166118783603], "rate_of_adaptation": 0.00014472460584309484}