{"virus": "influenzaC", "subtype": "Yamagata", "gene": "PB1", "window": 5, "min_seqs": 3, "midfreq_high": 0.75, "midfreq_low": 0.15, "window_midpoint": [1981.5, 1982.5, 1983.5, 1987.5, 1988.5, 1989.5, 1990.5, 1991.5, 1992.5, 1993.5, 1994.5, 1995.5, 1996.5, 1997.5, 1998.5, 1999.5, 2000.5, 2001.5, 2002.5, 2003.5, 2004.5, 2005.5, 2006.5, 2007.5, 2008.5, 2009.5, 2010.5, 2011.5, 2012.5, 2013.5, 2014.5, 2015.5, 2016.5], "adaptive_substitutions": [0.0, 0.0, 0.0, 0.0, 0.0, 0.0, 0.0, 0, 0.0, 0.0, 0, 0, 0.6657018813314037, 1.3958031837916063, 1.4465991316931983, 0.6497829232995659, 0.6497829232995659, 1.3921852387843705, 1.3603473227206946, 1.4094255332536338, 1.4068272750489488, 2.1551111695829497, 1.435905247924442, 1.5772172834401488, 1.5685094066570189, 1.6497829232995658, 1.6497829232995658, 1.6497829232995658, 1.6497829232995658, 1.6497829232995658, 2.284370477568741, 2.3576876442288888, 2.366136034732272], "adaptive_substitutions_per_codon": [0.0, 0.0, 0.0, 0.0, 0.0, 0.0, 0.0, 0.0, 0.0, 0.0, 0.0, 0.0, 0.0008817243461343095, 0.0018487459387968295, 0.0019160253399909911, 0.0008606396335093588, 0.0008606396335093588, 0.0018439539586547955, 0.0018017845334048935, 0.0018667887857664025, 0.001863347384170793, 0.0028544518802423174, 0.0019018612555290625, 0.0020890295144902634, 0.002077495902856979, 0.0021851429447676367, 0.0021851429447676367, 0.0021851429447676367, 0.0021851429447676367, 0.0021851429447676367, 0.003025656261680452, 0.0031227650916938925, 0.003133955012890427], "rate_of_adaptation": 0.00010128626913237474}