{"virus": "influenzaC", "subtype": "Yamagata", "gene": "P3", "window": 5, "min_seqs": 3, "midfreq_high": 0.75, "midfreq_low": 0.15, "window_midpoint": [1949.5, 1952.5, 1965.5, 1966.5, 1967.5, 1968.5, 1969.5, 1974.5, 1975.5, 1976.5, 1977.5, 1978.5, 1979.5, 1980.5, 1981.5, 1982.5, 1983.5, 1986.5, 1987.5, 1988.5, 1989.5, 1990.5, 1991.5, 1992.5, 1993.5, 1994.5, 1995.5, 1998.5], "adaptive_substitutions": [0.0, 0.0, 0.0, 0.0, 0.0, 0.0, 0.0, 0.0, 0.75, 0.0, 0.0, 0.0, 0.8888888888888888, 1.0, 1.0, 1.0, 1.0, 1.0, 1.0, 1.0, 1.0, 1.0, 1.0, 1.0, 1.0, 1.0, 1.0, 1.0], "adaptive_substitutions_per_codon": [0.0, 0.0, 0.0, 0.0, 0.0, 0.0, 0.0, 0.0, 0.001056338028169014, 0.0, 0.0, 0.0, 0.0012519561815336462, 0.0014084507042253522, 0.0014084507042253522, 0.0014084507042253522, 0.0014084507042253522, 0.0014084507042253522, 0.0014084507042253522, 0.0014084507042253522, 0.0014084507042253522, 0.0014084507042253522, 0.0014084507042253522, 0.0014084507042253522, 0.0014084507042253522, 0.0014084507042253522, 0.0014084507042253522, 0.0014084507042253522], "rate_of_adaptation": 4.4840513717169706e-05}