{"virus": "influenzaC", "subtype": "Mississippi", "gene": "PB1", "window": 3, "min_seqs": 3, "midfreq_high": 0.75, "midfreq_low": 0.15, "window_midpoint": [1949.5, 1950.5, 1951.5, 1966.5, 1967.5, 1968.5, 1975.5, 1976.5, 1977.5, 1978.5, 1979.5, 1980.5, 1981.5, 1982.5, 1992.5, 1993.5], "adaptive_substitutions": [0.0, 0.0, 0.0, 0.0, 0.0, 0.0, 0.0, 1.0, 1.0, 1.0, 1.0, 1.8, 2.0, 2.0, 2.0, 2.0], "adaptive_substitutions_per_codon": [0.0, 0.0, 0.0, 0.0, 0.0, 0.0, 0.0, 0.0013245033112582781, 0.0013245033112582781, 0.0013245033112582781, 0.0013245033112582781, 0.0023841059602649007, 0.0026490066225165563, 0.0026490066225165563, 0.0026490066225165563, 0.0026490066225165563], "rate_of_adaptation": 7.052267904093019e-05}