{"virus": "influenzaC", "subtype": "Yamagata", "gene": "NP", "window": 5, "min_seqs": 3, "midfreq_high": 0.75, "midfreq_low": 0.15, "window_midpoint": [1949.5, 1952.5, 1965.5, 1966.5, 1967.5, 1968.5, 1969.5, 1974.5, 1975.5, 1976.5, 1977.5, 1978.5, 1979.5, 1980.5, 1981.5, 1982.5, 1983.5, 1986.5, 1987.5, 1988.5, 1989.5, 1990.5, 1991.5, 1992.5, 1993.5, 1994.5, 1995.5, 1998.5, 2002.5, 2003.5, 2004.5, 2005.5, 2006.5, 2007.5, 2008.5, 2009.5, 2010.5, 2011.5, 2012.5, 2013.5], "adaptive_substitutions": [0.0, 0.0, 0.0, 0.0, 0.0, 0.0, 0.0, 0.0, 0.75, 0.0, 0.0, 0.0, 0.0, 0.0, 0.0, 0.0, 0.0, 0.0, 0.0, 0.0, 0.0, 0.0, 0.0, 0.0, 0.0, 0.0, 0.75, 1.0, 1.0, 1.0, 1.0, 1.0, 1.0, 1.8333333333333335, 2.0, 2.0, 2.0, 2.0, 2.0, 2.0], "adaptive_substitutions_per_codon": [0.0, 0.0, 0.0, 0.0, 0.0, 0.0, 0.0, 0.0, 0.001325088339222615, 0.0, 0.0, 0.0, 0.0, 0.0, 0.0, 0.0, 0.0, 0.0, 0.0, 0.0, 0.0, 0.0, 0.0, 0.0, 0.0, 0.0, 0.001325088339222615, 0.0017667844522968198, 0.0017667844522968198, 0.0017667844522968198, 0.0017667844522968198, 0.0017667844522968198, 0.0017667844522968198, 0.0032391048292108367, 0.0035335689045936395, 0.0035335689045936395, 0.0035335689045936395, 0.0035335689045936395, 0.0035335689045936395, 0.0035335689045936395], "rate_of_adaptation": 6.339766891829883e-05}