{"virus": "influenzaC", "subtype": "Yamagata", "gene": "HEF1", "window": 3, "min_seqs": 3, "midfreq_high": 0.75, "midfreq_low": 0.15, "window_midpoint": [1977.5, 1978.5, 1979.5, 1980.5, 1981.5, 1982.5, 1983.5, 1984.5, 1987.5, 1988.5, 1989.5, 1990.5, 1991.5, 1992.5, 1995.5, 1996.5, 1997.5, 1998.5, 1999.5, 2000.5, 2001.5], "adaptive_substitutions": [0.0, 0.0, 0.0, 0.0, 0.0, 0.0, 0.0, 0.0, 2.777134587554269, 1.7771345875542692, 1.7771345875542692, 4.586107091172214, 4.316208393632417, 4.316208393632417, 5.442836468885673, 5.442836468885673, 5.442836468885673, 5.442836468885673, 5.442836468885673, 5.442836468885673, 5.442836468885673], "adaptive_substitutions_per_codon": [0.0, 0.0, 0.0, 0.0, 0.0, 0.0, 0.0, 0.0, 0.006428552286005252, 0.004113737471190438, 0.004113737471190438, 0.010615988636972717, 0.009991223133408373, 0.009991223133408373, 0.01259915849279091, 0.01259915849279091, 0.01259915849279091, 0.01259915849279091, 0.01259915849279091, 0.01259915849279091, 0.01259915849279091], "rate_of_adaptation": 0.0006889699087843644}