{"virus": "influenzaC", "subtype": "Yamagata", "gene": "HEF1", "window": 5, "min_seqs": 3, "midfreq_high": 0.75, "midfreq_low": 0.15, "window_midpoint": [1976.5, 1977.5, 1978.5, 1979.5, 1980.5, 1981.5, 1982.5, 1983.5, 1984.5, 1985.5, 1986.5, 1987.5, 1988.5, 1989.5, 1990.5, 1991.5, 1992.5, 1993.5, 1994.5, 1995.5, 1996.5, 1997.5, 1998.5, 1999.5, 2000.5, 2001.5], "adaptive_substitutions": [0.0, 0.0, 0.0, 0.0, 0.0, 0.0, 0.0, 0.0, 0, 0.0, 2.5340086830680173, 0.8885672937771346, 2.5340086830680173, 0.8885672937771346, 0.8885672937771346, 1.7134587554269176, 2.44356005788712, 2.44356005788712, 3.0622286541244574, 3.5701881331403764, 3.5701881331403764, 3.5701881331403764, 3.5701881331403764, 3.5701881331403764, 3.5701881331403764, 3.5701881331403764], "adaptive_substitutions_per_codon": [0.0, 0.0, 0.0, 0.0, 0.0, 0.0, 0.0, 0.0, 0.0, 0.0, 0.005865760840435225, 0.002056868735595219, 0.005865760840435225, 0.002056868735595219, 0.002056868735595219, 0.003966339711636384, 0.0056563890228868525, 0.0056563890228868525, 0.007088492254917726, 0.00826432438226939, 0.00826432438226939, 0.00826432438226939, 0.00826432438226939, 0.00826432438226939, 0.00826432438226939, 0.00826432438226939], "rate_of_adaptation": 0.00042882898607291594}