{"virus": "measles", "subtype": null, "gene": "L", "window": 3, "min_seqs": 3, "midfreq_high": 0.75, "midfreq_low": 0.15, "window_midpoint": [2004.5, 2005.5, 2006.5, 2007.5, 2008.5, 2009.5, 2010.5, 2011.5, 2012.5, 2013.5, 2014.5, 2015.5, 2016.5, 2017.5, 2018.5], "adaptive_substitutions": [0.0, 0.0, 1.026042519500149, 1.1301314371195497, 1.4386662357089886, 0.6988885297574905, 0.0, 0.0, 0.0, 0.4981688058861306, 0.5387834581768562, 0.683695226277272, 0.6864099148888063, 0, 7.134602305157964], "adaptive_substitutions_per_codon": [0.0, 0.0, 0.00046979968841581916, 0.0005174594492305631, 0.0006587299614052145, 0.0003200039055666165, 0.0, 0.0, 0.0, 0.00022809927009438213, 0.0002466957226084507, 0.00031304726477897067, 0.00031429025406996624, 0.0, 0.0032667592972335], "rate_of_adaptation": 7.090073994201466e-05}