{"virus": "measles", "subtype": null, "gene": "H", "window": 3, "min_seqs": 3, "midfreq_high": 0.75, "midfreq_low": 0.15, "window_midpoint": [2004.5, 2005.5, 2006.5, 2007.5, 2008.5, 2009.5, 2010.5, 2011.5, 2012.5, 2013.5, 2014.5, 2015.5, 2016.5, 2017.5, 2018.5], "adaptive_substitutions": [0.0, 0.0, 0.0, 0.0, 0.0, 0.0, 0.0, 0.0, 0.6780164531056754, 0.8959110823805992, 0.9053737112550901, 0.9273798249166971, 0.8897182120597252, 0.9210295124818213, 2.5943437304347454], "adaptive_substitutions_per_codon": [0.0, 0.0, 0.0, 0.0, 0.0, 0.0, 0.0, 0.0, 0.0010971140017891187, 0.001449694308059222, 0.0014650060052671362, 0.0015006146034250763, 0.00143967348229729, 0.0014903390169608759, 0.00419796720135072], "rate_of_adaptation": 0.0002140005391789858}