{"virus": "mumps", "subtype": null, "gene": "SH", "window": 5, "min_seqs": 3, "midfreq_high": 0.75, "midfreq_low": 0.15, "window_midpoint": [2008.5, 2009.5, 2010.5, 2011.5, 2012.5, 2013.5, 2014.5, 2015.5], "adaptive_substitutions": [0.0, 0.0, 0.0, 0.0, 0.7692307692307693, 0.0, 0.0, 0.0], "adaptive_substitutions_per_codon": [0.0, 0.0, 0.0, 0.0, 0.013262599469496022, 0.0, 0.0, 0.0], "rate_of_adaptation": 0.00015788808892257174}