{"virus": "nl63", "subtype": null, "gene": "S2", "window": 5, "min_seqs": 3, "midfreq_high": 0.75, "midfreq_low": 0.15, "window_midpoint": [1987.5, 1988.5, 1989.5, 1990.5, 1991.5, 1992.5, 1999.5, 2000.5, 2001.5, 2002.5, 2003.5, 2004.5, 2005.5, 2006.5, 2007.5, 2008.5, 2009.5, 2010.5, 2011.5, 2012.5, 2013.5, 2014.5, 2015.5, 2016.5, 2017.5, 2018.5], "adaptive_substitutions": [0.0, 0.0, 0.0, 0.0, 0.0, 0.0, 0.0, 0.0, 0.0, 0.7371076530883212, 0.0, 0.0, 0.0, 0.0, 0.3566125942209022, 0.5645846947470022, 0.5874448988262786, 0.5874448988262786, 0.5874448988262786, 0.5874448988262786, 0.5874448988262786, 0.5874448988262786, 0.5874448988262786, 0.5874448988262786, 0.5874448988262786, 0.5874448988262786], "adaptive_substitutions_per_codon": [0.0, 0.0, 0.0, 0.0, 0.0, 0.0, 0.0, 0.0, 0.0, 0.0012123481136321072, 0.0, 0.0, 0.0, 0.0, 0.0005865338720738522, 0.0009285932479391484, 0.0009661922678063792, 0.0009661922678063792, 0.0009661922678063792, 0.0009661922678063792, 0.0009661922678063792, 0.0009661922678063792, 0.0009661922678063792, 0.0009661922678063792, 0.0009661922678063792, 0.0009661922678063792], "rate_of_adaptation": 3.977086621870453e-05}