{"virus": "nl63", "subtype": null, "gene": "S1", "window": 3, "min_seqs": 3, "midfreq_high": 0.75, "midfreq_low": 0.15, "window_midpoint": [1988.5, 1989.5, 1990.5, 1991.5, 2000.5, 2001.5, 2003.5, 2004.5, 2005.5, 2006.5, 2007.5, 2008.5, 2009.5, 2010.5, 2011.5, 2012.5, 2013.5, 2014.5, 2015.5, 2016.5, 2017.5, 2018.5, 2019.5], "adaptive_substitutions": [0.0, 0.0, 0.0, 0.0, 1.0, 1.0, 3.0, 3.8125, 3.8333333333333335, 3.9545454545454546, 9.32, 8.241477272727273, 8.402961396086727, 7.777777777777778, 8.46, 6.0, 6.0, 6.0, 6.0, 7.5, 6.0, 6.757575757575758, 6.758620689655173], "adaptive_substitutions_per_codon": [0.0, 0.0, 0.0, 0.0, 0.0013623978201634877, 0.0013623978201634877, 0.004087193460490463, 0.005194141689373297, 0.00522252497729337, 0.005387664107010156, 0.012697547683923706, 0.011228170671290564, 0.011448176288946494, 0.01059642749016046, 0.011525885558583108, 0.008174386920980926, 0.008174386920980926, 0.008174386920980926, 0.008174386920980926, 0.010217983651226158, 0.008174386920980926, 0.009206506481710841, 0.009207930094898056], "rate_of_adaptation": 0.00037382556120909443}