{"virus": "nl63", "subtype": null, "gene": "ORF1ab", "window": 5, "min_seqs": 3, "midfreq_high": 0.75, "midfreq_low": 0.15, "window_midpoint": [1987.5, 1988.5, 1989.5, 1990.5, 1991.5, 1992.5, 1999.5, 2000.5, 2001.5, 2002.5, 2003.5, 2004.5, 2005.5, 2006.5, 2007.5, 2008.5, 2009.5, 2010.5, 2011.5, 2012.5, 2013.5, 2014.5, 2015.5, 2016.5, 2017.5, 2018.5], "adaptive_substitutions": [0.0, 0.0, 0.0, 0.0, 0.0, 0.0, 2.6954402667763535, 3.647410128432269, 3.647410128432269, 6.972775049348412, 4.864924445880952, 4.218791039614309, 4.218791039614309, 4.161769126676636, 4.256654111482209, 9.35081841467683, 9.507827795340944, 9.507827795340944, 9.843956966341963, 15.542163660951662, 10.56666611653809, 10.589914290217484, 10.627489490338276, 10.81804105289509, 10.64226374746938, 11.467486619301479], "adaptive_substitutions_per_codon": [0.0, 0.0, 0.0, 0.0, 0.0, 0.0, 0.000400511183770632, 0.0005419628719810207, 0.0005419628719810207, 0.0010360735585956036, 0.0007228713886895917, 0.0006268634531373415, 0.0006268634531373415, 0.0006183906577528434, 0.0006324894667878468, 0.001389423241408147, 0.0014127530156524434, 0.0014127530156524434, 0.0014626979147610644, 0.002309385387957156, 0.0015700841183563284, 0.0015735385275211715, 0.00157912176676646, 0.0016074355204896123, 0.0015813170501440387, 0.0017039356046510369], "rate_of_adaptation": 6.523966518935766e-05}