{"virus": "norovirus", "subtype": null, "gene": "p48", "window": 5, "min_seqs": 3, "midfreq_high": 0.75, "midfreq_low": 0.15, "window_midpoint": [1976.5, 1977.5, 1978.5, 1979.5, 1985.5, 1986.5, 1987.5, 1988.5, 1989.5, 1990.5, 2002.5, 2003.5, 2004.5, 2005.5, 2006.5, 2007.5, 2008.5, 2009.5, 2010.5, 2011.5, 2012.5, 2013.5, 2014.5, 2015.5, 2016.5], "adaptive_substitutions": [0.0, 0.0, 0.0, 0.0, 3.091600976127859, 3.0262832880279875, 3.0262832880279875, 3.0262832880279875, 3.0262832880279875, 1.93290224377448, 3.619210232901197, 3.619210232901197, 3.619210232901197, 3.619210232901197, 3.619210232901197, 6.036021415540629, 3.5566534704786594, 3.5566534704786594, 3.730536083077523, 4.430461329319056, 4.269451023278485, 4.081955361086067, 4.042977436224426, 3.9373206454932648, 10.306525974618634], "adaptive_substitutions_per_codon": [0.0, 0.0, 0.0, 0.0, 0.009312051132915238, 0.009115311108518034, 0.009115311108518034, 0.009115311108518034, 0.009115311108518034, 0.005821994710164096, 0.010901235641268665, 0.010901235641268665, 0.010901235641268665, 0.010901235641268665, 0.010901235641268665, 0.018180787396206714, 0.010712811658068252, 0.010712811658068252, 0.011236554467100974, 0.013344763040117637, 0.012859792238790618, 0.012295046268331526, 0.012177642880194054, 0.011859399534618268, 0.031043752935598294], "rate_of_adaptation": 0.00035840698395928923}