{"virus": "norovirus", "subtype": null, "gene": "NTPase", "window": 5, "min_seqs": 3, "midfreq_high": 0.75, "midfreq_low": 0.15, "window_midpoint": [1976.5, 1977.5, 1978.5, 1979.5, 1985.5, 1986.5, 1987.5, 1988.5, 1989.5, 1990.5, 2002.5, 2003.5, 2004.5, 2005.5, 2006.5, 2007.5, 2008.5, 2009.5, 2010.5, 2011.5, 2012.5, 2013.5, 2014.5, 2015.5, 2016.5], "adaptive_substitutions": [0.0, 0.0, 0.0, 0.0, 8.249995345280023, 7.880451593911594, 7.880451593911594, 7.880451593911594, 7.880451593911594, 8.100768995446728, 14.368924275850755, 14.340776402020142, 14.340776402020142, 14.468467956515566, 14.585041199064616, 14.312628528189528, 14.556631537603982, 14.637217506764353, 14.723296339362792, 15.011844684921817, 14.905547141282096, 14.843863790906568, 14.837580688082891, 16.13111642891444, 15.323962663232486], "adaptive_substitutions_per_codon": [0.0, 0.0, 0.0, 0.0, 0.022540970888743232, 0.021531288507955177, 0.021531288507955177, 0.021531288507955177, 0.021531288507955177, 0.022133248621439148, 0.03925935594494742, 0.03918244918584738, 0.03918244918584738, 0.0395313332145234, 0.0398498393417066, 0.039105542426747346, 0.03977221731585787, 0.039992397559465445, 0.04022758562667429, 0.04101596908448584, 0.04072553863738278, 0.040557004893187344, 0.04053983794558167, 0.04407408860359136, 0.0418687504459904], "rate_of_adaptation": 0.00107024680183354}