{"virus": "norovirus", "subtype": null, "gene": "VP1", "window": 3, "min_seqs": 3, "midfreq_high": 0.75, "midfreq_low": 0.15, "window_midpoint": [1975.5, 1977.5, 1978.5, 1986.5, 1987.5, 1988.5, 1989.5, 2003.5, 2004.5, 2005.5, 2006.5, 2007.5, 2008.5, 2009.5, 2010.5, 2011.5, 2012.5, 2013.5, 2014.5, 2015.5, 2016.5, 2017.5], "adaptive_substitutions": [0.0, 0.0, 0.0, 6.728398567453246, 5.837418260141137, 5.837418260141137, 5.601566760866377, 15.405129434052055, 15.42066758115354, 23.59689312179735, 33.73890602061319, 32.933738428783606, 37.003679918322504, 33.8990193794966, 33.51534193976059, 35.46194608197642, 40.619658071910955, 44.800247765137854, 46.25936000851576, 45.71535343821306, 47.23384306140285, 47.675502697941766], "adaptive_substitutions_per_codon": [0.0, 0.0, 0.0, 0.012436965928749068, 0.010790052236859773, 0.010790052236859773, 0.010354097524706797, 0.028475285460355, 0.028504006619507468, 0.04361717767430194, 0.062363966766382985, 0.06087567177224326, 0.06839866898026341, 0.0626599249158902, 0.06195072447275525, 0.06554888370051094, 0.07508254726785758, 0.08281006980616978, 0.08550713495104577, 0.08450157751980232, 0.08730839752569843, 0.08812477393334892], "rate_of_adaptation": 0.0022570662790996872}