{"virus": "norovirus", "subtype": null, "gene": "RdRp", "window": 5, "min_seqs": 3, "midfreq_high": 0.75, "midfreq_low": 0.15, "window_midpoint": [1976.5, 1977.5, 1978.5, 1979.5, 1985.5, 1986.5, 1987.5, 1988.5, 1989.5, 1990.5, 2002.5, 2003.5, 2004.5, 2005.5, 2006.5, 2007.5, 2008.5, 2009.5, 2010.5, 2011.5, 2012.5, 2013.5, 2014.5, 2015.5, 2016.5], "adaptive_substitutions": [0.0, 0.0, 0.0, 0.0, 6.7670547509811865, 6.8072265546514314, 6.8072265546514314, 6.8072265546514314, 6.8072265546514314, 7.172057227529784, 11.301920989846641, 11.270844695643671, 13.415488616129515, 13.337411029563714, 13.41030399603427, 15.226886754278745, 13.680647792387948, 13.7810438169601, 13.68121809167662, 12.267409986739162, 12.831880248537452, 12.852009023265209, 12.846464938232563, 14.517795439090396, 15.745952601733116], "adaptive_substitutions_per_codon": [0.0, 0.0, 0.0, 0.0, 0.013268734805845464, 0.01334750304833614, 0.01334750304833614, 0.01334750304833614, 0.01334750304833614, 0.01406285730888193, 0.02216062939185616, 0.022099695481654257, 0.026304879639469637, 0.02615178633247787, 0.026294713717714253, 0.029856640694664205, 0.026824799592917545, 0.02702165454305902, 0.0268259178268169, 0.02405374507203757, 0.02516054950693618, 0.02520001769267688, 0.025189146937710908, 0.028466265566843913, 0.030874416866143364], "rate_of_adaptation": 0.0007128667342705273}