{"virus": "norovirus", "subtype": null, "gene": "VP1", "window": 5, "min_seqs": 3, "midfreq_high": 0.75, "midfreq_low": 0.15, "window_midpoint": [1976.5, 1977.5, 1978.5, 1979.5, 1985.5, 1986.5, 1987.5, 1988.5, 1989.5, 1990.5, 2002.5, 2003.5, 2004.5, 2005.5, 2006.5, 2007.5, 2008.5, 2009.5, 2010.5, 2011.5, 2012.5, 2013.5, 2014.5, 2015.5, 2016.5], "adaptive_substitutions": [0.0, 0.0, 0.0, 0.0, 5.052754609602386, 5.145258403554527, 5.145258403554527, 5.145258403554527, 5.145258403554527, 4.904029270291303, 11.8689458033442, 11.899389434724997, 19.138298650205066, 20.69626822197523, 26.084442315842885, 30.75659329905353, 28.275489946184436, 27.924793766275403, 27.3926842428854, 26.405145700382587, 32.2510669749026, 35.80381642340811, 36.83964829316572, 37.50349136558754, 37.33282900624968], "adaptive_substitutions_per_codon": [0.0, 0.0, 0.0, 0.0, 0.009339657319043227, 0.009510643999176574, 0.009510643999176574, 0.009510643999176574, 0.009510643999176574, 0.009064749113292612, 0.021938901669767467, 0.021995174555868757, 0.035375783087255204, 0.03825557896853093, 0.04821523533427521, 0.05685137393540394, 0.052265230954130194, 0.05161699402269021, 0.05063342743601738, 0.04880803271789757, 0.059613802171723844, 0.06618080669761203, 0.06809546819439136, 0.06932253487169601, 0.06900707764556319], "rate_of_adaptation": 0.0018001955625236287}