{"virus": "norovirus", "subtype": null, "gene": "p22", "window": 5, "min_seqs": 3, "midfreq_high": 0.75, "midfreq_low": 0.15, "window_midpoint": [1976.5, 1977.5, 1978.5, 1979.5, 1985.5, 1986.5, 1987.5, 1988.5, 1989.5, 1990.5, 2002.5, 2003.5, 2004.5, 2005.5, 2006.5, 2007.5, 2008.5, 2009.5, 2010.5, 2011.5, 2012.5, 2013.5, 2014.5, 2015.5, 2016.5], "adaptive_substitutions": [0.0, 0.0, 0.0, 0.0, 6.16366528843659, 6.842256657734283, 6.842256657734283, 6.842256657734283, 6.842256657734283, 5.457906349610533, 7.91889209846431, 7.91889209846431, 8.176919137567566, 9.466056058624567, 8.180998690733771, 11.559319809640769, 8.276675758386459, 8.348901539469031, 8.495574567119881, 7.91889209846431, 9.344147921957205, 11.793110640198218, 12.1700719021005, 11.809749398601614, 13.356994124517687], "adaptive_substitutions_per_codon": [0.0, 0.0, 0.0, 0.0, 0.03482296773128017, 0.03865681727533493, 0.03865681727533493, 0.03865681727533493, 0.03865681727533493, 0.030835629093844817, 0.044739503381154296, 0.044739503381154296, 0.046197283263093594, 0.053480542704093595, 0.046220331586066504, 0.06530689157989135, 0.04676087999088395, 0.047168935251237464, 0.04799759642440611, 0.044739503381154296, 0.05279179616924975, 0.06662774372993344, 0.06875746837344915, 0.06672174801469838, 0.07546324364134287], "rate_of_adaptation": 0.0014252113826267176}