{"virus": "norovirus", "subtype": null, "gene": "VP2", "window": 5, "min_seqs": 3, "midfreq_high": 0.75, "midfreq_low": 0.15, "window_midpoint": [1976.5, 1977.5, 1978.5, 1979.5, 1985.5, 1986.5, 1987.5, 1988.5, 1989.5, 1990.5, 2002.5, 2003.5, 2004.5, 2005.5, 2006.5, 2007.5, 2008.5, 2009.5, 2010.5, 2011.5, 2012.5, 2013.5, 2014.5, 2015.5, 2016.5], "adaptive_substitutions": [0.0, 0.0, 0.0, 0.0, 1.0265054000629528, 1.0476897525724838, 1.0476897525724838, 1.0476897525724838, 1.0476897525724838, 1.3877559982418681, 6.163267994725604, 6.163267994725604, 9.528230227190363, 10.114252671899946, 10.20487462430183, 9.914614125029473, 10.324568692783705, 9.545862513354706, 9.541289104000832, 9.469978190441381, 8.406150540011007, 8.350319433829098, 8.603119945743025, 8.582267788020795, 8.075804565903013], "adaptive_substitutions_per_codon": [0.0, 0.0, 0.0, 0.0, 0.004122511646839168, 0.004207589367760979, 0.004207589367760979, 0.004207589367760979, 0.004207589367760979, 0.005573317262015535, 0.024752080300102827, 0.024752080300102827, 0.03826598484815407, 0.04061948864216846, 0.04098343222611177, 0.03981772740975692, 0.0414641312963201, 0.03833679724238838, 0.03831843013654952, 0.03803204092546739, 0.03375964072293577, 0.03353541941296827, 0.0345506825130242, 0.03446693890771404, 0.032432950063867524], "rate_of_adaptation": 0.0011674912072845696}