{"virus": "norovirus", "subtype": null, "gene": "rdrp", "window": 3, "min_seqs": 3, "midfreq_high": 0.75, "midfreq_low": 0.15, "window_midpoint": [1975.5, 1977.5, 1978.5, 1986.5, 1987.5, 1988.5, 1989.5, 2003.5, 2004.5, 2005.5, 2006.5, 2007.5, 2008.5, 2009.5, 2010.5, 2011.5, 2012.5, 2013.5, 2014.5, 2015.5, 2016.5, 2017.5], "adaptive_substitutions": [0.0, 0.0, 0.0, 5.544972757965417, 5.544972757965417, 5.544972757965417, 4.954523168108999, 9.929005459411009, 9.897929165208039, 12.042573085693883, 13.035185346638862, 12.813414181019176, 13.049587708987918, 12.490652900723294, 12.570996508063786, 11.854814043540477, 12.39951686851617, 12.428993912389457, 12.255540145631088, 12.731192440264019, 14.392814201918462, 17.949004997721747], "adaptive_substitutions_per_codon": [0.0, 0.0, 0.0, 0.01087249560385376, 0.01087249560385376, 0.01087249560385376, 0.009714751310017644, 0.01946863815570786, 0.019407704245505957, 0.02361288840332134, 0.025559186954193847, 0.02512434153141015, 0.025587426880368466, 0.02449147627592803, 0.024649012760909386, 0.02324473341870682, 0.024312778173561117, 0.024370576298802855, 0.024030470873786448, 0.024963122431890233, 0.02822120431748718, 0.03519412744651323], "rate_of_adaptation": 0.0006946942608580389}