{"virus": "norovirus", "subtype": null, "gene": "3CLpro", "window": 5, "min_seqs": 3, "midfreq_high": 0.75, "midfreq_low": 0.15, "window_midpoint": [1976.5, 1977.5, 1978.5, 1979.5, 1985.5, 1986.5, 1987.5, 1988.5, 1989.5, 1990.5, 2002.5, 2003.5, 2004.5, 2005.5, 2006.5, 2007.5, 2008.5, 2009.5, 2010.5, 2011.5, 2012.5, 2013.5, 2014.5, 2015.5, 2016.5], "adaptive_substitutions": [0.0, 0.0, 0.0, 0.0, 1.6425636687791825, 1.5934997050001167, 1.5934997050001167, 1.5934997050001167, 1.5934997050001167, 1.3481798861047882, 2.9556681758722627, 2.939313521279241, 5.504105741897659, 5.515841074956591, 5.494326297681882, 5.399853510370466, 5.550986019305809, 5.501107541947123, 4.461202965027349, 3.939313521279241, 3.939313521279241, 3.939313521279241, 3.939313521279241, 3.939313521279241, 4.01258628222659], "adaptive_substitutions_per_codon": [0.0, 0.0, 0.0, 0.0, 0.009074937396570068, 0.008803865773481308, 0.008803865773481308, 0.008803865773481308, 0.008803865773481308, 0.007448507658037504, 0.016329658430233495, 0.016239301222537243, 0.030409423988384855, 0.0304742600826331, 0.030355393909844652, 0.02983344480867661, 0.03066843104588845, 0.03039285934777416, 0.024647530193521266, 0.02176416310099028, 0.02176416310099028, 0.02176416310099028, 0.02176416310099028, 0.02176416310099028, 0.022168984984677294], "rate_of_adaptation": 0.0007058456182637884}