{"virus": "oc43", "subtype": "B", "gene": "S2", "window": 5, "min_seqs": 3, "midfreq_high": 0.75, "midfreq_low": 0.15, "window_midpoint": [1985.5, 1986.5, 1987.5, 1988.5, 1989.5, 1990.5, 1991.5, 1992.5, 1993.5, 1994.5, 1995.5, 1996.5, 1997.5, 1998.5, 1999.5, 2000.5, 2001.5, 2002.5, 2003.5, 2004.5, 2005.5, 2006.5, 2007.5, 2008.5, 2009.5, 2010.5, 2011.5, 2012.5, 2013.5, 2014.5, 2015.5, 2016.5], "adaptive_substitutions": [0.0, 0.0, 0.0, 0.0, 0.0, 0.0, 0.0, 0.0, 0.76, 0.76, 0.76, 0.76, 0.76, 0.52, 0.4, 0.4, 0.4, 0.4, 0.4, 0.4, 0.6133333333333335, 0.4, 0.4, 0.52, 0.52, 0.5482352941176472, 0.54, 0.54, 0.8, 0.8, 1.16, 1.2533333333333334], "adaptive_substitutions_per_codon": [0.0, 0.0, 0.0, 0.0, 0.0, 0.0, 0.0, 0.0, 0.0012751677852348992, 0.0012751677852348992, 0.0012751677852348992, 0.0012751677852348992, 0.0012751677852348992, 0.00087248322147651, 0.0006711409395973155, 0.0006711409395973155, 0.0006711409395973155, 0.0006711409395973155, 0.0006711409395973155, 0.0006711409395973155, 0.0010290827740492173, 0.0006711409395973155, 0.0006711409395973155, 0.00087248322147651, 0.00087248322147651, 0.0009198578760363207, 0.0009060402684563759, 0.0009060402684563759, 0.001342281879194631, 0.001342281879194631, 0.0019463087248322145, 0.0021029082774049216], "rate_of_adaptation": 4.3185571183737326e-05}