{"virus": "oc43", "subtype": "A", "gene": "NS2", "window": 5, "min_seqs": 3, "midfreq_high": 0.75, "midfreq_low": 0.15, "window_midpoint": [1992.5, 1993.5, 1994.5, 1995.5, 1996.5, 1997.5, 1998.5, 1999.5, 2000.5, 2001.5, 2002.5, 2003.5, 2004.5, 2005.5, 2006.5, 2007.5, 2008.5, 2009.5, 2010.5, 2011.5, 2012.5, 2013.5, 2014.5, 2015.5, 2016.5, 2017.5, 2018.5], "adaptive_substitutions": [0.0, 0.0, 0.75, 0.75, 0.8, 0.8571428571428571, 0.8571428571428571, 0.8, 1.75, 2.0, 2.0, 3.0, 3.0, 3.0, 3.0, 3.0, 3.0, 3.0, 3.0, 3.0, 3.0, 3.0, 3.0, 3.0, 3.0, 3.0, 3.0], "adaptive_substitutions_per_codon": [0.0, 0.0, 0.006818181818181818, 0.006818181818181818, 0.007272727272727273, 0.007792207792207792, 0.007792207792207792, 0.007272727272727273, 0.015909090909090907, 0.01818181818181818, 0.01818181818181818, 0.02727272727272727, 0.02727272727272727, 0.02727272727272727, 0.02727272727272727, 0.02727272727272727, 0.02727272727272727, 0.02727272727272727, 0.02727272727272727, 0.02727272727272727, 0.02727272727272727, 0.02727272727272727, 0.02727272727272727, 0.02727272727272727, 0.02727272727272727, 0.02727272727272727, 0.02727272727272727], "rate_of_adaptation": 0.0011135689707118279}