{"virus": "oc43", "subtype": "A", "gene": "ORF1ab", "window": 5, "min_seqs": 3, "midfreq_high": 0.75, "midfreq_low": 0.15, "window_midpoint": [1992.5, 1993.5, 1994.5, 1995.5, 1996.5, 1997.5, 1998.5, 1999.5, 2000.5, 2001.5, 2002.5, 2003.5, 2004.5, 2005.5, 2006.5, 2007.5, 2008.5, 2009.5, 2010.5, 2011.5, 2012.5, 2013.5, 2014.5, 2015.5, 2016.5, 2017.5, 2018.5], "adaptive_substitutions": [0.0, 0.0, 0.0, 0.0, 0.0, 0.0, 0.0, 0.0, 2.075061759721375, 5.180792672075106, 2.0217928345403258, 6.817999675069561, 7.433953638300744, 13.210172927219848, 13.278391708474189, 15.744313565782512, 16.06336115860006, 16.77208269888558, 16.05023946518085, 16.006229671762625, 16.07697553789013, 17.499023687763405, 17.763264108415473, 17.51180211707888, 17.66250604857554, 18.5653142307116, 18.78428737338968], "adaptive_substitutions_per_codon": [0.0, 0.0, 0.0, 0.0, 0.0, 0.0, 0.0, 0.0, 0.00029242696726625915, 0.0007301004329305392, 0.00028492007251131984, 0.0009608229530819561, 0.0010476259354989775, 0.0018616365455495839, 0.0018712502407658102, 0.0022187589579738603, 0.0022637205691375508, 0.0023635967726727144, 0.0022618714015192856, 0.002255669344949637, 0.0022656391682483274, 0.002466040542243997, 0.0025032784820202187, 0.002467841335552266, 0.002489079206394524, 0.0026163069659965615, 0.002647165638865513], "rate_of_adaptation": 0.00013136480328559586}