{"virus": "oc43", "subtype": "A", "gene": "M", "window": 5, "min_seqs": 3, "midfreq_high": 0.75, "midfreq_low": 0.15, "window_midpoint": [1992.5, 1993.5, 1994.5, 1995.5, 1996.5, 1997.5, 1998.5, 1999.5, 2000.5, 2001.5, 2002.5, 2003.5, 2004.5, 2005.5, 2006.5, 2007.5, 2008.5, 2009.5, 2010.5, 2011.5, 2012.5, 2013.5, 2014.5, 2015.5, 2016.5, 2017.5, 2018.5], "adaptive_substitutions": [0.0, 0.0, 1.8402154398563733, 2.7019748653500897, 2.7019748653500897, 2.7019748653500897, 2.7019748653500897, 2.7019748653500897, 2.7019748653500897, 2.7019748653500897, 2.7019748653500897, 2.4039497307001794, 2.4039497307001794, 3.852423698384201, 3.873636238088662, 4.0362657091561935, 3.9371633752244164, 4.152603231597846, 4.008976660682226, 4.032210370683282, 4.062351399873841, 4.973070017953321, 4.9480752640537204, 4.9485484082848, 4.1901799507327455, 4.020945541591861, 4.047359623599331], "adaptive_substitutions_per_codon": [0.0, 0.0, 0.007966300605438846, 0.011696860888961427, 0.011696860888961427, 0.011696860888961427, 0.011696860888961427, 0.011696860888961427, 0.011696860888961427, 0.011696860888961427, 0.011696860888961427, 0.010406708790909868, 0.010406708790909868, 0.016677158867464074, 0.01676898804367386, 0.01747301172794889, 0.017043997295343793, 0.01797663736622444, 0.017354877318970674, 0.01745545615014408, 0.017585936795990655, 0.021528441636161563, 0.021420239238327796, 0.021422287481752383, 0.018139307146029203, 0.017406690656241824, 0.01752103733159884], "rate_of_adaptation": 0.0005968832402340517}