{"virus": "oc43", "subtype": "A", "gene": "HE", "window": 5, "min_seqs": 3, "midfreq_high": 0.75, "midfreq_low": 0.15, "window_midpoint": [1992.5, 1993.5, 1994.5, 1995.5, 1996.5, 1997.5, 1998.5, 1999.5, 2000.5, 2001.5, 2002.5, 2003.5, 2004.5, 2005.5, 2006.5, 2007.5, 2008.5, 2009.5, 2010.5, 2011.5, 2012.5, 2013.5, 2014.5, 2015.5, 2016.5, 2017.5, 2018.5], "adaptive_substitutions": [0.0, 0.0, 2.6816228073312196, 3.7877485382208134, 3.7877485382208134, 3.7877485382208134, 3.7877485382208134, 3.6816228073312196, 3.6816228073312196, 3.469371345552033, 3.469371345552033, 3.938742691104066, 3.938742691104066, 5.868200001430362, 5.897129443622859, 6.0894251476082815, 6.032736203900189, 6.251656921472088, 6.357782652361681, 6.378851713902435, 6.406296938804207, 6.568473267769223, 6.610726104434438, 7.220199007892327, 7.242360836964506, 7.0445962148336845, 7.790215505529444], "adaptive_substitutions_per_codon": [0.0, 0.0, 0.006309700723132281, 0.008912349501696032, 0.008912349501696032, 0.008912349501696032, 0.008912349501696032, 0.00866264189960287, 0.00866264189960287, 0.008163226695416548, 0.008163226695416548, 0.009267629861421331, 0.009267629861421331, 0.013807529415130264, 0.013875598690877315, 0.014328059170843016, 0.014194673420941622, 0.014709780991699029, 0.01495948859379219, 0.015009062856241024, 0.015073639856009898, 0.015455231218280524, 0.015554649657492795, 0.016988703547981945, 0.01704084902815178, 0.016575520505491024, 0.01832991883653987], "rate_of_adaptation": 0.0005615545142825446}