{"virus": "oc43", "subtype": "B", "gene": "S1", "window": 3, "min_seqs": 3, "midfreq_high": 0.75, "midfreq_low": 0.15, "window_midpoint": [1986.5, 1987.5, 1988.5, 1989.5, 1990.5, 1991.5, 1992.5, 1993.5, 1994.5, 1995.5, 1996.5, 1997.5, 2001.5, 2002.5, 2003.5, 2005.5, 2006.5, 2007.5, 2008.5, 2009.5, 2010.5, 2011.5, 2012.5, 2013.5, 2014.5, 2015.5, 2016.5, 2017.5], "adaptive_substitutions": [0.0, 0.0, 0.0, 1.0, 1.0, 1.0, 1.0, 1.0, 1.75, 1.0, 1.0, 2.0, 2.0, 4.25, 3.0, 5.166666666666666, 33.80000000000001, 40.5, 37.57142857142857, 36.72222222222222, 36.71052631578947, 36.625, 35.77777777777778, 36.78362573099415, 36.89769820971867, 36.921052631578945, 36.87096774193548, 36.791666666666664], "adaptive_substitutions_per_codon": [0.0, 0.0, 0.0, 0.0013280212483399733, 0.0013280212483399733, 0.0013280212483399733, 0.0013280212483399733, 0.0013280212483399733, 0.0023240371845949536, 0.0013280212483399733, 0.0013280212483399733, 0.0026560424966799467, 0.0026560424966799467, 0.005644090305444887, 0.00398406374501992, 0.006861443116423195, 0.044887118193891115, 0.053784860557768925, 0.049895655473344715, 0.04876789139737347, 0.04875235898511218, 0.048638778220451526, 0.047513649107274604, 0.04884943656174522, 0.04900092723734219, 0.049031942405815335, 0.04896542860814805, 0.04886011509517485], "rate_of_adaptation": 0.002100825252657492}