{"virus": "oc43", "subtype": "B", "gene": "S1", "window": 5, "min_seqs": 3, "midfreq_high": 0.75, "midfreq_low": 0.15, "window_midpoint": [1985.5, 1986.5, 1987.5, 1988.5, 1989.5, 1990.5, 1991.5, 1992.5, 1993.5, 1994.5, 1995.5, 1996.5, 1997.5, 1998.5, 1999.5, 2000.5, 2001.5, 2002.5, 2003.5, 2004.5, 2005.5, 2006.5, 2007.5, 2008.5, 2009.5, 2010.5, 2011.5, 2012.5, 2013.5, 2014.5, 2015.5, 2016.5], "adaptive_substitutions": [0.0, 0.0, 0.0, 0.0, 0.0, 1.0, 1.0, 1.0, 1.0, 1.0, 1.0, 1.0, 1.0, 2.0, 2.0, 2.0, 2.0, 2.0, 3.6, 4.5, 30.49999999999999, 35.499999999999986, 39.41176470588234, 41.875, 37.24390243902439, 37.15909090909091, 37.11363636363637, 37.25700483091787, 37.049032258064514, 37.311004784689, 37.18290598290598, 37.11739130434783], "adaptive_substitutions_per_codon": [0.0, 0.0, 0.0, 0.0, 0.0, 0.0013280212483399733, 0.0013280212483399733, 0.0013280212483399733, 0.0013280212483399733, 0.0013280212483399733, 0.0013280212483399733, 0.0013280212483399733, 0.0013280212483399733, 0.0026560424966799467, 0.0026560424966799467, 0.0026560424966799467, 0.0026560424966799467, 0.0026560424966799467, 0.004780876494023904, 0.00597609561752988, 0.040504648074369175, 0.047144754316069036, 0.05233966096398717, 0.05561088977423639, 0.04946069381012535, 0.049348062296269465, 0.0492876976940722, 0.04947809406496397, 0.04920190206914278, 0.0495498071509814, 0.049379689220326664, 0.04929268433512327], "rate_of_adaptation": 0.002159254191503137}