{"virus": "oc43", "subtype": "A", "gene": "S1", "window": 3, "min_seqs": 3, "midfreq_high": 0.75, "midfreq_low": 0.15, "window_midpoint": [1991.5, 1992.5, 1995.5, 1996.5, 1997.5, 1998.5, 1999.5, 2000.5, 2001.5, 2003.5, 2004.5, 2005.5, 2006.5, 2007.5, 2008.5, 2009.5, 2010.5, 2011.5, 2012.5, 2013.5, 2014.5, 2015.5, 2016.5, 2017.5, 2018.5, 2019.5], "adaptive_substitutions": [0.0, 0.0, 5.0, 4.720268872802482, 4.976215098241986, 4.976215098241986, 8.60134436401241, 9.881075491209927, 9.881075491209927, 21.595656670113755, 22.667011375387798, 21.667011375387798, 25.937716058501994, 26.07262986836274, 25.048086866597725, 29.75259162105582, 28.353671147880043, 29.164593756113923, 30.42979874313897, 30.476312047569806, 38.10176135036862, 38.30175289504132, 38.42204513656549, 39.0544527617228, 41.92366998306761, 37.96048327850749], "adaptive_substitutions_per_codon": [0.0, 0.0, 0.006640106241699867, 0.006268617360959471, 0.006608519386775546, 0.006608519386775546, 0.011422768079697757, 0.013122278208778124, 0.013122278208778124, 0.028679490929765943, 0.030102272742878883, 0.028774251494538907, 0.03444583805909959, 0.03462500646528916, 0.033264391589107205, 0.039512073865943985, 0.037654277752828744, 0.03873120020732261, 0.04041141931359757, 0.04047318997021222, 0.05059994867246829, 0.05086554169328196, 0.051025292346036505, 0.05186514310985764, 0.055675524545906525, 0.050412328391112204], "rate_of_adaptation": 0.002144032148218635}