{"virus": "oc43", "subtype": "A", "gene": "S2", "window": 5, "min_seqs": 3, "midfreq_high": 0.75, "midfreq_low": 0.15, "window_midpoint": [1992.5, 1993.5, 1994.5, 1995.5, 1996.5, 1997.5, 1998.5, 1999.5, 2000.5, 2001.5, 2002.5, 2003.5, 2004.5, 2005.5, 2006.5, 2007.5, 2008.5, 2009.5, 2010.5, 2011.5, 2012.5, 2013.5, 2014.5, 2015.5, 2016.5, 2017.5, 2018.5], "adaptive_substitutions": [0.0, 0.0, 0.0, 0.0, 0.0, 0.0, 0.0, 0.0, 0.0, 0.0, 0.8229166666666667, 0.7857142857142857, 0.4375, 0.9375, 0.9375, 0.9375, 0.9375, 0.875, 0.875, 0.875, 0.875, 0.875, 0.875, 0.875, 0.875, 0.875, 0.875], "adaptive_substitutions_per_codon": [0.0, 0.0, 0.0, 0.0, 0.0, 0.0, 0.0, 0.0, 0.0, 0.0, 0.0013807326621923938, 0.0013183125599232981, 0.0007340604026845638, 0.001572986577181208, 0.001572986577181208, 0.001572986577181208, 0.001572986577181208, 0.0014681208053691276, 0.0014681208053691276, 0.0014681208053691276, 0.0014681208053691276, 0.0014681208053691276, 0.0014681208053691276, 0.0014681208053691276, 0.0014681208053691276, 0.0014681208053691276, 0.0014681208053691276], "rate_of_adaptation": 7.735977070229228e-05}