{"virus": "oc43", "subtype": "A", "gene": "N", "window": 5, "min_seqs": 3, "midfreq_high": 0.75, "midfreq_low": 0.15, "window_midpoint": [1992.5, 1993.5, 1994.5, 1995.5, 1996.5, 1997.5, 1998.5, 1999.5, 2000.5, 2001.5, 2002.5, 2003.5, 2004.5, 2005.5, 2006.5, 2007.5, 2008.5, 2009.5, 2010.5, 2011.5, 2012.5, 2013.5, 2014.5, 2015.5, 2016.5, 2017.5, 2018.5], "adaptive_substitutions": [0.0, 0.0, 1.1056910569105691, 2.0049487451396253, 2.0049487451396253, 2.0049487451396253, 1.8059384941675505, 1.8059384941675505, 2.307175680452457, 2.6069282431954757, 2.6069282431954757, 6.407917992223401, 6.407917992223401, 6.407917992223401, 6.407917992223401, 6.407917992223401, 6.407917992223401, 6.407917992223401, 6.407917992223401, 6.407917992223401, 6.407917992223401, 6.407917992223401, 6.407917992223401, 6.5184457146798405, 6.407917992223401, 6.407917992223401, 6.407917992223401], "adaptive_substitutions_per_codon": [0.0, 0.0, 0.002462563601137125, 0.004465364688506961, 0.004465364688506961, 0.004465364688506961, 0.004022134730885413, 0.004022134730885413, 0.005138475903012154, 0.005806076265468765, 0.005806076265468765, 0.014271532276666816, 0.014271532276666816, 0.014271532276666816, 0.014271532276666816, 0.014271532276666816, 0.014271532276666816, 0.014271532276666816, 0.014271532276666816, 0.014271532276666816, 0.014271532276666816, 0.014271532276666816, 0.014271532276666816, 0.014517696469220135, 0.014271532276666816, 0.014271532276666816, 0.014271532276666816], "rate_of_adaptation": 0.0006056659164805641}