{"virus": "oc43", "subtype": "A", "gene": "S1", "window": 5, "min_seqs": 3, "midfreq_high": 0.75, "midfreq_low": 0.15, "window_midpoint": [1992.5, 1993.5, 1994.5, 1995.5, 1996.5, 1997.5, 1998.5, 1999.5, 2000.5, 2001.5, 2002.5, 2003.5, 2004.5, 2005.5, 2006.5, 2007.5, 2008.5, 2009.5, 2010.5, 2011.5, 2012.5, 2013.5, 2014.5, 2015.5, 2016.5, 2017.5, 2018.5], "adaptive_substitutions": [0.0, 0.0, 3.9762150982419855, 5.720268872802482, 4.771458117890383, 4.829960112276555, 4.976215098241986, 4.976215098241986, 6.634953464322647, 9.26680455015512, 8.563598759048604, 11.979760673659328, 19.655118924508788, 24.713257627493448, 24.784100050475857, 25.900224511495026, 24.683509295110753, 25.416649431230617, 26.778807014455765, 26.853934955574786, 27.704963805584278, 29.21424827527589, 29.749951033098892, 37.83582734245208, 37.869046790787095, 36.84308826060678, 34.7120690916841], "adaptive_substitutions_per_codon": [0.0, 0.0, 0.005280498138435572, 0.007596638609299444, 0.006336597766122686, 0.006414289657737789, 0.006608519386775546, 0.006608519386775546, 0.008811359182367393, 0.012306513346819549, 0.011372641114274374, 0.015909376724647182, 0.026102415570396796, 0.03281973124501122, 0.03291381148801575, 0.0343960484880412, 0.03278022482750432, 0.03375385050628236, 0.03556282472039278, 0.03566259622254288, 0.03679278061830581, 0.0387971424638458, 0.03950856710902907, 0.05024678265929891, 0.050290898792545946, 0.04892840406455083, 0.046098365327601726], "rate_of_adaptation": 0.0020627682837674314}