{"virus": "oc43", "subtype": "B", "gene": "S2", "window": 3, "min_seqs": 3, "midfreq_high": 0.75, "midfreq_low": 0.15, "window_midpoint": [1986.5, 1987.5, 1988.5, 1989.5, 1990.5, 1991.5, 1992.5, 1993.5, 1994.5, 1995.5, 1996.5, 1997.5, 2001.5, 2002.5, 2003.5, 2005.5, 2006.5, 2007.5, 2008.5, 2009.5, 2010.5, 2011.5, 2012.5, 2013.5, 2015.5, 2016.5, 2017.5], "adaptive_substitutions": [0.0, 0.0, 0.0, 0.0, 0.0, 0.0, 1.52, 1.52, 1.88, 2.2800000000000002, 2.2800000000000002, 2.04, 1.92, 1.92, 1.92, 1.92, 1.92, 2.08, 2.96, 3.848, 3.8581818181818184, 3.89, 3.8, 3.96, 3.96, 4.68, 4.736], "adaptive_substitutions_per_codon": [0.0, 0.0, 0.0, 0.0, 0.0, 0.0, 0.0025503355704697985, 0.0025503355704697985, 0.0031543624161073825, 0.0038255033557046984, 0.0038255033557046984, 0.0034228187919463087, 0.003221476510067114, 0.003221476510067114, 0.003221476510067114, 0.003221476510067114, 0.003221476510067114, 0.00348993288590604, 0.004966442953020134, 0.0064563758389261745, 0.006473459426479561, 0.006526845637583893, 0.0063758389261744965, 0.006644295302013423, 0.006644295302013423, 0.00785234899328859, 0.007946308724832214], "rate_of_adaptation": 0.00024155298884396555}