{"virus": "oc43", "subtype": "A", "gene": "S2", "window": 3, "min_seqs": 3, "midfreq_high": 0.75, "midfreq_low": 0.15, "window_midpoint": [1991.5, 1992.5, 1995.5, 1996.5, 1997.5, 1998.5, 1999.5, 2000.5, 2001.5, 2003.5, 2004.5, 2005.5, 2006.5, 2007.5, 2008.5, 2009.5, 2010.5, 2011.5, 2012.5, 2013.5, 2014.5, 2015.5, 2016.5, 2017.5, 2018.5, 2019.5], "adaptive_substitutions": [0.0, 0.0, 0.0, 0.0, 0.0, 0.0, 0.0, 0.0, 0.0, 0.875, 0.8125, 0.8125, 0.8125, 0.8125, 0.6875, 0.6875, 0.6875, 0.6875, 0.6875, 0.6875, 0.6875, 0.6875, 0.6875, 0.6875, 0.625, 0.625], "adaptive_substitutions_per_codon": [0.0, 0.0, 0.0, 0.0, 0.0, 0.0, 0.0, 0.0, 0.0, 0.0014681208053691276, 0.001363255033557047, 0.001363255033557047, 0.001363255033557047, 0.001363255033557047, 0.001153523489932886, 0.001153523489932886, 0.001153523489932886, 0.001153523489932886, 0.001153523489932886, 0.001153523489932886, 0.001153523489932886, 0.001153523489932886, 0.001153523489932886, 0.001153523489932886, 0.0010486577181208054, 0.0010486577181208054], "rate_of_adaptation": 5.43725996042984e-05}