{"virus": "parainfluenza", "subtype": "1", "gene": "HN", "window": 5, "min_seqs": 3, "midfreq_high": 0.75, "midfreq_low": 0.15, "window_midpoint": [1999.5, 2001.5, 2002.5, 2003.5, 2004.5, 2005.5, 2006.5, 2007.5, 2008.5, 2009.5, 2010.5, 2011.5, 2012.5, 2013.5, 2014.5, 2015.5, 2016.5], "adaptive_substitutions": [0.0, 2.135709818636648, 2.8936835522201374, 2.8936835522201374, 5.177402543256202, 5.282676672920575, 6.244777986241401, 2.8936835522201374, 2.8936835522201374, 2.8936835522201374, 3.662550457672409, 3.6484409899044046, 2.8830519074421512, 2.8830519074421512, 2.8830519074421512, 2.8830519074421512, 15.027112533568777], "adaptive_substitutions_per_codon": [0.0, 0.0037078295462441807, 0.0050237561670488495, 0.0050237561670488495, 0.008988546082042017, 0.009171313668264887, 0.010841628448335765, 0.0050237561670488495, 0.0050237561670488495, 0.0050237561670488495, 0.006358594544570154, 0.006334098940806258, 0.0050052984504204015, 0.0050052984504204015, 0.0050052984504204015, 0.0050052984504204015, 0.026088737037445794], "rate_of_adaptation": 0.0004495659224537684}