{"virus": "parainfluenza", "subtype": "1", "gene": "L", "window": 5, "min_seqs": 3, "midfreq_high": 0.75, "midfreq_low": 0.15, "window_midpoint": [1999.5, 2001.5, 2002.5, 2003.5, 2004.5, 2005.5, 2006.5, 2007.5, 2008.5, 2009.5, 2010.5, 2011.5, 2012.5, 2013.5, 2014.5, 2015.5, 2016.5], "adaptive_substitutions": [0.0, 1.0906816760475297, 3.5747342088805505, 3.5747342088805505, 3.5747342088805505, 3.5747342088805505, 3.5747342088805505, 3.5747342088805505, 3.5747342088805505, 3.5747342088805505, 3.5747342088805505, 3.5747342088805505, 3.5747342088805505, 3.5747342088805505, 3.5747342088805505, 3.5747342088805505, 11.004524886877828], "adaptive_substitutions_per_codon": [0.0, 0.0004904144226832418, 0.0016073445183815425, 0.0016073445183815425, 0.0016073445183815425, 0.0016073445183815425, 0.0016073445183815425, 0.0016073445183815425, 0.0016073445183815425, 0.0016073445183815425, 0.0016073445183815425, 0.0016073445183815425, 0.0016073445183815425, 0.0016073445183815425, 0.0016073445183815425, 0.0016073445183815425, 0.004948077736905498], "rate_of_adaptation": 0.00011542006769437652}