{"virus": "parainfluenza", "subtype": "3", "gene": "F", "window": 3, "min_seqs": 3, "midfreq_high": 0.75, "midfreq_low": 0.15, "window_midpoint": [2004.5, 2005.5, 2006.5, 2007.5, 2008.5, 2009.5, 2010.5, 2011.5, 2012.5, 2013.5, 2014.5, 2015.5, 2016.5, 2017.5, 2018.5, 2019.5], "adaptive_substitutions": [0.0, 0.0, 0.0, 0.0, 0.0, 0.0, 0.0, 0.0, 0.0, 0.0, 1.1920996032214428, 0.7944832890274155, 0.0, 0.0, 0.0, 1.3704236458461976], "adaptive_substitutions_per_codon": [0.0, 0.0, 0.0, 0.0, 0.0, 0.0, 0.0, 0.0, 0.0, 0.0, 0.002207591857817487, 0.0014712653500507694, 0.0, 0.0, 0.0, 0.0025378215663818472], "rate_of_adaptation": 8.735902975760372e-05}