{"virus": "parainfluenza", "subtype": "1", "gene": "L", "window": 3, "min_seqs": 3, "midfreq_high": 0.75, "midfreq_low": 0.15, "window_midpoint": [1998.5, 2002.5, 2003.5, 2004.5, 2005.5, 2006.5, 2007.5, 2008.5, 2009.5, 2010.5, 2011.5, 2012.5, 2013.5, 2014.5, 2015.5, 2016.5, 2017.5], "adaptive_substitutions": [0.0, 3.5747342088805505, 3.5747342088805505, 3.5747342088805505, 4.2149259954138, 3.5747342088805505, 3.5747342088805505, 3.5747342088805505, 3.5747342088805505, 4.252811068142079, 9.554842766033584, 3.5747342088805505, 3.5747342088805505, 3.5747342088805505, 11.344233002769586, 11.344233002769586, 12.413904523660623], "adaptive_substitutions_per_codon": [0.0, 0.0016073445183815425, 0.0016073445183815425, 0.0016073445183815425, 0.0018952005375062052, 0.0016073445183815425, 0.0016073445183815425, 0.0016073445183815425, 0.0016073445183815425, 0.0019122351925099277, 0.004296242250914381, 0.0016073445183815425, 0.0016073445183815425, 0.0016073445183815425, 0.0051008241918928, 0.0051008241918928, 0.005581791602365388], "rate_of_adaptation": 0.00021885711883057159}