{"virus": "parainfluenza", "subtype": "1", "gene": "C", "window": 5, "min_seqs": 3, "midfreq_high": 0.75, "midfreq_low": 0.15, "window_midpoint": [1999.5, 2001.5, 2002.5, 2003.5, 2004.5, 2005.5, 2006.5, 2007.5, 2008.5, 2009.5, 2010.5, 2011.5, 2012.5, 2013.5, 2014.5, 2015.5, 2016.5], "adaptive_substitutions": [0.0, 0.75, 1.0, 1.8571428571428572, 3.375, 3.466666666666667, 4.384615384615385, 1.9767441860465116, 1.9782608695652173, 1.9814814814814814, 2.0, 2.0, 2.0, 2.0, 2.0, 2.0, 3.6470588235294117], "adaptive_substitutions_per_codon": [0.0, 0.003658536585365854, 0.004878048780487805, 0.009059233449477353, 0.016463414634146342, 0.016910569105691057, 0.021388367729831145, 0.009642654566080544, 0.009650053022269353, 0.009665763324299909, 0.00975609756097561, 0.00975609756097561, 0.00975609756097561, 0.00975609756097561, 0.00975609756097561, 0.00975609756097561, 0.017790530846484937], "rate_of_adaptation": 0.0003686988077393621}