{"virus": "parainfluenza", "subtype": "1", "gene": "HN", "window": 3, "min_seqs": 3, "midfreq_high": 0.75, "midfreq_low": 0.15, "window_midpoint": [1998.5, 2002.5, 2003.5, 2004.5, 2005.5, 2006.5, 2007.5, 2008.5, 2009.5, 2010.5, 2011.5, 2012.5, 2013.5, 2014.5, 2015.5, 2016.5, 2017.5], "adaptive_substitutions": [0.0, 2.8936835522201374, 2.8936835522201374, 2.8936835522201374, 6.998332291015219, 6.151488911338818, 6.391778952754562, 2.8830519074421512, 3.6480212923775035, 3.697503247221821, 10.752452425623158, 2.8830519074421512, 3.7146132999791535, 2.8830519074421512, 15.536674707406416, 15.536674707406416, 16.017927871586412], "adaptive_substitutions_per_codon": [0.0, 0.0050237561670488495, 0.0050237561670488495, 0.0050237561670488495, 0.012149882449679199, 0.010679668248852116, 0.011096838459643337, 0.0050052984504204015, 0.006333370299266499, 0.006419276470871217, 0.018667452127817983, 0.0050052984504204015, 0.006448981423574919, 0.0050052984504204015, 0.02697339358924725, 0.02697339358924725, 0.02780890255483752], "rate_of_adaptation": 0.0011127926852352028}