{"virus": "parainfluenza", "subtype": "1", "gene": "F", "window": 3, "min_seqs": 3, "midfreq_high": 0.75, "midfreq_low": 0.15, "window_midpoint": [1998.5, 2002.5, 2003.5, 2004.5, 2005.5, 2006.5, 2007.5, 2008.5, 2009.5, 2010.5, 2011.5, 2012.5, 2013.5, 2014.5, 2015.5, 2016.5, 2017.5], "adaptive_substitutions": [0.0, 0.8314855875831486, 0.8226164079822617, 0.8226164079822617, 1.5643015521064303, 1.5773494797885041, 1.6414029429550494, 0.8226164079822617, 0.8226164079822617, 0.8226164079822617, 3.045929680076022, 0.8226164079822617, 0.8048780487804879, 0.8048780487804879, 3.0316756414317387, 3.0316756414317387, 3.039911308203991], "adaptive_substitutions_per_codon": [0.0, 0.0014954776755092601, 0.0014795259136371613, 0.0014795259136371613, 0.0028134920001914214, 0.0028369594960224896, 0.002952163566465916, 0.0014795259136371613, 0.0014795259136371613, 0.0014795259136371613, 0.005478290791503636, 0.0014795259136371613, 0.0014476223898929638, 0.0014476223898929638, 0.005452654031352048, 0.005452654031352048, 0.005467466381661854], "rate_of_adaptation": 0.00021174916880652283}