{"virus": "parainfluenza", "subtype": "1", "gene": "P", "window": 5, "min_seqs": 3, "midfreq_high": 0.75, "midfreq_low": 0.15, "window_midpoint": [1999.5, 2001.5, 2002.5, 2003.5, 2004.5, 2005.5, 2006.5, 2007.5, 2008.5, 2009.5, 2010.5, 2011.5, 2012.5, 2013.5, 2014.5, 2015.5, 2016.5], "adaptive_substitutions": [0.0, 2.833142201834862, 4.105504587155963, 3.1055045871559632, 6.29644495412844, 6.568807339449541, 7.568807339449542, 3.1055045871559632, 3.1055045871559632, 3.1055045871559632, 3.0160550458715596, 3.0160550458715596, 3.5001042535446203, 3.667212756662298, 3.773955147808359, 3.786697247706422, 13.58621154883972], "adaptive_substitutions_per_codon": [0.0, 0.004979160284419793, 0.0072152980442108305, 0.005457828799922607, 0.011065808355234517, 0.011544476870737331, 0.013301946115025557, 0.005457828799922607, 0.005457828799922607, 0.005457828799922607, 0.005300623982199578, 0.005300623982199578, 0.006151325577407066, 0.006445013632095427, 0.006632610101596412, 0.006655003950274906, 0.023877348943479298], "rate_of_adaptation": 0.0003705503418400827}