{"virus": "rotavirusAg1p8", "subtype": null, "gene": "P", "window": 5, "min_seqs": 3, "midfreq_high": 0.75, "midfreq_low": 0.15, "window_midpoint": [1996.5, 1997.5, 1998.5, 1999.5, 2000.5, 2001.5, 2002.5, 2003.5, 2004.5, 2005.5, 2006.5, 2007.5, 2008.5, 2009.5, 2010.5, 2011.5, 2012.5, 2013.5, 2014.5, 2015.5, 2016.5, 2017.5, 2018.5], "adaptive_substitutions": [0.0, 0.0, 0.0, 0.0, 0.0, 0.7550814644932026, 0.9889541345440515, 0.9725588172805095, 1.762295750929449, 1.870968863174343, 1.8218926180658999, 1.65487662968156, 1.600398288260669, 1.5784454533580152, 2.3142301675756616, 1.6148378073423564, 2.3858577806527856, 1.6624151142996555, 1.6769667166975868, 1.6787717489418448, 3.23487003152333, 2.5670624760246668, 2.563112133789759], "adaptive_substitutions_per_codon": [0.0, 0.0, 0.0, 0.0, 0.0, 0.0009717908165935683, 0.0012727852439434382, 0.0012516844495244653, 0.0022680768995231005, 0.0024079393348447145, 0.0023447781442289574, 0.00212982835222852, 0.0020597146567061376, 0.0020314613299330956, 0.0029784172040870807, 0.002078298336347949, 0.0030706020343021696, 0.0021395303916340483, 0.0021582583226481167, 0.002160581401469556, 0.00416328189385242, 0.0033038127104564564, 0.003298728614916035], "rate_of_adaptation": 0.00015768885054276912}