{"virus": "rotavirusAg1p8", "subtype": null, "gene": "M", "window": 5, "min_seqs": 3, "midfreq_high": 0.75, "midfreq_low": 0.15, "window_midpoint": [2000.5, 2001.5, 2002.5, 2003.5, 2004.5, 2005.5, 2006.5, 2007.5, 2008.5, 2009.5, 2010.5, 2011.5, 2012.5, 2013.5, 2014.5, 2015.5, 2016.5], "adaptive_substitutions": [0.0, 0.0, 0.0, 0.0, 0.0, 0.0, 0.0, 0.0, 0.0, 0.0, 1.175637340028755, 1.1879816095708535, 1.1923970262926527, 1.2114323678490178, 1.2036742590389107, 1.1889973155762976, 1.2286752483759955], "adaptive_substitutions_per_codon": [0.0, 0.0, 0.0, 0.0, 0.0, 0.0, 0.0, 0.0, 0.0, 0.0, 0.0014062647607999462, 0.0014210306334579588, 0.0014263122324074792, 0.0014490817797237054, 0.001439801745261855, 0.0014222455927946143, 0.001469707234899516], "rate_of_adaptation": 0.00012347663419252886}