{"virus": "rsv", "subtype": "A", "gene": "L", "window": 5, "min_seqs": 3, "midfreq_high": 0.75, "midfreq_low": 0.15, "window_midpoint": [1979.5, 1980.5, 1981.5, 1982.5, 1983.5, 1984.5, 1985.5, 1986.5, 1987.5, 1988.5, 1989.5, 1990.5, 1991.5, 1992.5, 1993.5, 1994.5, 1995.5, 1996.5, 1997.5, 1998.5, 1999.5, 2000.5, 2001.5, 2002.5, 2003.5, 2004.5, 2005.5, 2006.5, 2007.5, 2008.5, 2009.5, 2010.5, 2011.5, 2012.5, 2013.5, 2014.5, 2015.5, 2016.5, 2017.5], "adaptive_substitutions": [0.0, 0.0, 0.0, 0.0, 0.0, 1.26130734132493, 1.3345684472190034, 1.158336353090938, 0.0, 0.0, 0.0, 0.0, 0.6019941590281013, 0, 0, 0, 0, 0, 0, 0, 0, 1.0107495406885787, 1.2515428717208614, 1.3213121146849895, 1.2434552627399005, 1.2456053424037044, 0, 0.7165854695198828, 7.79602838766329, 9.731101159544078, 10.177963933314077, 10.74381678090322, 12.645015587638472, 12.980478599422668, 13.121523485876185, 13.0569757986184, 13.332243517266896, 12.694078225339211, 13.860291866198303], "adaptive_substitutions_per_codon": [0.0, 0.0, 0.0, 0.0, 0.0, 0.0005823210255424423, 0.0006161442507936303, 0.0005347813264501099, 0.0, 0.0, 0.0, 0.0, 0.0002779289746205454, 0.0, 0.0, 0.0, 0.0, 0.0, 0.0, 0.0, 0.0, 0.00046664337058567807, 0.0005778129601666027, 0.0006100240603347136, 0.0005740790686703141, 0.000575071718561267, 0.0, 0.0003308335501015156, 0.0035992744172037346, 0.004492659815117303, 0.004698967651576212, 0.004960210886843592, 0.005837957335013145, 0.005992834071755618, 0.006057951747865275, 0.006028151338235642, 0.006155237080917311, 0.005860608598956238, 0.006399026715696354], "rate_of_adaptation": 0.00017346247429572657}