{"virus": "rsv", "subtype": "A", "gene": "F", "window": 5, "min_seqs": 3, "midfreq_high": 0.75, "midfreq_low": 0.15, "window_midpoint": [1979.5, 1980.5, 1981.5, 1982.5, 1983.5, 1984.5, 1985.5, 1986.5, 1987.5, 1988.5, 1989.5, 1990.5, 1991.5, 1992.5, 1993.5, 1994.5, 1995.5, 1996.5, 1997.5, 1998.5, 1999.5, 2000.5, 2001.5, 2002.5, 2003.5, 2004.5, 2005.5, 2006.5, 2007.5, 2008.5, 2009.5, 2010.5, 2011.5, 2012.5, 2013.5, 2014.5, 2015.5, 2016.5, 2017.5], "adaptive_substitutions": [0.0, 0.0, 0.0, 0.0, 0.0, 0.0, 0.0, 0.0, 0.0, 0.0, 0.0, 0.0, 2.3897768339480647, 0.0, 0.0, 0.0, 0.0, 0.0, 0.0, 0.0, 0.0, 3.0615742440935243, 3.4494478303149343, 3.538123306760839, 3.435828320895833, 3.380346927904769, 0.0, 0.0, 0.0, 0.5414577772524763, 0.5655526992287918, 0.6091188745661569, 2.323907455012854, 2.4579652935992558, 2.4998222910337304, 2.5095345163897007, 2.5221985755826206, 2.7777977346459966, 2.806790245522037], "adaptive_substitutions_per_codon": [0.0, 0.0, 0.0, 0.0, 0.0, 0.0, 0.0, 0.0, 0.0, 0.0, 0.0, 0.0, 0.0041561336242575036, 0.0, 0.0, 0.0, 0.0, 0.0, 0.0, 0.0, 0.0, 0.005324476946249607, 0.005999039704895538, 0.006153257924801459, 0.00597535360155797, 0.005878864222443076, 0.0, 0.0, 0.0, 0.0009416656995695241, 0.0009835699117022466, 0.0010593371731585338, 0.00404157818263105, 0.004274722249737836, 0.004347517027884749, 0.004364407854590784, 0.004386432305361079, 0.004830952581993037, 0.004881374340038325], "rate_of_adaptation": 0.00012630903074318994}