{"virus": "rsv", "subtype": "B", "gene": "G", "window": 5, "min_seqs": 3, "midfreq_high": 0.75, "midfreq_low": 0.15, "window_midpoint": [1977.5, 1978.5, 1979.5, 1980.5, 1981.5, 1982.5, 1983.5, 1984.5, 1985.5, 1986.5, 1987.5, 1988.5, 1989.5, 1990.5, 1991.5, 1992.5, 1993.5, 1994.5, 1995.5, 1996.5, 1997.5, 1998.5, 2000.5, 2001.5, 2002.5, 2003.5, 2004.5, 2005.5, 2006.5, 2007.5, 2008.5, 2009.5, 2010.5, 2011.5, 2012.5, 2013.5, 2014.5, 2015.5, 2016.5, 2017.5], "adaptive_substitutions": [0.0, 0.0, 0.0, 0.0, 0.0, 0.0, 0.0, 0.0, 5.701825897593388, 6.335377336940797, 5.44174716622927, 7.279479591266962, 9.012872771318246, 7.7024959517561005, 7.721378997743494, 7.721378997743494, 7.723053585720402, 12.13756083103897, 12.67697805572617, 12.67697805572617, 13.549645429672232, 13.614858451058126, 20.55273884639008, 20.75563496938225, 20.900562947020035, 21.947917248310905, 22.0436286128531, 25.609355138559977, 24.754652489171445, 24.88056118694677, 26.932391701662553, 26.876884193333236, 26.620446530966383, 26.80189696829472, 27.36648488442554, 25.567283200934884, 24.8068703016421, 24.894994669583575, 29.030440932864295, 29.664549216042904], "adaptive_substitutions_per_codon": [0.0, 0.0, 0.0, 0.0, 0.0, 0.0, 0.0, 0.0, 0.019006086325311294, 0.021117924456469324, 0.018139157220764233, 0.024264931970889872, 0.030042909237727487, 0.02567498650585367, 0.02573792999247831, 0.02573792999247831, 0.025743511952401342, 0.040458536103463234, 0.042256593519087234, 0.042256593519087234, 0.04516548476557411, 0.045382861503527085, 0.06850912948796693, 0.06918544989794083, 0.06966854315673345, 0.07315972416103635, 0.07347876204284368, 0.08536451712853325, 0.08251550829723815, 0.08293520395648923, 0.08977463900554185, 0.08958961397777745, 0.08873482176988795, 0.0893396565609824, 0.09122161628141846, 0.08522427733644962, 0.08268956767214033, 0.08298331556527859, 0.09676813644288099, 0.09888183072014302], "rate_of_adaptation": 0.0028209665724953014}