{"virus": "rsv", "subtype": "A", "gene": "SH", "window": 5, "min_seqs": 3, "midfreq_high": 0.75, "midfreq_low": 0.15, "window_midpoint": [1979.5, 1980.5, 1981.5, 1982.5, 1983.5, 1984.5, 1985.5, 1986.5, 1987.5, 1988.5, 1989.5, 1990.5, 1991.5, 1992.5, 1993.5, 1994.5, 1995.5, 1996.5, 1997.5, 1998.5, 1999.5, 2000.5, 2001.5, 2002.5, 2003.5, 2004.5, 2005.5, 2006.5, 2007.5, 2008.5, 2009.5, 2010.5, 2011.5, 2012.5, 2013.5, 2014.5, 2015.5, 2016.5, 2017.5], "adaptive_substitutions": [0.0, 0.0, 0.0, 0.0, 0.0, 0.0, 0.0, 0.0, 0.0, 0.0, 0.0, 0.0, 0.0, 0.0, 0.0, 0.0, 0.0, 0.0, 0.0, 0.0, 0.0, 0.0, 0.0, 0.0, 0.0, 0.0, 0.0, 0.0, 0.6246894101509944, 0.5860875304559083, 0.6203472660820226, 0.6313751686494422, 0.6337813072693953, 0.6372120426048111, 0.6474608832676181, 0.6473301693216171, 0.6536284386672943, 0.9186337773059142, 0.9202679489790059], "adaptive_substitutions_per_codon": [0.0, 0.0, 0.0, 0.0, 0.0, 0.0, 0.0, 0.0, 0.0, 0.0, 0.0, 0.0, 0.0, 0.0, 0.0, 0.0, 0.0, 0.0, 0.0, 0.0, 0.0, 0.0, 0.0, 0.0, 0.0, 0.0, 0.0, 0.0, 0.009610606310015299, 0.009016731237783205, 0.009543804093569579, 0.00971346413306834, 0.00975048165029839, 0.009803262193920172, 0.009960936665655663, 0.009958925681871032, 0.010055822133342988, 0.014132827343167911, 0.01415796844583086], "rate_of_adaptation": 0.0003371065274842566}