{"virus": "rsv", "subtype": "B", "gene": "NS1", "window": 5, "min_seqs": 3, "midfreq_high": 0.75, "midfreq_low": 0.15, "window_midpoint": [1977.5, 1978.5, 1979.5, 1980.5, 1981.5, 1982.5, 1983.5, 1984.5, 1985.5, 1986.5, 1987.5, 1988.5, 1989.5, 1990.5, 1991.5, 1992.5, 1993.5, 1994.5, 1995.5, 1996.5, 1997.5, 1998.5, 2000.5, 2001.5, 2002.5, 2003.5, 2004.5, 2005.5, 2006.5, 2007.5, 2008.5, 2009.5, 2010.5, 2011.5, 2012.5, 2013.5, 2014.5, 2015.5, 2016.5, 2017.5], "adaptive_substitutions": [0.0, 0.0, 0.0, 0.0, 0.0, 0.0, 0.0, 0.0, 0.9166666666666666, 1.0, 1.0, 1.0, 1.0, 1.0, 1.0, 1.0, 1.0, 2.0, 2.0, 2.0, 2.0, 2.0, 2.857142857142857, 2.888888888888889, 2.909090909090909, 2.9583333333333335, 2.9655172413793105, 3.8529411764705883, 3.8979591836734695, 3.95, 3.992481203007519, 3.993827160493827, 3.9896907216494846, 3.996845425867508, 3.9967741935483874, 3.9967637540453076, 3.996969696969697, 4.0, 4.0, 4.0], "adaptive_substitutions_per_codon": [0.0, 0.0, 0.0, 0.0, 0.0, 0.0, 0.0, 0.0, 0.006547619047619048, 0.007142857142857143, 0.007142857142857143, 0.007142857142857143, 0.007142857142857143, 0.007142857142857143, 0.007142857142857143, 0.007142857142857143, 0.007142857142857143, 0.014285714285714285, 0.014285714285714285, 0.014285714285714285, 0.014285714285714285, 0.014285714285714285, 0.020408163265306124, 0.020634920634920634, 0.02077922077922078, 0.021130952380952382, 0.021182266009852218, 0.027521008403361344, 0.02784256559766764, 0.028214285714285716, 0.028517722878625137, 0.028527336860670195, 0.02849779086892489, 0.028548895899053628, 0.028548387096774194, 0.028548312528895056, 0.02854978354978355, 0.02857142857142857, 0.02857142857142857, 0.02857142857142857], "rate_of_adaptation": 0.0008982991439462278}