{"virus": "rsv", "subtype": "A", "gene": "G", "window": 5, "min_seqs": 3, "midfreq_high": 0.75, "midfreq_low": 0.15, "window_midpoint": [1979.5, 1980.5, 1981.5, 1982.5, 1983.5, 1984.5, 1985.5, 1986.5, 1987.5, 1988.5, 1989.5, 1990.5, 1991.5, 1992.5, 1993.5, 1994.5, 1995.5, 1996.5, 1997.5, 1998.5, 1999.5, 2000.5, 2001.5, 2002.5, 2003.5, 2004.5, 2005.5, 2006.5, 2007.5, 2008.5, 2009.5, 2010.5, 2011.5, 2012.5, 2013.5, 2014.5, 2015.5, 2016.5, 2017.5], "adaptive_substitutions": [0.0, 0.0, 0.0, 0.0, 0.0, 3.128290842401907, 3.425725294150204, 3.125393245134394, 0.8415763823675918, 0, 0, 0, 8.642660726423113, 0, 0, 0, 0, 0, 0.0, 0.0, 0, 11.475711464235285, 12.927982469200835, 13.262112461022145, 12.852577258824995, 12.67695106530074, 0.7615651415100981, 2.2411546548628603, 14.336501341166981, 16.359182477534723, 16.8912293409561, 16.33929980218994, 16.46975329608263, 16.553801018550164, 19.83803585552633, 20.173843528647925, 23.130869758039108, 20.798825740562314, 22.848793456165453], "adaptive_substitutions_per_codon": [0.0, 0.0, 0.0, 0.0, 0.0, 0.010497620276516467, 0.011495722463591289, 0.010487896795753, 0.002824081820025476, 0.0, 0.0, 0.0, 0.029002217202762123, 0.0, 0.0, 0.0, 0.0, 0.0, 0.0, 0.0, 0.0, 0.03850909887327277, 0.04338249150738535, 0.04450373309067834, 0.04312945388867448, 0.04254010424597564, 0.0025555877231882487, 0.007520653204237786, 0.0481090649032449, 0.054896585495082965, 0.05668197765421511, 0.05482986510801994, 0.05526762851034439, 0.055549667847483775, 0.06657059011921587, 0.06769746150552995, 0.07762036831556747, 0.06979471725020911, 0.07667380354417937], "rate_of_adaptation": 0.0020550061440317248}