{"virus": "rsv", "subtype": "A", "gene": "F", "window": 3, "min_seqs": 3, "midfreq_high": 0.75, "midfreq_low": 0.15, "window_midpoint": [1978.5, 1979.5, 1980.5, 1981.5, 1982.5, 1983.5, 1984.5, 1985.5, 1986.5, 1987.5, 1988.5, 1989.5, 1990.5, 1991.5, 1992.5, 1993.5, 1994.5, 1995.5, 1996.5, 1997.5, 1998.5, 1999.5, 2000.5, 2001.5, 2002.5, 2003.5, 2004.5, 2005.5, 2006.5, 2007.5, 2008.5, 2009.5, 2010.5, 2011.5, 2012.5, 2013.5, 2014.5, 2015.5, 2016.5, 2017.5, 2018.5], "adaptive_substitutions": [0.0, 0.0, 0.0, 0.0, 0.0, 0.0, 0.0, 0.0, 0.0, 0.0, 0.0, 0.0, 0.0, 2.504659383033419, 2.7369323050556984, 0.0, 0.0, 0.0, 0.0, 0.0, 0.0, 0.0, 3.169451585261354, 3.452629605826907, 3.484817145840105, 3.7232219365895456, 3.421165381319623, 0, 0, 0, 0, 0.5761978641722252, 2.1376762847464144, 2.4818106577057946, 2.473236982457951, 2.4462172298597915, 2.421250013223735, 2.841067965543679, 2.8709064490890803, 2.656057684817325, 2.6591253430696824], "adaptive_substitutions_per_codon": [0.0, 0.0, 0.0, 0.0, 0.0, 0.0, 0.0, 0.0, 0.0, 0.0, 0.0, 0.0, 0.0, 0.004355929361797251, 0.004759882269662084, 0.0, 0.0, 0.0, 0.0, 0.0, 0.0, 0.0, 0.005512089713498007, 0.006004573227525055, 0.006060551557982791, 0.006475168585373123, 0.0059498528370776045, 0.0, 0.0, 0.0, 0.0, 0.0010020832420386525, 0.003717697886515503, 0.004316192448183991, 0.004301281708622523, 0.004254290834538768, 0.004210869588215192, 0.00494098776616292, 0.004992880781024487, 0.004619230756204044, 0.00462456581403423], "rate_of_adaptation": 0.00012536265241276922}