{"virus": "rsv", "subtype": "B", "gene": "N", "window": 5, "min_seqs": 3, "midfreq_high": 0.75, "midfreq_low": 0.15, "window_midpoint": [1977.5, 1978.5, 1979.5, 1980.5, 1981.5, 1982.5, 1983.5, 1984.5, 1985.5, 1986.5, 1987.5, 1988.5, 1989.5, 1990.5, 1991.5, 1992.5, 1993.5, 1994.5, 1995.5, 1996.5, 1997.5, 1998.5, 2000.5, 2001.5, 2002.5, 2003.5, 2004.5, 2005.5, 2006.5, 2007.5, 2008.5, 2009.5, 2010.5, 2011.5, 2012.5, 2013.5, 2014.5, 2015.5, 2016.5, 2017.5], "adaptive_substitutions": [0.0, 0.0, 0.0, 0.0, 0.0, 0.0, 0.0, 0.0, 0.0, 0.0, 0.0, 0.0, 0.0, 0.0, 0.0, 0.0, 0.0, 0.0, 0.0, 0.0, 0.0, 0.0, 0.0, 0.0, 0.0, 0.0, 0.0, 0.8235294117647058, 0.8775510204081632, 0.9504950495049505, 0.9925373134328358, 0.9938650306748467, 0.9897435897435898, 0.9968553459119497, 0.9967741935483871, 0.9967637540453075, 0.996969696969697, 1.0, 1.8981481481481481, 1.9775280898876404], "adaptive_substitutions_per_codon": [0.0, 0.0, 0.0, 0.0, 0.0, 0.0, 0.0, 0.0, 0.0, 0.0, 0.0, 0.0, 0.0, 0.0, 0.0, 0.0, 0.0, 0.0, 0.0, 0.0, 0.0, 0.0, 0.0, 0.0, 0.0, 0.0, 0.0, 0.0021008403361344537, 0.0022386505622657227, 0.0024247322691452818, 0.0025319829424307037, 0.0025353699762113435, 0.002524856096284668, 0.002542998331408035, 0.002542791310072416, 0.002542764678687009, 0.002543290043290043, 0.002551020408163265, 0.004842214663643235, 0.005044714515019491], "rate_of_adaptation": 9.599685162272771e-05}