{"virus": "rsv", "subtype": "B", "gene": "P", "window": 5, "min_seqs": 3, "midfreq_high": 0.75, "midfreq_low": 0.15, "window_midpoint": [1977.5, 1978.5, 1979.5, 1980.5, 1981.5, 1982.5, 1983.5, 1984.5, 1985.5, 1986.5, 1987.5, 1988.5, 1989.5, 1990.5, 1991.5, 1992.5, 1993.5, 1994.5, 1995.5, 1996.5, 1997.5, 1998.5, 2000.5, 2001.5, 2002.5, 2003.5, 2004.5, 2005.5, 2006.5, 2007.5, 2008.5, 2009.5, 2010.5, 2011.5, 2012.5, 2013.5, 2014.5, 2015.5, 2016.5, 2017.5], "adaptive_substitutions": [0.0, 0.0, 0.0, 0.0, 0.0, 0.0, 0.0, 0.0, 1.5, 1.6363636363636365, 1.875, 1.8666666666666667, 1.9230769230769231, 2.0, 2.0, 2.0, 2.0, 2.0, 2.0, 2.0, 2.0, 2.0, 2.0, 2.0, 2.0, 2.0, 2.0, 2.0, 2.0, 2.0, 2.0, 2.0, 2.0, 2.0, 2.0, 2.0, 2.0, 2.0, 2.0, 2.0], "adaptive_substitutions_per_codon": [0.0, 0.0, 0.0, 0.0, 0.0, 0.0, 0.0, 0.0, 0.006198347107438017, 0.0067618332081142, 0.007747933884297521, 0.007713498622589532, 0.007946598855689765, 0.008264462809917356, 0.008264462809917356, 0.008264462809917356, 0.008264462809917356, 0.008264462809917356, 0.008264462809917356, 0.008264462809917356, 0.008264462809917356, 0.008264462809917356, 0.008264462809917356, 0.008264462809917356, 0.008264462809917356, 0.008264462809917356, 0.008264462809917356, 0.008264462809917356, 0.008264462809917356, 0.008264462809917356, 0.008264462809917356, 0.008264462809917356, 0.008264462809917356, 0.008264462809917356, 0.008264462809917356, 0.008264462809917356, 0.008264462809917356, 0.008264462809917356, 0.008264462809917356, 0.008264462809917356], "rate_of_adaptation": 0.00019898268681324769}