{"virus": "rsv", "subtype": "B", "gene": "M", "window": 5, "min_seqs": 3, "midfreq_high": 0.75, "midfreq_low": 0.15, "window_midpoint": [1977.5, 1978.5, 1979.5, 1980.5, 1981.5, 1982.5, 1983.5, 1984.5, 1985.5, 1986.5, 1987.5, 1988.5, 1989.5, 1990.5, 1991.5, 1992.5, 1993.5, 1994.5, 1995.5, 1996.5, 1997.5, 1998.5, 2000.5, 2001.5, 2002.5, 2003.5, 2004.5, 2005.5, 2006.5, 2007.5, 2008.5, 2009.5, 2010.5, 2011.5, 2012.5, 2013.5, 2014.5, 2015.5, 2016.5, 2017.5], "adaptive_substitutions": [0.0, 0.0, 0.0, 0.0, 0.0, 0.0, 0.0, 0.0, 0.0, 0.0, 0.0, 0.0, 0.0, 0.0, 0.0, 0.0, 0.0, 0.0, 0.0, 0.0, 0.0, 0.0, 0.8571428571428571, 0.8888888888888888, 0.9090909090909091, 0.9583333333333334, 0.9655172413793104, 1.0, 1.0, 1.0, 1.0, 1.0, 1.0, 1.0, 1.0, 1.0, 1.0, 1.0, 1.0, 1.0], "adaptive_substitutions_per_codon": [0.0, 0.0, 0.0, 0.0, 0.0, 0.0, 0.0, 0.0, 0.0, 0.0, 0.0, 0.0, 0.0, 0.0, 0.0, 0.0, 0.0, 0.0, 0.0, 0.0, 0.0, 0.0, 0.0033351862145636463, 0.0034587116299178555, 0.0035373187124159884, 0.0037289234760051883, 0.0037568764256004296, 0.0038910505836575876, 0.0038910505836575876, 0.0038910505836575876, 0.0038910505836575876, 0.0038910505836575876, 0.0038910505836575876, 0.0038910505836575876, 0.0038910505836575876, 0.0038910505836575876, 0.0038910505836575876, 0.0038910505836575876, 0.0038910505836575876, 0.0038910505836575876], "rate_of_adaptation": 0.0001397845001636465}