{"virus": "rsv", "subtype": "B", "gene": "F", "window": 5, "min_seqs": 3, "midfreq_high": 0.75, "midfreq_low": 0.15, "window_midpoint": [1977.5, 1978.5, 1979.5, 1980.5, 1981.5, 1982.5, 1983.5, 1984.5, 1985.5, 1986.5, 1987.5, 1988.5, 1989.5, 1990.5, 1991.5, 1992.5, 1993.5, 1994.5, 1995.5, 1996.5, 1997.5, 1998.5, 2000.5, 2001.5, 2002.5, 2003.5, 2004.5, 2005.5, 2006.5, 2007.5, 2008.5, 2009.5, 2010.5, 2011.5, 2012.5, 2013.5, 2014.5, 2015.5, 2016.5, 2017.5], "adaptive_substitutions": [0.0, 0.0, 0.0, 0.0, 0.0, 0.0, 0.0, 0.0, 0.9063724479274073, 1.0702300380584562, 1.1178077954217362, 1.1133017116931325, 1.1438044323175276, 1.1853990513507937, 1.1853990513507937, 1.1853990513507937, 1.1853990513507937, 1.941018766756032, 1.941018766756032, 1.941018766756032, 1.8595586718911115, 1.7780985770261908, 1.7780985770261908, 1.7780985770261908, 1.7780985770261908, 1.7780985770261908, 1.7780985770261908, 1.0449577232419052, 1.0449577232419052, 1.0449577232419052, 0.9227675809445244, 0.8820375335120638, 0.8820375335120638, 0.8820375335120638, 0.8820375335120638, 0.8820375335120638, 0.8820375335120638, 0.957943178797368, 2.830281921434736, 2.7474377897910136], "adaptive_substitutions_per_codon": [0.0, 0.0, 0.0, 0.0, 0.0, 0.0, 0.0, 0.0, 0.0015762999094389692, 0.0018612696314060108, 0.0019440135572551935, 0.0019361768899011, 0.0019892250996826565, 0.0020615635675665977, 0.0020615635675665977, 0.0020615635675665977, 0.0020615635675665977, 0.0033756848117496205, 0.0033756848117496205, 0.0033756848117496205, 0.003234015081549759, 0.003092345351349897, 0.003092345351349897, 0.003092345351349897, 0.003092345351349897, 0.003092345351349897, 0.003092345351349897, 0.0018173177795511395, 0.0018173177795511395, 0.0018173177795511395, 0.0016048131842513467, 0.0015339783191514154, 0.0015339783191514154, 0.0015339783191514154, 0.0015339783191514154, 0.0015339783191514154, 0.0015339783191514154, 0.0016659881370389008, 0.004922229428582149, 0.004778152677897415], "rate_of_adaptation": 6.027440958385165e-05}