{"virus": "rsv", "subtype": "A", "gene": "NS2", "window": 5, "min_seqs": 3, "midfreq_high": 0.75, "midfreq_low": 0.15, "window_midpoint": [1979.5, 1980.5, 1981.5, 1982.5, 1983.5, 1984.5, 1985.5, 1986.5, 1987.5, 1988.5, 1989.5, 1990.5, 1991.5, 1992.5, 1993.5, 1994.5, 1995.5, 1996.5, 1997.5, 1998.5, 1999.5, 2000.5, 2001.5, 2002.5, 2003.5, 2004.5, 2005.5, 2006.5, 2007.5, 2008.5, 2009.5, 2010.5, 2011.5, 2012.5, 2013.5, 2014.5, 2015.5, 2016.5, 2017.5], "adaptive_substitutions": [0.0, 0.0, 0.0, 0.0, 0.0, 0.0, 0.0, 0.0, 0.0, 0.0, 0.0, 0.0, 0.0, 0.0, 0.0, 0.0, 0.0, 0.0, 0.0, 0.0, 0.0, 0.7362380935608367, 0.8132659147007736, 0.8375629600929871, 0.8121485237527413, 0.8129548572206458, 0.0, 0.0, 0.6530343258783513, 0.6359804406204492, 0.6735498657070246, 0.70749793036551, 0.7245253777605579, 0.7277892950856698, 0.7375397903384876, 0.713103150239919, 0.7232931701399254, 0.9027508717551337, 0.9027508717551337], "adaptive_substitutions_per_codon": [0.0, 0.0, 0.0, 0.0, 0.0, 0.0, 0.0, 0.0, 0.0, 0.0, 0.0, 0.0, 0.0, 0.0, 0.0, 0.0, 0.0, 0.0, 0.0, 0.0, 0.0, 0.005889904748486693, 0.006506127317606188, 0.006700503680743897, 0.006497188190021931, 0.006503638857765166, 0.0, 0.0, 0.005224274607026811, 0.005087843524963594, 0.005388398925656197, 0.00565998344292408, 0.005796203022084463, 0.005822314360685359, 0.005900318322707901, 0.005704825201919352, 0.0057863453611194035, 0.00722200697404107, 0.00722200697404107], "rate_of_adaptation": 0.00021395227207818287}