{"virus": "rsv", "subtype": "A", "gene": "P", "window": 5, "min_seqs": 3, "midfreq_high": 0.75, "midfreq_low": 0.15, "window_midpoint": [1979.5, 1980.5, 1981.5, 1982.5, 1983.5, 1984.5, 1985.5, 1986.5, 1987.5, 1988.5, 1989.5, 1990.5, 1991.5, 1992.5, 1993.5, 1994.5, 1995.5, 1996.5, 1997.5, 1998.5, 1999.5, 2000.5, 2001.5, 2002.5, 2003.5, 2004.5, 2005.5, 2006.5, 2007.5, 2008.5, 2009.5, 2010.5, 2011.5, 2012.5, 2013.5, 2014.5, 2015.5, 2016.5, 2017.5], "adaptive_substitutions": [0.0, 0.0, 0.0, 0.0, 0.0, 0.0, 0.0, 0.0, 0.0, 0.0, 0.0, 0.0, 0.0, 0.0, 0.0, 0.0, 0.0, 0.0, 0.0, 0.0, 0.0, 0.5966878952071762, 0.6510652760144522, 0.6753415859441673, 0.673386957280477, 0.6741926026113214, 0.0, 0.0, 0.7509554161786558, 0.636040203035706, 0.6633159354780697, 0.6480577514392002, 0.6622456251484677, 0.6548564783003386, 0.6961952648665769, 0.6724258078284525, 0.7051685620786922, 0.7454576197225419, 0.754179488758632], "adaptive_substitutions_per_codon": [0.0, 0.0, 0.0, 0.0, 0.0, 0.0, 0.0, 0.0, 0.0, 0.0, 0.0, 0.0, 0.0, 0.0, 0.0, 0.0, 0.0, 0.0, 0.0, 0.0, 0.0, 0.002465652459533786, 0.002690352380225009, 0.0027906677105130877, 0.0027825907325639545, 0.0027859198455013282, 0.0, 0.0, 0.003103121554457255, 0.002628265301800438, 0.002740974939992023, 0.002677924592723968, 0.0027365521700349906, 0.0027060185053732998, 0.002876839937465194, 0.00277861904061344, 0.0029139196780111247, 0.003080403387283231, 0.0031164441684240992], "rate_of_adaptation": 0.00010051747931035656}