{"virus": "rsv", "subtype": "A", "gene": "L", "window": 3, "min_seqs": 3, "midfreq_high": 0.75, "midfreq_low": 0.15, "window_midpoint": [1978.5, 1979.5, 1980.5, 1981.5, 1982.5, 1983.5, 1984.5, 1985.5, 1986.5, 1987.5, 1988.5, 1989.5, 1990.5, 1991.5, 1992.5, 1993.5, 1994.5, 1995.5, 1996.5, 1997.5, 1998.5, 1999.5, 2000.5, 2001.5, 2002.5, 2003.5, 2004.5, 2005.5, 2006.5, 2007.5, 2008.5, 2009.5, 2010.5, 2011.5, 2012.5, 2013.5, 2014.5, 2015.5, 2016.5, 2017.5, 2018.5], "adaptive_substitutions": [0.0, 0.0, 0.0, 0.0, 0.0, 1.3002447844743397, 1.526089882498052, 1.4309066160632695, 0.0, 0.0, 0.0847023268089614, 0.0, 0, 1.3363338535060387, 1.3679836712159321, 0, 0, 0, 0, 0.0, 0.0, 0.0, 1.7164807241906421, 1.9563203940658445, 1.993492033137382, 2.3085639065360954, 2.0293608241740384, 0, 0.8085661478406865, 8.478155020347971, 9.173875568106052, 11.014463860130945, 12.168163063283444, 13.851021893117027, 14.234875527386631, 13.864991899015205, 13.939882118988404, 13.059371708287902, 14.713594601906301, 14.79494316047835, 15.571076784857807], "adaptive_substitutions_per_codon": [0.0, 0.0, 0.0, 0.0, 0.0, 0.0006002976844295197, 0.0007045659660655827, 0.0006606217064004014, 0.0, 0.0, 3.9105414039225023e-05, 0.0, 0.0, 0.0006169593044810889, 0.0006315714086869492, 0.0, 0.0, 0.0, 0.0, 0.0, 0.0, 0.0, 0.000792465708305929, 0.0009031950111107316, 0.000920356432658071, 0.00106581897808684, 0.0009369163546509873, 0.0, 0.00037329923723023383, 0.003914198993697124, 0.004235399615930772, 0.005085163370328229, 0.005617803814996973, 0.006394746949730853, 0.006571964694084317, 0.006401196629277565, 0.006435771984759189, 0.00602925748305074, 0.0067929799639456605, 0.0068305370085310945, 0.007188862781559468], "rate_of_adaptation": 0.0001845553106218856}