{"virus": "rsv", "subtype": "A", "gene": "N", "window": 5, "min_seqs": 3, "midfreq_high": 0.75, "midfreq_low": 0.15, "window_midpoint": [1979.5, 1980.5, 1981.5, 1982.5, 1983.5, 1984.5, 1985.5, 1986.5, 1987.5, 1988.5, 1989.5, 1990.5, 1991.5, 1992.5, 1993.5, 1994.5, 1995.5, 1996.5, 1997.5, 1998.5, 1999.5, 2000.5, 2001.5, 2002.5, 2003.5, 2004.5, 2005.5, 2006.5, 2007.5, 2008.5, 2009.5, 2010.5, 2011.5, 2012.5, 2013.5, 2014.5, 2015.5, 2016.5, 2017.5], "adaptive_substitutions": [0.0, 0.0, 0.0, 0.0, 0.0, 0.7540921202893034, 0.8044109250095165, 0.7037733155690902, 0.0, 0.0, 0.0, 0.0, 0.7994736929213353, 0.0, 0.0, 0.0, 0.0, 0.0, 0.0, 0.0, 0.0, 0.7526263230488583, 0.8359152791024922, 0.8575025089109596, 0.8381196388512128, 0.8193705696560665, 0.0, 0.0, 0.7812808704323437, 0.7631787931690798, 0.7935680966237185, 0.7961142315686849, 0.7954891511229539, 0.8001064862339143, 0.816840578174205, 0.8039662088957864, 0.8057288123958639, 0.9019453674721526, 0.9050003416200599], "adaptive_substitutions_per_codon": [0.0, 0.0, 0.0, 0.0, 0.0, 0.001923704388493121, 0.002052068686248767, 0.001795340090737475, 0.0, 0.0, 0.0, 0.0, 0.002039473706431978, 0.0, 0.0, 0.0, 0.0, 0.0, 0.0, 0.0, 0.0, 0.0019199651098185163, 0.0021324369364859493, 0.0021875064002830603, 0.0021380603031918694, 0.002090231045040986, 0.0, 0.0, 0.001993063444980469, 0.001946884676451734, 0.002024408409754384, 0.0020309036519609307, 0.0020293090589871272, 0.0020410879750865163, 0.002083776985138278, 0.002050934206366802, 0.0020554306438669997, 0.002300881039469777, 0.0023086743408674997], "rate_of_adaptation": 5.588793537495071e-05}