{"virus": "rsv", "subtype": "B", "gene": "L", "window": 5, "min_seqs": 3, "midfreq_high": 0.75, "midfreq_low": 0.15, "window_midpoint": [1977.5, 1978.5, 1979.5, 1980.5, 1981.5, 1982.5, 1983.5, 1984.5, 1985.5, 1986.5, 1987.5, 1988.5, 1989.5, 1990.5, 1991.5, 1992.5, 1993.5, 1994.5, 1995.5, 1996.5, 1997.5, 1998.5, 2000.5, 2001.5, 2002.5, 2003.5, 2004.5, 2005.5, 2006.5, 2007.5, 2008.5, 2009.5, 2010.5, 2011.5, 2012.5, 2013.5, 2014.5, 2015.5, 2016.5, 2017.5], "adaptive_substitutions": [0.0, 0.0, 0.0, 0.0, 0.0, 0.0, 0.0, 0.0, 2.8709866547545926, 3.2358945984497387, 2.813927354961193, 2.8259645988050703, 3.5767877775248373, 3.217292981182646, 3.204869060249037, 3.1800212183818193, 3.130325534647384, 8.54640125076777, 8.533977329834162, 8.384890278630856, 8.384890278630856, 9.078982634429616, 13.981964375453682, 14.916894671208144, 15.061822648845933, 14.974817131051427, 15.008868590440947, 15.869380495511622, 15.834580378580602, 15.882833400320322, 15.936067332109346, 15.937428040259432, 15.93320419041565, 15.94049265837668, 15.947021411112454, 15.947032110014655, 15.946821049853046, 16.029120728202987, 18.833288200781706, 19.277947139718002], "adaptive_substitutions_per_codon": [0.0, 0.0, 0.0, 0.0, 0.0, 0.0, 0.0, 0.0, 0.001324866938050112, 0.0014932600823487489, 0.0012985359275316996, 0.0013040907239525014, 0.0016505711940585314, 0.0014846760411548897, 0.001478942805837119, 0.001467476335201578, 0.0014445433939304956, 0.003943886133256931, 0.003938152897939161, 0.003869354074125914, 0.003869354074125914, 0.004189655115103653, 0.0064522216776436, 0.0068836615926202785, 0.006950541139292078, 0.006910390923420133, 0.006926104564116727, 0.007323202812880306, 0.007307143691084726, 0.0073294108907800285, 0.0073539766184168645, 0.00735460454095959, 0.007352655371673119, 0.0073560187625180806, 0.007359031569502747, 0.007359036506698041, 0.007358939109299975, 0.007396917733365476, 0.008690949792700372, 0.008896145426727273], "rate_of_adaptation": 0.0002532512237334808}