{"virus": "rsv", "subtype": "A", "gene": "G", "window": 3, "min_seqs": 3, "midfreq_high": 0.75, "midfreq_low": 0.15, "window_midpoint": [1978.5, 1979.5, 1980.5, 1981.5, 1982.5, 1983.5, 1984.5, 1985.5, 1986.5, 1987.5, 1988.5, 1989.5, 1990.5, 1991.5, 1992.5, 1993.5, 1994.5, 1995.5, 1996.5, 1997.5, 1998.5, 1999.5, 2000.5, 2001.5, 2002.5, 2003.5, 2004.5, 2005.5, 2006.5, 2007.5, 2008.5, 2009.5, 2010.5, 2011.5, 2012.5, 2013.5, 2014.5, 2015.5, 2016.5, 2017.5, 2018.5], "adaptive_substitutions": [0.0, 0.0, 0.0, 0.0, 0.0, 3.224397098086966, 3.676087294134391, 3.5462919308142324, 1.5881160470640328, 0.8970290117660081, 0.8855877908511202, 0.0, 0, 12.504893470695674, 14.556378964812671, 0.9108703529802448, 0.9108703529802448, 0.9108703529802448, 0.9108703529802448, 0.9108703529802448, 0.9108703529802448, 0.9108703529802448, 15.248752577700305, 17.384266250568047, 17.536959699954778, 18.724676788377888, 17.205854711926516, 5.586088847152587, 2.640228048333245, 14.806058625028765, 16.667702114707946, 18.646219197977025, 18.615419624258635, 18.45867387378795, 19.242905424300215, 21.677845579177635, 24.459063365972977, 23.91730766697857, 22.9604430058593, 23.501652513647198, 24.353775863877697], "adaptive_substitutions_per_codon": [0.0, 0.0, 0.0, 0.0, 0.0, 0.010820124490224717, 0.01233586340313554, 0.011900308492665209, 0.005329248480080647, 0.00301016446901345, 0.0029717711102386583, 0.0, 0.0, 0.04196272976743515, 0.04884690927789487, 0.0030566119227524993, 0.0030566119227524993, 0.0030566119227524993, 0.0030566119227524993, 0.0030566119227524993, 0.0030566119227524993, 0.0030566119227524993, 0.05117031066342384, 0.058336463928080694, 0.058848858053539524, 0.0628344858670399, 0.057737767489686294, 0.01874526458776036, 0.008859825665547803, 0.04968476048667371, 0.055931886290966265, 0.06257120536233901, 0.06246785108811623, 0.06194185863687232, 0.06457350813523562, 0.07274444825227394, 0.08207739384554691, 0.08025942170127037, 0.0770484664626151, 0.07886460575049395, 0.08172408008012651], "rate_of_adaptation": 0.0021901720375581595}