{"virus": "vic", "subtype": null, "gene": "pb1", "window": 3, "min_seqs": 3, "midfreq_high": 0.75, "midfreq_low": 0.15, "window_midpoint": [1985.5, 1986.5, 1987.5, 1988.5, 1992.5, 1993.5, 1994.5, 1995.5, 1996.5, 1997.5, 1998.5, 1999.5, 2000.5, 2001.5, 2002.5, 2003.5, 2004.5, 2005.5, 2006.5, 2007.5, 2008.5, 2009.5, 2010.5, 2011.5, 2012.5, 2013.5, 2014.5, 2015.5, 2016.5, 2017.5, 2018.5, 2019.5, 2020.5], "adaptive_substitutions": [0.0, 0.0, 0.0, 0.0, 0.44404294134156613, 0.4951164748807186, 0.5165871456637665, 0.4869842829076621, 0.5935775095892974, 0.7638226213864721, 0.33440920572551225, 0.31293853494246426, 0.2914678641594163, 0.618847145931064, 0.7104266067920292, 0.9455786624174989, 0.9003102878348458, 0.9003102878348458, 0.9018440275807663, 0.8191131069323605, 0.8191131069323605, 2.104179710270084, 2.9648470390120685, 2.2449277068074203, 3.02493354905813, 3.0699200112264946, 3.4433763682290204, 3.4326410328374966, 3.4326410328374966, 3.3896996912714004, 3.3467583497053046, 3.303817008139209, 3.303817008139209], "adaptive_substitutions_per_codon": [0.0, 0.0, 0.0, 0.0, 0.0005896984612769803, 0.000657525199044779, 0.0006860387060607789, 0.0006467254753089802, 0.0007882835452713114, 0.0010143726711639735, 0.00044410253084397374, 0.0004155890238279738, 0.0003870755168119738, 0.0008218421592710014, 0.0009434616292058821, 0.001255748555667329, 0.0011956311923437526, 0.0011956311923437526, 0.0011976680313157586, 0.0010877996107999475, 0.0010877996107999475, 0.0027943953655645204, 0.003937379865885881, 0.002981311695627384, 0.004017176027965644, 0.004076919005612875, 0.004572876983039867, 0.004558620229531868, 0.004558620229531868, 0.004501593215499868, 0.004444566201467868, 0.004387539187435868, 0.004387539187435868], "rate_of_adaptation": 0.00015324295602899067}