{"virus": "vic", "subtype": null, "gene": "PA", "window": 5, "min_seqs": 3, "midfreq_high": 0.75, "midfreq_low": 0.15, "window_midpoint": [2005.5, 2006.5, 2007.5, 2008.5, 2009.5, 2011.5, 2012.5, 2013.5, 2014.5, 2015.5, 2016.5, 2017.5, 2018.5, 2019.5], "adaptive_substitutions": [0.0, 0.0, 0.0, 0.0, 0.0, 1.9009060022650057, 1.9009060022650057, 1.9009060022650057, 3.3297937317877, 3.427625990939977, 3.4805825544783637, 3.510301419984319, 3.541222151374706, 3.56692998137454], "adaptive_substitutions_per_codon": [0.0, 0.0, 0.0, 0.0, 0.0, 0.0026147262754676833, 0.0026147262754676833, 0.0026147262754676833, 0.004580183950189409, 0.004714753770206296, 0.004787596361043141, 0.004828475130652433, 0.0048710070857973945, 0.004906368612619724], "rate_of_adaptation": 0.0004531831751523175}