{"virus": "vic", "subtype": null, "gene": "NA", "window": 5, "min_seqs": 3, "midfreq_high": 0.75, "midfreq_low": 0.15, "window_midpoint": [1971.5, 1983.5, 1984.5, 1985.5, 1986.5, 1987.5, 1988.5, 1989.5, 1990.5, 1991.5, 1992.5, 1993.5, 1994.5, 1995.5, 1996.5, 1997.5, 1998.5, 1999.5, 2000.5, 2001.5, 2002.5, 2003.5, 2004.5, 2005.5, 2006.5, 2007.5, 2008.5, 2009.5, 2010.5, 2011.5, 2012.5, 2013.5, 2014.5, 2015.5, 2016.5, 2017.5, 2018.5, 2019.5], "adaptive_substitutions": [0.0, 1.9495076127098232, 1.8865143806245221, 1.9324847698035015, 1.9324847698035015, 2.6912842619710564, 2.07039593734044, 2.07039593734044, 3.6853969510945896, 3.5199035500502633, 3.8745322665738184, 3.692436544828633, 3.887666663482099, 4.0263178416075895, 4.8861866423049936, 5.451524107710582, 7.5207677621934454, 4.634686619354447, 3.657238576158413, 3.657238576158413, 11.129346967195682, 11.862590456830674, 14.075693273234712, 13.976944752642664, 14.518191409638813, 13.975239543318494, 13.854347200711645, 13.289132527155717, 15.806304560581818, 15.946319523553413, 16.118123299168555, 19.387599499543903, 19.3939368960091, 19.65000542240591, 20.332898643067896, 20.94118983952962, 21.47908413515328, 21.51941728204991], "adaptive_substitutions_per_codon": [0.0, 0.004174534502590628, 0.004039645354656365, 0.004138083018851181, 0.004138083018851181, 0.005762921331843804, 0.004433396011435631, 0.004433396011435631, 0.007891642293564432, 0.007537266702463091, 0.00829664296910882, 0.007906716370082726, 0.008324768016021625, 0.008621665613720748, 0.010462926428918615, 0.011673499159979832, 0.016104427756302882, 0.009924382482557703, 0.007831345987491248, 0.007831345987491248, 0.02383157808821345, 0.02540169262704641, 0.030140670820631075, 0.02992921788574446, 0.031088204303295102, 0.029925566473915404, 0.029666696361266908, 0.02845638656778526, 0.033846476575121666, 0.03414629448298375, 0.034514182653465855, 0.041515202354483735, 0.041528772796593366, 0.04207709940558011, 0.04353939752262933, 0.04484194826451739, 0.04599375617805841, 0.046080122659635785], "rate_of_adaptation": 0.0012282247715589862}