{"virus": "vic", "subtype": null, "gene": "NP", "window": 5, "min_seqs": 3, "midfreq_high": 0.75, "midfreq_low": 0.15, "window_midpoint": [2005.5, 2006.5, 2007.5, 2008.5, 2009.5, 2011.5, 2012.5, 2013.5, 2014.5, 2015.5, 2016.5, 2017.5, 2018.5, 2019.5], "adaptive_substitutions": [0.0, 0.0, 0.0, 0.0, 0.0, 9.3125, 9.9, 9.970588235294118, 10.825581395348838, 10.892857142857142, 10.954802259887005, 10.969432314410481, 10.987341772151899, 10.991769547325102], "adaptive_substitutions_per_codon": [0.0, 0.0, 0.0, 0.0, 0.0, 0.016599821746880572, 0.01764705882352941, 0.017772884554891476, 0.01929693653359864, 0.01941685765215177, 0.01952727675559181, 0.019553355284154156, 0.019585279451251155, 0.01959317209861872], "rate_of_adaptation": 0.0018294861517138912}