{"virus": "vic", "subtype": null, "gene": "pb1", "window": 5, "min_seqs": 3, "midfreq_high": 0.75, "midfreq_low": 0.15, "window_midpoint": [1971.5, 1984.5, 1985.5, 1986.5, 1987.5, 1988.5, 1989.5, 1990.5, 1991.5, 1992.5, 1993.5, 1994.5, 1995.5, 1996.5, 1997.5, 1998.5, 1999.5, 2000.5, 2001.5, 2002.5, 2003.5, 2004.5, 2005.5, 2006.5, 2007.5, 2008.5, 2009.5, 2010.5, 2011.5, 2012.5, 2013.5, 2014.5, 2015.5, 2016.5, 2017.5, 2018.5, 2019.5], "adaptive_substitutions": [0.0, 0.0, 0.0, 0.0, 0.0, 0.0, 0.0, 0.0, 0.0, 0.5595284872298626, 0.0, 0.5728669660398541, 0.6831462250912153, 0.477725614267854, 0.44696884647768736, 0.4254981756946394, 0.44252268687435686, 0.3579623912433343, 0.8724670221723267, 0.9065160445317617, 0.9523074455715489, 1.0789167352985833, 1.0840691724778169, 1.0775212835625412, 1.0697828693899423, 1.0338198147628404, 1.0338198147628404, 1.3947700784377448, 1.4828027478181842, 1.5330160998137423, 2.2746373244134848, 2.421820760151853, 2.3996500161433616, 2.371014252171711, 2.3775393261430313, 2.3709914372277554, 2.3748957685064287], "adaptive_substitutions_per_codon": [0.0, 0.0, 0.0, 0.0, 0.0, 0.0, 0.0, 0.0, 0.0, 0.000743065720092779, 0.0, 0.0007607795033729802, 0.0009072327026443762, 0.000634429766623976, 0.0005935841254683763, 0.0005650706184523763, 0.0005876795310416425, 0.0004753816616777348, 0.0011586547439207528, 0.0012038725690992852, 0.0012646845226713798, 0.0014328243496661134, 0.0014396668957208723, 0.0014309711601096164, 0.0014206943816599499, 0.0013729346809599474, 0.0013729346809599474, 0.0018522843007141366, 0.0019691935561994478, 0.0020358779545999236, 0.003020766699088293, 0.003216229429152527, 0.0031867862100177446, 0.003148757307000944, 0.0031574227438818476, 0.0031487270082705917, 0.003153912043169228], "rate_of_adaptation": 8.932426631793972e-05}