{"virus": "vic", "subtype": null, "gene": "ha2", "window": 5, "min_seqs": 3, "midfreq_high": 0.75, "midfreq_low": 0.15, "window_midpoint": [1971.5, 1972.5, 1973.5, 1974.5, 1975.5, 1976.5, 1977.5, 1978.5, 1979.5, 1980.5, 1981.5, 1982.5, 1983.5, 1984.5, 1985.5, 1986.5, 1987.5, 1988.5, 1989.5, 1990.5, 1991.5, 1992.5, 1993.5, 1994.5, 1995.5, 1996.5, 1997.5, 1998.5, 1999.5, 2000.5, 2001.5, 2002.5, 2003.5, 2004.5, 2005.5, 2006.5, 2007.5, 2008.5, 2009.5, 2010.5, 2011.5, 2012.5, 2013.5, 2014.5, 2015.5, 2016.5, 2017.5, 2018.5, 2019.5], "adaptive_substitutions": [0.0, 0.0, 0.0, 0.0, 0.0, 0.0, 0.0, 0.0, 0.0, 0.0, 0.0, 0.0, 0.0, 0.0, 0, 0, 0, 0, 0.0, 0, 0, 0, 0, 0, 0, 0, 0, 0, 1.598162690769003, 2.5811972144021333, 2.7173978172082616, 2.758218434763108, 2.940790169972271, 2.995258556823233, 3.000135700338444, 2.995110386723959, 2.995110386723959, 2.994962216624685, 2.994962216624685, 2.9977109231601964, 2.9973745590274716, 2.9969412359437078, 2.9942213661283152, 2.9942213661283152, 2.9942213661283152, 2.9942213661283152, 2.9939991109794044, 2.993925025929767, 2.993925025929767], "adaptive_substitutions_per_codon": [0.0, 0.0, 0.0, 0.0, 0.0, 0.0, 0.0, 0.0, 0.0, 0.0, 0.0, 0.0, 0.0, 0.0, 0.0, 0.0, 0.0, 0.0, 0.0, 0.0, 0.0, 0.0, 0.0, 0.0, 0.0, 0.0, 0.0, 0.0, 0.00710294529230668, 0.011471987619565038, 0.012077323632036717, 0.012258748598947147, 0.013070178533210094, 0.013312260252547703, 0.01333393644594864, 0.013311601718773151, 0.013311601718773151, 0.0133109431849986, 0.0133109431849986, 0.013323159658489762, 0.013321664706788763, 0.01331973882641648, 0.013307650516125846, 0.013307650516125846, 0.013307650516125846, 0.013307650516125846, 0.01330666271546402, 0.013306333448576744, 0.013306333448576744], "rate_of_adaptation": 0.00039417254327478793}