{"virus": "vic", "subtype": null, "gene": "ha1", "window": 5, "min_seqs": 3, "midfreq_high": 0.75, "midfreq_low": 0.15, "window_midpoint": [1971.5, 1972.5, 1973.5, 1974.5, 1975.5, 1976.5, 1977.5, 1978.5, 1979.5, 1980.5, 1981.5, 1982.5, 1983.5, 1984.5, 1985.5, 1986.5, 1987.5, 1988.5, 1989.5, 1990.5, 1991.5, 1992.5, 1993.5, 1994.5, 1995.5, 1996.5, 1997.5, 1998.5, 1999.5, 2000.5, 2001.5, 2002.5, 2003.5, 2004.5, 2005.5, 2006.5, 2007.5, 2008.5, 2009.5, 2010.5, 2011.5, 2012.5, 2013.5, 2014.5, 2015.5, 2016.5, 2017.5, 2018.5, 2019.5], "adaptive_substitutions": [0.0, 0.0, 0.0, 0.0, 0.0, 2.8723161661521193, 2.8865032588018833, 2.8865032588018833, 3.0, 3.0, 4.0, 4.0, 6.806763962952568, 6.898790033367637, 8.228127471742402, 8.125783515763871, 8.842041662768578, 8.71274908784732, 5.5, 6.865032588018836, 8.944480306857518, 10.3968973228432, 12.592627350547293, 10.480372345401815, 10.534381139489195, 12.345922359674816, 13.275069163225211, 18.747270595642753, 20.828769248082477, 22.76337620711172, 22.876139758010723, 23.06970120537099, 22.232444226912097, 23.21065864818565, 23.21324882277731, 25.413401982469242, 25.57061776904606, 25.16305152825027, 24.65261519820767, 25.885308406904553, 26.008998435598127, 26.03524944662957, 25.952210813734926, 25.96648514374521, 25.97366267537456, 27.504832022128923, 28.67039257423639, 28.808065512410558, 28.84849510331107], "adaptive_substitutions_per_codon": [0.0, 0.0, 0.0, 0.0, 0.0, 0.008301491809688206, 0.0083424949676355, 0.0083424949676355, 0.008670520231213872, 0.008670520231213872, 0.011560693641618497, 0.011560693641618497, 0.01967272821662592, 0.019938699518403574, 0.02378071523624972, 0.023484923455964944, 0.025555033707423635, 0.025181355745223465, 0.015895953757225433, 0.019841134647453282, 0.02585109915276739, 0.03004883619318844, 0.03639487673568582, 0.030290093483820273, 0.030446188264419638, 0.03568185653085207, 0.03836725191683587, 0.05418286299318715, 0.06019875505226149, 0.06579010464483155, 0.06611601086130267, 0.06667543700974274, 0.06425561915292513, 0.0670828284629643, 0.06709031451669743, 0.07344913867765678, 0.07390351956371694, 0.07272558245159037, 0.07125033294279673, 0.07481303007775883, 0.07517051570982118, 0.07524638568390049, 0.07500638963507204, 0.0750476449241191, 0.07506838923518659, 0.07949373416800266, 0.0828624062839202, 0.08326030494916346, 0.08337715347777766], "rate_of_adaptation": 0.0020017649184143555}