{"virus": "vic", "subtype": null, "gene": "PB2", "window": 5, "min_seqs": 3, "midfreq_high": 0.75, "midfreq_low": 0.15, "window_midpoint": [2005.5, 2006.5, 2007.5, 2008.5, 2009.5, 2011.5, 2012.5, 2013.5, 2014.5, 2015.5, 2016.5, 2017.5, 2018.5, 2019.5], "adaptive_substitutions": [0.0, 0.0, 0.0, 0.0, 0.0, 0.8718828532766286, 0.8968876860622463, 0.9687372468157313, 0.9849612498462296, 0.9768666026003864, 0.98101548491171, 0.9850417833702783, 0.9857391868469596, 0.9862477293895673], "adaptive_substitutions_per_codon": [0.0, 0.0, 0.0, 0.0, 0.0, 0.0011308467617076896, 0.0011632784514426023, 0.0012564685432110653, 0.0012775113486980928, 0.0012670124547346127, 0.0012723936250476134, 0.0012776158020366775, 0.001278520346105006, 0.0012791799343574155], "rate_of_adaptation": 0.00011963222358907955}