{"virus": "vic", "subtype": null, "gene": "ha2", "window": 3, "min_seqs": 3, "midfreq_high": 0.75, "midfreq_low": 0.15, "window_midpoint": [1970.5, 1971.5, 1972.5, 1973.5, 1974.5, 1975.5, 1976.5, 1977.5, 1978.5, 1979.5, 1981.5, 1982.5, 1983.5, 1984.5, 1985.5, 1986.5, 1987.5, 1988.5, 1989.5, 1990.5, 1991.5, 1992.5, 1993.5, 1994.5, 1995.5, 1996.5, 1997.5, 1998.5, 1999.5, 2000.5, 2001.5, 2002.5, 2003.5, 2004.5, 2005.5, 2006.5, 2007.5, 2008.5, 2009.5, 2010.5, 2011.5, 2012.5, 2013.5, 2014.5, 2015.5, 2016.5, 2017.5, 2018.5, 2019.5, 2020.5], "adaptive_substitutions": [0.0, 0.0, 0.0, 0.0, 0.0, 0.0, 0.0, 0.0, 0.0, 0.0, 0.0, 0.0, 0.0, 0.9922951548377538, 0.0, 0, 0.0, 0.0, 0.99140613424211, 0.99140613424211, 1.9881463920580826, 1.8451199119446267, 1.8213068602755964, 1.9879982219588088, 1.9879982219588088, 1.9879982219588088, 2.8423046800584215, 4.984293969476959, 3.9842939694769597, 3.9841457993776856, 4.7562467166853, 4.872129204326567, 4.983256778782041, 4.982960438583494, 4.982960438583494, 4.982960438583494, 4.982960438583494, 4.982960438583494, 4.982960438583494, 4.98878382181402, 4.9878526212832215, 4.982515928285672, 4.982515928285672, 4.982515928285672, 4.982515928285672, 4.982367758186398, 4.982367758186398, 4.982367758186398, 4.982219588087124, 4.98207141798785], "adaptive_substitutions_per_codon": [0.0, 0.0, 0.0, 0.0, 0.0, 0.0, 0.0, 0.0, 0.0, 0.0, 0.0, 0.0, 0.0, 0.004410200688167795, 0.0, 0.0, 0.0, 0.0, 0.0044062494855204885, 0.0044062494855204885, 0.008836206186924812, 0.008200532941976119, 0.008094697156780429, 0.008835547653150262, 0.008835547653150262, 0.008835547653150262, 0.012632465244704096, 0.02215241764211982, 0.017707973197675378, 0.017707314663900825, 0.021138874296379114, 0.021653907574784744, 0.022147807905697963, 0.022146490838148864, 0.022146490838148864, 0.022146490838148864, 0.022146490838148864, 0.022146490838148864, 0.022146490838148864, 0.022172372541395646, 0.022168233872369873, 0.02214451523682521, 0.02214451523682521, 0.02214451523682521, 0.02214451523682521, 0.02214385670305066, 0.02214385670305066, 0.02214385670305066, 0.022143198169276106, 0.022142539635501557], "rate_of_adaptation": 0.000624849694435859}