{"virus": "vic", "subtype": null, "gene": "ha1", "window": 3, "min_seqs": 3, "midfreq_high": 0.75, "midfreq_low": 0.15, "window_midpoint": [1970.5, 1971.5, 1972.5, 1973.5, 1974.5, 1975.5, 1976.5, 1977.5, 1978.5, 1979.5, 1981.5, 1982.5, 1983.5, 1984.5, 1985.5, 1986.5, 1987.5, 1988.5, 1989.5, 1990.5, 1991.5, 1992.5, 1993.5, 1994.5, 1995.5, 1996.5, 1997.5, 1998.5, 1999.5, 2000.5, 2001.5, 2002.5, 2003.5, 2004.5, 2005.5, 2006.5, 2007.5, 2008.5, 2009.5, 2010.5, 2011.5, 2012.5, 2013.5, 2014.5, 2015.5, 2016.5, 2017.5, 2018.5, 2019.5, 2020.5], "adaptive_substitutions": [0.0, 0.0, 3.7527645242772945, 3.7527645242772945, 4.403381981476284, 3.7527645242772945, 3.786813546636729, 4.811134276893468, 5.7016909907381415, 5.957058658433904, 6.957058658433904, 6.957058658433904, 6.957058658433904, 11.78529329216952, 12.593577509589297, 13.636138787538592, 13.597263541959023, 13.501994707509724, 13.559528487229862, 13.274557956777995, 26.25709910683331, 26.287382667539838, 23.759261857984846, 18.750484142576482, 18.720881279820375, 19.427018430161848, 24.67489942931986, 23.97954857674638, 21.46289348124732, 27.317308848883364, 28.22573950579706, 27.31377343459858, 28.272079708111143, 28.26942173457417, 28.272782425059727, 29.802936450490996, 30.04785047097114, 29.37735054729161, 29.35587987650856, 30.05600679141235, 30.155452974282465, 30.26999719337637, 30.24852652259332, 30.24852652259332, 30.227055851810274, 31.682526677853353, 31.89725347239332, 31.941592593302804, 31.937823560632797, 31.915200240213967], "adaptive_substitutions_per_codon": [0.0, 0.0, 0.010846140243575995, 0.010846140243575995, 0.012726537518717582, 0.010846140243575995, 0.010944547822649506, 0.013905012360963781, 0.016478875695774976, 0.01721693253882631, 0.020107105949230937, 0.020107105949230937, 0.020107105949230937, 0.034061541306848325, 0.036397622860084675, 0.03941080574433119, 0.03929844954323417, 0.039023106091068564, 0.039189388691415784, 0.0383657744415549, 0.07588756967292863, 0.07597509441485502, 0.06866838687278858, 0.0541921507010881, 0.05410659329427854, 0.05614745211029436, 0.0713147382350285, 0.06930505369001845, 0.06203148404984775, 0.07895175967885365, 0.08157728180866201, 0.078941541718493, 0.08171121302922296, 0.08170353102478084, 0.08171324400306279, 0.08613565448118785, 0.08684349847101486, 0.08490563741991794, 0.08484358345811722, 0.08686707165148078, 0.08715448836497822, 0.08748554102131899, 0.08742348705951826, 0.08742348705951826, 0.08736143309771756, 0.09156799617876692, 0.09218859385084775, 0.09231674159914105, 0.09230584844113525, 0.09224046312200568], "rate_of_adaptation": 0.002023143523210497}