{"virus": "yam", "subtype": null, "gene": "PA", "window": 5, "min_seqs": 3, "midfreq_high": 0.75, "midfreq_low": 0.15, "window_midpoint": [2002.5, 2003.5, 2004.5, 2005.5, 2006.5, 2007.5, 2008.5, 2009.5, 2010.5, 2011.5, 2012.5, 2013.5, 2014.5, 2015.5, 2016.5, 2017.5], "adaptive_substitutions": [0.0, 0.6369665322669487, 0.7685901249256395, 0.8235330008084321, 0.0, 0.0, 0.0, 0.0, 0.3605680800289921, 1.0343049771961135, 0.0, 1.00852667063256, 1.1499682172568249, 1.2080622773182883, 1.5604177133645465, 1.571752493770961], "adaptive_substitutions_per_codon": [0.0, 0.0008761575409449088, 0.0010572078747257765, 0.0011327826696126988, 0.0, 0.0, 0.0, 0.0, 0.0004959670977015022, 0.001422702857216112, 0.0, 0.001387244388765557, 0.0015817994735307082, 0.0016617087721021847, 0.0021463792480942868, 0.002161970417841762], "rate_of_adaptation": 0.00010898218523188187}