{"virus": "yam", "subtype": null, "gene": "ha2", "window": 5, "min_seqs": 3, "midfreq_high": 0.75, "midfreq_low": 0.15, "window_midpoint": [1992.5, 1993.5, 1994.5, 1995.5, 1996.5, 1997.5, 1998.5, 1999.5, 2000.5, 2001.5, 2002.5, 2003.5, 2004.5, 2005.5, 2006.5, 2007.5, 2008.5, 2009.5, 2010.5, 2011.5, 2012.5, 2013.5, 2014.5, 2015.5, 2016.5, 2017.5], "adaptive_substitutions": [0.0, 0.0, 0.0, 0.0, 0.8333333333333334, 0.8974358974358975, 0.926829268292683, 0.9142857142857143, 0.7575757575757576, 0.0, 0.0, 0.8636363636363636, 0.9382716049382716, 0.5, 1.0, 1.0, 1.0, 1.0, 1.0, 1.0, 1.0, 1.0, 1.0, 1.0, 1.002717391304348, 1.0026954177897573], "adaptive_substitutions_per_codon": [0.0, 0.0, 0.0, 0.0, 0.0037202380952380955, 0.004006410256410257, 0.004137630662020906, 0.004081632653061224, 0.003382034632034632, 0.0, 0.0, 0.0038555194805194805, 0.004188712522045855, 0.002232142857142857, 0.004464285714285714, 0.004464285714285714, 0.004464285714285714, 0.004464285714285714, 0.004464285714285714, 0.004464285714285714, 0.004464285714285714, 0.004464285714285714, 0.004464285714285714, 0.004464285714285714, 0.004476416925465839, 0.00447631882941856], "rate_of_adaptation": 0.00016567215271300653}