{"virus": "yam", "subtype": null, "gene": "PB2", "window": 5, "min_seqs": 3, "midfreq_high": 0.75, "midfreq_low": 0.15, "window_midpoint": [2002.5, 2003.5, 2004.5, 2005.5, 2006.5, 2007.5, 2008.5, 2009.5, 2010.5, 2011.5, 2012.5, 2013.5, 2014.5, 2015.5, 2016.5, 2017.5], "adaptive_substitutions": [0.0, 0.75, 1.8571428571428572, 1.9166666666666665, 1.0, 1.0, 1.0, 1.0, 1.0, 1.7777777777777777, 1.0, 1.0, 1.0, 1.0, 1.0, 1.0], "adaptive_substitutions_per_codon": [0.0, 0.0009727626459143969, 0.002408745599407078, 0.0024859489840034586, 0.0012970168612191958, 0.0012970168612191958, 0.0012970168612191958, 0.0012970168612191958, 0.0012970168612191958, 0.00230580775327857, 0.0012970168612191958, 0.0012970168612191958, 0.0012970168612191958, 0.0012970168612191958, 0.0012970168612191958, 0.0012970168612191958], "rate_of_adaptation": 5.540478188681436e-06}