{"virus": "yam", "subtype": null, "gene": "NA", "window": 5, "min_seqs": 3, "midfreq_high": 0.75, "midfreq_low": 0.15, "window_midpoint": [1992.5, 1993.5, 1994.5, 1995.5, 1996.5, 1997.5, 1998.5, 1999.5, 2000.5, 2001.5, 2002.5, 2003.5, 2004.5, 2005.5, 2006.5, 2007.5, 2008.5, 2009.5, 2010.5, 2011.5, 2012.5, 2013.5, 2014.5, 2015.5, 2016.5, 2017.5], "adaptive_substitutions": [0.0, 0.0, 0.0, 0.8512800689988387, 1.5246500334465443, 1.4449564820328096, 1.9701163939884547, 1.8994725105914056, 1.8994725105914056, 1.8994725105914056, 1.8994725105914056, 1.8994725105914056, 5.13843439056415, 6.81654887261614, 7.163143163313844, 7.4843105997133, 7.611611425026435, 7.626403013683037, 7.680874040725418, 7.509401033891696, 7.326894674692533, 7.016607984026707, 7.707894632926313, 9.279431740332512, 11.456841144770674, 11.933633080904205], "adaptive_substitutions_per_codon": [0.0, 0.0, 0.0, 0.0018228695267641084, 0.003264775232219581, 0.003094125229192312, 0.00421866465522153, 0.004067392956298513, 0.004067392956298513, 0.004067392956298513, 0.004067392956298513, 0.004067392956298513, 0.011003071500137367, 0.01459646439532364, 0.015338636324012514, 0.01602636102722334, 0.01629895380091314, 0.01633062743829344, 0.016447267753159352, 0.016080087867005773, 0.015689281958656386, 0.015024856496845197, 0.01650512769363236, 0.01987030351248932, 0.024532850417067827, 0.025553818160394443], "rate_of_adaptation": 0.000981797657811167}