{"virus": "yam", "subtype": null, "gene": "ha2", "window": 3, "min_seqs": 3, "midfreq_high": 0.75, "midfreq_low": 0.15, "window_midpoint": [1991.5, 1992.5, 1993.5, 1994.5, 1995.5, 1996.5, 1997.5, 1998.5, 1999.5, 2000.5, 2001.5, 2002.5, 2003.5, 2004.5, 2005.5, 2006.5, 2007.5, 2008.5, 2009.5, 2010.5, 2011.5, 2012.5, 2013.5, 2014.5, 2015.5, 2016.5, 2017.5, 2018.5], "adaptive_substitutions": [0.0, 0.0, 0.0, 0.0, 0.0, 0.9285714285714286, 0.9285714285714286, 0.9130434782608695, 0.8888888888888888, 0.8888888888888888, 0.0, 0.0, 0.8611111111111112, 1.0, 1.0, 1.0, 1.0, 1.0, 1.0, 1.0, 1.0, 1.0, 1.0, 1.0, 1.0, 1.0, 1.0044052863436124, 1.004524886877828], "adaptive_substitutions_per_codon": [0.0, 0.0, 0.0, 0.0, 0.0, 0.004145408163265306, 0.004145408163265306, 0.004076086956521739, 0.003968253968253968, 0.003968253968253968, 0.0, 0.0, 0.003844246031746032, 0.004464285714285714, 0.004464285714285714, 0.004464285714285714, 0.004464285714285714, 0.004464285714285714, 0.004464285714285714, 0.004464285714285714, 0.004464285714285714, 0.004464285714285714, 0.004464285714285714, 0.004464285714285714, 0.004464285714285714, 0.004464285714285714, 0.004483952171176841, 0.004484486102133161], "rate_of_adaptation": 0.0001628442192283206}