{"virus": "yam", "subtype": null, "gene": "pb1", "window": 5, "min_seqs": 3, "midfreq_high": 0.75, "midfreq_low": 0.15, "window_midpoint": [1992.5, 1993.5, 1994.5, 1995.5, 1996.5, 1997.5, 1998.5, 1999.5, 2000.5, 2001.5, 2002.5, 2003.5, 2004.5, 2005.5, 2006.5, 2007.5, 2008.5, 2009.5, 2010.5, 2011.5, 2012.5, 2013.5, 2014.5, 2015.5, 2016.5, 2017.5], "adaptive_substitutions": [0.0, 0.0, 0.0, 0.0, 0.6583593676039003, 0.7741296581413772, 0.9147969326895768, 0.9147969326895768, 0.9147969326895768, 0.9147969326895768, 0.9147969326895768, 0.9147969326895768, 1.2032803180914513, 2.0150342186512264, 2.0254011644419196, 2.057128924565813, 0.8579948878159613, 0.8579948878159613, 0.8579948878159613, 0.8579948878159613, 0.8579948878159613, 2.2896610484874, 2.2562279384915, 2.4736565826714587, 2.619561699570021, 2.62933698448965], "adaptive_substitutions_per_codon": [0.0, 0.0, 0.0, 0.0, 0.0008743152292216472, 0.0010280606349819088, 0.0012148697645279905, 0.0012148697645279905, 0.0012148697645279905, 0.0012148697645279905, 0.0012148697645279905, 0.0012148697645279905, 0.0015979818301347295, 0.0026760082585009647, 0.002689775782791394, 0.002731910922398158, 0.0011394354419866685, 0.0011394354419866685, 0.0011394354419866685, 0.0011394354419866685, 0.0011394354419866685, 0.0030407185238876494, 0.0029963186434150066, 0.0032850685028837433, 0.0034788335983665618, 0.0034918153844484064], "rate_of_adaptation": 0.00011685302757071202}