{"virus": "yam", "subtype": null, "gene": "NP", "window": 5, "min_seqs": 3, "midfreq_high": 0.75, "midfreq_low": 0.15, "window_midpoint": [2002.5, 2003.5, 2004.5, 2005.5, 2006.5, 2007.5, 2008.5, 2009.5, 2010.5, 2011.5, 2012.5, 2013.5, 2014.5, 2015.5, 2016.5, 2017.5], "adaptive_substitutions": [0.0, 0.5288237767885117, 0.7918341428597757, 0.7918341428597757, 0.7918341428597757, 0.7918341428597757, 0.7918341428597757, 0.7918341428597757, 1.2666705529636317, 0.7397926785747195, 0.7397926785747195, 1.6561039275227847, 2.839833183129919, 2.895846052652381, 3.060801089733939, 2.9814154505956227], "adaptive_substitutions_per_codon": [0.0, 0.0009426448784108942, 0.0014114690603561064, 0.0014114690603561064, 0.0014114690603561064, 0.0014114690603561064, 0.0014114690603561064, 0.0014114690603561064, 0.0022578797735537106, 0.0013187035268711579, 0.0013187035268711579, 0.0029520569118053203, 0.005062091235525702, 0.0051619359227315165, 0.005455973421985631, 0.005314466043842465], "rate_of_adaptation": 0.0003285138208709219}