{"virus": "yam", "subtype": null, "gene": "pb1", "window": 3, "min_seqs": 3, "midfreq_high": 0.75, "midfreq_low": 0.15, "window_midpoint": [1991.5, 1992.5, 1993.5, 1994.5, 1995.5, 1996.5, 1997.5, 1998.5, 1999.5, 2000.5, 2001.5, 2002.5, 2003.5, 2004.5, 2005.5, 2006.5, 2007.5, 2008.5, 2009.5, 2010.5, 2011.5, 2012.5, 2013.5, 2014.5, 2015.5, 2016.5, 2017.5, 2018.5], "adaptive_substitutions": [0.0, 0.0, 0.0, 0.0, 0.8322695406508318, 1.6017229953611662, 1.6921013600934076, 2.4619909004471197, 1.7159897756319227, 1.7159897756319227, 1.7159897756319227, 1.7159897756319227, 1.7159897756319227, 2.7366089179210453, 2.893644933122354, 2.97135283536874, 2.7082078954842377, 2.6521132942604115, 1.647453624119942, 2.6156773643851174, 1.460380573700653, 1.460380573700653, 1.4319795512638454, 2.25908162882543, 2.485613222335744, 2.4834487760567643, 2.458670153916586, 3.185304926616456], "adaptive_substitutions_per_codon": [0.0, 0.0, 0.0, 0.0, 0.001105271634330454, 0.0021271221717943773, 0.002247146560549014, 0.003269576229013439, 0.002278870883973337, 0.002278870883973337, 0.002278870883973337, 0.002278870883973337, 0.002278870883973337, 0.0036342747913958107, 0.0038428219563377878, 0.0039460197016849136, 0.0035965576301251498, 0.003522062807782751, 0.002187853418485979, 0.0034736751187053353, 0.0019394164325373879, 0.0019394164325373879, 0.001901699271266727, 0.003000108404814648, 0.0033009471744166585, 0.0032980727437672834, 0.0032651662070605388, 0.004230152624988653], "rate_of_adaptation": 0.00010511904216875707}