{"virus": "yam", "subtype": null, "gene": "ha1", "window": 5, "min_seqs": 3, "midfreq_high": 0.75, "midfreq_low": 0.15, "window_midpoint": [1992.5, 1993.5, 1994.5, 1995.5, 1996.5, 1997.5, 1998.5, 1999.5, 2000.5, 2001.5, 2002.5, 2003.5, 2004.5, 2005.5, 2006.5, 2007.5, 2008.5, 2009.5, 2010.5, 2011.5, 2012.5, 2013.5, 2014.5, 2015.5, 2016.5, 2017.5], "adaptive_substitutions": [0.0, 0.0, 0.0, 0.0, 0.0, 3.2987381831460216, 4.2079369023951525, 3.92628076793206, 0.8379150562463726, 0.886282579249776, 0.9602763553565181, 5.680499421056081, 7.274139048492926, 7.860180971604036, 8.453362185807373, 8.452053955921212, 8.385375715631026, 7.815420584984386, 9.978003244357748, 7.383947456202383, 7.402217142112199, 6.687588753195115, 9.523187505496832, 12.234104387922637, 13.910895811117125, 14.18601207643994], "adaptive_substitutions_per_codon": [0.0, 0.0, 0.0, 0.0, 0.0, 0.009533925384815092, 0.012161667347962868, 0.01134763227726029, 0.0024217198157409615, 0.002561510344652532, 0.0027753651888916707, 0.016417628384555148, 0.02102352326154025, 0.02271728604509837, 0.024431682617940386, 0.024427901606708706, 0.02423518992956944, 0.022587920765850825, 0.028838159665773837, 0.02134088860174099, 0.021393691162173985, 0.019328291194205535, 0.027523663310684485, 0.03535868320208854, 0.04020490118819978, 0.041000034903005605], "rate_of_adaptation": 0.001538669688137931}