{"virus": "yam", "subtype": null, "gene": "ha1", "window": 3, "min_seqs": 3, "midfreq_high": 0.75, "midfreq_low": 0.15, "window_midpoint": [1991.5, 1992.5, 1993.5, 1994.5, 1995.5, 1996.5, 1997.5, 1998.5, 1999.5, 2000.5, 2001.5, 2002.5, 2003.5, 2004.5, 2005.5, 2006.5, 2007.5, 2008.5, 2009.5, 2010.5, 2011.5, 2012.5, 2013.5, 2014.5, 2015.5, 2016.5, 2017.5, 2018.5], "adaptive_substitutions": [0.0, 0.0, 0.0, 0.0, 0.0, 3.0582930985515477, 4.435615896457986, 5.6523146833286, 5.1045129505850335, 5.335792264472189, 0.9334128834393434, 1.742899744390798, 6.90149616586197, 7.5694912831431465, 8.332372375044056, 8.355819166632855, 8.393515723452271, 7.8221410453534945, 10.700299026856921, 10.104624743234943, 9.546641952794511, 7.279859305704236, 7.395608491905709, 8.653903017144131, 14.444232941223092, 15.006153148551974, 13.583484058057667, 15.021074326243312], "adaptive_substitutions_per_codon": [0.0, 0.0, 0.0, 0.0, 0.0, 0.008838997394657653, 0.012819699122710942, 0.016336169604995954, 0.014752927602846917, 0.015421364926220198, 0.0026977250966455013, 0.005037282498239301, 0.01994652071058373, 0.021877142436829904, 0.02408200108394236, 0.024149766377551604, 0.024258715963734887, 0.0226073440617153, 0.03092571973080035, 0.029204117755014285, 0.027591450730619974, 0.021040055796833053, 0.021374591017068525, 0.025011280396370322, 0.04174633798041356, 0.043370384822404545, 0.039258624445253375, 0.04341350961341998], "rate_of_adaptation": 0.0015146571219761006}