{"virus": "yam", "subtype": null, "gene": "ha1", "window": 5, "min_seqs": 3, "midfreq_high": 0.75, "midfreq_low": 0.15, "window_midpoint": [1992.5, 1993.5, 1994.5, 1995.5, 1996.5, 1997.5, 1998.5, 1999.5, 2000.5, 2001.5, 2002.5, 2003.5, 2004.5, 2005.5, 2006.5, 2007.5, 2008.5, 2009.5, 2010.5, 2011.5, 2012.5, 2013.5, 2014.5, 2015.5, 2016.5, 2017.5], "adaptive_substitutions": [0.0, 0.0, 0.0, 0.0, 0.0, 3.324471236293717, 4.234166969807203, 3.9540525219295133, 0.8388022522023818, 0.8869050284019363, 0.9604937886113873, 5.72603744018804, 7.327374989506675, 7.9257177951362365, 8.51656441876632, 8.52073699784181, 8.459897378951197, 7.890325158077512, 10.070263391079765, 7.458476937312164, 7.4739097973033415, 6.749508912331757, 9.624323076423028, 12.369664187155928, 14.04822474038587, 14.321835116066044], "adaptive_substitutions_per_codon": [0.0, 0.0, 0.0, 0.0, 0.0, 0.00960829837079109, 0.012237476791350297, 0.011427897462224028, 0.0024242839659028375, 0.0025633093306414345, 0.0027759936087034314, 0.01654924115661283, 0.021177384362736053, 0.022906698829873517, 0.02461434803111653, 0.024626407508213325, 0.024450570459396526, 0.02280440797132229, 0.02910480748866984, 0.021556291726335733, 0.02160089536792873, 0.019507251191710283, 0.02781596264862147, 0.03575047452935239, 0.04060180560805165, 0.04139258704065331], "rate_of_adaptation": 0.0015544721157749887, "bootstrap_adaptive_substitutions": [[4.875207284348901, 3.8834967338080855, 3.9241414659149156, 3.9241414659149156, 3.905176832393644, 6.498479412267214, 6.548821117375704, 6.299485102916457, 4.744579145588661, 4.792502858494657, 4.865817683459346, 7.2576106051247, 8.534755352284824, 9.779474347988831, 10.439646791224867, 10.510543655242486, 10.404129236468927, 10.257579239902253, 11.133814732571107, 9.286695126803554, 9.29133945601667, 7.810353664787288, 9.910730690576823, 14.269877260626128, 17.022484840865353, 17.396971011612756], [12.43188854489164, 10.515272039232343, 11.296672716273443, 11.354522272507984, 11.258347364047843, 19.070175438596493, 19.32072998588425, 18.520884507580327, 11.405586680344038, 11.454069523942481, 11.528239720212177, 20.285991282361522, 23.365256642933595, 24.905808546108624, 25.585838753221253, 25.598943135833977, 25.488375202980222, 24.334419420604185, 26.289293420624016, 22.579554602776323, 22.60313885335158, 21.13611615245009, 26.796537729331558, 30.716717361955766, 32.075349401480274, 32.40705827916913], [11.42372257098192, 9.6369923236103, 10.433212745234451, 10.550947297599569, 10.339662811535554, 12.803951579240294, 14.384302096377718, 13.94764657785671, 9.486580540952565, 9.58415167342745, 9.733418290415873, 13.843535157852674, 16.2052031267281, 16.050684530416277, 16.583558094958917, 16.49148713248941, 16.50328077742708, 15.504144194438663, 17.415660034628495, 15.620142819389596, 15.701683595380548, 15.627104494225685, 17.72865165735972, 20.436107895205026, 21.108852199070125, 21.288188973549673], [10.15720674234606, 9.513544855045415, 10.355072124756337, 10.47194611000074, 10.358168111040655, 12.955887496519075, 12.888261858349578, 12.37139669673984, 11.113175692855327, 11.30689158794422, 11.603242727706247, 15.723812665567053, 17.18586094866797, 18.11593946698808, 18.202207654367236, 18.2226793131238, 18.158922745460142, 17.08233251843008, 18.96502470259811, 16.247817899708256, 16.251892244271883, 15.5246783625731, 18.373425287685418, 21.849404157928685, 24.480380826279536, 24.84502704482386], [9.511325106450087, 6.653774028863157, 7.4093331099195705, 7.4971132962296805, 7.377846506670112, 12.527355419379546, 13.333699871537085, 12.658139768347457, 5.7198391420911525, 5.7198391420911525, 5.7198391420911525, 9.444466642606724, 11.006573520313466, 11.121115201345258, 12.225987592187991, 12.256261308841502, 12.213438778749822, 12.142400705209262, 13.606487806764282, 12.121210089155587, 12.125305454225815, 11.439678284182305, 14.20765789637758, 15.239089910683063, 16.645307317372797, 16.871700903478065]], "bootstrap_adaptive_substitutions_per_codon": [[0.014090194463436132, 0.011223978999445335, 0.011341449323453514, 0.011341449323453514, 0.011286638243912267, 0.018781732405396573, 0.01892722866293556, 0.018206604343689183, 0.013712656490140638, 0.013851164330909414, 0.014063056888610826, 0.020975753194002023, 0.02466692298348215, 0.02826437672829142, 0.030172389570014065, 0.030377293801278862, 0.030069737677655858, 0.029646182774283967, 0.03217865529644828, 0.026840159326021833, 0.026853582242822745, 0.022573276487824534, 0.028643730319586194, 0.04124241982839921, 0.04919793306608484, 0.05028026303934322], [0.035930313713559654, 0.03039095965096053, 0.03264934311061689, 0.03281653835984966, 0.03253857619667007, 0.05511611398438293, 0.055840260074809966, 0.0535285679409836, 0.032964123353595484, 0.033104247179024514, 0.03331861190812768, 0.058630032607981275, 0.06752964347668669, 0.0719821056245914, 0.07394751084746026, 0.07398538478564733, 0.07366582428607, 0.07033069196706412, 0.07598061682261277, 0.06525882833172347, 0.06532699090564041, 0.06108704090303494, 0.07744664083621837, 0.08877663977443863, 0.09270332196959617, 0.09366201814788765], [0.0330165392224911, 0.027852578969971967, 0.030153794061371246, 0.0304940673341028, 0.02988341853044958, 0.0370056404024286, 0.04157312744617837, 0.040311117277042514, 0.02741786283512302, 0.027699860327824996, 0.02813126673530599, 0.04001021721922738, 0.04683584718707544, 0.04638926164860196, 0.047929358655950625, 0.0476632576083509, 0.0476973432873615, 0.044809665301845845, 0.050334277556729756, 0.04514492144332253, 0.04538058842595534, 0.04516504189082568, 0.05123887762242694, 0.059063895650881576, 0.06100824334991366, 0.061526557727022174], [0.029356088850711157, 0.027495794378743974, 0.02992795411779288, 0.03026574020231428, 0.029936902055030794, 0.037444761550633164, 0.03724931172933404, 0.03575548178248509, 0.03211900489264545, 0.0326788774218041, 0.03353538360608742, 0.04544454527620535, 0.04967011834875135, 0.052358206551988674, 0.05260753657331571, 0.0526667032171208, 0.05248243568052064, 0.049370903232456874, 0.05481221012311593, 0.04695901127083311, 0.04697078683315573, 0.04486901260859277, 0.05310238522452433, 0.06314856693042972, 0.0707525457406923, 0.0718064365457337], [0.027489378920375975, 0.019230560777061145, 0.021414257543120145, 0.02166795750355399, 0.021323255799624602, 0.03620622953577904, 0.03853670483103204, 0.03658421898366317, 0.016531327000263447, 0.016531327000263447, 0.016531327000263447, 0.027296146365915385, 0.0318109061280736, 0.032141951448974734, 0.03533522425487859, 0.035422720545784686, 0.03529895600794746, 0.03509364365667417, 0.03932510926810486, 0.03503239910160574, 0.03504423541683761, 0.033062654000526895, 0.04106259507623578, 0.04404361245862157, 0.048107824616684385, 0.04876214133953198]], "bootstrap_rate_of_adaptation": [0.0012560745065606292, 0.00231965539096322, 0.0011747601951393922, 0.0014817111506467053, 0.0008970201271285931]}