{"virus": "229e", "subtype": null, "gene": "S1", "window": 5, "min_seqs": 3, "midfreq_high": 0.75, "midfreq_low": 0.15, "window_midpoint": [1991.5, 1992.5, 1993.5, 1994.5, 1995.5, 2002.5, 2003.5, 2004.5, 2005.5, 2006.5, 2007.5, 2008.5, 2009.5, 2010.5, 2011.5, 2012.5, 2013.5, 2014.5, 2015.5, 2016.5, 2017.5, 2018.5, 2019.5], "adaptive_substitutions": [0.0, 0.0, 0.0, 0.0, 0.0, 5.922413793103448, 6.4865900383141755, 8.802298850574713, 7.0344827586206895, 7.641379310344828, 10.207428693060876, 11.08139367816092, 11.154147250698976, 11.145841784989859, 10.28064251284496, 9.84985632183908, 15.616858237547891, 19.38434865900383, 19.502131441786613, 20.311998878609476, 20.36230445131808, 20.359353357148066, 19.92890591741166], "adaptive_substitutions_per_codon": [0.0, 0.0, 0.0, 0.0, 0.0, 0.010866814299272382, 0.01190200007030124, 0.016151007065274704, 0.012907307813982917, 0.01402087946852262, 0.018729226959744726, 0.020332832436992514, 0.020466325230640323, 0.02045108584401809, 0.01886356424375222, 0.01807313086575978, 0.028654785756968608, 0.03556761221835565, 0.03578372741612223, 0.03726972271304491, 0.037362026516179966, 0.03735661166449186, 0.03656679984846176], "rate_of_adaptation": 0.0014740798680680626}