{"virus": "229e", "subtype": null, "gene": "RdRp", "window": 5, "min_seqs": 3, "midfreq_high": 0.75, "midfreq_low": 0.15, "window_midpoint": [1991.5, 1992.5, 1993.5, 1994.5, 1995.5, 2002.5, 2003.5, 2004.5, 2005.5, 2006.5, 2007.5, 2008.5, 2009.5, 2010.5, 2011.5, 2012.5, 2013.5, 2014.5, 2015.5, 2016.5, 2017.5, 2018.5, 2019.5], "adaptive_substitutions": [0.0, 0.0, 0.0, 0.0, 0.0, 0.0, 0.0, 2.0, 2.0, 2.0, 2.0, 2.0, 2.0, 2.0, 2.0, 2.75, 2.9166666666666665, 2.88, 2.918918918918919, 2.951219512195122, 2.953488372093023, 2.9545454545454546, 3.0], "adaptive_substitutions_per_codon": [0.0, 0.0, 0.0, 0.0, 0.0, 0.0, 0.0, 0.002157497303128371, 0.002157497303128371, 0.002157497303128371, 0.002157497303128371, 0.002157497303128371, 0.002157497303128371, 0.002157497303128371, 0.002157497303128371, 0.0029665587918015104, 0.0031463502337288744, 0.003106796116504854, 0.003148779847808974, 0.0031836240692504013, 0.0031860715988058503, 0.003187211925076003, 0.003236245954692557], "rate_of_adaptation": 0.00013976105612523442}