{"virus": "229e", "subtype": null, "gene": "S2", "window": 5, "min_seqs": 3, "midfreq_high": 0.75, "midfreq_low": 0.15, "window_midpoint": [1991.5, 1992.5, 1993.5, 1994.5, 1995.5, 2002.5, 2003.5, 2004.5, 2005.5, 2006.5, 2007.5, 2008.5, 2009.5, 2010.5, 2011.5, 2012.5, 2013.5, 2014.5, 2015.5, 2016.5, 2017.5, 2018.5, 2019.5], "adaptive_substitutions": [0.0, 0.0, 0.0, 0.0, 0.0, 0.0, 0.0, 0.0, 0.0, 0.0, 0.8045943014887114, 0.9607223841917719, 0.9666735381021095, 0.9645234437861167, 0.9645234437861167, 0, 1.0266439909297052, 0.838095238095238, 0.86425200710915, 0.9679221282008739, 0.9741602067183462, 0.9770665842094413, 0.9798437893675989], "adaptive_substitutions_per_codon": [0.0, 0.0, 0.0, 0.0, 0.0, 0.0, 0.0, 0.0, 0.0, 0.0, 0.001310414171805719, 0.0015646944367944168, 0.0015743868698731426, 0.0015708850875995385, 0.0015708850875995385, 0.0, 0.001672058617149357, 0.0013649759578098339, 0.0014075765588096906, 0.001576420404235951, 0.0015865801412350915, 0.0015913136550642366, 0.0015958367905009754], "rate_of_adaptation": 7.021290147623577e-05}