{"virus": "h1n1pdmnew", "subtype": null, "gene": "NP", "window": 5, "min_seqs": 3, "midfreq_high": 0.75, "midfreq_low": 0.15, "window_midpoint": [1990.5, 1992.5, 1993.5, 1994.5, 1995.5, 1996.5, 2007.5, 2008.5, 2009.5, 2010.5, 2011.5, 2012.5, 2013.5, 2014.5, 2015.5, 2016.5, 2017.5, 2018.5, 2019.5, 2020.5], "adaptive_substitutions": [0.0, 0.0, 0.0, 0.0, 0.0, 0.0, 6.874382442522801, 7.446793169697711, 7.523072863672503, 7.518857525785406, 7.530969862361017, 7.585657728792867, 7.587789910900832, 8.440315719480544, 10.17218734860245, 9.789005716929374, 10.390714593845589, 10.463903424668409, 10.449342162934766, 10.366326309000804], "adaptive_substitutions_per_codon": [0.0, 0.0, 0.0, 0.0, 0.0, 0.0, 0.013776317520085775, 0.014923433205807036, 0.015076298323992992, 0.015067850753076966, 0.01509212397266737, 0.015201718895376488, 0.015205991805412489, 0.01691446035968045, 0.020385144987179256, 0.01961724592571017, 0.020823075338367913, 0.02096974634202086, 0.0209405654567831, 0.020774201020041693], "rate_of_adaptation": 0.0008300538057069841}