{"virus": "h1n1pdmnew", "subtype": null, "gene": "ha2", "window": 5, "min_seqs": 3, "midfreq_high": 0.75, "midfreq_low": 0.15, "window_midpoint": [1990.5, 1992.5, 1993.5, 1994.5, 1995.5, 1996.5, 2007.5, 2008.5, 2009.5, 2010.5, 2011.5, 2012.5, 2013.5, 2014.5, 2015.5, 2016.5, 2017.5, 2018.5, 2019.5, 2020.5], "adaptive_substitutions": [0.0, 0.0, 0.0, 0.0, 0.0, 0.0, 1.865251632487788, 2.306899202894096, 2.4126331482829046, 2.3856089071794004, 2.3914657275081956, 4.03415145269671, 4.220949269364693, 5.0205243515552, 5.106632077529872, 4.632385322325658, 4.835755493489703, 5.335755493489703, 5.235900823099085, 5.202615932968879], "adaptive_substitutions_per_codon": [0.0, 0.0, 0.0, 0.0, 0.0, 0.0, 0.00840203438057562, 0.010391437850874305, 0.010867716884157228, 0.010745986068375677, 0.01077236814192881, 0.01817185339052572, 0.01901328499713826, 0.022614974556554954, 0.023002847196080502, 0.020866600551016478, 0.02178268240310677, 0.02403493465535902, 0.02358513884278867, 0.02343520690526522], "rate_of_adaptation": 0.0009193453456200561}