{"virus": "h1n1pdmnew", "subtype": null, "gene": "NA", "window": 5, "min_seqs": 3, "midfreq_high": 0.75, "midfreq_low": 0.15, "window_midpoint": [1992.5, 1993.5, 1994.5, 1995.5, 1996.5, 2007.5, 2008.5, 2009.5, 2010.5, 2011.5, 2012.5, 2013.5, 2014.5, 2015.5, 2016.5, 2017.5, 2018.5, 2019.5, 2020.5], "adaptive_substitutions": [0.0, 0.0, 0.0, 0.0, 0.0, 66.31057051848022, 61.318260687909415, 61.686969918783895, 61.84766597827868, 61.98121248762121, 62.879175512876, 63.70664431549751, 66.06023104832722, 69.5425798347378, 71.50638849869095, 71.96896077846782, 72.89100748560647, 75.32178442182651, 75.4216050140679], "adaptive_substitutions_per_codon": [0.0, 0.0, 0.0, 0.0, 0.0, 0.14108632025208556, 0.13046438444236047, 0.13124887216762532, 0.13159077867718869, 0.1318749201864281, 0.1337854798146298, 0.1355460517351011, 0.14055368308154728, 0.14796293581859105, 0.15214125212487437, 0.15312544846482515, 0.15508724996937545, 0.16025911579112023, 0.16047150002993169], "rate_of_adaptation": 0.006614164503906086}