{"virus": "h1n1pdmnew", "subtype": null, "gene": "ha1", "window": 5, "min_seqs": 3, "midfreq_high": 0.75, "midfreq_low": 0.15, "window_midpoint": [1990.5, 1992.5, 1993.5, 1994.5, 1995.5, 1996.5, 2007.5, 2008.5, 2009.5, 2010.5, 2011.5, 2012.5, 2013.5, 2014.5, 2015.5, 2016.5, 2017.5, 2018.5, 2019.5, 2020.5], "adaptive_substitutions": [0.0, 0.0, 0.0, 0.0, 0.0, 0.0, 23.902925761087186, 24.608660661047892, 23.679767378923884, 23.78933595685404, 23.82428193282734, 24.575054272118983, 24.38649475456154, 25.458792053237424, 26.920720992191622, 27.22815325945681, 27.03109022409106, 27.31950142250765, 28.29455389105003, 28.446994454133044], "adaptive_substitutions_per_codon": [0.0, 0.0, 0.0, 0.0, 0.0, 0.0, 0.0730976322969027, 0.07525584300014646, 0.07241519076123512, 0.07275026286499706, 0.07285713129304996, 0.07515307116855958, 0.07457643655829217, 0.07785563319032851, 0.08232636389049426, 0.08326652372922572, 0.08266388447734269, 0.08354587590980933, 0.08652768774021416, 0.08699386683221115], "rate_of_adaptation": 0.003535672753420723}