{"virus": "h1n1pdmnew", "subtype": null, "gene": "NS1", "window": 5, "min_seqs": 3, "midfreq_high": 0.75, "midfreq_low": 0.15, "window_midpoint": [1990.5, 1992.5, 1993.5, 1994.5, 1995.5, 1996.5, 2007.5, 2008.5, 2009.5, 2010.5, 2011.5, 2012.5, 2013.5, 2014.5, 2015.5, 2016.5, 2017.5, 2018.5, 2019.5, 2020.5], "adaptive_substitutions": [0.0, 0.0, 0.0, 0.0, 0.0, 0.0, 9.548065114922403, 10.85694931373432, 10.900338526951204, 10.925177096681677, 10.937949720604074, 11.053139838723663, 11.6458544854124, 13.572701988249657, 13.990326486018436, 15.509252118560733, 15.780552943592891, 16.007081920733256, 16.04710969658374, 16.051856967208987], "adaptive_substitutions_per_codon": [0.0, 0.0, 0.0, 0.0, 0.0, 0.0, 0.043400295976920016, 0.04934976960788327, 0.049546993304323654, 0.04965989589400763, 0.04971795327547306, 0.050241544721471194, 0.05293570220642, 0.06169409994658935, 0.06359239311826562, 0.07049660053891242, 0.07172978610724041, 0.07275946327606025, 0.07294140771174427, 0.0729629862145863], "rate_of_adaptation": 0.0028625994090474244}