{"virus": "h1n1pdmnew", "subtype": null, "gene": "PB2", "window": 5, "min_seqs": 3, "midfreq_high": 0.75, "midfreq_low": 0.15, "window_midpoint": [1990.5, 1992.5, 1993.5, 1994.5, 1995.5, 1996.5, 2007.5, 2008.5, 2009.5, 2010.5, 2011.5, 2012.5, 2013.5, 2014.5, 2015.5, 2016.5, 2017.5, 2018.5, 2019.5, 2020.5], "adaptive_substitutions": [0.0, 0.0, 0.0, 0.0, 0.0, 0.0, 34.121609354889685, 26.911800284654365, 26.97988334355782, 27.026667077675143, 26.972553909491168, 25.60490301872671, 27.700998559526674, 28.95518804537858, 30.993211841590785, 31.69122861401145, 31.8884768807276, 32.02530705135412, 31.790822310432617, 31.80084645359339], "adaptive_substitutions_per_codon": [0.0, 0.0, 0.0, 0.0, 0.0, 0.0, 0.04489685441432853, 0.03541026353243996, 0.03549984650468134, 0.03556140404957256, 0.03549020251248838, 0.03369066186674567, 0.036448682315166674, 0.038098931638656026, 0.04078054189682998, 0.04169898501843612, 0.04195852221148368, 0.04213856190967647, 0.04183002935583239, 0.04184321901788604], "rate_of_adaptation": 0.001732588217458457}