{"virus": "h1n1pdmnew", "subtype": null, "gene": "M1", "window": 5, "min_seqs": 3, "midfreq_high": 0.75, "midfreq_low": 0.15, "window_midpoint": [1990.5, 1992.5, 1993.5, 1994.5, 1995.5, 1996.5, 2007.5, 2008.5, 2009.5, 2010.5, 2011.5, 2012.5, 2013.5, 2014.5, 2015.5, 2016.5, 2017.5, 2018.5, 2019.5, 2020.5], "adaptive_substitutions": [0.0, 0.0, 0.0, 0.0, 0.0, 0.0, 0, 0.6765919470173207, 0.6765919470173207, 0.6765919470173207, 0.6765919470173207, 0.6765919470173207, 1.0696240462145994, 2.5908307060244145, 3.014096021840939, 3.7129607529629234, 3.6573998054362686, 3.538050922736783, 3.451107062174705, 3.450367679033289], "adaptive_substitutions_per_codon": [0.0, 0.0, 0.0, 0.0, 0.0, 0.0, 0.0, 0.0026742764704241924, 0.0026742764704241924, 0.0026742764704241924, 0.0026742764704241924, 0.0026742764704241924, 0.004227763028516203, 0.01024043757321903, 0.011913423011229008, 0.01467573420143448, 0.014456125713186833, 0.013984390998959617, 0.013640739376184605, 0.013637816913175055], "rate_of_adaptation": 0.00048717747503664683}