{"virus": "h1n1pdmnew", "subtype": null, "gene": "PB1", "window": 5, "min_seqs": 3, "midfreq_high": 0.75, "midfreq_low": 0.15, "window_midpoint": [1990.5, 1992.5, 1993.5, 1994.5, 1995.5, 1996.5, 2007.5, 2008.5, 2009.5, 2010.5, 2011.5, 2012.5, 2013.5, 2014.5, 2015.5, 2016.5, 2017.5, 2018.5, 2019.5, 2020.5], "adaptive_substitutions": [0.0, 0.0, 2.211142557906811, 2.211142557906811, 2.968914046325449, 2.968914046325449, 45.85683637884516, 42.45602898304363, 42.37431025016715, 42.30928357395569, 41.53956563796254, 41.570422647036494, 42.31998269686007, 43.28820853617781, 43.40613074693154, 43.31156580014663, 43.30143558118884, 43.25604776337894, 43.24539833692957, 43.24141615789144], "adaptive_substitutions_per_codon": [0.0, 0.0, 0.0029170746146527852, 0.0029170746146527852, 0.003916773148186608, 0.003916773148186608, 0.06049714561852924, 0.05601059232591508, 0.055902783971196766, 0.055816996799413834, 0.054801537780953216, 0.0548422462361959, 0.05583111173728242, 0.05710845453321611, 0.057264024732099655, 0.057139268865628805, 0.05712590446067129, 0.05706602607305929, 0.05705197669779626, 0.057046723163445175], "rate_of_adaptation": 0.0023629689572706356}