{"virus": "h1n1pdmnew", "subtype": null, "gene": "PA", "window": 5, "min_seqs": 3, "midfreq_high": 0.75, "midfreq_low": 0.15, "window_midpoint": [1990.5, 1992.5, 1993.5, 1994.5, 1995.5, 1996.5, 2007.5, 2008.5, 2009.5, 2010.5, 2011.5, 2012.5, 2013.5, 2014.5, 2015.5, 2016.5, 2017.5, 2018.5, 2019.5, 2020.5], "adaptive_substitutions": [0.0, 0.0, 0.0, 0.0, 0.0, 0.0, 48.25081880989277, 44.98394584303757, 44.96265040790196, 44.96723564628912, 44.969807046059614, 45.003475663018506, 45.90759183493595, 47.95273829038425, 48.7258604173833, 48.599633306810986, 48.58163733128026, 48.52844565838476, 48.45249253952613, 48.397126392740354], "adaptive_substitutions_per_codon": [0.0, 0.0, 0.0, 0.0, 0.0, 0.0, 0.06729542372369982, 0.06273911554119604, 0.06270941479484235, 0.06271580982746042, 0.06271939615907896, 0.06276635378384729, 0.06402732473491764, 0.06687969078156798, 0.06795796431992092, 0.06778191535120082, 0.06775681636161822, 0.06768262992801222, 0.0675766981025469, 0.06749947892990286], "rate_of_adaptation": 0.002881329051971808}