{"virus": "h3n2new", "subtype": null, "gene": "ha2", "window": 5, "min_seqs": 3, "midfreq_high": 0.75, "midfreq_low": 0.15, "window_midpoint": [1970.5, 1971.5, 1972.5, 1973.5, 1974.5, 1975.5, 1976.5, 1977.5, 1978.5, 1979.5, 1980.5, 1981.5, 1982.5, 1983.5, 1984.5, 1985.5, 1986.5, 1987.5, 1988.5, 1989.5, 1990.5, 1991.5, 1992.5, 1993.5, 1994.5, 1995.5, 1996.5, 1997.5, 1998.5, 1999.5, 2000.5, 2001.5, 2002.5, 2003.5, 2004.5, 2005.5, 2006.5, 2007.5, 2008.5, 2009.5, 2010.5, 2011.5, 2012.5, 2013.5, 2014.5, 2015.5, 2016.5, 2017.5, 2018.5, 2019.5, 2020.5], "adaptive_substitutions": [0.0, 0.0, 0.0, 0.0, 0.0, 0.6689914109212769, 1.0, 1.0, 1.0, 1.0, 1.2383916715840368, 1.4066952634532774, 1.4066952634532774, 1.4066952634532774, 2.0115339163626675, 2.8917036516220698, 3.0770815209273206, 3.0770815209273206, 3.0770815209273206, 3.0111587724221294, 3.0111587724221294, 2.945236023916938, 2.9122746496643424, 2.8793132754117465, 2.747467778401364, 3.5174451861339238, 3.6008177987728534, 4.450479320354965, 4.454573421407853, 4.615622281390981, 4.31896991311762, 4.220085790359833, 4.930325812089421, 5.064014776337968, 6.155381824072548, 6.262805781790927, 7.119829111938654, 7.858952225009713, 8.201311307664756, 8.778624132554507, 8.763515189430887, 8.746613089582466, 8.739184670178487, 8.661035321452276, 8.589885931835417, 8.647121439839015, 9.238783804519871, 9.335896529235463, 9.231364152409268, 9.889040744405364, 10.786508849440903], "adaptive_substitutions_per_codon": [0.0, 0.0, 0.0, 0.0, 0.0, 0.0030271104566573616, 0.004524886877828055, 0.004524886877828055, 0.004524886877828055, 0.004524886877828055, 0.0056035822243621575, 0.006365136938702613, 0.006365136938702613, 0.006365136938702613, 0.00910196342245551, 0.01308463190779217, 0.013923445796051225, 0.013923445796051225, 0.013923445796051225, 0.013625152816389726, 0.013625152816389726, 0.013326859836728227, 0.013177713346897477, 0.013028566857066727, 0.012431980897743729, 0.01591604156621685, 0.016293293207116984, 0.0201379154767193, 0.020156440820850014, 0.020885168694076837, 0.01954285028560009, 0.01909541081610784, 0.022309166570540367, 0.022914094010579044, 0.027852406443767186, 0.028338487700411436, 0.03221642132098938, 0.03556086979642404, 0.037110005917035095, 0.03972228114278057, 0.03965391488430266, 0.039577434794490794, 0.03954382203700673, 0.03919020507444469, 0.038868262135001885, 0.03912724633411319, 0.04180445160416231, 0.04224387569789802, 0.041770878517689, 0.044746790698666807, 0.048807732350411324], "rate_of_adaptation": 0.0009718552501458901}