{"virus": "h3n2new", "subtype": null, "gene": "NP", "window": 5, "min_seqs": 3, "midfreq_high": 0.75, "midfreq_low": 0.15, "window_midpoint": [1970.5, 1971.5, 1972.5, 1973.5, 1974.5, 1975.5, 1976.5, 1977.5, 1978.5, 1979.5, 1980.5, 1981.5, 1982.5, 1983.5, 1984.5, 1985.5, 1986.5, 1987.5, 1988.5, 1989.5, 1990.5, 1991.5, 1992.5, 1993.5, 1994.5, 1995.5, 1996.5, 1997.5, 1998.5, 1999.5, 2000.5, 2001.5, 2002.5, 2003.5, 2004.5, 2005.5, 2006.5, 2007.5, 2008.5, 2009.5, 2010.5, 2011.5, 2012.5, 2013.5, 2014.5, 2015.5, 2016.5, 2017.5, 2018.5, 2019.5, 2020.5], "adaptive_substitutions": [0.0, 0.0, 0.0, 0.0, 0.0, 0.0, 0.0, 0.0, 0.359315912592121, 0.2668997123218026, 2.096040666936709, 2.6536618860542855, 2.726977740102889, 2.745403682257961, 2.745403682257961, 2.676986503841909, 3.292116691122068, 3.0416674587022756, 3.542974935706402, 3.164971079661233, 3.164971079661233, 2.645215777599126, 2.5034643315821876, 2.4089633675708955, 2.4089633675708955, 2.4089633675708955, 4.1736245422944425, 5.855127461974348, 8.068061402399271, 8.167956625089161, 7.62145533414346, 7.463953727457973, 8.574843709618325, 8.679347766069116, 8.612887380510955, 12.343042146700379, 13.208166036779009, 14.146181226295093, 14.99102493087491, 16.090831920036443, 16.408481998897116, 16.138325277291628, 16.180937427296396, 16.0899085643966, 16.036236506415737, 15.668435411243422, 15.57393444723213, 15.57393444723213, 15.526683965226482, 16.121064904496425, 16.21038387833288], "adaptive_substitutions_per_codon": [0.0, 0.0, 0.0, 0.0, 0.0, 0.0, 0.0, 0.0, 0.000720071969122487, 0.0005348691629695443, 0.004200482298470359, 0.005317959691491554, 0.005464885250707192, 0.0055018109864888995, 0.0055018109864888995, 0.005364702412508836, 0.00659742823872158, 0.006095525969343238, 0.007100150171756317, 0.0063426274141507675, 0.0063426274141507675, 0.005301033622443138, 0.005016962588341057, 0.00482758189893967, 0.00482758189893967, 0.00482758189893967, 0.008363977038666218, 0.011733722368686068, 0.016168459724247037, 0.016368650551280884, 0.015273457583453828, 0.014957823101118182, 0.017184055530297244, 0.017393482497132497, 0.01726029535172536, 0.024735555404209176, 0.026469270614787592, 0.02834906057373766, 0.03004213413000984, 0.03224615615237764, 0.03288272945670765, 0.03234133322102531, 0.03242672831121522, 0.03224430574027375, 0.03213674650584316, 0.03139967016281247, 0.031210289473411083, 0.031210289473411083, 0.031115599128710383, 0.032306743295584014, 0.032485739235136035], "rate_of_adaptation": 0.0007950876242785534}