{"virus": "h3n2new", "subtype": null, "gene": "NS1", "window": 5, "min_seqs": 3, "midfreq_high": 0.75, "midfreq_low": 0.15, "window_midpoint": [1970.5, 1971.5, 1972.5, 1973.5, 1974.5, 1975.5, 1976.5, 1977.5, 1978.5, 1979.5, 1980.5, 1981.5, 1982.5, 1983.5, 1984.5, 1985.5, 1986.5, 1987.5, 1988.5, 1989.5, 1990.5, 1991.5, 1992.5, 1993.5, 1994.5, 1995.5, 1996.5, 1997.5, 1998.5, 1999.5, 2000.5, 2001.5, 2002.5, 2003.5, 2004.5, 2005.5, 2006.5, 2007.5, 2008.5, 2009.5, 2010.5, 2011.5, 2012.5, 2013.5, 2014.5, 2015.5, 2016.5, 2017.5, 2018.5, 2019.5, 2020.5], "adaptive_substitutions": [0.0, 0.0, 0.0, 0.0, 0.0, 0.681898851068687, 1.5410148514546518, 0.7997001614804227, 1.538626987054414, 1.526904743635064, 5.148004390410056, 6.724579523715956, 6.8168964378329795, 6.8528874374887385, 6.693977248573285, 7.699375898521648, 7.86249225053293, 7.824681405217885, 10.383554876542359, 10.697005759519929, 10.723193471823254, 11.583112115705097, 11.285470158224506, 11.90626609654282, 12.65640110096307, 12.691965567036853, 12.690341938191859, 12.207274067575364, 13.487761104496352, 13.640222835216685, 13.707274067575364, 13.707274067575364, 13.707274067575364, 13.707274067575364, 13.707274067575364, 14.045616960733813, 14.183976646553312, 14.354712449641372, 14.354712449641372, 14.354712449641372, 14.354712449641372, 14.354712449641372, 15.714714775067602, 17.21896250641274, 17.738542156103698, 17.935933162943726, 17.923315342782647, 17.741996931976598, 19.273178023002362, 19.490868720895403, 19.47133440382189], "adaptive_substitutions_per_codon": [0.0, 0.0, 0.0, 0.0, 0.0, 0.0029519430782194243, 0.006671059963007151, 0.0034619054609542105, 0.006660722887681446, 0.0066099772451734375, 0.022285733291818422, 0.029110733868900243, 0.029510374189753157, 0.029666179383068134, 0.028978256487330236, 0.03333063159533181, 0.03403676298932004, 0.0338730796762679, 0.044950454011005885, 0.046307384240346014, 0.04642075096027383, 0.050143342492229855, 0.04885484916980305, 0.05154227747421134, 0.054789615155684285, 0.05494357388327642, 0.05493654518697774, 0.05284534228387604, 0.058388576209940916, 0.05904858370223673, 0.059338848777382526, 0.059338848777382526, 0.059338848777382526, 0.059338848777382526, 0.059338848777382526, 0.06080353662655331, 0.06140249630542559, 0.06214161233610983, 0.06214161233610983, 0.06214161233610983, 0.06214161233610983, 0.06214161233610983, 0.06802906829033593, 0.07454096323122399, 0.07679022578399869, 0.0776447323071157, 0.0775901097090158, 0.07680518152370822, 0.08343367109524832, 0.08437605506881127, 0.08429149092563588], "rate_of_adaptation": 0.001688253390929988}