{"virus": "h3n2new", "subtype": null, "gene": "PB2", "window": 5, "min_seqs": 3, "midfreq_high": 0.75, "midfreq_low": 0.15, "window_midpoint": [1970.5, 1971.5, 1972.5, 1973.5, 1974.5, 1975.5, 1976.5, 1977.5, 1978.5, 1979.5, 1980.5, 1981.5, 1982.5, 1983.5, 1984.5, 1985.5, 1986.5, 1987.5, 1988.5, 1989.5, 1990.5, 1991.5, 1992.5, 1993.5, 1994.5, 1995.5, 1996.5, 1997.5, 1998.5, 1999.5, 2000.5, 2001.5, 2002.5, 2003.5, 2004.5, 2005.5, 2006.5, 2007.5, 2008.5, 2009.5, 2010.5, 2011.5, 2012.5, 2013.5, 2014.5, 2015.5, 2016.5, 2017.5, 2018.5, 2019.5, 2020.5], "adaptive_substitutions": [0.0, 0.0, 0.0, 0.8132679656422399, 0.922604567360128, 0.9205618145783627, 0.9183965076858883, 0.9090135111518329, 0.9075699732235167, 0.8982900865414838, 1.4808083182669702, 2.4791773236925816, 2.50099615773828, 2.508891908822769, 2.4330407685397994, 2.488213813197522, 2.5456367269484645, 3.265478887889483, 4.305390402356418, 4.4133936308826245, 4.418046831204615, 5.248508899945729, 5.316635213552207, 5.425364095846588, 5.405318657329608, 5.398636844490615, 5.398636844490615, 5.385273218812628, 5.385273218812628, 6.801885051185474, 6.934392847546151, 6.958752550086486, 6.960196088014803, 6.9462011101335, 6.979949764928604, 8.356068131676832, 8.58752270493044, 8.66038232307591, 10.183479811607606, 10.415368441915911, 10.50863856280567, 10.525706066921751, 11.25236730537274, 12.194345907564799, 12.306436486246469, 12.302342397616059, 13.096899939096705, 13.176957494565862, 13.218044331419879, 13.917306773999378, 14.810792291888188], "adaptive_substitutions_per_codon": [0.0, 0.0, 0.0, 0.0010700894284766315, 0.0012139533781054316, 0.0012112655454978457, 0.001208416457481432, 0.0011960704094103065, 0.0011941710173993642, 0.0011819606401861629, 0.0019484319977196977, 0.0032620754259112916, 0.003290784418076684, 0.003301173564240485, 0.00320136943228921, 0.0032739655436809503, 0.0033495220091427167, 0.004296682747223004, 0.005664987371521602, 0.005807096882740295, 0.005813219514742915, 0.0069059327630864855, 0.006995572649410799, 0.007138636968219194, 0.007112261391223168, 0.007103469532224493, 0.007103469532224493, 0.007085885814227142, 0.007085885814227142, 0.008949848751559835, 0.009124201115192304, 0.009156253355376955, 0.009158152747387899, 0.009139738302807237, 0.009184144427537637, 0.010994826489048462, 0.01129937198017163, 0.011395239898784092, 0.013399315541588956, 0.013704432160415673, 0.01382715600369167, 0.013849613245949672, 0.014805746454437815, 0.016045191983637894, 0.016192679587166407, 0.016187292628442183, 0.017232763077758822, 0.017338101966534028, 0.017392163593973525, 0.01831224575526234, 0.01948788459458972], "rate_of_adaptation": 0.00037886674761965667}