{"virus": "h3n2new", "subtype": null, "gene": "ha1", "window": 5, "min_seqs": 3, "midfreq_high": 0.75, "midfreq_low": 0.15, "window_midpoint": [1970.5, 1971.5, 1972.5, 1973.5, 1974.5, 1975.5, 1976.5, 1977.5, 1978.5, 1979.5, 1980.5, 1981.5, 1982.5, 1983.5, 1984.5, 1985.5, 1986.5, 1987.5, 1988.5, 1989.5, 1990.5, 1991.5, 1992.5, 1993.5, 1994.5, 1995.5, 1996.5, 1997.5, 1998.5, 1999.5, 2000.5, 2001.5, 2002.5, 2003.5, 2004.5, 2005.5, 2006.5, 2007.5, 2008.5, 2009.5, 2010.5, 2011.5, 2012.5, 2013.5, 2014.5, 2015.5, 2016.5, 2017.5, 2018.5, 2019.5, 2020.5], "adaptive_substitutions": [0.0, 0.0, 0.0, 3.2181332464440886, 4.273708089621239, 4.296980220782818, 6.816915955757355, 9.103213734666234, 10.81364715215876, 14.174285840108015, 23.281126790428935, 24.081501370173545, 24.100711380089507, 25.391494986769477, 26.964860018430585, 27.53064082815193, 28.747116193801457, 29.05823306809876, 33.74505802365762, 34.01871697941592, 35.525793338526846, 35.30060041126048, 36.05215708067332, 40.53217336374884, 43.4395026587786, 43.3704876451771, 47.994803584859746, 47.63389090039548, 50.676162153873975, 54.98846115467204, 57.621764884636015, 59.790361723651586, 60.3201356324468, 59.68953555654193, 67.25953878875477, 70.472542309343, 72.05901145029998, 74.35929296502327, 75.177415970343, 76.09732024940541, 76.0536807265267, 78.16489498199468, 78.2476216669146, 81.35036766095465, 83.58481894553587, 83.11890395551998, 82.66576107702862, 84.64071602081017, 84.58022028529462, 87.46422306946296, 88.31433809133577], "adaptive_substitutions_per_codon": [0.0, 0.0, 0.0, 0.009781560019586896, 0.012989994193377628, 0.01306073015435507, 0.020720109288016278, 0.02766934265855998, 0.032868228426014466, 0.043082935684218886, 0.07076330331437367, 0.07319605279688007, 0.07325444188477054, 0.07717779631236923, 0.08196006084629356, 0.08367975935608489, 0.08737725286869744, 0.08832289686352207, 0.10256856542145174, 0.10340035556053472, 0.1079811347675588, 0.10729665778498627, 0.10958102456131708, 0.12319809533054359, 0.13203496248868876, 0.13182519041087265, 0.14588086196006, 0.1447838629191352, 0.15403088800569598, 0.16713817980143478, 0.17514214250649246, 0.18173362226033918, 0.18334387730226992, 0.18142715974632803, 0.20443628811171663, 0.2142022562594012, 0.2190243509127659, 0.22601608803958442, 0.22850278410438604, 0.2312988457428736, 0.23116620281619055, 0.23758326742247624, 0.23783471631281033, 0.24726555520047006, 0.2540572004423583, 0.25264104545750754, 0.25126371148033017, 0.2572666140450157, 0.25708273642946694, 0.2658487023387932, 0.26843263857548866], "rate_of_adaptation": 0.005797531089058139}