{"virus": "h3n2new", "subtype": null, "gene": "PA", "window": 5, "min_seqs": 3, "midfreq_high": 0.75, "midfreq_low": 0.15, "window_midpoint": [1970.5, 1971.5, 1972.5, 1973.5, 1974.5, 1975.5, 1976.5, 1977.5, 1978.5, 1979.5, 1980.5, 1981.5, 1982.5, 1983.5, 1984.5, 1985.5, 1986.5, 1987.5, 1988.5, 1989.5, 1990.5, 1991.5, 1992.5, 1993.5, 1994.5, 1995.5, 1996.5, 1997.5, 1998.5, 1999.5, 2000.5, 2001.5, 2002.5, 2003.5, 2004.5, 2005.5, 2006.5, 2007.5, 2008.5, 2009.5, 2010.5, 2011.5, 2012.5, 2013.5, 2014.5, 2015.5, 2016.5, 2017.5, 2018.5, 2019.5, 2020.5], "adaptive_substitutions": [0.0, 0.0, 0.0, 0.5906771829990916, 0.7718506744775908, 0.7970689626687373, 0.7948568321256542, 0.7852709331056278, 0.7837961794102392, 0.7412793852882051, 1.90011957347333, 2.927503987641386, 1.94775940904892, 1.967764763525497, 1.861933481036937, 2.7713739382346536, 2.941687175114401, 4.513477546260521, 6.231260792957695, 5.894541232010749, 7.10975819343434, 7.933235811670281, 8.110381746906635, 8.219658531312046, 7.974624265193942, 7.762961700216822, 7.796387192154479, 8.059759821043068, 9.977687767355988, 11.048406387063226, 11.574304757555451, 12.130774417237062, 12.954290287593876, 12.983047984653954, 12.31894084362315, 12.283663749460295, 12.248386655297443, 14.815890897826456, 15.315008102101467, 15.285395806045546, 15.613398960366084, 15.57812186620323, 15.57812186620323, 15.931675397204547, 16.78972157905433, 18.168669964501518, 18.2660830096658, 18.42842044396423, 17.917465445696802, 18.320794562980677, 19.217125626848894], "adaptive_substitutions_per_codon": [0.0, 0.0, 0.0, 0.000823817549510588, 0.0010765002433439203, 0.0011116721934013073, 0.0011085869346243434, 0.0010952174799241671, 0.0010931606407395247, 0.0010338624620477058, 0.002650097034132957, 0.004082990219862463, 0.002716540319454561, 0.0027444417901331896, 0.0025968388856861045, 0.0038652356181794333, 0.0041027715134092065, 0.006294947763264325, 0.008690740297012127, 0.00822111747839714, 0.009915980743980948, 0.01106448509298505, 0.011311550553565738, 0.0114639589000168, 0.011122209574886948, 0.010827003765992778, 0.010873622304260082, 0.01124094814650358, 0.013915882520719649, 0.015409213928958474, 0.016142684459631032, 0.016918792771599807, 0.018067350470842226, 0.018107458834942754, 0.017181228512724057, 0.01713202754457503, 0.017082826576426003, 0.02066372510157107, 0.02135984393598531, 0.02131854366254609, 0.02177600970762355, 0.021726808739474517, 0.021726808739474517, 0.02221990989847217, 0.023416627027969778, 0.02533984653347492, 0.025475708521151743, 0.02570212056340897, 0.024989491556062487, 0.025552014732190622, 0.026802127791978932], "rate_of_adaptation": 0.0005928995184643309}