{"virus": "h3n2new", "subtype": null, "gene": "M1", "window": 5, "min_seqs": 3, "midfreq_high": 0.75, "midfreq_low": 0.15, "window_midpoint": [1970.5, 1971.5, 1972.5, 1973.5, 1974.5, 1975.5, 1976.5, 1977.5, 1978.5, 1979.5, 1980.5, 1981.5, 1982.5, 1983.5, 1984.5, 1985.5, 1986.5, 1987.5, 1988.5, 1989.5, 1990.5, 1991.5, 1992.5, 1993.5, 1994.5, 1995.5, 1996.5, 1997.5, 1998.5, 1999.5, 2000.5, 2001.5, 2002.5, 2003.5, 2004.5, 2005.5, 2006.5, 2007.5, 2008.5, 2009.5, 2010.5, 2011.5, 2012.5, 2013.5, 2014.5, 2015.5, 2016.5, 2017.5, 2018.5, 2019.5, 2020.5], "adaptive_substitutions": [0.0, 0.0, 0.0, 0.0, 0.0, 0.0, 0.0, 0.0, 0.0, 0.0, 0.6485412796549413, 0.681224323029034, 0.681224323029034, 0.6174691876348408, 0.6174691876348408, 0.6174691876348408, 0.36244864605806804, 0.36244864605806804, 1.1549428166916866, 1.2441419652590444, 1.2552749337090097, 1.0239737999131355, 1.362448646058068, 1.362448646058068, 1.2986935106638748, 1.2349383752696816, 1.2349383752696816, 3.434743326803385, 3.7404333381261865, 4.64090865870558, 4.72955491998843, 4.916162698298716, 5.5971063304099165, 4.916162698298716, 4.8524075629045225, 4.8524075629045225, 4.8524075629045225, 5.140717160139018, 5.233151723186092, 5.985739718262303, 6.097530671066531, 6.278611344356784, 6.278611344356784, 6.278611344356784, 6.278611344356784, 6.278611344356784, 6.278611344356784, 6.278611344356784, 6.087345938174204, 6.087345938174204, 6.087345938174204], "adaptive_substitutions_per_codon": [0.0, 0.0, 0.0, 0.0, 0.0, 0.0, 0.0, 0.0, 0.0, 0.0, 0.0025634042674108353, 0.002692586257031755, 0.002692586257031755, 0.002440589674446011, 0.002440589674446011, 0.002440589674446011, 0.0014326033441030357, 0.0014326033441030357, 0.004564991370322872, 0.004917557174936934, 0.00496156100280241, 0.004047327272383935, 0.00538517251406351, 0.00538517251406351, 0.005133175931477766, 0.004881179348892022, 0.004881179348892022, 0.013576060580250533, 0.014784321494569907, 0.018343512485002295, 0.018693892964381145, 0.0194314731158052, 0.02212294992256884, 0.0194314731158052, 0.019179476533219456, 0.019179476533219456, 0.019179476533219456, 0.020319040158652244, 0.020684394162790876, 0.023659050269811473, 0.024100911743345974, 0.02481664562986871, 0.02481664562986871, 0.02481664562986871, 0.02481664562986871, 0.02481664562986871, 0.02481664562986871, 0.02481664562986871, 0.024060655882111478, 0.024060655882111478, 0.024060655882111478], "rate_of_adaptation": 0.0006455566862224766}