{"virus": "h3n2new", "subtype": null, "gene": "PB1", "window": 5, "min_seqs": 3, "midfreq_high": 0.75, "midfreq_low": 0.15, "window_midpoint": [1970.5, 1971.5, 1972.5, 1973.5, 1974.5, 1975.5, 1976.5, 1977.5, 1978.5, 1979.5, 1980.5, 1981.5, 1982.5, 1983.5, 1984.5, 1985.5, 1986.5, 1987.5, 1988.5, 1989.5, 1990.5, 1991.5, 1992.5, 1993.5, 1994.5, 1995.5, 1996.5, 1997.5, 1998.5, 1999.5, 2000.5, 2001.5, 2002.5, 2003.5, 2004.5, 2005.5, 2006.5, 2007.5, 2008.5, 2009.5, 2010.5, 2011.5, 2012.5, 2013.5, 2014.5, 2015.5, 2016.5, 2017.5, 2018.5, 2019.5, 2020.5], "adaptive_substitutions": [0.0, 0.0, 0.0, 0.693810001753893, 0.8539752787439362, 1.7473181933520547, 1.851012581927495, 1.8322488354233677, 1.8293621051919637, 1.8284331952788542, 4.136375388077608, 5.203754662056418, 5.280849185736419, 5.370967383283122, 5.304755827168749, 5.360041981439209, 5.4504440842507, 5.443822928639262, 5.926654195338264, 6.007980222949573, 6.012202065913002, 6.099522836844519, 6.07303821439877, 6.5019121672440585, 7.295803011003951, 7.491054790744245, 7.576658574013139, 7.570037418401702, 7.38595018189862, 7.536724609872344, 7.437407275700783, 7.424164964477909, 7.37119571958641, 7.37119571958641, 7.999099692159471, 10.436065541220753, 10.54712101454161, 11.75172175681578, 11.852625619481735, 13.358468646709573, 13.74596086967983, 13.7429616292258, 14.468374171422116, 14.484438390069112, 14.596365704461716, 14.564217493771345, 14.540964836823134, 14.489653240188764, 14.459397413288775, 14.345680863452671, 14.353828915737793], "adaptive_substitutions_per_codon": [0.0, 0.0, 0.0, 0.0009153166250051359, 0.001126616462722871, 0.0023051691205172226, 0.002441969105445244, 0.0024172148224582686, 0.0024134064712295037, 0.002412180996410098, 0.005456959614878111, 0.0068651116913673055, 0.006966819506248574, 0.007085708948922325, 0.006998358611040566, 0.0070712954900253415, 0.007190559477903298, 0.007181824444115122, 0.007818805007042564, 0.007926095280936112, 0.007931664994608182, 0.00804686390085029, 0.008011923765697586, 0.008577720537261291, 0.009625069935361413, 0.009882658035282646, 0.009995591786297017, 0.009986856752508842, 0.009743997601449367, 0.009942908456295968, 0.009811882949473329, 0.009794412881896978, 0.00972453261159157, 0.00972453261159157, 0.010552901968548115, 0.013767896492375663, 0.013914407670899222, 0.015503590708200237, 0.015636709260529992, 0.017623309560302867, 0.01813451302068579, 0.018130556239084168, 0.019087564869950023, 0.019108757770539726, 0.01925641913517377, 0.01921400724771945, 0.019183330919291735, 0.019115637520037948, 0.019075722181119754, 0.018925700347562892, 0.01893644975691002], "rate_of_adaptation": 0.0004015464531921486}