{"virus": "h3n2new", "subtype": null, "gene": "NA", "window": 5, "min_seqs": 3, "midfreq_high": 0.75, "midfreq_low": 0.15, "window_midpoint": [1970.5, 1971.5, 1972.5, 1973.5, 1974.5, 1975.5, 1976.5, 1977.5, 1978.5, 1979.5, 1980.5, 1981.5, 1982.5, 1983.5, 1984.5, 1985.5, 1986.5, 1987.5, 1988.5, 1989.5, 1990.5, 1991.5, 1992.5, 1993.5, 1994.5, 1995.5, 1996.5, 1997.5, 1998.5, 1999.5, 2000.5, 2001.5, 2002.5, 2003.5, 2004.5, 2005.5, 2006.5, 2007.5, 2008.5, 2009.5, 2010.5, 2011.5, 2012.5, 2013.5, 2014.5, 2015.5, 2016.5, 2017.5, 2018.5, 2019.5, 2020.5], "adaptive_substitutions": [0.0, 0.0, 0.0, 3.383214720103938, 4.462852117087837, 4.591059057979675, 4.579569673518529, 5.408870247238642, 5.5228319724758315, 10.554687426073963, 12.237379171767525, 13.61955551350897, 13.439744678813272, 13.55703074482105, 15.176833232378378, 16.384591126527354, 16.88627046045194, 17.628436003145918, 19.918475775929082, 21.035133107457835, 21.776773367574947, 22.83091637733414, 24.209864294187437, 27.050775761391204, 27.269945293085748, 27.48591432274369, 29.233225837712073, 30.419284970202803, 32.44171738510386, 32.728912197105096, 32.923812599481, 37.87093815411852, 38.378046645851285, 39.182201325953535, 44.26142664689344, 47.24651814980433, 49.705003514847284, 49.9052755920106, 53.9141337277116, 55.11835039844852, 57.235615916426376, 59.561709199300495, 59.917396761802465, 61.15291067258824, 61.91765808183643, 62.71082664663758, 64.09848028458217, 66.27695219185647, 68.05986768433368, 68.30372113831515, 71.00514260677718], "adaptive_substitutions_per_codon": [0.0, 0.0, 0.0, 0.007198329191710507, 0.0094954300363571, 0.009768210761658883, 0.009743765262805381, 0.011508234568592856, 0.011750706324416663, 0.022456781757604176, 0.026036976961207502, 0.02897777768831696, 0.028595201444283555, 0.028844746265576704, 0.032291134536975276, 0.03486083218410076, 0.035928235022238166, 0.03750731064499131, 0.04237973569346613, 0.044755602356293264, 0.04633356035654244, 0.048576417824115196, 0.05151034956210093, 0.0575548420455132, 0.05802116019805478, 0.058480668771795086, 0.0621983528461959, 0.06472188291532512, 0.06902493060660395, 0.06963598339809594, 0.07005066510527873, 0.08057646415769898, 0.08165541839542827, 0.08336638579990113, 0.09417324818487965, 0.10052450670171134, 0.10575532662733465, 0.10618143742980977, 0.1147109228249183, 0.11727308595414579, 0.1217779062051625, 0.12672704084957553, 0.12748382289745205, 0.13011257589912392, 0.1317396980464605, 0.13342729073752677, 0.13637974528634503, 0.14101479189756694, 0.14480822911560357, 0.14532706625173436, 0.15107477150378124], "rate_of_adaptation": 0.003131670388968259}