{"virus": "mumps", "subtype": null, "gene": "F", "window": 5, "min_seqs": 3, "midfreq_high": 0.75, "midfreq_low": 0.15, "window_midpoint": [2008.5, 2009.5, 2010.5, 2011.5, 2012.5, 2013.5, 2014.5, 2015.5], "adaptive_substitutions": [0.0, 0.0, 0.0, 0.0, 0.9615384615384616, 0.9705882352941176, 0.5, 1.0], "adaptive_substitutions_per_codon": [0.0, 0.0, 0.0, 0.0, 0.001783930355358927, 0.001800720288115246, 0.0009276437847866419, 0.0018552875695732839], "rate_of_adaptation": 0.00029537289441251027, "bootstrap_adaptive_substitutions": [[0.0, 0.0, 0.0, 0.0, 1.9230769230769231, 1.9411764705882353, 1.0, 2.0], [0.0, 0.0, 0.0, 0.0, 0.9615384615384616, 0.9705882352941176, 0.5, 1.0], [0.0, 0.0, 0.0, 0.0, 0.0, 0.0, 0.0, 0.0], [0.0, 0.0, 0.0, 0.0, 1.9230769230769231, 1.9411764705882353, 1.0, 2.0], [0.0, 0.0, 0.0, 0.0, 0.9615384615384616, 0.9705882352941176, 0.5, 1.0], [0.0, 0.0, 0.0, 0.0, 1.9230769230769231, 1.9411764705882353, 1.0, 2.0], [0.0, 0.0, 0.0, 0.0, 0.0, 0.0, 0.0, 0.0], [0.0, 0.0, 0.0, 0.0, 0.9615384615384616, 0.9705882352941176, 0.5, 1.0], [0.0, 0.0, 0.0, 0.0, 0.0, 0.0, 0.0, 0.0], [0.0, 0.0, 0.0, 0.0, 1.9230769230769231, 1.9411764705882353, 1.0, 2.0], [0.0, 0.0, 0.0, 0.0, 0.0, 0.0, 0.0, 0.0], [0.0, 0.0, 0.0, 0.0, 0.9615384615384616, 0.9705882352941176, 0.5, 1.0], [0.0, 0.0, 0.0, 0.0, 1.9230769230769231, 1.9411764705882353, 1.0, 2.0], [0.0, 0.0, 0.0, 0.0, 0.0, 0.0, 0.0, 0.0], [0.0, 0.0, 0.0, 0.0, 0.9615384615384616, 0.9705882352941176, 0.5, 1.0], [0.0, 0.0, 0.0, 0.0, 0.0, 0.0, 0.0, 0.0], [0.0, 0.0, 0.0, 0.0, 0.0, 0.0, 0.0, 0.0], [0.0, 0.0, 0.0, 0.0, 0.9615384615384616, 0.9705882352941176, 0.5, 1.0], [0.0, 0.0, 0.0, 0.0, 0.0, 0.0, 0.0, 0.0], [0.0, 0.0, 0.0, 0.0, 0.0, 0.0, 0.0, 0.0], [0.0, 0.0, 0.0, 0.0, 0.9615384615384616, 0.9705882352941176, 0.5, 1.0], [0.0, 0.0, 0.0, 0.0, 0.9615384615384616, 0.9705882352941176, 0.5, 1.0], [0.0, 0.0, 0.0, 0.0, 0.9615384615384616, 0.9705882352941176, 0.5, 1.0], [0.0, 0.0, 0.0, 0.0, 0.9615384615384616, 0.9705882352941176, 0.5, 1.0], [0.0, 0.0, 0.0, 0.0, 1.9230769230769231, 1.9411764705882353, 1.0, 2.0], [0.0, 0.0, 0.0, 0.0, 0.9615384615384616, 0.9705882352941176, 0.5, 1.0], [0.0, 0.0, 0.0, 0.0, 2.8846153846153846, 2.911764705882353, 1.5, 3.0], [0.0, 0.0, 0.0, 0.0, 0.9615384615384616, 0.9705882352941176, 0.5, 1.0], [0.0, 0.0, 0.0, 0.0, 0.9615384615384616, 0.9705882352941176, 0.5, 1.0], [0.0, 0.0, 0.0, 0.0, 0.0, 0.0, 0.0, 0.0], [0.0, 0.0, 0.0, 0.0, 2.8846153846153846, 2.911764705882353, 1.5, 3.0], [0.0, 0.0, 0.0, 0.0, 0.0, 0.0, 0.0, 0.0], [0.0, 0.0, 0.0, 0.0, 0.9615384615384616, 0.9705882352941176, 0.5, 1.0], [0.0, 0.0, 0.0, 0.0, 0.9615384615384616, 0.9705882352941176, 0.5, 1.0], [0.0, 0.0, 0.0, 0.0, 0.9615384615384616, 0.9705882352941176, 0.5, 1.0], [0.0, 0.0, 0.0, 0.0, 0.0, 0.0, 0.0, 0.0], [0.0, 0.0, 0.0, 0.0, 0.9615384615384616, 0.9705882352941176, 0.5, 1.0], [0.0, 0.0, 0.0, 0.0, 0.9615384615384616, 0.9705882352941176, 0.5, 1.0], [0.0, 0.0, 0.0, 0.0, 0.0, 0.0, 0.0, 0.0], [0.0, 0.0, 0.0, 0.0, 1.9230769230769231, 1.9411764705882353, 1.0, 2.0], [0.0, 0.0, 0.0, 0.0, 1.9230769230769231, 1.9411764705882353, 1.0, 2.0], [0.0, 0.0, 0.0, 0.0, 0.0, 0.0, 0.0, 0.0], [0.0, 0.0, 0.0, 0.0, 0.0, 0.0, 0.0, 0.0], [0.0, 0.0, 0.0, 0.0, 0.0, 0.0, 0.0, 0.0], [0.0, 0.0, 0.0, 0.0, 1.9230769230769231, 1.9411764705882353, 1.0, 2.0], [0.0, 0.0, 0.0, 0.0, 0.0, 0.0, 0.0, 0.0], [0.0, 0.0, 0.0, 0.0, 2.8846153846153846, 2.911764705882353, 1.5, 3.0], [0.0, 0.0, 0.0, 0.0, 0.0, 0.0, 0.0, 0.0], [0.0, 0.0, 0.0, 0.0, 0.9615384615384616, 0.9705882352941176, 0.5, 1.0], [0.0, 0.0, 0.0, 0.0, 0.0, 0.0, 0.0, 0.0], [0.0, 0.0, 0.0, 0.0, 0.0, 0.0, 0.0, 0.0], [0.0, 0.0, 0.0, 0.0, 1.9230769230769231, 1.9411764705882353, 1.0, 2.0], [0.0, 0.0, 0.0, 0.0, 0.9615384615384616, 0.9705882352941176, 0.5, 1.0], [0.0, 0.0, 0.0, 0.0, 0.0, 0.0, 0.0, 0.0], [0.0, 0.0, 0.0, 0.0, 0.0, 0.0, 0.0, 0.0], [0.0, 0.0, 0.0, 0.0, 0.0, 0.0, 0.0, 0.0], [0.0, 0.0, 0.0, 0.0, 0.0, 0.0, 0.0, 0.0], [0.0, 0.0, 0.0, 0.0, 0.9615384615384616, 0.9705882352941176, 0.5, 1.0], [0.0, 0.0, 0.0, 0.0, 0.9615384615384616, 0.9705882352941176, 0.5, 1.0], [0.0, 0.0, 0.0, 0.0, 0.9615384615384616, 0.9705882352941176, 0.5, 1.0], [0.0, 0.0, 0.0, 0.0, 1.9230769230769231, 1.9411764705882353, 1.0, 2.0], [0.0, 0.0, 0.0, 0.0, 0.9615384615384616, 0.9705882352941176, 0.5, 1.0], [0.0, 0.0, 0.0, 0.0, 0.0, 0.0, 0.0, 0.0], [0.0, 0.0, 0.0, 0.0, 0.9615384615384616, 0.9705882352941176, 0.5, 1.0], [0.0, 0.0, 0.0, 0.0, 1.9230769230769231, 1.9411764705882353, 1.0, 2.0], [0.0, 0.0, 0.0, 0.0, 0.0, 0.0, 0.0, 0.0], [0.0, 0.0, 0.0, 0.0, 0.9615384615384616, 0.9705882352941176, 0.5, 1.0], [0.0, 0.0, 0.0, 0.0, 0.0, 0.0, 0.0, 0.0], [0.0, 0.0, 0.0, 0.0, 0.9615384615384616, 0.9705882352941176, 0.5, 1.0], [0.0, 0.0, 0.0, 0.0, 0.9615384615384616, 0.9705882352941176, 0.5, 1.0], [0.0, 0.0, 0.0, 0.0, 0.9615384615384616, 0.9705882352941176, 0.5, 1.0], [0.0, 0.0, 0.0, 0.0, 0.9615384615384616, 0.9705882352941176, 0.5, 1.0], [0.0, 0.0, 0.0, 0.0, 0.9615384615384616, 0.9705882352941176, 0.5, 1.0], [0.0, 0.0, 0.0, 0.0, 0.0, 0.0, 0.0, 0.0], [0.0, 0.0, 0.0, 0.0, 1.9230769230769231, 1.9411764705882353, 1.0, 2.0], [0.0, 0.0, 0.0, 0.0, 1.9230769230769231, 1.9411764705882353, 1.0, 2.0], [0.0, 0.0, 0.0, 0.0, 0.9615384615384616, 0.9705882352941176, 0.5, 1.0], [0.0, 0.0, 0.0, 0.0, 1.9230769230769231, 1.9411764705882353, 1.0, 2.0], [0.0, 0.0, 0.0, 0.0, 0.0, 0.0, 0.0, 0.0], [0.0, 0.0, 0.0, 0.0, 1.9230769230769231, 1.9411764705882353, 1.0, 2.0], [0.0, 0.0, 0.0, 0.0, 0.9615384615384616, 0.9705882352941176, 0.5, 1.0], [0.0, 0.0, 0.0, 0.0, 0.0, 0.0, 0.0, 0.0], [0.0, 0.0, 0.0, 0.0, 1.9230769230769231, 1.9411764705882353, 1.0, 2.0], [0.0, 0.0, 0.0, 0.0, 0.9615384615384616, 0.9705882352941176, 0.5, 1.0], [0.0, 0.0, 0.0, 0.0, 0.0, 0.0, 0.0, 0.0], [0.0, 0.0, 0.0, 0.0, 0.9615384615384616, 0.9705882352941176, 0.5, 1.0], [0.0, 0.0, 0.0, 0.0, 0.9615384615384616, 0.9705882352941176, 0.5, 1.0], [0.0, 0.0, 0.0, 0.0, 0.9615384615384616, 0.9705882352941176, 0.5, 1.0], [0.0, 0.0, 0.0, 0.0, 1.9230769230769231, 1.9411764705882353, 1.0, 2.0], [0.0, 0.0, 0.0, 0.0, 0.9615384615384616, 0.9705882352941176, 0.5, 1.0], [0.0, 0.0, 0.0, 0.0, 0.9615384615384616, 0.9705882352941176, 0.5, 1.0], [0.0, 0.0, 0.0, 0.0, 0.0, 0.0, 0.0, 0.0], [0.0, 0.0, 0.0, 0.0, 0.9615384615384616, 0.9705882352941176, 0.5, 1.0], [0.0, 0.0, 0.0, 0.0, 2.8846153846153846, 2.911764705882353, 1.5, 3.0], [0.0, 0.0, 0.0, 0.0, 0.9615384615384616, 0.9705882352941176, 0.5, 1.0], [0.0, 0.0, 0.0, 0.0, 0.0, 0.0, 0.0, 0.0], [0.0, 0.0, 0.0, 0.0, 0.9615384615384616, 0.9705882352941176, 0.5, 1.0], [0.0, 0.0, 0.0, 0.0, 0.9615384615384616, 0.9705882352941176, 0.5, 1.0], [0.0, 0.0, 0.0, 0.0, 0.0, 0.0, 0.0, 0.0], [0.0, 0.0, 0.0, 0.0, 4.8076923076923075, 4.852941176470588, 2.5, 5.0]],