{"virus": "mumps", "subtype": null, "gene": "L", "window": 3, "min_seqs": 3, "midfreq_high": 0.75, "midfreq_low": 0.15, "window_midpoint": [2007.5, 2008.5, 2009.5, 2010.5, 2013.5, 2014.5, 2015.5, 2016.5], "adaptive_substitutions": [0.0, 0.0, 0.5679414314613236, 0.0, 0.49378351475451954, 0.0, 0, 0], "adaptive_substitutions_per_codon": [0.0, 0.0, 0.0002510793242534587, 0.0, 0.00021829509936097238, 0.0, 0.0, 0.0], "rate_of_adaptation": -3.6616544096608307e-06, "bootstrap_adaptive_substitutions": [[0.0, 0.0, 0, 0.0, 0, 0.0, 0, 0], [0.0, 0.0, 0.0, 0.0, 1.6, 0.0, 0.0, 0.0], [0.0, 0.0, 0.0, 0.0, 2.4000000000000004, 0.0, 0.0, 0.0], [0.0, 0.0, 0.4624602639437434, 0.0, 0.17734001220177897, 0.0, 0, 0], [0.0, 0.0, 0.0, 0.0, 0.8, 0.0, 0.0, 0.0], [0.0, 0.0, 0, 0.0, 0.7544937867257495, 0.0, 0, 0], [0.0, 0.0, 0.0, 0.0, 2.4000000000000004, 0.0, 0.0, 0.0], [0.0, 0.0, 1.4309060381817051, 0.0, 1.5648715875878363, 0.0, 0, 0], [0.0, 0.0, 0, 0.0, 0, 0.0, 0, 0], [0.0, 0.0, 1.8093054619015512, 0.0, 1.0433002600905499, 0.0, 0, 0], [0.0, 0.0, 1.2099073089196173, 0.0, 0.9375913825997406, 0.0, 0, 0], [0.0, 0.0, 0, 0.0, 0, 0.0, 0, 0], [0.0, 0.0, 1.6, 0.0, 1.5833333333333333, 0.0, 0.0, 0.0], [0.0, 0.0, 0, 0.0, 0.6855928827512948, 0.0, 0, 0], [0.0, 0.0, 0.792, 0.0, 1.5289444444444447, 0.0, 0, 0], [0.0, 0.0, 1.0580645161290323, 0.0, 0.06344086021505335, 0.0, 0, 0], [0.0, 0.0, 0, 0.0, 0, 0.0, 0, 0], [0.0, 0.0, 0.0, 0.0, 0, 0.0, 0, 0], [0.0, 0.0, 1.8856459965476036, 0.0, 0.4283129730447486, 0.0, 0, 0], [0.0, 0.0, 0, 0.0, 0, 0.0, 0, 0], [0.0, 0.0, 1.4523263654753877, 0.0, 2.4643033747551613, 0.0, 0, 0], [0.0, 0.0, 1.5718176730302842, 0.0, 2.6326036938001365, 0.0, 0, 0], [0.0, 0.0, 0.8, 0.0, 0.7916666666666666, 0.0, 0.0, 0.0], [0.0, 0.0, 0.7853333333333333, 0.0, 1.4956111111111112, 0.0, 0, 0], [0.0, 0.0, 0.0, 0.0, 0.0, 0.0, 0.0, 0.0], [0.0, 0.0, 0.5745413842422735, 0.0, 1.221512965611591, 0.0, 0, 0], [0.0, 0.0, 1.6, 0.0, 2.3833333333333333, 0.0, 0.0, 0.0], [0.0, 0.0, 1.584, 0.0, 3.111222222222222, 0.0, 0, 0], [0.0, 0.0, 0.0, 0.0, 0.0, 0.0, 0.0, 0.0], [0.0, 0.0, 0.792, 0.0, 2.367611111111111, 0.0, 0, 0], [0.0, 0.0, 0, 0.0, 0, 0.0, 0, 0], [0.0, 0.0, 1.2413640304402276, 0.0, 0, 0.0, 0, 0], [0.0, 0.0, 0.0, 0.0, 0.0, 0.0, 0.0, 0], [0.0, 0.0, 0.7853333333333333, 0.0, 0.7436111111111111, 0.0, 0, 0], [0.0, 0.0, 0.4624602639437434, 0.0, 0.2828211797193594, 0.0, 0, 0], [0.0, 0.0, 0.0, 0.0, 1.6, 0.0, 0.0, 0.0], [0.0, 0.0, 2.3577265095454267, 0.0, 3.4800478825943655, 0.0, 0, 0], [0.0, 0.0, 1.6, 0.0, 2.3833333333333333, 0.0, 0.0, 0.0], [0.0, 0.0, 2.4000000000000004, 0.0, 2.375, 0.0, 0.0, 0.0], [0.0, 0.0, 0.8, 0.0, 2.3916666666666666, 0.0, 0.0, 0.0], [0.0, 0.0, 0.6279601487535008, 0.0, 0.2966040738870269, 0.0, 0, 0], [0.0, 0.0, 1.2570973310317355, 0.0, 0, 0.0, 0, 0], [0.0, 0.0, 1.2838709677419355, 0.0, 0, 0.0, 0, 0], [0.0, 0.0, 1.5906666666666667, 0.0, 3.1245555555555558, 0.0, 0.0, 0], [0.0, 0.0, 0.792, 0.0, 0.7036111111111111, 0.0, 0, 0], [0.0, 0.0, 0.5745413842422735, 0.0, 0.7174273987936073, 0.0, 0, 0], [0.0, 0.0, 0.8, 0.0, 2.3916666666666666, 0.0, 0.0, 0.0], [0.0, 0.0, 0.3032258064516129, 0.0, 0, 0.0, 0, 0], [0.0, 0.0, 0, 0.0, 0.752, 0.0, 0, 0], [0.0, 0.0, 0.5679414314613236, 0.0, 2.578996885335388, 0.0, 0, 0], [0.0, 0.0, 0, 0.0, 0, 0.0, 0, 0], [0.0, 0.0, 0.3032258064516129, 0.0, 0, 0.0, 0, 0], [0.0, 0.0, 0, 0.0, 0, 0.0, 0, 0], [0.0, 0.0, 0.792, 0.0, 0.7169444444444444, 0.0, 0, 0], [0.0, 0.0, 0.772, 0.0, 3.079611111111111, 0.0, 0, 0.0], [0.0, 0.0, 0, 0.0, 0, 0.0, 0, 0], [0.0, 0.0, 0.0, 0.0, 0.0, 0.0, 0.0, 0.0], [0.0, 0.0, 1.4309060381817051, 0.0, 0.6380511162241153, 0.0, 0, 0], [0.0, 0.0, 1.3468451979578075, 0.0, 0.8010146742446135, 0.0, 0, 0], [0.0, 0.0, 1.6, 0.0, 1.5833333333333333, 0.0, 0.0, 0.0], [0.0, 0.0, 0, 0.0, 0, 0.0, 0, 0], [0.0, 0.0, 0, 0.0, 0, 0.0, 0, 0], [0.0, 0.0, 0.3032258064516129, 0.0, 0, 0.0, 0, 0], [0.0, 0.0, 0.07741935483870965, 0.0, 0, 0.0, 0, 0], [0.0, 0.0, 0.778903766496484, 0.0, 0.8102270173072601, 0.0, 0, 0], [0.0, 0.0, 0, 0.0, 1.79407997015111, 0.0, 0, 0], [0.0, 0.0, 0.5679414314613236, 0.0, 0, 0.0, 0, 0], [0.0, 0.0, 0.8, 0.0, 2.3916666666666666, 0.0, 0.0, 0.0], [0.0, 0.0, 0, 0.0, 0, 0.0, 0, 0], [0.0, 0.0, 1.5906666666666667, 0.0, 1.527222222222222, 0.0, 0, 0], [0.0, 0.0, 0, 0.0, 0.006451612903225712, 0.0, 0, 0], [0.0, 0.0, 1.2838709677419355, 0.0, 0, 0.0, 0, 0], [0.0, 0.0, 0, 0.0, 1.524, 0.0, 0, 0], [0.0, 0.0, 0, 0.0, 2.90544932355831, 0.0, 0, 0], [0.0, 0.0, 0.0, 0.0, 0.8, 0.0, 0.0, 0.0], [0.0, 0.0, 1.3468451979578075, 0.0, 0.4845711716918728, 0.0, 0, 0], [0.0, 0.0, 0.6734225989789038, 0.0, 0, 0.0, 0, 0], [0.0, 0.0, 0.0, 0.0, 0.8, 0.0, 0.0, 0.0], [0.0, 0.0, 0.0, 0.0, 0.0, 0.0, 0.0, 0], [0.0, 0.0, 2.5823532391227273, 0.0, 0.7556771176281885, 0.0, 0, 0], [0.0, 0.0, 0.43362974939369436, 0.0, 0.8583390336421863, 0.0, 0, 0], [0.0, 0.0, 1.6, 0.0, 2.3833333333333333, 0.0, 0.0, 0.0], [0.0, 0.0, 1.4309060381817051, 0.0, 1.2830483178906784, 0.0, 0, 0], [0.0, 0.0, 0, 0.0, 0.3140087637763913, 0.0, 0, 0], [0.0, 0.0, 0, 0.0, 0, 0.0, 0, 0], [0.0, 0.0, 0.792, 0.0, 2.334277777777778, 0.0, 0, 0], [0.0, 0.0, 1.4309060381817051, 0.0, 0.7085069336484046, 0.0, 0, 0], [0.0, 0.0, 1.6, 0.0, 2.3833333333333333, 0.0, 0.0, 0.0], [0.0, 0.0, 2.336711299489452, 0.0, 1.4652249301608706, 0.0, 0, 0], [0.0, 0.0, 0, 0.0, 0, 0.0, 0, 0.0], [0.0, 0.0, 0.7986666666666667, 0.0, 0.7702777777777777, 0.0, 0, 0], [0.0, 0.0, 0.792, 0.0, 1.5356111111111113, 0.0, 0, 0], [0.0, 0.0, 0.0, 0.0, 0.8, 0.0, 0.0, 0.0], [0.0, 0.0, 0.0, 0.0, 0.7386666666666667, 0.0, 0, 0], [0.0, 0.0, 1.4523263654753877, 0.0, 0.9064958417621937, 0.0, 0, 0], [0.0, 0.0, 0.0, 0.0, 0, 0.0, 0, 0], [0.0, 0.0, 0.0, 0.0, 0, 0.0, 0, 0], [0.0, 0.0, 0.0, 0.0, 0, 0.0, 0, 0], [0.0, 0.0, 2.2168148746968477, 0.0, 1.6264069398669234, 0.0, 0, 0], [0.0, 0.0, 0, 0.0, 1.544, 0.0, 0, 0]],