{"virus": "mumps", "subtype": null, "gene": "L", "window": 3, "min_seqs": 2, "midfreq_high": 0.75, "midfreq_low": 0.15, "window_midpoint": [2007.5, 2008.5, 2009.5, 2010.5, 2011.5, 2012.5, 2013.5, 2014.5, 2015.5, 2016.5], "adaptive_substitutions": [0.0, 0.0, 0.5679414314613236, 0.0, 0.0, 0.0, 0.49378351475451954, 0.0, 0, 0], "adaptive_substitutions_per_codon": [0.0, 0.0, 0.0002510793242534587, 0.0, 0.0, 0.0, 0.00021829509936097238, 0.0, 0.0, 0.0], "rate_of_adaptation": -3.6394625647537964e-06, "bootstrap_adaptive_substitutions": [[0.0, 0.0, 0, 0.0, 0.0, 0.0, 0, 0.0, 0, 0], [0.0, 0.0, 0.0, 0.0, 0.0, 0.0, 0, 0.0, 0, 0], [0.0, 0.0, 0.7786666666666667, 0.0, 0.0, 0.0, 0.7169444444444444, 0.0, 0, 0], [0.0, 0.0, 0.6064516129032258, 0.0, 0.0, 0.0, 0, 0.0, 0, 0], [0.0, 0.0, 0, 0.0, 0.0, 0.0, 0, 0.0, 0, 0], [0.0, 0.0, 2.842667924379987, 0.0, 0.0, 0.0, 2.430989532156847, 0.0, 0, 0], [0.0, 0.0, 0.0, 0.0, 0.0, 0.0, 0.8, 0.0, 0.0, 0.0], [0.0, 0.0, 0.5290322580645161, 0.0, 0.0, 0.0, 0.0, 0.0, 0.0, 0], [0.0, 0.0, 2.382666666666667, 0.0, 0.0, 0.0, 2.3241666666666667, 0.0, 0, 0], [0.0, 0.0, 0.5290322580645161, 0.0, 0.0, 0.0, 0, 0.0, 0, 0], [0.0, 0.0, 0, 0.0, 0.0, 0.0, 0, 0.0, 0, 0], [0.0, 0.0, 0.8, 0.0, 0.0, 0.0, 1.5916666666666668, 0.0, 0.0, 0.0], [0.0, 0.0, 0.7986666666666667, 0.0, 0.0, 0.0, 0.7369444444444444, 0.0, 0, 0], [0.0, 0.0, 0.6049536544598086, 0.0, 0.0, 0.0, 0.17978692870046764, 0.0, 0, 0], [0.0, 0.0, 0.6285486655158679, 0.0, 0.0, 0.0, 0.961821139290931, 0.0, 0, 0], [0.0, 0.0, 0, 0.0, 0.0, 0.0, 0, 0.0, 0, 0], [0.0, 0.0, 0.6734225989789038, 0.0, 0.0, 0.0, 0.7452814436631021, 0.0, 0, 0], [0.0, 0.0, 0.0, 0.0, 0.0, 0.0, 0.7253333333333334, 0.0, 0, 0], [0.0, 0.0, 0, 0.0, 0.0, 0.0, 0.2516229741517838, 0.0, 0, 0], [0.0, 0.0, 0.8, 0.0, 0.0, 0.0, 0.7916666666666666, 0.0, 0.0, 0.0], [0.0, 0.0, 0, 0.0, 0.0, 0.0, 0, 0.0, 0, 0], [0.0, 0.0, 0, 0.0, 0.0, 0.0, 0, 0.0, 0, 0], [0.0, 0.0, 2.3760000000000003, 0.0, 0.0, 0.0, 3.0694999999999997, 0.0, 0.0, 0], [0.0, 0.0, 0.7986666666666667, 0.0, 0.0, 0.0, 2.3209444444444443, 0.0, 0, 0], [0.0, 0.0, 0.7653333333333334, 0.0, 0.0, 0.0, 3.099611111111111, 0.0, 0, 0], [0.0, 0.0, 1.542849555171956, 0.0, 0.0, 0.0, 1.1522175009958837, 0.0, 0, 0], [0.0, 0.0, 0, 0.0, 0.0, 0.0, 0, 0.0, 0, 0], [0.0, 0.0, 0.7674922757433015, 0.0, 0.0, 0.0, 0.5500650019416164, 0.0, 0, 0], [0.0, 0.0, 0.792, 0.0, 0.0, 0.0, 0.7302777777777777, 0.0, 0, 0], [0.0, 0.0, 2.336711299489452, 0.0, 0.0, 0.0, 1.3597437626432907, 0.0, 0, 0], [0.0, 0.0, 0.6468576818771372, 0.0, 0.0, 0.0, 0.39098835305060997, 0.0, 0, 0], [0.0, 0.0, 0.0, 0.0, 0.0, 0.0, 2.4000000000000004, 0.0, 0.0, 0.0], [0.0, 0.0, 0, 0.0, 0.0, 0.0, 0.2920335227820057, 0.0, 0, 0.0], [0.0, 0.0, 0, 0.0, 0.0, 0.0, 0, 0.0, 0, 0], [0.0, 0.0, 0.771424777585978, 0.0, 0.0, 0.0, 0.6760689151507107, 0.0, 0, 0], [0.0, 0.0, 1.5906666666666667, 0.0, 0.0, 0.0, 3.151222222222222, 0.0, 0, 0.0], [0.0, 0.0, 0, 0.0, 0.0, 0.0, 0, 0.0, 0, 0], [0.0, 0.0, 0.8, 0.0, 0.0, 0.0, 2.3916666666666666, 0.0, 0.0, 0.0], [0.0, 0.0, 0.0, 0.0, 0.0, 0.0, 0, 0.0, 0, 0], [0.0, 0.0, 1.5906666666666667, 0.0, 0.0, 0.0, 4.715222222222222, 0.0, 0, 0], [0.0, 0.0, 2.3693333333333335, 0.0, 0.0, 0.0, 5.492166666666667, 0.0, 0, 0], [0.0, 0.0, 0.0, 0.0, 0.0, 0.0, 0.0, 0.0, 0.0, 0.0], [0.0, 0.0, 0.0, 0.0, 0.0, 0.0, 0.0, 0.0, 0.0, 0], [0.0, 0.0, 0, 0.0, 0.0, 0.0, 0, 0.0, 0, 0], [0.0, 0.0, 0.5290322580645161, 0.0, 0.0, 0.0, 0, 0.0, 0, 0], [0.0, 0.0, 0.3032258064516129, 0.0, 0.0, 0.0, 0, 0.0, 0, 0], [0.0, 0.0, 0.6734225989789038, 0.0, 0.0, 0.0, 0.17734001220177897, 0.0, 0, 0], [0.0, 0.0, 1.5973333333333335, 0.0, 0.0, 0.0, 3.111222222222222, 0.0, 0, 0], [0.0, 0.0, 0, 0.0, 0.0, 0.0, 0, 0.0, 0, 0], [0.0, 0.0, 0.5290322580645161, 0.0, 0.0, 0.0, 0, 0.0, 0, 0], [0.0, 0.0, 1.584, 0.0, 0.0, 0.0, 2.3192222222222223, 0.0, 0, 0], [0.0, 0.0, 0, 0.0, 0.0, 0.0, 0, 0.0, 0, 0], [0.0, 0.0, 0.0, 0.0, 0.0, 0.0, 0.0, 0.0, 0.0, 0.0], [0.0, 0.0, 0.7853333333333333, 0.0, 0.0, 0.0, 2.327611111111111, 0.0, 0, 0], [0.0, 0.0, 0.8, 0.0, 0.0, 0.0, 3.1916666666666664, 0.0, 0.0, 0.0], [0.0, 0.0, 0, 0.0, 0.0, 0.0, 2.3493333333333335, 0.0, 0, 0], [0.0, 0.0, 0.7548387096774194, 0.0, 0.0, 0.0, 0.4478494623655911, 0.0, 0, 0], [0.0, 0.0, 2.038709677419355, 0.0, 0.0, 0.0, 2.162903225806452, 0.0, 0, 0], [0.0, 0.0, 0.7674922757433015, 0.0, 0.0, 0.0, 0, 0.0, 0, 0], [0.0, 0.0, 0, 0.0, 0.0, 0.0, 0, 0.0, 0, 0], [0.0, 0.0, 0.11733779060932992, 0.0, 0.0, 0.0, 0.829941413834439, 0.0, 0, 0], [0.0, 0.0, 1.664516129032258, 0.0, 0.0, 0.0, 2.7591397849462362, 0.0, 0, 0], [0.0, 0.0, 0.4624602639437434, 0.0, 0.0, 0.0, 0, 0.0, 0, 0], [0.0, 0.0, 1.4213339621899934, 0.0, 0.0, 0.0, 0.9008306148383964, 0.0, 0, 0], [0.0, 0.0, 0, 0.0, 0.0, 0.0, 0, 0.0, 0, 0], [0.0, 0.0, 0.7853333333333333, 0.0, 0.0, 0.0, 1.5422777777777779, 0.0, 0, 0], [0.0, 0.0, 0, 0.0, 0.0, 0.0, 0, 0.0, 0, 0], [0.0, 0.0, 0.6734225989789038, 0.0, 0.0, 0.0, 0, 0.0, 0, 0], [0.0, 0.0, 0.0, 0.0, 0.0, 0.0, 0, 0.0, 0, 0], [0.0, 0.0, 0.4856725534457576, 0.0, 0.0, 0.0, 0.8759892444562476, 0.0, 0, 0], [0.0, 0.0, 0.0, 0.0, 0.0, 0.0, 0.8, 0.0, 0.0, 0.0], [0.0, 0.0, 0, 0.0, 0.0, 0.0, 0, 0.0, 0, 0], [0.0, 0.0, 0.7786666666666667, 0.0, 0.0, 0.0, 0.7236111111111111, 0.0, 0, 0], [0.0, 0.0, 0.5679414314613236, 0.0, 0.0, 0.0, 0, 0.0, 0, 0], [0.0, 0.0, 1.2413640304402274, 0.0, 0.0, 0.0, 2.3588222072375813, 0.0, 0, 0], [0.0, 0.0, 0.7853333333333333, 0.0, 0.0, 0.0, 1.5289444444444447, 0.0, 0, 0], [0.0, 0.0, 3.115615065985936, 0.0, 0.0, 0.0, 1.6020293484892267, 0.0, 0, 0], [0.0, 0.0, 0, 0.0, 0.0, 0.0, 0.9460775745155361, 0.0, 0, 0], [0.0, 0.0, 0.8, 0.0, 0.0, 0.0, 0.7916666666666666, 0.0, 0.0, 0.0], [0.0, 0.0, 0, 0.0, 0.0, 0.0, 0, 0.0, 0, 0], [0.0, 0.0, 0.792, 0.0, 0.0, 0.0, 2.314277777777778, 0.0, 0, 0], [0.0, 0.0, 0.0, 0.0, 0.0, 0.0, 0.8, 0.0, 0.0, 0.0], [0.0, 0.0, 0.0, 0.0, 0.0, 0.0, 0.2920335227820057, 0.0, 0.0, 0], [0.0, 0.0, 0, 0.0, 0.0, 0.0, 0, 0.0, 0, 0], [0.0, 0.0, 0, 0.0, 0.0, 0.0, 0, 0.0, 0, 0], [0.0, 0.0, 0.6734225989789038, 0.0, 0.0, 0.0, 0.8102270173072602, 0.0, 0, 0], [0.0, 0.0, 0.778903766496484, 0.0, 0.0, 0.0, 1.589130783803744, 0.0, 0, 0], [0.0, 0.0, 0, 0.0, 0.0, 0.0, 0, 0.0, 0, 0], [0.0, 0.0, 0, 0.0, 0.0, 0.0, 0, 0.0, 0, 0], [0.0, 0.0, 0, 0.0, 0.0, 0.0, 2.3560000000000003, 0.0, 0, 0], [0.0, 0.0, 0.614768347063714, 0.0, 0.0, 0.0, 0, 0.0, 0, 0], [0.0, 0.0, 0.3032258064516129, 0.0, 0.0, 0.0, 0, 0.0, 0, 0], [0.0, 0.0, 0, 0.0, 0.0, 0.0, 0.2516229741517837, 0.0, 0, 0], [0.0, 0.0, 2.1257489644542917, 0.0, 0.0, 0.0, 1.927685194104614, 0.0, 0, 0], [0.0, 0.0, 0, 0.0, 0.0, 0.0, 0, 0.0, 0, 0], [0.0, 0.0, 0, 0.0, 0.0, 0.0, 0.19378731766306412, 0.0, 0, 0], [0.0, 0.0, 0.0, 0.0, 0.0, 0.0, 0.0, 0.0, 0.0, 0.0], [0.0, 0.0, 3.096774193548387, 0.0, 0.0, 0.0, 1.6908602150537635, 0.0, 0, 0], [0.0, 0.0, 0.6734225989789038, 0.0, 0.0, 0.0, 1.589130783803744, 0.0, 0, 0], [0.0, 0.0, 0, 0.0, 0.0, 0.0, 0, 0.0, 0, 0]],