{"virus": "vic", "subtype": null, "gene": "NA", "window": 5, "min_seqs": 3, "midfreq_high": 0.75, "midfreq_low": 0.15, "window_midpoint": [1971.5, 1984.5, 1985.5, 1986.5, 1987.5, 1988.5, 1989.5, 1990.5, 1991.5, 1992.5, 1993.5, 1994.5, 1995.5, 1996.5, 1997.5, 1998.5, 1999.5, 2000.5, 2001.5, 2002.5, 2003.5, 2004.5, 2005.5, 2006.5, 2007.5, 2008.5, 2009.5, 2010.5, 2011.5, 2012.5, 2013.5, 2014.5, 2015.5, 2016.5, 2017.5, 2018.5, 2019.5, 2020.5], "adaptive_substitutions": [0.0, 4.037766250044925, 3.9919455952851597, 3.9919455952851597, 3.9919455952851597, 3.9919455952851597, 4.808662976246097, 4.808662976246097, 4.808662976246097, 6.757808318539557, 7.625380357207036, 7.625380357207036, 8.790968843620542, 11.983891190570318, 14.553111757814577, 16.502270915298105, 13.06986328686091, 12.800608571531257, 12.800608571531257, 12.800608571531257, 20.70040016349536, 23.227423697982935, 23.70242321229139, 24.294778419169745, 23.993443188459423, 23.966720694548663, 23.95457772307185, 24.58438939242864, 26.063719386207666, 26.27375113368552, 28.01293227755449, 29.44779309736275, 29.69707613350839, 30.543374406997582, 30.9037777820103, 31.465152682508247, 31.524882328332477, 31.5238558113374], "adaptive_substitutions_per_codon": [0.0, 0.008646180406948447, 0.008548063373201627, 0.008548063373201627, 0.008548063373201627, 0.008548063373201627, 0.01029692286134068, 0.01029692286134068, 0.01029692286134068, 0.014470681624281707, 0.016328437595732413, 0.016328437595732413, 0.01882434441888767, 0.025661437238908603, 0.031162980209453055, 0.0353367685552422, 0.027986859286640065, 0.02741029672704766, 0.02741029672704766, 0.02741029672704766, 0.044326338679861584, 0.049737523978550184, 0.05075465355951047, 0.05202308012670181, 0.05137782267336065, 0.051320601058990716, 0.05129459897874058, 0.05264323210370159, 0.055810962283099924, 0.05626070906570775, 0.05998486569069484, 0.06305737279949197, 0.06359116945076743, 0.06540337132119396, 0.06617511302357666, 0.06737720060494272, 0.0675051013454657, 0.06750290323626852], "rate_of_adaptation": 0.0018244879639084015}