{"virus": "vic", "subtype": null, "gene": "ha1", "window": 5, "min_seqs": 3, "midfreq_high": 0.75, "midfreq_low": 0.15, "window_midpoint": [1967.5, 1968.5, 1969.5, 1970.5, 1971.5, 1972.5, 1973.5, 1974.5, 1975.5, 1976.5, 1977.5, 1978.5, 1979.5, 1980.5, 1981.5, 1982.5, 1983.5, 1984.5, 1985.5, 1986.5, 1987.5, 1988.5, 1989.5, 1990.5, 1991.5, 1992.5, 1993.5, 1994.5, 1995.5, 1996.5, 1997.5, 1998.5, 1999.5, 2000.5, 2001.5, 2002.5, 2003.5, 2004.5, 2005.5, 2006.5, 2007.5, 2008.5, 2009.5, 2010.5, 2011.5, 2012.5, 2013.5, 2014.5, 2015.5, 2016.5, 2017.5, 2018.5, 2019.5, 2020.5], "adaptive_substitutions": [0.0, 0.0, 0.0, 0.0, 0.0, 2.5521493188440005, 2.74469850438696, 3.040114860649231, 3.1090556234403453, 2.220225462770621, 5.256224967935748, 4.441508033486207, 4.441508033486207, 4.441508033486207, 10.771317673669657, 10.768674903807243, 11.089303663455556, 11.80467440897237, 11.266013658705846, 11.281766469946977, 11.288662861964983, 11.767089241889794, 11.712825707155863, 12.045278117201725, 12.433579723898967, 12.877730527247587, 17.736391800745583, 17.767492886748695, 17.955632116771163, 20.797866337987067, 21.229824239559367, 21.490204245471137, 22.27448806878329, 21.490663350965914, 21.49170586035888, 20.649048200917242, 21.649048200917242, 21.59574877122298, 21.537349807614486, 22.12889186510377, 22.4341092764878, 22.77733337295785, 22.813953021008967, 24.852290247274027, 25.324693073772245, 25.340271679632572, 25.03121523725326, 25.15086330156734, 25.066570233403105, 26.855013224498098, 27.25609895867234, 27.353150348553715, 27.445849964338677, 27.40375295604321], "adaptive_substitutions_per_codon": [0.0, 0.0, 0.0, 0.0, 0.0, 0.007376154100705204, 0.007932654636956532, 0.008786459134824367, 0.008985709894336258, 0.006416836597602951, 0.015191401641432798, 0.012836728420480368, 0.012836728420480368, 0.012836728420480368, 0.031130975935461436, 0.03112333787227527, 0.032050010588021836, 0.03411755609529586, 0.032560733117646956, 0.03260626147383519, 0.032626193242673365, 0.03400892844476819, 0.03385209741952561, 0.0348129425352651, 0.03593520151415887, 0.0372188743562069, 0.051261247979033475, 0.05135113551083438, 0.051894890510899315, 0.06010944028319962, 0.06135787352473805, 0.06211041689442525, 0.06437713314677251, 0.06211174378891882, 0.06211475682184647, 0.05967933006045446, 0.06256950347085909, 0.06241545887636699, 0.06224667574455054, 0.06395633487024212, 0.06483846611701675, 0.06583044327444466, 0.06593628040754036, 0.07182742846032955, 0.0731927545484747, 0.07323777942090338, 0.07234455270882445, 0.07269035636291139, 0.0724467347786217, 0.07761564515750895, 0.07877485248171197, 0.07905534782818993, 0.07932326579288634, 0.0792015981388532], "rate_of_adaptation": 0.0017825695369582418}