{"virus": "vicnew", "subtype": null, "gene": "NS1", "window": 5, "min_seqs": 3, "midfreq_high": 0.75, "midfreq_low": 0.15, "window_midpoint": [1971.5, 1986.5, 1987.5, 1988.5, 1991.5, 1992.5, 1993.5, 1994.5, 1995.5, 1996.5, 1997.5, 1998.5, 1999.5, 2000.5, 2001.5, 2002.5, 2003.5, 2004.5, 2005.5, 2006.5, 2007.5, 2008.5, 2009.5, 2010.5, 2011.5, 2012.5, 2013.5, 2014.5, 2015.5, 2016.5, 2017.5, 2018.5, 2019.5, 2020.5], "adaptive_substitutions": [0.0, 0.0, 2.153553781832003, 0.8346636259977195, 0.8346636259977195, 6.173318129988597, 6.173318129988597, 6.986950462435068, 6.722331640233578, 7.393766628658305, 9.53553781832003, 9.53553781832003, 9.53553781832003, 9.04005496593866, 11.305780932934814, 11.522736813945759, 11.61742026853357, 11.807780993869933, 11.779245040349796, 11.75924211959099, 11.80079994623362, 10.61035094387432, 11.756264887592039, 11.702681528711826, 11.728947954756942, 11.72106867626104, 12.416680704690569, 13.522686706036797, 13.636389826066978, 13.625230799170781, 13.646413983228209, 13.619190865865134, 13.61621891093661, 13.615935090289597], "adaptive_substitutions_per_codon": [0.0, 0.0, 0.0076367155384113585, 0.0029598000921904947, 0.0029598000921904947, 0.021891199042512754, 0.021891199042512754, 0.02477642007955698, 0.023838055461821196, 0.026219030598079097, 0.03381396389475188, 0.03381396389475188, 0.03381396389475188, 0.03205693250332858, 0.04009142174799579, 0.04086076884377929, 0.041196525774941734, 0.041871563808049406, 0.04177037248350991, 0.04169944014039358, 0.04184680831997738, 0.037625357957001136, 0.04168888258011361, 0.041498870669190877, 0.04159201402396079, 0.04156407332007461, 0.044030782640746696, 0.04795278973771914, 0.048355992291017655, 0.04831642127365525, 0.04839153894761776, 0.04829500307044374, 0.04828446422317947, 0.04828345776698439], "rate_of_adaptation": 0.0012320005782061791}