{"virus": "vicnew", "subtype": null, "gene": "ha2", "window": 5, "min_seqs": 3, "midfreq_high": 0.75, "midfreq_low": 0.15, "window_midpoint": [1971.5, 1984.5, 1985.5, 1986.5, 1987.5, 1988.5, 1989.5, 1990.5, 1991.5, 1992.5, 1993.5, 1994.5, 1995.5, 1996.5, 1997.5, 1998.5, 1999.5, 2000.5, 2001.5, 2002.5, 2003.5, 2004.5, 2005.5, 2006.5, 2007.5, 2008.5, 2009.5, 2010.5, 2011.5, 2012.5, 2013.5, 2014.5, 2015.5, 2016.5, 2017.5, 2018.5, 2019.5, 2020.5], "adaptive_substitutions": [0.0, 0.0, 0.0, 0.0, 0.0, 0.0, 0.0, 1.0, 1.0, 3.0, 3.0, 3.0, 3.0, 3.0, 3.8181818181818183, 3.9, 4.0, 4.809523809523809, 4.90625, 4.925, 4.948275862068965, 5.0, 5.003846153846154, 5.0, 5.0, 5.0, 5.0, 5.0, 5.0, 5.0, 5.0, 5.0, 5.0, 5.0, 5.0, 5.0, 5.0, 5.0], "adaptive_substitutions_per_codon": [0.0, 0.0, 0.0, 0.0, 0.0, 0.0, 0.0, 0.004464285714285714, 0.004464285714285714, 0.013392857142857142, 0.013392857142857142, 0.013392857142857142, 0.013392857142857142, 0.013392857142857142, 0.017045454545454548, 0.017410714285714286, 0.017857142857142856, 0.02147108843537415, 0.021902901785714284, 0.02198660714285714, 0.02209051724137931, 0.022321428571428572, 0.0223385989010989, 0.022321428571428572, 0.022321428571428572, 0.022321428571428572, 0.022321428571428572, 0.022321428571428572, 0.022321428571428572, 0.022321428571428572, 0.022321428571428572, 0.022321428571428572, 0.022321428571428572, 0.022321428571428572, 0.022321428571428572, 0.022321428571428572, 0.022321428571428572, 0.022321428571428572], "rate_of_adaptation": 0.0006578975076052716}