{"virus": "vicnew", "subtype": null, "gene": "ha1", "window": 5, "min_seqs": 3, "midfreq_high": 0.75, "midfreq_low": 0.15, "window_midpoint": [1971.5, 1984.5, 1985.5, 1986.5, 1987.5, 1988.5, 1989.5, 1990.5, 1991.5, 1992.5, 1993.5, 1994.5, 1995.5, 1996.5, 1997.5, 1998.5, 1999.5, 2000.5, 2001.5, 2002.5, 2003.5, 2004.5, 2005.5, 2006.5, 2007.5, 2008.5, 2009.5, 2010.5, 2011.5, 2012.5, 2013.5, 2014.5, 2015.5, 2016.5, 2017.5, 2018.5, 2019.5, 2020.5], "adaptive_substitutions": [0.0, 8.938170766525417, 8.337282258388095, 8.337282258388095, 8.337282258388095, 8.337282258388095, 9.039059274662737, 8.939651613420951, 10.30710806509857, 12.976489617740386, 12.9522393287778, 12.29100277855796, 12.35335785307031, 13.585338065499808, 14.349792697662973, 14.360341898254, 14.943055047799046, 14.980017766980367, 14.989160141671492, 14.39701681160734, 14.40873660912506, 14.410122234574157, 15.690433911080587, 16.83384340497297, 16.981239226958618, 17.13303058513081, 16.515194627060044, 19.34305404722979, 19.75232922864379, 19.809948035048993, 19.57597290622325, 19.57835676966666, 19.535269980115277, 20.268103449324027, 22.04571450663354, 22.152858931295416, 21.721973019656065, 22.202835961849757], "adaptive_substitutions_per_codon": [0.0, 0.02583286348706768, 0.024096191498231487, 0.024096191498231487, 0.024096191498231487, 0.024096191498231487, 0.026124448770701553, 0.02583714339139003, 0.029789329667914942, 0.03750430525358493, 0.03743421771323063, 0.035523129417797575, 0.035703346396156965, 0.03926398284826534, 0.04147338929960397, 0.041503878318653174, 0.0431880203693614, 0.043294849037515515, 0.04332127208575576, 0.041609875178055894, 0.04164374742521694, 0.041647752123046694, 0.045348074887516146, 0.048652726603968126, 0.04907872608947577, 0.049517429436794255, 0.047731776378786256, 0.05590478048332309, 0.05708765673018437, 0.057254185072395936, 0.056577956376367776, 0.05658484615510595, 0.056460317861604846, 0.05857833366856655, 0.06371593788044376, 0.06402560384767461, 0.06278026884293661, 0.06417004613251374], "rate_of_adaptation": 0.0012020347187191823}