{"virus": "vicnew", "subtype": null, "gene": "NA", "window": 5, "min_seqs": 3, "midfreq_high": 0.75, "midfreq_low": 0.15, "window_midpoint": [1971.5, 1984.5, 1985.5, 1986.5, 1987.5, 1988.5, 1989.5, 1990.5, 1991.5, 1992.5, 1993.5, 1994.5, 1995.5, 1996.5, 1997.5, 1998.5, 1999.5, 2000.5, 2001.5, 2002.5, 2003.5, 2004.5, 2005.5, 2006.5, 2007.5, 2008.5, 2009.5, 2010.5, 2011.5, 2012.5, 2013.5, 2014.5, 2015.5, 2016.5, 2017.5, 2018.5, 2019.5, 2020.5], "adaptive_substitutions": [0.0, 3.7616944820923335, 3.7027275526681587, 3.7027275526681587, 3.7027275526681587, 3.5847936938198095, 4.348925976123111, 4.348925976123111, 4.348925976123111, 6.104163767116535, 7.113058258426413, 7.113058258426413, 9.52287574308762, 11.040189561261812, 14.325842216386885, 14.95256271301399, 11.66958738763962, 12.16958738763962, 12.16958738763962, 20.04280819658826, 20.868001551518606, 22.25717286286394, 23.55375043950762, 24.071242571658686, 23.916069680232816, 23.472936935245546, 23.481363111513893, 24.161792463996296, 25.649991422149405, 25.81824403971906, 27.538633160227953, 28.848830165563875, 29.11483571202489, 29.07784501250479, 30.002940010044348, 29.925543825792417, 29.981040262656954, 30.104103773913586], "adaptive_substitutions_per_codon": [0.0, 0.008055020304266238, 0.007928752789439312, 0.007928752789439312, 0.007928752789439312, 0.007676217759785459, 0.009312475323604092, 0.009312475323604092, 0.009312475323604092, 0.013071014490613566, 0.015231388133675403, 0.015231388133675403, 0.02039159688027328, 0.023640662872080966, 0.030676321662498684, 0.03201833557390576, 0.024988409823639444, 0.02605907363520261, 0.02605907363520261, 0.042918218836377434, 0.044685228161710076, 0.04765989906394848, 0.0504362964443418, 0.05154441664166742, 0.05121214064289682, 0.050263248255343784, 0.050281291459344526, 0.05173831362740106, 0.054925035165202155, 0.05528531914286736, 0.058969235889139084, 0.0617747969284023, 0.06234440195294409, 0.06226519274626293, 0.06424612421851038, 0.06408039363124715, 0.06419922968449027, 0.06446274898054301], "rate_of_adaptation": 0.0017858382686329077}