{"virus": "vicnew", "subtype": null, "gene": "PB2", "window": 5, "min_seqs": 3, "midfreq_high": 0.75, "midfreq_low": 0.15, "window_midpoint": [1971.5, 1985.5, 1986.5, 1987.5, 1988.5, 1989.5, 1991.5, 1992.5, 1993.5, 1994.5, 1995.5, 1996.5, 1997.5, 1998.5, 1999.5, 2000.5, 2001.5, 2002.5, 2003.5, 2004.5, 2005.5, 2006.5, 2007.5, 2008.5, 2009.5, 2010.5, 2011.5, 2012.5, 2013.5, 2014.5, 2015.5, 2016.5, 2017.5, 2018.5, 2019.5, 2020.5], "adaptive_substitutions": [0.0, 2.889299319149786, 3.6323805265966476, 3.682657278298773, 4.582565220214051, 4.833948978724679, 4.833948978724679, 9.037824657450358, 9.037824657450358, 4.817343876597147, 4.817343876597147, 4.811808842554637, 4.811808842554637, 4.811808842554637, 4.750923468087019, 4.739853400001998, 6.422889122425115, 6.454277061057434, 6.414726964497495, 6.525516706178296, 6.553464078083051, 6.520485886745939, 6.509063060977848, 6.584440995471254, 6.5610749700939195, 7.414934964127481, 7.484159839762821, 7.5057616785709556, 7.483987269734646, 7.471903803858849, 7.47618787237326, 7.487379433984856, 7.477140315057376, 7.496646210827951, 7.497774947598309, 7.509630942056306], "adaptive_substitutions_per_codon": [0.0, 0.003747469934046415, 0.004711258789360113, 0.004776468584045101, 0.005943664358254282, 0.006269713331679221, 0.006269713331679221, 0.011722210969455717, 0.011722210969455717, 0.0062481762342375445, 0.0062481762342375445, 0.006240997201756987, 0.006240997201756987, 0.006240997201756987, 0.006162027844470842, 0.006147669779509725, 0.008330595489526738, 0.00837130617517177, 0.008320009033070681, 0.0084637051960808, 0.00849995340866803, 0.008457180138451282, 0.008442364540827299, 0.008540130992829123, 0.008509824863935044, 0.009617295673317096, 0.009707081504231933, 0.009735099453399423, 0.00970685767799565, 0.009691185219012775, 0.009696741728110584, 0.009711257372224197, 0.009697977062331227, 0.009723276538038847, 0.009724740528661879, 0.009740117953380423], "rate_of_adaptation": 0.00015713232794573699}