{"virus": "vicnew", "subtype": null, "gene": "PA", "window": 5, "min_seqs": 3, "midfreq_high": 0.75, "midfreq_low": 0.15, "window_midpoint": [1971.5, 1985.5, 1986.5, 1987.5, 1988.5, 1989.5, 1991.5, 1992.5, 1993.5, 1994.5, 1995.5, 1996.5, 1997.5, 1998.5, 1999.5, 2000.5, 2001.5, 2002.5, 2003.5, 2004.5, 2005.5, 2006.5, 2007.5, 2008.5, 2009.5, 2010.5, 2011.5, 2012.5, 2013.5, 2014.5, 2015.5, 2016.5, 2017.5, 2018.5, 2019.5, 2020.5], "adaptive_substitutions": [0.0, 0.27573968914603875, 0.30722926787881966, 0.30722926787881966, 0.30722926787881966, 0.27573968914603875, 0.27573968914603875, 0.1497813742149151, 0.1497813742149151, 1.4537793341267746, 0.1497813742149151, 5.128492570495988, 5.761452084718377, 5.761452084718377, 7.0217491882391565, 6.466366665252634, 7.8149598245432745, 7.873070978322557, 7.95522232852726, 8.12440185532917, 8.153358772845658, 8.32338580771362, 8.32338580771362, 8.26040665024806, 8.679139394155266, 10.403662027143923, 10.562523746179105, 10.603338894918885, 10.46212110793007, 10.411994449850926, 11.076123280139411, 11.04114153108399, 11.088604649372465, 11.160990024850692, 11.167880891360388, 11.155273479819646], "adaptive_substitutions_per_codon": [0.0, 0.0003792843041898745, 0.00042259871785257176, 0.00042259871785257176, 0.00042259871785257176, 0.0003792843041898745, 0.0003792843041898745, 0.00020602664953908544, 0.00020602664953908544, 0.0019996964706007906, 0.00020602664953908544, 0.0070543226554277685, 0.007924968479667645, 0.007924968479667645, 0.009658527081484397, 0.00889458963583581, 0.010749600859069154, 0.010829533670319887, 0.010942534152031993, 0.011175243267302848, 0.011215073965399806, 0.01144894884142176, 0.01144894884142176, 0.011362320014096369, 0.01193829352703613, 0.014310401687955878, 0.014528918495432057, 0.014585060378155275, 0.014390813078308211, 0.014321863067195222, 0.015235382778733715, 0.015187264829551569, 0.01525255109954947, 0.015352118328542906, 0.015361596824429695, 0.015344255130425923], "rate_of_adaptation": 0.0004769691794312751}