{"virus": "vicnew", "subtype": null, "gene": "NP", "window": 5, "min_seqs": 3, "midfreq_high": 0.75, "midfreq_low": 0.15, "window_midpoint": [1971.5, 1985.5, 1986.5, 1987.5, 1988.5, 1989.5, 1991.5, 1992.5, 1993.5, 1994.5, 1995.5, 1996.5, 1997.5, 1998.5, 1999.5, 2000.5, 2001.5, 2002.5, 2003.5, 2004.5, 2005.5, 2006.5, 2007.5, 2008.5, 2009.5, 2010.5, 2011.5, 2012.5, 2013.5, 2014.5, 2015.5, 2016.5, 2017.5, 2018.5, 2019.5, 2020.5], "adaptive_substitutions": [0.0, 0.0, 0, 0.0, 0, 0.0, 0.0, 0.6715244182209567, 0.6715244182209567, 0.12259613685772741, 0.12259613685772741, 0.07385147779426782, 0.6837717904200781, 0.6837717904200781, 0.7561193141400424, 1.5983171957574163, 2.319681485925153, 2.3835191818235075, 2.3566108507035617, 2.461186016545462, 2.2206988363945968, 0, 0, 0.0, 0, 0, 0, 0, 0.5472386150653203, 0.6792007892100954, 0.11077721669140184, 0.6107772166914018, 0.5620325576279421, 0.5620325576279421, 0.5132878985644826, 0.5132878985644826], "adaptive_substitutions_per_codon": [0.0, 0.0, 0.0, 0.0, 0.0, 0.0, 0.0, 0.0011970132232102615, 0.0011970132232102615, 0.00021853143824906846, 0.00021853143824906846, 0.00013164256291313335, 0.0012188445462033477, 0.0012188445462033477, 0.0013478062640642468, 0.0028490502598171414, 0.004134904609492252, 0.004248697293803044, 0.004200732354195297, 0.004387140849457152, 0.003958464949009977, 0.0, 0.0, 0.0, 0.0, 0.0, 0.0, 0.0, 0.0009754699020772199, 0.0012106965939573894, 0.00019746384436970023, 0.0010887294415176504, 0.001001840566181715, 0.001001840566181715, 0.0009149516908457801, 0.0009149516908457801], "rate_of_adaptation": 1.7064919974225117e-05}