{"virus": "vicnew", "subtype": null, "gene": "PB1", "window": 5, "min_seqs": 3, "midfreq_high": 0.75, "midfreq_low": 0.15, "window_midpoint": [1971.5, 1985.5, 1986.5, 1987.5, 1988.5, 1989.5, 1991.5, 1992.5, 1993.5, 1994.5, 1995.5, 1996.5, 1997.5, 1998.5, 1999.5, 2000.5, 2001.5, 2002.5, 2003.5, 2004.5, 2005.5, 2006.5, 2007.5, 2008.5, 2009.5, 2010.5, 2011.5, 2012.5, 2013.5, 2014.5, 2015.5, 2016.5, 2017.5, 2018.5, 2019.5, 2020.5], "adaptive_substitutions": [0.0, 0.0, 0.0, 0.0, 0.0, 0.0, 0.0, 0.5000981748758127, 0.5000981748758127, 0.6769844991530726, 0.7692856922382169, 0.6924285229240771, 0.6924285229240771, 0.6924285229240771, 0.5309534974592176, 0.5078856366785234, 0.9748984889753185, 0.9964989686018952, 1.0063591806412686, 1.0533951817919787, 1.0968843331980302, 1.08436826826232, 1.082806147379468, 1.0939900273233647, 0.9523101124911845, 1.7861634144424472, 1.800490124258575, 1.8225535538328468, 2.626071652532197, 2.7856412811458675, 2.7870038310459413, 2.8004712394039006, 2.7850926655501045, 2.7850926655501045, 2.794611839679984, 2.7058807539238394], "adaptive_substitutions_per_codon": [0.0, 0.0, 0.0, 0.0, 0.0, 0.0, 0.0, 0.0006641410024911191, 0.0006641410024911191, 0.0008990497996720752, 0.0010216277453362773, 0.0009195597913998367, 0.0009195597913998367, 0.0009195597913998367, 0.0007051175265062651, 0.0006744829172357548, 0.0012946859083337564, 0.0013233718042521849, 0.0013364663753536103, 0.0013989311843186968, 0.0014566857014582076, 0.0014400641012779812, 0.0014379895715530783, 0.0014528420017574564, 0.0012646880643973233, 0.002372062967387048, 0.0023910891424416664, 0.002420389845727552, 0.0034874789542260255, 0.003699390811614698, 0.0037012003068339194, 0.003719085311293361, 0.003698662238446354, 0.003698662238446354, 0.0037113039039574818, 0.0035934671366850456], "rate_of_adaptation": 0.00010298174588200161}