{"virus": "yamnew", "subtype": null, "gene": "PA", "window": 5, "min_seqs": 3, "midfreq_high": 0.75, "midfreq_low": 0.15, "window_midpoint": [1989.5, 1990.5, 1991.5, 1992.5, 1993.5, 1994.5, 1995.5, 1996.5, 1997.5, 1998.5, 1999.5, 2000.5, 2001.5, 2002.5, 2003.5, 2004.5, 2005.5, 2006.5, 2007.5, 2008.5, 2009.5, 2010.5, 2011.5, 2012.5, 2013.5, 2014.5, 2015.5, 2016.5, 2017.5], "adaptive_substitutions": [0.0, 0.0, 0.0, 0.0, 0.0, 0.0, 0.0, 0.39259674064867517, 0.4903806521190515, 0.7300720970607264, 0.7157603015759222, 0.6259986608776688, 0.6969450611118996, 0.6966723904702626, 0.7133875890122072, 0.6663413194543502, 1.0681366918952584, 1.053416364275745, 1.096360612622913, 0.5311306997260818, 0.5311306997260818, 0.5311306997260818, 0.5018263684589619, 0.5018263684589619, 0.487174202825402, 0.47252203719184205, 1.0321198345172649, 1.1775344951651365, 1.2459648372693084], "adaptive_substitutions_per_codon": [0.0, 0.0, 0.0, 0.0, 0.0, 0.0, 0.0, 0.0005400230270270635, 0.0006745263440427119, 0.0010042257181027874, 0.0009845396170232766, 0.0008610710603544274, 0.0009586589561374134, 0.0009582838933566199, 0.0009812759133592946, 0.0009165630253842506, 0.0014692389159494613, 0.0014489908724563206, 0.0015080613653685186, 0.0007305786791280356, 0.0007305786791280356, 0.0007305786791280356, 0.0006902701079215432, 0.0006902701079215432, 0.0006701158223182971, 0.000649961536715051, 0.001419697158895825, 0.001619717324848881, 0.0017138443428738768], "rate_of_adaptation": 4.571975012483633e-05}