{"virus": "yamnew", "subtype": null, "gene": "NP", "window": 5, "min_seqs": 3, "midfreq_high": 0.75, "midfreq_low": 0.15, "window_midpoint": [1989.5, 1990.5, 1991.5, 1992.5, 1993.5, 1994.5, 1995.5, 1996.5, 1997.5, 1998.5, 1999.5, 2000.5, 2001.5, 2002.5, 2003.5, 2004.5, 2005.5, 2006.5, 2007.5, 2008.5, 2009.5, 2010.5, 2011.5, 2012.5, 2013.5, 2014.5, 2015.5, 2016.5, 2017.5], "adaptive_substitutions": [0.0, 0.0, 0.0, 0.0, 0.0, 0.0, 0.7446052252268317, 0.8894874035241007, 0.8928583563904664, 0.9435707004514344, 0.9435707004514344, 1.6849829296312477, 1.7700100087605548, 1.8401502385774995, 1.8419210587028338, 1.830761451709464, 2.58521381206097, 2.675181341236387, 2.717241881462065, 2.8024974515800203, 2.785568661715451, 2.7629969418960245, 2.740425222076598, 2.740425222076598, 3.589471384884229, 3.688427985667464, 5.2441658746583215, 5.417687040723509, 5.475096020824232], "adaptive_substitutions_per_codon": [0.0, 0.0, 0.0, 0.0, 0.0, 0.0, 0.0013272820414025521, 0.0015855390437149745, 0.0015915478723537726, 0.0016819442075783145, 0.0016819442075783145, 0.0030035346339237928, 0.0031550980548316486, 0.0032801252024554357, 0.0032832817445683313, 0.0032633893969865667, 0.0046082242639232975, 0.004768594191152205, 0.004843568416153414, 0.004995539129376151, 0.004965363033360875, 0.00492512823867384, 0.004884893443986806, 0.004884893443986806, 0.006398344714588644, 0.006574737942366246, 0.009347889259640502, 0.009657196151022297, 0.009759529448884549], "rate_of_adaptation": 0.0003271435035223025}