{"virus": "yamnew", "subtype": null, "gene": "NS1", "window": 5, "min_seqs": 3, "midfreq_high": 0.75, "midfreq_low": 0.15, "window_midpoint": [1989.5, 1990.5, 1991.5, 1992.5, 1993.5, 1994.5, 1995.5, 1996.5, 1997.5, 1998.5, 1999.5, 2000.5, 2001.5, 2002.5, 2003.5, 2004.5, 2005.5, 2006.5, 2007.5, 2008.5, 2009.5, 2010.5, 2011.5, 2012.5, 2013.5, 2014.5, 2015.5, 2016.5, 2017.5], "adaptive_substitutions": [0.0, 0.0, 0.0, 0.0, 0.0, 0.0, 0.0, 0.0, 6.14142395000757, 7.378354165787542, 8.147773766805344, 7.266941651431091, 7.175513750353845, 7.170616562040753, 7.326262291959924, 7.648263656863869, 9.831726056637855, 9.076899203195136, 9.999371409021105, 10.145263095072732, 10.188990302587797, 10.299551232262008, 10.311506248248758, 10.405983155414765, 10.414020656582888, 10.33558265780425, 12.500890513796984, 12.280224951311267, 12.810494708692904], "adaptive_substitutions_per_codon": [0.0, 0.0, 0.0, 0.0, 0.0, 0.0, 0.0, 0.0, 0.021778099113502022, 0.026164376474423906, 0.028892814775905475, 0.025769296636280466, 0.025445084221112926, 0.025427718305109055, 0.02597965351758838, 0.0271215023293045, 0.034864276796588135, 0.03218758582693311, 0.03545876386177697, 0.03597611026621536, 0.03613117128577233, 0.036523231320078044, 0.03656562499378992, 0.0369006494872864, 0.03692915126447833, 0.03665100233263919, 0.044329398985095685, 0.04354689699046548, 0.04542728620103867], "rate_of_adaptation": 0.00176749674555427}