{"virus": "yamnew", "subtype": null, "gene": "ha2", "window": 5, "min_seqs": 3, "midfreq_high": 0.75, "midfreq_low": 0.15, "window_midpoint": [1981.5, 1982.5, 1989.5, 1990.5, 1991.5, 1992.5, 1993.5, 1994.5, 1995.5, 1996.5, 1997.5, 1998.5, 1999.5, 2000.5, 2001.5, 2002.5, 2003.5, 2004.5, 2005.5, 2006.5, 2007.5, 2008.5, 2009.5, 2010.5, 2011.5, 2012.5, 2013.5, 2014.5, 2015.5, 2016.5, 2017.5], "adaptive_substitutions": [0.0, 0.0, 0.0, 0.0, 0.0, 0.0, 0.0, 0.0, 0.0, 0.0, 0.8, 0.9047619047619048, 0.9180327868852459, 0.8076923076923077, 0.0, 0.0, 0.782051282051282, 0.9438202247191011, 0.5, 1.0, 1.0, 1.0, 1.0, 1.0, 1.0, 1.0, 1.0, 1.0, 1.0, 1.0, 1.0], "adaptive_substitutions_per_codon": [0.0, 0.0, 0.0, 0.0, 0.0, 0.0, 0.0, 0.0, 0.0, 0.0, 0.0035714285714285718, 0.0040391156462585035, 0.004098360655737705, 0.003605769230769231, 0.0, 0.0, 0.0034913003663003665, 0.004213483146067416, 0.002232142857142857, 0.004464285714285714, 0.004464285714285714, 0.004464285714285714, 0.004464285714285714, 0.004464285714285714, 0.004464285714285714, 0.004464285714285714, 0.004464285714285714, 0.004464285714285714, 0.004464285714285714, 0.004464285714285714, 0.004464285714285714], "rate_of_adaptation": 0.00017425676960820786}