{"virus": "yamnew", "subtype": null, "gene": "M1", "window": 5, "min_seqs": 3, "midfreq_high": 0.75, "midfreq_low": 0.15, "window_midpoint": [1989.5, 1990.5, 1991.5, 1992.5, 1993.5, 1994.5, 1995.5, 1996.5, 1997.5, 1998.5, 1999.5, 2000.5, 2001.5, 2002.5, 2003.5, 2004.5, 2005.5, 2006.5, 2007.5, 2008.5, 2009.5, 2010.5, 2011.5, 2012.5, 2013.5, 2014.5, 2015.5, 2016.5, 2017.5], "adaptive_substitutions": [0.0, 0.0, 0.0, 0.0, 0.0, 0.0, 0.0, 0.0, 0.0, 0, 0, 0, 0, 0, 0, 0, 0, 0, 0.6291414050082328, 0.712964788454714, 0.7551062655258074, 0.8582778196358103, 0.8023737234336186, 0.8023737234336186, 0.8023737234336186, 0.8023737234336186, 0.8023737234336186, 0.8023737234336186, 0.8023737234336186], "adaptive_substitutions_per_codon": [0.0, 0.0, 0.0, 0.0, 0.0, 0.0, 0.0, 0.0, 0.0, 0.0, 0.0, 0.0, 0.0, 0.0, 0.0, 0.0, 0.0, 0.0, 0.0025266723092700113, 0.002863312403432586, 0.0030325552832361742, 0.003446898874039399, 0.0032223844314603154, 0.0032223844314603154, 0.0032223844314603154, 0.0032223844314603154, 0.0032223844314603154, 0.0032223844314603154, 0.0032223844314603154], "rate_of_adaptation": 0.0001551086090120099}