{"virus": "yamnew", "subtype": null, "gene": "NA", "window": 5, "min_seqs": 3, "midfreq_high": 0.75, "midfreq_low": 0.15, "window_midpoint": [1981.5, 1982.5, 1989.5, 1990.5, 1991.5, 1992.5, 1993.5, 1994.5, 1995.5, 1996.5, 1997.5, 1998.5, 1999.5, 2000.5, 2001.5, 2002.5, 2003.5, 2004.5, 2005.5, 2006.5, 2007.5, 2008.5, 2009.5, 2010.5, 2011.5, 2012.5, 2013.5, 2014.5, 2015.5, 2016.5, 2017.5], "adaptive_substitutions": [0.0, 0.0, 1.3713124285738094, 1.6856562142869047, 2.5334658066096263, 1.7958630612256234, 1.7958630612256234, 2.542530292118625, 9.281451847733848, 11.488911690584835, 11.686410691372785, 11.675293075395846, 12.04417909140911, 11.979717353343123, 12.26737426190655, 12.234198607392113, 12.269170017483802, 12.170179832863072, 14.336644453638833, 14.702271686419902, 14.88209373953006, 14.999253245201787, 15.020291148960993, 15.042067030295263, 15.020681841785951, 14.980094758016861, 14.869784434477454, 15.603865956931735, 17.189398707131726, 19.21371728218533, 20.306318069528373], "adaptive_substitutions_per_codon": [0.0, 0.0, 0.002936429183241562, 0.0036095422147471193, 0.005424980313939243, 0.003845531180354654, 0.003845531180354654, 0.00544439034714909, 0.019874629224269483, 0.024601523962708427, 0.025024434028635516, 0.025000627570440782, 0.02579053338631501, 0.025652499685959576, 0.02626846737024957, 0.026197427424822513, 0.026272312671271524, 0.02606034225452478, 0.030699452791517843, 0.03148238048483919, 0.03186743841441126, 0.03211831530021796, 0.03216336434467022, 0.032209993640889216, 0.03216420094600846, 0.03207729070239156, 0.03184108015948063, 0.03341298920113862, 0.03680813427651333, 0.04114286355928336, 0.0434824798062706], "rate_of_adaptation": 0.0012269931395524237}