{"virus": "yamnew", "subtype": null, "gene": "PB2", "window": 5, "min_seqs": 3, "midfreq_high": 0.75, "midfreq_low": 0.15, "window_midpoint": [1989.5, 1990.5, 1991.5, 1992.5, 1993.5, 1994.5, 1995.5, 1996.5, 1997.5, 1998.5, 1999.5, 2000.5, 2001.5, 2002.5, 2003.5, 2004.5, 2005.5, 2006.5, 2007.5, 2008.5, 2009.5, 2010.5, 2011.5, 2012.5, 2013.5, 2014.5, 2015.5, 2016.5, 2017.5], "adaptive_substitutions": [0.0, 0.0, 0.0, 0.0, 0.0, 0.0, 0.0, 0.0, 0.0, 0, 0, 0, 0, 0, 0, 0, 0.6410926152536722, 0.7322447182071101, 0.8665601017571853, 0.9034294161232664, 0.9086933390201601, 0.8868259209520556, 0.907524296515441, 0.921741757330484, 0.8582489636173706, 0.7696439745109769, 0.7006787153269378, 0.7073437853681575, 0.6917123912489616], "adaptive_substitutions_per_codon": [0.0, 0.0, 0.0, 0.0, 0.0, 0.0, 0.0, 0.0, 0.0, 0.0, 0.0, 0.0, 0.0, 0.0, 0.0, 0.0, 0.0008315079315871235, 0.0009497337460533205, 0.0011239430632388914, 0.0011717631856332897, 0.0011785905823867187, 0.0011502281724410578, 0.0011770743145466161, 0.0011955146009474502, 0.0011131633769356298, 0.000998241212076494, 0.0009087921080764434, 0.0009174368163011121, 0.0008971626345641525], "rate_of_adaptation": 5.3039861972261856e-05}