{"virus": "yamnew", "subtype": null, "gene": "ha1", "window": 5, "min_seqs": 3, "midfreq_high": 0.75, "midfreq_low": 0.15, "window_midpoint": [1981.5, 1982.5, 1989.5, 1990.5, 1991.5, 1992.5, 1993.5, 1994.5, 1995.5, 1996.5, 1997.5, 1998.5, 1999.5, 2000.5, 2001.5, 2002.5, 2003.5, 2004.5, 2005.5, 2006.5, 2007.5, 2008.5, 2009.5, 2010.5, 2011.5, 2012.5, 2013.5, 2014.5, 2015.5, 2016.5, 2017.5], "adaptive_substitutions": [0.0, 0.0, 11.250516165159722, 11.187980972080648, 10.950867928518793, 11.461890442415571, 11.000469241054292, 16.16181325633154, 16.49981629950558, 19.359795267687623, 21.22283922107663, 20.6263668685222, 22.260175906246978, 22.363465722257743, 18.083169358402095, 18.461020456418495, 19.10189992397494, 24.313204709477187, 25.446216113151465, 25.53053981267836, 25.495328484057, 24.471213795901495, 25.361027435989993, 23.999399440015416, 24.111945317429853, 24.084193608599534, 24.0633798269768, 24.04256604535406, 28.35677688976438, 29.968606770339505, 30.19856322302168], "adaptive_substitutions_per_codon": [0.0, 0.0, 0.03251594267387203, 0.03233520512162037, 0.031649907307857786, 0.033126850989640376, 0.03179326370246905, 0.0467104429373744, 0.04768733034539185, 0.055953165513548044, 0.061337685610048064, 0.05961377707665376, 0.06433576851516468, 0.06463429399496458, 0.05226349525549739, 0.05335555045207658, 0.055207803248482484, 0.07026937777305545, 0.07354397720564007, 0.07378768731987966, 0.07368592047415318, 0.07072605143324132, 0.07329776715604044, 0.06936242612721219, 0.06968770322956605, 0.06960749597861136, 0.06954734054039538, 0.06948718510217937, 0.08195600257157334, 0.08661447043450723, 0.08727908445960023], "rate_of_adaptation": 0.0020806726117001666}