{"virus": "yamnew", "subtype": null, "gene": "PB1", "window": 5, "min_seqs": 3, "midfreq_high": 0.75, "midfreq_low": 0.15, "window_midpoint": [1989.5, 1990.5, 1991.5, 1992.5, 1993.5, 1994.5, 1995.5, 1996.5, 1997.5, 1998.5, 1999.5, 2000.5, 2001.5, 2002.5, 2003.5, 2004.5, 2005.5, 2006.5, 2007.5, 2008.5, 2009.5, 2010.5, 2011.5, 2012.5, 2013.5, 2014.5, 2015.5, 2016.5, 2017.5], "adaptive_substitutions": [0.0, 0.0, 0.0, 0.0, 0.0, 0.0, 0.6142621578875508, 1.4009279413246953, 1.4964766670142058, 1.63753274829322, 1.603692831028519, 1.5967580008727664, 1.5766031272885135, 1.638332156953188, 1.6398206265273954, 1.6313096197128452, 2.877736350709879, 2.9058793490116908, 2.9330780481996883, 1.7226269209671101, 1.7226269209671101, 1.6974111865095747, 1.6974111865095747, 1.6974111865095747, 3.2685917330740835, 3.2943470579029213, 3.4726571861642688, 3.5654363529369375, 3.5926391990397226], "adaptive_substitutions_per_codon": [0.0, 0.0, 0.0, 0.0, 0.0, 0.0, 0.000815753197725831, 0.001860462073472371, 0.0019873528114398484, 0.0021746782845859496, 0.00212973815541636, 0.002120528553615892, 0.0020937624532383976, 0.002175739916272494, 0.002177716635494549, 0.00216641383760006, 0.003821695020863053, 0.003859069520599855, 0.003895189971048723, 0.0022876851540067863, 0.0022876851540067863, 0.0022541981228546806, 0.0022541981228546806, 0.0022541981228546806, 0.004340759273670762, 0.0043749628923013565, 0.004611762531426652, 0.004734975236304034, 0.004771101193943855], "rate_of_adaptation": 0.0001615103064981635}