{"virus": "mumps", "subtype": null, "gene": "F", "window": 3, "min_seqs": 3, "midfreq_high": 0.75, "midfreq_low": 0.15, "window_midpoint": [2007.5, 2008.5, 2009.5, 2010.5, 2013.5, 2014.5, 2015.5, 2016.5], "adaptive_substitutions": [0.0, 0.0, 0.0, 0.0, 0.5, 0.5, 0.5, 1.0], "adaptive_substitutions_per_codon": [0.0, 0.0, 0.0, 0.0, 0.0009276437847866419, 0.0009276437847866419, 0.0009276437847866419, 0.0018552875695732839], "rate_of_adaptation": 0.00018666002986560479, "bootstrap_adaptive_substitutions": [[0.0, 0.0, 0.0, 0.0, 0.5, 0.5, 0.5, 1.0], [0.0, 0.0, 0.0, 0.0, 0.5, 0.5, 0.5, 1.0], [0.0, 0.0, 0.0, 0.0, 0.5, 0.5, 0.5, 1.0], [0.0, 0.0, 0.0, 0.0, 1.5, 1.5, 1.5, 3.0], [0.0, 0.0, 0.0, 0.0, 0.5, 0.5, 0.5, 1.0], [0.0, 0.0, 0.0, 0.0, 0.0, 0.0, 0.0, 0.0], [0.0, 0.0, 0.0, 0.0, 0.5, 0.5, 0.5, 1.0], [0.0, 0.0, 0.0, 0.0, 1.0, 1.0, 1.0, 2.0], [0.0, 0.0, 0.0, 0.0, 0.0, 0.0, 0.0, 0.0], [0.0, 0.0, 0.0, 0.0, 0.5, 0.5, 0.5, 1.0], [0.0, 0.0, 0.0, 0.0, 1.0, 1.0, 1.0, 2.0], [0.0, 0.0, 0.0, 0.0, 0.5, 0.5, 0.5, 1.0], [0.0, 0.0, 0.0, 0.0, 0.0, 0.0, 0.0, 0.0], [0.0, 0.0, 0.0, 0.0, 1.5, 1.5, 1.5, 3.0], [0.0, 0.0, 0.0, 0.0, 1.0, 1.0, 1.0, 2.0], [0.0, 0.0, 0.0, 0.0, 0.0, 0.0, 0.0, 0.0], [0.0, 0.0, 0.0, 0.0, 0.0, 0.0, 0.0, 0.0], [0.0, 0.0, 0.0, 0.0, 1.0, 1.0, 1.0, 2.0], [0.0, 0.0, 0.0, 0.0, 0.5, 0.5, 0.5, 1.0], [0.0, 0.0, 0.0, 0.0, 1.5, 1.5, 1.5, 3.0], [0.0, 0.0, 0.0, 0.0, 0.5, 0.5, 0.5, 1.0], [0.0, 0.0, 0.0, 0.0, 1.0, 1.0, 1.0, 2.0], [0.0, 0.0, 0.0, 0.0, 1.0, 1.0, 1.0, 2.0], [0.0, 0.0, 0.0, 0.0, 0.5, 0.5, 0.5, 1.0], [0.0, 0.0, 0.0, 0.0, 0.0, 0.0, 0.0, 0.0], [0.0, 0.0, 0.0, 0.0, 0.5, 0.5, 0.5, 1.0], [0.0, 0.0, 0.0, 0.0, 0.0, 0.0, 0.0, 0.0], [0.0, 0.0, 0.0, 0.0, 0.5, 0.5, 0.5, 1.0], [0.0, 0.0, 0.0, 0.0, 0.5, 0.5, 0.5, 1.0], [0.0, 0.0, 0.0, 0.0, 0.0, 0.0, 0.0, 0.0], [0.0, 0.0, 0.0, 0.0, 0.0, 0.0, 0.0, 0.0], [0.0, 0.0, 0.0, 0.0, 0.5, 0.5, 0.5, 1.0], [0.0, 0.0, 0.0, 0.0, 1.0, 1.0, 1.0, 2.0], [0.0, 0.0, 0.0, 0.0, 0.0, 0.0, 0.0, 0.0], [0.0, 0.0, 0.0, 0.0, 1.0, 1.0, 1.0, 2.0], [0.0, 0.0, 0.0, 0.0, 0.0, 0.0, 0.0, 0.0], [0.0, 0.0, 0.0, 0.0, 2.0, 2.0, 2.0, 4.0], [0.0, 0.0, 0.0, 0.0, 1.0, 1.0, 1.0, 2.0], [0.0, 0.0, 0.0, 0.0, 0.5, 0.5, 0.5, 1.0], [0.0, 0.0, 0.0, 0.0, 0.0, 0.0, 0.0, 0.0], [0.0, 0.0, 0.0, 0.0, 0.0, 0.0, 0.0, 0.0], [0.0, 0.0, 0.0, 0.0, 0.5, 0.5, 0.5, 1.0], [0.0, 0.0, 0.0, 0.0, 0.0, 0.0, 0.0, 0.0], [0.0, 0.0, 0.0, 0.0, 2.0, 2.0, 2.0, 4.0], [0.0, 0.0, 0.0, 0.0, 0.0, 0.0, 0.0, 0.0], [0.0, 0.0, 0.0, 0.0, 0.5, 0.5, 0.5, 1.0], [0.0, 0.0, 0.0, 0.0, 0.0, 0.0, 0.0, 0.0], [0.0, 0.0, 0.0, 0.0, 0.5, 0.5, 0.5, 1.0], [0.0, 0.0, 0.0, 0.0, 0.5, 0.5, 0.5, 1.0], [0.0, 0.0, 0.0, 0.0, 0.5, 0.5, 0.5, 1.0], [0.0, 0.0, 0.0, 0.0, 0.5, 0.5, 0.5, 1.0], [0.0, 0.0, 0.0, 0.0, 0.0, 0.0, 0.0, 0.0], [0.0, 0.0, 0.0, 0.0, 0.0, 0.0, 0.0, 0.0], [0.0, 0.0, 0.0, 0.0, 0.5, 0.5, 0.5, 1.0], [0.0, 0.0, 0.0, 0.0, 0.0, 0.0, 0.0, 0.0], [0.0, 0.0, 0.0, 0.0, 0.5, 0.5, 0.5, 1.0], [0.0, 0.0, 0.0, 0.0, 0.5, 0.5, 0.5, 1.0], [0.0, 0.0, 0.0, 0.0, 0.5, 0.5, 0.5, 1.0], [0.0, 0.0, 0.0, 0.0, 0.5, 0.5, 0.5, 1.0], [0.0, 0.0, 0.0, 0.0, 1.0, 1.0, 1.0, 2.0], [0.0, 0.0, 0.0, 0.0, 0.5, 0.5, 0.5, 1.0], [0.0, 0.0, 0.0, 0.0, 0.0, 0.0, 0.0, 0.0], [0.0, 0.0, 0.0, 0.0, 1.0, 1.0, 1.0, 2.0], [0.0, 0.0, 0.0, 0.0, 0.5, 0.5, 0.5, 1.0], [0.0, 0.0, 0.0, 0.0, 0.5, 0.5, 0.5, 1.0], [0.0, 0.0, 0.0, 0.0, 0.0, 0.0, 0.0, 0.0], [0.0, 0.0, 0.0, 0.0, 0.5, 0.5, 0.5, 1.0], [0.0, 0.0, 0.0, 0.0, 0.0, 0.0, 0.0, 0.0], [0.0, 0.0, 0.0, 0.0, 0.5, 0.5, 0.5, 1.0], [0.0, 0.0, 0.0, 0.0, 0.0, 0.0, 0.0, 0.0], [0.0, 0.0, 0.0, 0.0, 0.5, 0.5, 0.5, 1.0], [0.0, 0.0, 0.0, 0.0, 0.0, 0.0, 0.0, 0.0], [0.0, 0.0, 0.0, 0.0, 0.5, 0.5, 0.5, 1.0], [0.0, 0.0, 0.0, 0.0, 0.5, 0.5, 0.5, 1.0], [0.0, 0.0, 0.0, 0.0, 0.5, 0.5, 0.5, 1.0], [0.0, 0.0, 0.0, 0.0, 0.0, 0.0, 0.0, 0.0], [0.0, 0.0, 0.0, 0.0, 1.0, 1.0, 1.0, 2.0], [0.0, 0.0, 0.0, 0.0, 0.0, 0.0, 0.0, 0.0], [0.0, 0.0, 0.0, 0.0, 0.5, 0.5, 0.5, 1.0], [0.0, 0.0, 0.0, 0.0, 0.5, 0.5, 0.5, 1.0], [0.0, 0.0, 0.0, 0.0, 0.0, 0.0, 0.0, 0.0], [0.0, 0.0, 0.0, 0.0, 0.5, 0.5, 0.5, 1.0], [0.0, 0.0, 0.0, 0.0, 0.5, 0.5, 0.5, 1.0], [0.0, 0.0, 0.0, 0.0, 0.0, 0.0, 0.0, 0.0], [0.0, 0.0, 0.0, 0.0, 1.0, 1.0, 1.0, 2.0], [0.0, 0.0, 0.0, 0.0, 0.5, 0.5, 0.5, 1.0], [0.0, 0.0, 0.0, 0.0, 0.0, 0.0, 0.0, 0.0], [0.0, 0.0, 0.0, 0.0, 1.0, 1.0, 1.0, 2.0], [0.0, 0.0, 0.0, 0.0, 0.0, 0.0, 0.0, 0.0], [0.0, 0.0, 0.0, 0.0, 0.0, 0.0, 0.0, 0.0], [0.0, 0.0, 0.0, 0.0, 0.0, 0.0, 0.0, 0.0], [0.0, 0.0, 0.0, 0.0, 1.0, 1.0, 1.0, 2.0], [0.0, 0.0, 0.0, 0.0, 0.0, 0.0, 0.0, 0.0], [0.0, 0.0, 0.0, 0.0, 0.5, 0.5, 0.5, 1.0], [0.0, 0.0, 0.0, 0.0, 0.5, 0.5, 0.5, 1.0], [0.0, 0.0, 0.0, 0.0, 1.0, 1.0, 1.0, 2.0], [0.0, 0.0, 0.0, 0.0, 0.5, 0.5, 0.5, 1.0], [0.0, 0.0, 0.0, 0.0, 2.5, 2.5, 2.5, 5.0], [0.0, 0.0, 0.0, 0.0, 0.0, 0.0, 0.0, 0.0], [0.0, 0.0, 0.0, 0.0, 0.5, 0.5, 0.5, 1.0]],