{"virus": "229e", "subtype": null, "gene": "S1", "window": 3, "min_seqs": 2, "midfreq_high": 0.75, "midfreq_low": 0.15, "window_midpoint": [1992.5, 1993.5, 1994.5, 2003.5, 2004.5, 2005.5, 2006.5, 2007.5, 2008.5, 2009.5, 2010.5, 2011.5, 2012.5, 2013.5, 2014.5, 2015.5, 2016.5, 2017.5, 2018.5, 2019.5, 2020.5], "adaptive_substitutions": [0.0, 0.0, 0.0, 9.0, 7.8, 7.8, 10.6, 11.9, 11.469999999999999, 12.274137931034483, 12.324074074074073, 15.333333333333332, 7.416666666666666, 31.0, 5.190476190476191, 18.900000000000002, 18.102272727272727, 18.26031294452347, 16.136363636363633, 20.714285714285715, 15.285714285714285], "adaptive_substitutions_per_codon": [0.0, 0.0, 0.0, 0.01651376146788991, 0.014311926605504587, 0.014311926605504587, 0.019449541284403668, 0.0218348623853211, 0.021045871559633025, 0.022521354001898135, 0.02261297995242949, 0.028134556574923544, 0.013608562691131497, 0.05688073394495413, 0.009523809523809525, 0.03467889908256881, 0.03321517931609674, 0.03350516136609811, 0.02960800667222685, 0.038007863695937096, 0.02804718217562254], "rate_of_adaptation": 0.0012973987165891784}