{"virus": "adenovirusB3", "subtype": null, "gene": "pol", "window": 3, "min_seqs": 2, "midfreq_high": 0.75, "midfreq_low": 0.15, "window_midpoint": [1989.5, 2002.5, 2003.5, 2004.5, 2005.5, 2006.5, 2007.5, 2008.5, 2010.5, 2011.5, 2012.5, 2013.5, 2014.5, 2015.5, 2016.5, 2017.5, 2018.5, 2019.5], "adaptive_substitutions": [0.0, 1.8333333333333333, 0.8333333333333334, 0.8333333333333334, 0.5694444444444444, 0.0, 0.0, 0.6574074074074074, 12.444444444444445, 12.444444444444445, 0.6805555555555556, 0.0, 0.7521367521367522, 0.7629629629629631, 0.7777777777777777, 2.6134259259259256, 2.8333333333333335, 2.8333333333333335], "adaptive_substitutions_per_codon": [0.0, 0.0015354550530429928, 0.0006979341150195422, 0.0006979341150195422, 0.00047692164526335376, 0.0, 0.0, 0.0005505924685154166, 0.01042248278429183, 0.01042248278429183, 0.0005699795272659595, 0.0, 0.0006299302781714843, 0.0006389974564178921, 0.0006514051740182392, 0.002188798932936286, 0.0023729759910664436, 0.0023729759910664436], "rate_of_adaptation": 7.906818407338698e-05}