{"virus": "adenovirusB7", "subtype": null, "gene": "E1B 55K", "window": 3, "min_seqs": 2, "midfreq_high": 0.75, "midfreq_low": 0.15, "window_midpoint": [1987.5, 1988.5, 1989.5, 1996.5, 1997.5, 1998.5, 2005.5, 2006.5, 2007.5, 2008.5, 2009.5, 2010.5, 2011.5, 2012.5, 2013.5, 2014.5, 2015.5, 2016.5, 2017.5], "adaptive_substitutions": [0.0, 0.0, 0.0, 0.0, 0.0, 0.0, 0.0, 0.0, 0.0, 0.0, 0.389778152204437, 14.448188711036225, 15.1575400168492, 14.354394832912103, 13.417077867372726, 12.721496770570067, 13.291397547505383, 15.204559814658804, 15.543386689132266], "adaptive_substitutions_per_codon": [0.0, 0.0, 0.0, 0.0, 0.0, 0.0, 0.0, 0.0, 0.0, 0.0, 3.292601387096106e-05, 0.0012204923729545723, 0.0012804139226937996, 0.001212569254342972, 0.0011333905953178514, 0.0010746322664782959, 0.0011227739100781705, 0.0012843858603361045, 0.0013130078297966096], "rate_of_adaptation": 4.7139690066900415e-05}