{"virus": "dengue", "subtype": "denv3_III", "gene": "E", "window": 3, "min_seqs": 2, "midfreq_high": 0.75, "midfreq_low": 0.15, "window_midpoint": [1982.5, 1983.5, 1984.5, 1985.5, 1986.5, 1988.5, 1989.5, 1990.5, 1993.5, 1994.5, 1995.5, 1996.5, 1997.5, 1998.5, 1999.5, 2000.5, 2001.5, 2002.5, 2003.5, 2004.5, 2005.5, 2006.5, 2007.5, 2008.5, 2009.5, 2010.5, 2011.5, 2012.5, 2013.5, 2014.5, 2015.5, 2016.5, 2017.5], "adaptive_substitutions": [0.0, 0.0, 0.0, 0.0, 0.0, 0.0, 0.0, 0.0, 0.6105068948599668, 0.6105068948599668, 0.0, 0.46444698043245425, 0.46444698043245425, 0.6105068948599668, 0.6105068948599668, 0.6817083077023997, 0.7661518413173917, 0.3670737041474459, 0.16358809625957516, 0.16494203440741162, 0.2141145355216275, 0.7565668092874792, 0.707880171144975, 0.6348502139312189, 0.6348502139312189, 0.7565668092874792, 0.707880171144975, 0.683536852073723, 0.5618202567174626, 0.20415751297853113, 0.5093811561249703, 0.5093811561249703, 0], "adaptive_substitutions_per_codon": [0.0, 0.0, 0.0, 0.0, 0.0, 0.0, 0.0, 0.0, 0.0012383506995131172, 0.0012383506995131172, 0.0, 0.0009420831246094406, 0.0009420831246094406, 0.0012383506995131172, 0.0012383506995131172, 0.001382775472012981, 0.0015540605300555612, 0.0007445714080069896, 0.00033182169626688675, 0.0003345680211103684, 0.00043430940268078603, 0.0015346182744167935, 0.001435862416115568, 0.00128772862866373, 0.00128772862866373, 0.0015346182744167935, 0.001435862416115568, 0.0013864844869649552, 0.0011395948412118917, 0.00041411260239052967, 0.001033227497210893, 0.001033227497210893, 0.0], "rate_of_adaptation": 3.1761747043770393e-05}