{"virus": "dengue", "subtype": "denv4_II", "gene": "NS2B", "window": 3, "min_seqs": 2, "midfreq_high": 0.75, "midfreq_low": 0.15, "window_midpoint": [1981.5, 1982.5, 1983.5, 1993.5, 1994.5, 1995.5, 1996.5, 1997.5, 1998.5, 1999.5, 2000.5, 2001.5, 2002.5, 2003.5, 2004.5, 2005.5, 2006.5, 2007.5, 2008.5, 2009.5, 2010.5, 2011.5, 2012.5, 2013.5, 2014.5, 2015.5, 2016.5], "adaptive_substitutions": [0.0, 0.0, 0.0, 0.0, 0.0, 0.0, 0.0, 0, 0, 0.0, 0.0, 0, 0.0, 0.0, 0, 0, 0.7441519574909912, 0.6754123444566954, 0, 0.0, 0.0, 0.6457666848491104, 0.7464728516460026, 0.7118426678067551, 0.0, 0.0, 1.53014108593416], "adaptive_substitutions_per_codon": [0.0, 0.0, 0.0, 0.0, 0.0, 0.0, 0.0, 0.0, 0.0, 0.0, 0.0, 0.0, 0.0, 0.0, 0.0, 0.0, 0.005724245826853778, 0.005195479572743811, 0.0, 0.0, 0.0, 0.004967436037300849, 0.005742098858815405, 0.005475712829282732, 0.0, 0.0, 0.011770316045647385], "rate_of_adaptation": 0.00015028759386737382}