{"virus": "dengue", "subtype": "denv1_IV", "gene": "E", "window": 3, "min_seqs": 2, "midfreq_high": 0.75, "midfreq_low": 0.15, "window_midpoint": [1994.5, 1995.5, 1996.5, 2000.5, 2001.5, 2002.5, 2003.5, 2004.5, 2005.5, 2006.5, 2007.5, 2008.5, 2009.5, 2010.5, 2011.5, 2012.5, 2013.5, 2014.5], "adaptive_substitutions": [0.0, 0.0, 0.0, 0.819672131147541, 0.8918032786885246, 0.8918032786885246, 0.8495586380832283, 0.8327868852459016, 0.7967213114754098, 0.8918032786885246, 0.8918032786885246, 1.1864754098360657, 0.9278688524590164, 0.9459016393442623, 3.279836065573771, 4.751639344262296, 5.368852459016393, 0.7114754098360656], "adaptive_substitutions_per_codon": [0.0, 0.0, 0.0, 0.0016559032952475575, 0.0018016227852293426, 0.0018016227852293426, 0.0017162800769358146, 0.0016823977479715185, 0.001609538002980626, 0.0018016227852293426, 0.0018016227852293426, 0.0023969200198708396, 0.0018744825302202351, 0.0019109124027156814, 0.006625931445603577, 0.009599271402550093, 0.010846166583871502, 0.00143732406027488], "rate_of_adaptation": 0.00032756701616821126}