{"virus": "dengue", "subtype": "denv4_II", "gene": "E", "window": 3, "min_seqs": 2, "midfreq_high": 0.75, "midfreq_low": 0.15, "window_midpoint": [1981.5, 1982.5, 1983.5, 1993.5, 1994.5, 1995.5, 1996.5, 1997.5, 1998.5, 1999.5, 2000.5, 2001.5, 2002.5, 2003.5, 2004.5, 2005.5, 2006.5, 2007.5, 2008.5, 2009.5, 2010.5, 2011.5, 2012.5, 2013.5, 2014.5, 2015.5, 2016.5], "adaptive_substitutions": [0.0, 0.0, 0.0, 1.895442619764843, 1.5889936190198555, 1.732484695364882, 1.527256826353124, 1.6098532698474395, 1.6359926149062287, 1.6363073686167313, 0.9346516373530269, 1.5987270430473228, 1.764745894470897, 6.451073753765426, 3.5687008065299777, 3.800068020600525, 3.839379926492023, 2.863887889444201, 0.8693032747060538, 0.9259385223334304, 0.9564344249020179, 3.5767789509190595, 3.9482395620768957, 3.7942376834126907, 0.9607909824118162, 0.9477213098824215, 1.2202895734136625], "adaptive_substitutions_per_codon": [0.0, 0.0, 0.0, 0.0038291770096259455, 0.003210088119232031, 0.0034999690815452162, 0.0030853673259659074, 0.0032522288279746253, 0.003305035585669149, 0.003305671451750972, 0.0018881851259657109, 0.0032297516021158037, 0.003565143221153327, 0.013032472229829143, 0.00720949657884844, 0.007676905092122272, 0.007756323083822269, 0.005785632099887274, 0.0017561682317294017, 0.0018705828734008696, 0.001932190757377814, 0.007225816062462746, 0.007976241539549284, 0.007665126633156951, 0.0019409918836602346, 0.0019145885048129727, 0.0024652314614417425], "rate_of_adaptation": 0.0001246085081342652}