{"virus": "dengue", "subtype": "denv2_AA", "gene": "NS5", "window": 3, "min_seqs": 2, "midfreq_high": 0.75, "midfreq_low": 0.15, "window_midpoint": [1987.5, 1988.5, 1989.5, 1990.5, 1991.5, 1992.5, 1993.5, 1994.5, 1995.5, 1996.5, 1997.5, 1998.5, 1999.5, 2000.5, 2001.5, 2002.5, 2003.5, 2004.5, 2005.5, 2006.5, 2007.5, 2008.5, 2009.5, 2010.5, 2011.5, 2012.5, 2013.5, 2014.5, 2015.5, 2016.5, 2017.5], "adaptive_substitutions": [0.0, 0.0, 0.0, 0.0, 0.0, 0.0, 0.0, 0.0, 0.0, 0.8195629671436557, 0.9167091714064012, 1.0, 1.0, 1.0, 1.0, 0.9787826554976615, 0.9787826554976615, 0.957565310995323, 0.957565310995323, 3.004163386576991, 3.0932408356756427, 3.25106841956943, 3.4352937419256193, 7.530645837082142, 8.073551442118323, 7.860887787924918, 3.5438270931997233, 3.5650444377020616, 3.5650444377020616, 4.566436841897108, 3.5013924041950464], "adaptive_substitutions_per_codon": [0.0, 0.0, 0.0, 0.0, 0.0, 0.0, 0.0, 0.0, 0.0, 0.0009106255190485064, 0.0010185657460071123, 0.0011111111111111111, 0.0011111111111111111, 0.0011111111111111111, 0.0011111111111111111, 0.0010875362838862906, 0.0010875362838862906, 0.0010639614566614701, 0.0010639614566614701, 0.003337959318418879, 0.003436934261861825, 0.0036122982439660335, 0.0038169930465840217, 0.008367384263424602, 0.008970612713464802, 0.00873431976436102, 0.003937585659110804, 0.003961160486335624, 0.003961160486335624, 0.005073818713219009, 0.0038904360046611627], "rate_of_adaptation": 0.0002300077187985516}