{"virus": "dengue", "subtype": "denv3_II", "gene": "E", "window": 3, "min_seqs": 2, "midfreq_high": 0.75, "midfreq_low": 0.15, "window_midpoint": [1974.5, 1986.5, 1987.5, 1988.5, 1992.5, 1993.5, 1994.5, 1995.5, 1997.5, 1998.5, 1999.5, 2000.5, 2001.5, 2002.5, 2003.5, 2004.5, 2005.5, 2006.5, 2007.5, 2008.5, 2009.5, 2010.5, 2011.5, 2012.5], "adaptive_substitutions": [0.0, 0.7758284600389864, 0.7758284600389864, 0.7758284600389864, 3.566601689408707, 3.6562703053931123, 3.6562703053931123, 3.6562703053931123, 5.387493788938578, 5.412388997184318, 5.429304743339831, 3.5708382066276805, 3.6085853822129996, 3.5956248646307127, 4.79077322936972, 7.085899935022742, 4.923546919868369, 4.916468125045123, 4.9195160072353055, 4.907446393762183, 1.2907732293697207, 1.7907732293697207, 1.7982456140350878, 4.059918314304279], "adaptive_substitutions_per_codon": [0.0, 0.0015736885599168082, 0.0015736885599168082, 0.0015736885599168082, 0.007234486185413199, 0.007416369787815643, 0.007416369787815643, 0.007416369787815643, 0.010927979287907865, 0.01097847666771667, 0.011012788526044282, 0.0072430795266281555, 0.007319645805705882, 0.00729335672338887, 0.009717592757342231, 0.014373022180573514, 0.009986910587968294, 0.009972551977779154, 0.00997873429459494, 0.009954252320004428, 0.0026182012766120095, 0.00363240005957347, 0.0036475570264403404, 0.008235128426580689], "rate_of_adaptation": 0.00019103579625795512}