{"virus": "dengue", "subtype": "denv3_III", "gene": "E2", "window": 3, "min_seqs": 2, "midfreq_high": 0.75, "midfreq_low": 0.15, "window_midpoint": [1982.5, 1983.5, 1984.5, 1985.5, 1986.5, 1988.5, 1989.5, 1990.5, 1993.5, 1994.5, 1995.5, 1996.5, 1997.5, 1998.5, 1999.5, 2000.5, 2001.5, 2002.5, 2003.5, 2004.5, 2005.5, 2006.5, 2007.5, 2008.5, 2009.5, 2010.5, 2011.5, 2012.5, 2013.5, 2014.5, 2015.5, 2016.5, 2017.5], "adaptive_substitutions": [0.0, 0.0, 0.0, 0.0, 0.0, 0.5185578393069474, 0.5185578393069474, 0.5185578393069474, 0.9259385085782232, 0.9259385085782232, 0.7037540343128927, 0.8889077628673347, 0.8889077628673347, 0.9259385085782232, 0.9259385085782232, 0.9629692542891116, 0.8518770171564464, 0.8518770171564464, 0.7321428571428572, 0.7705124923141704, 0.8080237007500917, 0.9444538814336674, 0.9444538814336674, 0.907423135722779, 0.907423135722779, 0.9629692542891116, 0.9629692542891116, 0.9444538814336674, 0.9259385085782232, 0.7500318498386275, 0.8148220049018418, 0.8148220049018418, 0.6049770681161882], "adaptive_substitutions_per_codon": [0.0, 0.0, 0.0, 0.0, 0.0, 0.0031238424054635386, 0.0031238424054635386, 0.0031238424054635386, 0.005577942822760381, 0.005577942822760381, 0.004239482134415017, 0.005354866041369487, 0.005354866041369487, 0.005577942822760381, 0.005577942822760381, 0.005801019604151275, 0.005131789259978593, 0.005131789259978593, 0.004410499139414803, 0.004641641519964882, 0.004867612655121034, 0.005689481213455827, 0.005689481213455827, 0.0054664044320649335, 0.0054664044320649335, 0.005801019604151275, 0.005801019604151275, 0.005689481213455827, 0.005577942822760381, 0.004518264155654383, 0.004908566294589408, 0.004908566294589408, 0.0036444401693746277], "rate_of_adaptation": 0.0001332812004952676}