{"virus": "dengue", "subtype": "denv4_II", "gene": "NS5", "window": 3, "min_seqs": 2, "midfreq_high": 0.75, "midfreq_low": 0.15, "window_midpoint": [1981.5, 1982.5, 1983.5, 1993.5, 1994.5, 1995.5, 1996.5, 1997.5, 1998.5, 1999.5, 2000.5, 2001.5, 2002.5, 2003.5, 2004.5, 2005.5, 2006.5, 2007.5, 2008.5, 2009.5, 2010.5, 2011.5, 2012.5, 2013.5, 2014.5, 2015.5, 2016.5], "adaptive_substitutions": [0.0, 0.0, 0.0, 0.8693032747060538, 0.7552877919217439, 0.8531726751530464, 0.7505587406471674, 1.5062676124769216, 1.5324069575357109, 1.489393433688364, 1.429793023029832, 1.1974540860946459, 1.5033524438830046, 1.9544261976484305, 0.446215139442231, 0.5498007968127491, 0.916279134333745, 0.07820834761084028, 0, 0, 0, 1.0027174732524902, 1.4935380429501504, 1.4421339034107472, 0, 0, 11.504810028179964], "adaptive_substitutions_per_codon": [0.0, 0.0, 0.0, 0.0009658925274511709, 0.0008392086576908265, 0.0009479696390589404, 0.0008339541562746305, 0.001673630680529913, 0.001702674397261901, 0.001654881592987071, 0.001588658914477591, 0.0013305045401051621, 0.0016703916043144496, 0.0021715846640538118, 0.0004957945993802567, 0.0006108897742363879, 0.0010180879270374945, 8.689816401204476e-05, 0.0, 0.0, 0.0, 0.0011141305258361002, 0.0016594867143890559, 0.0016023710037897192, 0.0, 0.0, 0.012783122253533294], "rate_of_adaptation": 7.234891591604156e-05}