{"virus": "dengue", "subtype": "denv3_II", "gene": "NS5", "window": 3, "min_seqs": 2, "midfreq_high": 0.75, "midfreq_low": 0.15, "window_midpoint": [1974.5, 1986.5, 1987.5, 1988.5, 1992.5, 1993.5, 1994.5, 1995.5, 1997.5, 1998.5, 1999.5, 2000.5, 2001.5, 2002.5, 2003.5, 2004.5, 2005.5, 2006.5, 2007.5, 2008.5, 2009.5, 2010.5, 2011.5, 2012.5], "adaptive_substitutions": [0.0, 6.656270305393113, 6.656270305393113, 6.656270305393113, 6.387264457439896, 6.491877842755036, 6.491877842755036, 6.476933073424302, 7.3425065932805875, 7.375712944913725, 7.381351526965562, 5.544184535412605, 5.385825176242079, 5.393762183235868, 5.678687459389214, 8.755880441845354, 8.299585769980506, 8.3154442820013, 8.313541260558804, 8.272943469785575, 5.678687459389214, 5.648797920727746, 5.641325536062379, 10.14321297069835], "adaptive_substitutions_per_codon": [0.0, 0.007395855894881237, 0.007395855894881237, 0.007395855894881237, 0.007096960508266551, 0.0072131976030611515, 0.0072131976030611515, 0.00719659230380478, 0.008158340659200652, 0.008195236605459694, 0.008201501696628402, 0.006160205039347339, 0.005984250195824533, 0.005993069092484298, 0.006309652732654682, 0.009728756046494839, 0.009221761966645007, 0.009239382535557, 0.009237268067287559, 0.009192159410872862, 0.006309652732654682, 0.00627644213414194, 0.0062681394845137545, 0.011270236634109278], "rate_of_adaptation": 0.00012705266115233273}