{"virus": "dengue", "subtype": "denv2_AI", "gene": "E", "window": 3, "min_seqs": 2, "midfreq_high": 0.75, "midfreq_low": 0.15, "window_midpoint": [1965.5, 1973.5, 1974.5, 1975.5, 1984.5, 1985.5, 1993.5, 1994.5, 1995.5, 1996.5, 1997.5, 1998.5, 1999.5, 2000.5, 2001.5, 2002.5, 2003.5, 2004.5, 2005.5, 2006.5, 2007.5, 2008.5, 2009.5, 2010.5, 2011.5, 2012.5, 2013.5, 2014.5, 2015.5], "adaptive_substitutions": [0.0, 5.240029914480512, 5.240029914480512, 5.240029914480512, 6.240029914480512, 6.240029914480512, 7.05003739310064, 7.081702813330618, 7.081702813330618, 6.923375712180725, 6.970873842525693, 6.939208422295714, 6.939208422295714, 7.081702813330618, 7.113368233560597, 7.145033653790575, 8.379803306452494, 8.345499355735996, 8.311916112587765, 7.838887757561099, 7.872631472352378, 7.923769651386035, 8.379616714049046, 8.670052350340896, 8.670052350340896, 8.480059828961023, 8.480059828961023, 8.480059828961023, 8.527557959305991], "adaptive_substitutions_per_codon": [0.0, 0.010585919019152549, 0.010585919019152549, 0.010585919019152549, 0.01260612103935457, 0.01260612103935457, 0.014242499784041697, 0.014306470329960845, 0.014306470329960845, 0.013986617600365101, 0.014082573419243825, 0.014018602873324675, 0.014018602873324675, 0.014306470329960845, 0.014370440875879993, 0.014434411421799142, 0.0169288955685909, 0.016859594658052517, 0.016791749722399524, 0.015836136883961818, 0.01590430600475228, 0.016007615457345525, 0.0169285186142405, 0.017515257273415952, 0.017515257273415952, 0.01713143399790106, 0.01713143399790106, 0.01713143399790106, 0.01722738981677978], "rate_of_adaptation": 0.00023138006182441307}