{"virus": "dengue", "subtype": "denv2_AI", "gene": "E2", "window": 3, "min_seqs": 2, "midfreq_high": 0.75, "midfreq_low": 0.15, "window_midpoint": [1965.5, 1973.5, 1974.5, 1975.5, 1984.5, 1985.5, 1993.5, 1994.5, 1995.5, 1996.5, 1997.5, 1998.5, 1999.5, 2000.5, 2001.5, 2002.5, 2003.5, 2004.5, 2005.5, 2006.5, 2007.5, 2008.5, 2009.5, 2010.5, 2011.5, 2012.5, 2013.5, 2014.5, 2015.5], "adaptive_substitutions": [0.0, 0.44067796610169496, 0.44067796610169496, 0.44067796610169496, 1.3163841807909606, 1.3163841807909606, 2.0677966101694913, 2.0677966101694913, 2.0677966101694913, 1.9435028248587571, 2.036723163841808, 2.098870056497175, 2.098870056497175, 2.129943502824859, 2.129943502824859, 2.129943502824859, 3.541267501842299, 3.5385510136257894, 3.6669805398618958, 3.6947490860751078, 3.6968887856977015, 3.6843358812451537, 3.624105461393597, 3.8192090395480225, 3.8192090395480225, 3.7570621468926557, 3.7570621468926557, 3.7570621468926557, 3.788135593220339], "adaptive_substitutions_per_codon": [0.0, 0.002654686542781295, 0.002654686542781295, 0.002654686542781295, 0.007930025185487714, 0.007930025185487714, 0.012456606085358382, 0.012456606085358382, 0.012456606085358382, 0.011707848342522633, 0.012269416649649445, 0.01264379552106732, 0.01264379552106732, 0.012830984956776259, 0.012830984956776259, 0.012830984956776259, 0.02133293675808614, 0.021316572371239694, 0.022090244216035518, 0.022257524614910287, 0.0222704143716729, 0.022194794465332252, 0.0218319606108048, 0.02300728337077122, 0.02300728337077122, 0.02263290449935335, 0.02263290449935335, 0.02263290449935335, 0.022820093935062284], "rate_of_adaptation": 0.0005292471040002822}