{"virus": "dengue", "subtype": "denv2_C", "gene": "NS5", "window": 3, "min_seqs": 2, "midfreq_high": 0.75, "midfreq_low": 0.15, "window_midpoint": [1976.5, 1977.5, 1992.5, 1993.5, 1994.5, 1995.5, 1996.5, 1997.5, 2000.5, 2001.5, 2002.5, 2003.5, 2004.5, 2005.5, 2006.5, 2007.5, 2008.5, 2009.5, 2010.5, 2011.5, 2012.5, 2013.5, 2014.5, 2015.5, 2016.5, 2017.5], "adaptive_substitutions": [0.0, 0.0, 11.266652088190375, 11.266652088190375, 11.266652088190375, 1.864869302616416, 1.864869302616416, 1.864869302616416, 3.5759378805750703, 6.2365644904504185, 5.161790445572316, 4.701250075690805, 3.181340919179648, 2.988920488184128, 3.84119839803682, 4.763158977465169, 3.812332705421068, 3.177344978709562, 1.0565109104275237, 4.452367935884265, 4.171199033716359, 3.9349777093645133, 0, 0.0, 0.362054099853405, 1.721364873752906], "adaptive_substitutions_per_codon": [0.0, 0.0, 0.012518502320211528, 0.012518502320211528, 0.012518502320211528, 0.002072077002907129, 0.002072077002907129, 0.002072077002907129, 0.003973264311750078, 0.006929516100500465, 0.005735322717302573, 0.005223611195212005, 0.0035348232435329424, 0.003321022764649031, 0.004267998220040911, 0.005292398863850188, 0.004235925228245631, 0.003530383309677291, 0.0011739010115861374, 0.00494707548431585, 0.004634665593018177, 0.004372197454849459, 0.0, 0.0, 0.00040228233317044995, 0.0019126276375032289], "rate_of_adaptation": -6.179162849552311e-05}