{"virus": "dengue", "subtype": "denv4_I", "gene": "NS2A", "window": 3, "min_seqs": 2, "midfreq_high": 0.75, "midfreq_low": 0.15, "window_midpoint": [1957.5, 1978.5, 1990.5, 1991.5, 2000.5, 2001.5, 2002.5, 2003.5, 2004.5, 2005.5, 2006.5, 2007.5, 2008.5, 2009.5, 2010.5, 2011.5, 2012.5, 2013.5, 2014.5, 2015.5, 2016.5, 2017.5], "adaptive_substitutions": [0.0, 1.8333333333333333, 0.0, 0.0, 1.6666666666666667, 0.7055555555555556, 0.4916666666666667, 0.9555555555555556, 0.587037037037037, 1.458641975308642, 1.4305555555555556, 0.7611111111111111, 0.8833333333333333, 0.8833333333333333, 1.0055555555555555, 0.8907407407407408, 0.8344444444444445, 0.6333333333333333, 0.8555555555555556, 0.8722222222222222, 0.8722222222222222, 1.0648148148148149], "adaptive_substitutions_per_codon": [0.0, 0.008409785932721712, 0.0, 0.0, 0.007645259938837921, 0.003236493374108053, 0.0022553516819571865, 0.004383282364933742, 0.002692830445124023, 0.006691018235360743, 0.006562181447502548, 0.0034913353720693167, 0.004051987767584098, 0.004051987767584098, 0.0046126401630988785, 0.0040859667006456005, 0.003827726809378186, 0.0029051987767584097, 0.0039245667686034665, 0.004001019367991845, 0.004001019367991845, 0.004884471627590894], "rate_of_adaptation": 4.4275224058894944e-05}