{"virus": "dengue", "subtype": "denv1_III", "gene": "E3", "window": 3, "min_seqs": 2, "midfreq_high": 0.75, "midfreq_low": 0.15, "window_midpoint": [1981.5, 2004.5, 2005.5, 2006.5, 2008.5, 2009.5, 2010.5, 2011.5, 2012.5, 2013.5, 2014.5], "adaptive_substitutions": [0.0, 0.0, 0.0, 0.0, 0.0, 0.0, 0, 0.5625, 0.6826666666666668, 0.7073437499999999, 0.7701612903225806], "adaptive_substitutions_per_codon": [0.0, 0.0, 0.0, 0.0, 0.0, 0.0, 0.0, 0.005739795918367347, 0.006965986394557824, 0.007217793367346938, 0.007858788676761028], "rate_of_adaptation": 0.0002006046543660822}