{"virus": "dengue", "subtype": "denv2_AA", "gene": "E2", "window": 3, "min_seqs": 2, "midfreq_high": 0.75, "midfreq_low": 0.15, "window_midpoint": [1987.5, 1988.5, 1989.5, 1990.5, 1991.5, 1992.5, 1993.5, 1994.5, 1995.5, 1996.5, 1997.5, 1998.5, 1999.5, 2000.5, 2001.5, 2002.5, 2003.5, 2004.5, 2005.5, 2006.5, 2007.5, 2008.5, 2009.5, 2010.5, 2011.5, 2012.5, 2013.5, 2014.5, 2015.5, 2016.5, 2017.5], "adaptive_substitutions": [0.0, 0.0, 0.0, 0.0, 0.0, 0.0, 0.0, 0.0, 0.0, 0.0, 0.0, 0.0, 0.0, 0.0, 0.7062984633101937, 0.7176716636327415, 0.6739559248929486, 0.7850262833207187, 0.7279748760370521, 0.6823329223265945, 0.6675811897265801, 0.770864098420631, 0.6604625242356064, 1.0714968532592355, 1.2132062444376555, 1.168350630903379, 0.7870765897002561, 0.7870765897002561, 0.7870765897002561, 0.6958236995717944, 0.6958236995717944], "adaptive_substitutions_per_codon": [0.0, 0.0, 0.0, 0.0, 0.0, 0.0, 0.0, 0.0, 0.0, 0.0, 0.0, 0.0, 0.0, 0.0, 0.004254810019940926, 0.0043233232748960335, 0.004059975451162341, 0.004729073995907944, 0.004385390819500314, 0.004110439291124063, 0.004021573432087832, 0.004643759629039946, 0.003978689905033773, 0.006454800320838768, 0.007308471352034069, 0.007038256812670958, 0.0047414252391581695, 0.0047414252391581695, 0.0047414252391581695, 0.004191709033565026, 0.004191709033565026], "rate_of_adaptation": 0.00023981071804869193}