{"virus": "dengue", "subtype": "denv1_I", "gene": "C", "window": 3, "min_seqs": 2, "midfreq_high": 0.75, "midfreq_low": 0.15, "window_midpoint": [1982.5, 1986.5, 1987.5, 1989.5, 1990.5, 1991.5, 1992.5, 1993.5, 1994.5, 1995.5, 1996.5, 1997.5, 1998.5, 1999.5, 2000.5, 2001.5, 2002.5, 2003.5, 2004.5, 2005.5, 2006.5, 2007.5, 2008.5, 2009.5, 2010.5, 2011.5, 2012.5, 2013.5, 2014.5, 2015.5, 2016.5, 2017.5], "adaptive_substitutions": [0.0, 0.0, 0.0, 0.0, 0.7259507829977628, 0.0, 0.7259507829977628, 0.0, 0.0, 0.0, 0.0, 0.4373601789709172, 0.4921700223713647, 1.1536167039522747, 1.2754163559532687, 1.2266964951528712, 1.4599866556772245, 1.5596999942637526, 1.7114093959731544, 1.6152125279642058, 1.7114093959731544, 1.807606263982103, 1.807606263982103, 1.4964112602535422, 1.3563826181275846, 1.3430953833638397, 1.4742729306487696, 0.8076062639821029, 1.4038031319910516, 1.4038031319910516, 1.9038031319910516, 1.8557046979865772], "adaptive_substitutions_per_codon": [0.0, 0.0, 0.0, 0.0, 0.006367989324541779, 0.0, 0.006367989324541779, 0.0, 0.0, 0.0, 0.0, 0.003836492797990502, 0.004317280897994427, 0.010119444771511181, 0.011187862771519902, 0.010760495571516414, 0.012806900488396706, 0.013681578897050461, 0.01501236312257153, 0.014168530947054437, 0.01501236312257153, 0.015856195298088623, 0.015856195298088623, 0.013126414563627562, 0.01189809314147004, 0.011781538450559997, 0.012932218689901487, 0.0070842654735272185, 0.012314062561325013, 0.012314062561325013, 0.016700027473605716, 0.016278111385847168], "rate_of_adaptation": 0.0005307193942255841}