{"virus": "dengue", "subtype": "denv2_AA", "gene": "E", "window": 3, "min_seqs": 2, "midfreq_high": 0.75, "midfreq_low": 0.15, "window_midpoint": [1987.5, 1988.5, 1989.5, 1990.5, 1991.5, 1992.5, 1993.5, 1994.5, 1995.5, 1996.5, 1997.5, 1998.5, 1999.5, 2000.5, 2001.5, 2002.5, 2003.5, 2004.5, 2005.5, 2006.5, 2007.5, 2008.5, 2009.5, 2010.5, 2011.5, 2012.5, 2013.5, 2014.5, 2015.5, 2016.5, 2017.5], "adaptive_substitutions": [0.0, 0.0, 0.0, 0.0, 0.0, 0.0, 0.0, 0.0, 0.0, 0.0, 0.0, 0.0, 0.0, 0, 0.7333956500070049, 0.76556145170047, 0.723478319372077, 0.8091833036744704, 0.7703911558407085, 2.464301738595999, 2.473835152810248, 2.718039557772244, 2.7155483432491603, 4.764584731408881, 5.043346005218488, 4.891321400483379, 3.685986788539882, 3.6810349124311723, 3.609547098405092, 3.214262051315954, 2.766609210474277], "adaptive_substitutions_per_codon": [0.0, 0.0, 0.0, 0.0, 0.0, 0.0, 0.0, 0.0, 0.0, 0.0, 0.0, 0.0, 0.0, 0.0, 0.001481607373751525, 0.0015465887913140807, 0.0014615723623678323, 0.00163471374479691, 0.0015563457693751686, 0.004978387350698988, 0.004997646773354036, 0.005490989005600493, 0.005485956248988203, 0.009625423699815921, 0.010188577788320179, 0.009881457374713899, 0.007446437956646226, 0.007436434166527621, 0.007292014340212307, 0.00649345868952718, 0.005589109516109651], "rate_of_adaptation": 0.0003356339849242723}