{"virus": "dengue", "subtype": "denv3_III", "gene": "NS1", "window": 3, "min_seqs": 2, "midfreq_high": 0.75, "midfreq_low": 0.15, "window_midpoint": [1982.5, 1983.5, 1984.5, 1985.5, 1986.5, 1988.5, 1989.5, 1990.5, 1993.5, 1994.5, 1995.5, 1996.5, 1997.5, 1998.5, 1999.5, 2000.5, 2001.5, 2002.5, 2003.5, 2004.5, 2005.5, 2006.5, 2007.5, 2008.5, 2009.5, 2010.5, 2011.5, 2012.5, 2013.5, 2014.5, 2015.5, 2016.5, 2017.5], "adaptive_substitutions": [0.0, 0.0, 0.0, 0.0, 0.0, 2.8492122523497194, 2.8492122523497194, 2.8492122523497194, 2.8944485766448036, 2.8944485766448036, 3.728582054229495, 2.9095273514098317, 3.5781594428291297, 3.453405490100984, 3.425237676651565, 3.5797662631216527, 3.639181475333672, 3.646949325623256, 3.6016972073838662, 2.721433612153685, 2.715225754561534, 2.3800502961516825, 3.1221984115012718, 3.892952087433405, 5.200185168810499, 5.2621557899805245, 5.35897026984615, 2.856853066468321, 3.3661336128203394, 3.4295760362431538, 2.821942949875873, 2.806864175110845, 3.444654811008182], "adaptive_substitutions_per_codon": [0.0, 0.0, 0.0, 0.0, 0.0, 0.008094352989629884, 0.008094352989629884, 0.008094352989629884, 0.0082228652745591, 0.0082228652745591, 0.010592562654061066, 0.00826570270286884, 0.010165225689855482, 0.00981081105142325, 0.009730788854123764, 0.010169790520231968, 0.010338583736743387, 0.010360651493247887, 0.01023209433915871, 0.0077313454890729685, 0.007713709530004358, 0.006761506523158189, 0.008869881850855885, 0.011059522975663082, 0.014773253320484373, 0.01494930622153558, 0.015224347357517471, 0.008116059847921367, 0.009562879581875964, 0.00974311373932714, 0.008016883380329186, 0.007974045952019447, 0.00978595116763688], "rate_of_adaptation": 0.0002590601855498577}