{"virus": "h1n1pdm", "subtype": null, "gene": "PB2", "window": 3, "min_seqs": 2, "midfreq_high": 0.75, "midfreq_low": 0.15, "window_midpoint": [2011.5, 2012.5, 2013.5, 2014.5, 2015.5, 2016.5, 2017.5, 2018.5, 2019.5, 2020.5], "adaptive_substitutions": [0.0, 0.0, 2.3006861063464834, 4.553459119496855, 4.493884043654272, 6.044219074928451, 6.3023343269251635, 6.058345307753625, 6.0776589329129695, 8.62503884838703], "adaptive_substitutions_per_codon": [0.0, 0.0, 0.003027218560982215, 0.005991393578285336, 0.005913005320597726, 0.007952919835432172, 0.008292545167006794, 0.007971506983886349, 0.007996919648569696, 0.01134873532682504], "rate_of_adaptation": 0.0011623143447086835}