{"virus": "h1n1pdm", "subtype": null, "gene": "PA", "window": 3, "min_seqs": 2, "midfreq_high": 0.75, "midfreq_low": 0.15, "window_midpoint": [2011.5, 2012.5, 2013.5, 2014.5, 2015.5, 2016.5, 2017.5, 2018.5, 2019.5, 2020.5], "adaptive_substitutions": [0.0, 0.0, 0.0, 2.2246272817975896, 2.4771871717801544, 1.869210005980816, 1.8847114784431378, 1.6936697065378898, 1.7239257416985436, 1.39766465714254], "adaptive_substitutions_per_codon": [0.0, 0.0, 0.0, 0.003102687980191896, 0.0034549332939751106, 0.00260698745604019, 0.0026286073618453803, 0.0023621613759245326, 0.0024043594723829062, 0.0019493230922490096], "rate_of_adaptation": 0.00026615177771860377}