{"virus": "h1n1pdm", "subtype": null, "gene": "NA", "window": 3, "min_seqs": 2, "midfreq_high": 0.75, "midfreq_low": 0.15, "window_midpoint": [2011.5, 2012.5, 2013.5, 2014.5, 2015.5, 2016.5, 2017.5, 2018.5, 2019.5, 2020.5], "adaptive_substitutions": [0.0, 0.0, 0.0, 3.9924743172829964, 5.873521270644328, 8.770350742140021, 8.878187490818842, 11.374043303267154, 11.936501759322532, 15.206365200580864], "adaptive_substitutions_per_codon": [0.0, 0.0, 0.0, 0.008494626206985099, 0.012496853767328356, 0.01866032072795749, 0.018889760618763494, 0.024200092134610964, 0.025396812253877726, 0.03235396851187418], "rate_of_adaptation": 0.0038018953530486715}