{"virus": "h3n2", "subtype": null, "gene": "HA", "window": 3, "min_seqs": 2, "midfreq_high": 0.75, "midfreq_low": 0.15, "window_midpoint": [1969.5, 1970.5, 1971.5, 1972.5, 1973.5, 1974.5, 1975.5, 1976.5, 1977.5, 1978.5, 1979.5, 1980.5, 1981.5, 1982.5, 1983.5, 1984.5, 1985.5, 1986.5, 1987.5, 1988.5, 1989.5, 1990.5, 1991.5, 1992.5, 1993.5, 1994.5, 1995.5, 1996.5, 1997.5, 1998.5, 1999.5, 2000.5, 2001.5, 2002.5, 2003.5, 2004.5, 2005.5, 2006.5, 2007.5, 2008.5, 2009.5, 2010.5, 2011.5, 2012.5, 2013.5, 2014.5, 2015.5, 2016.5, 2017.5, 2018.5, 2019.5, 2020.5], "adaptive_substitutions": [0.0, 0.0, 0.0, 3.3019515746751016, 9.285566135927638, 10.5841865643591, 13.290168608741507, 15.317053707220497, 18.510958645404305, 18.664645743512757, 30.724977305760934, 32.940386997657875, 33.11508546677696, 33.10808167644009, 33.87737445414499, 36.4834745646936, 38.96302666491781, 40.151696341451725, 41.171374623699954, 42.17441725056816, 43.21525284466482, 46.009323747626865, 46.02503336573489, 44.228599613542656, 46.39317689021255, 47.23465476943848, 45.98911090483407, 45.66971605711394, 46.934150479024794, 52.00111798495804, 54.36007034742937, 57.347185501295435, 58.96835577898962, 55.655672207432254, 58.54713527235326, 64.75850931961764, 64.99275808033724, 63.48877340423024, 65.97068953643375, 68.25783901495879, 67.85591684693418, 67.00463336025238, 65.98649725202459, 69.46410885937239, 69.7812648156388, 68.29633971009072, 67.44809020218096, 68.07380305243856, 66.39373218643448, 65.79852342598672, 68.57657179975443, 73.03913546573465], "adaptive_substitutions_per_codon": [0.0, 0.0, 0.0, 0.0058235477507497385, 0.01637665985172423, 0.01866699570433704, 0.023439450809067914, 0.027014204069171953, 0.0326471933781381, 0.032918246461221795, 0.05418867249693286, 0.0580959206307899, 0.05840403080560311, 0.058391678441693275, 0.05974845582741621, 0.0643447523186836, 0.06871786007922012, 0.07081427926181962, 0.07261265365731914, 0.074381688272607, 0.07621737715108433, 0.08114519179475638, 0.08117289835226613, 0.07800458485633625, 0.08182218146421967, 0.08330626943463576, 0.0811095430420354, 0.08054623643229972, 0.0827762795044529, 0.09171273013220113, 0.09587313994255621, 0.10114142063720535, 0.10400062747617217, 0.09815815204132673, 0.10325773416640786, 0.1142125384825708, 0.11462567562669707, 0.1119731453337394, 0.11635042246284613, 0.12038419579357812, 0.11967533835438127, 0.11817395654365499, 0.11637830203178941, 0.1225116558366356, 0.12307101378419542, 0.12045209825412825, 0.11895606737598054, 0.12005961737643486, 0.1170965294293377, 0.1160467785290771, 0.12094633474383498, 0.12881681739988474], "rate_of_adaptation": 0.002415952594344841}