{"virus": "h3n2", "subtype": null, "gene": "NA", "window": 3, "min_seqs": 2, "midfreq_high": 0.75, "midfreq_low": 0.15, "window_midpoint": [1969.5, 1970.5, 1971.5, 1972.5, 1973.5, 1974.5, 1975.5, 1976.5, 1977.5, 1978.5, 1979.5, 1980.5, 1981.5, 1982.5, 1983.5, 1984.5, 1985.5, 1986.5, 1987.5, 1988.5, 1989.5, 1990.5, 1991.5, 1992.5, 1993.5, 1994.5, 1995.5, 1996.5, 1997.5, 1998.5, 1999.5, 2000.5, 2001.5, 2002.5, 2003.5, 2004.5, 2005.5, 2006.5, 2007.5, 2008.5, 2009.5, 2010.5, 2011.5, 2012.5, 2013.5, 2014.5, 2015.5, 2016.5, 2017.5, 2018.5, 2019.5, 2020.5], "adaptive_substitutions": [0.0, 0.0, 2.1042504101881243, 4.195787804255065, 9.094968766193551, 9.745612296099026, 9.745612296099026, 9.206745738815862, 9.293317951922791, 12.993954719069773, 15.49473475531883, 18.866175839932485, 18.52229177120218, 17.653592961081024, 17.653592961081024, 21.266622122702383, 21.80131135505252, 22.611398117906983, 23.035192738363655, 24.744889802626343, 24.085026340923203, 24.802705189876566, 25.908004960223565, 26.956386581849078, 28.831544150358734, 28.664909835997555, 27.3601223886851, 30.32927230820921, 32.29102964456455, 32.595212712321, 32.10876371608858, 36.498987389429566, 37.22646632028262, 36.75688930996538, 35.63296435770634, 39.676883151121984, 42.46576969142055, 44.02318606559404, 44.94147558440633, 46.160821912957125, 49.2374382391622, 50.5399055129855, 53.00087038900766, 52.57681689987858, 51.81847404784763, 50.463685353471064, 50.121412900726455, 52.63300636298176, 53.24833961000499, 52.199734772262964, 53.25178682968105, 54.737696798515316], "adaptive_substitutions_per_codon": [0.0, 0.0, 0.004486674648588751, 0.008946242652995874, 0.019392257497214394, 0.0207795571345395, 0.0207795571345395, 0.019630587929244908, 0.01981517686977141, 0.027705660381811884, 0.033037813977225654, 0.04022638771840615, 0.039493159426870324, 0.037640923157955274, 0.037640923157955274, 0.0453446100697279, 0.046484672398832666, 0.048211936285515955, 0.0491155495487498, 0.05276095906743357, 0.05135400072691514, 0.052884232814235745, 0.05524094874248095, 0.057476304012471384, 0.06147450778328088, 0.06111921073773466, 0.058337147950288055, 0.06466795801323925, 0.06885080947668348, 0.06949938744631344, 0.0684621827635151, 0.07782300083034023, 0.07937412861467509, 0.07837289831549121, 0.07597646984585574, 0.08459889797680593, 0.09054535115441481, 0.09386606837013654, 0.095824041757796, 0.09842392731973801, 0.10498387684256333, 0.10776099256500106, 0.11300825242858775, 0.11210408720656413, 0.11048715148794803, 0.10759847623341379, 0.10686868422329734, 0.11222389416414022, 0.11353590535182301, 0.11130007414128563, 0.11354325550038603, 0.1167115070330817], "rate_of_adaptation": 0.002288702348225223}