{"virus": "h3n2", "subtype": null, "gene": "NP", "window": 3, "min_seqs": 2, "midfreq_high": 0.75, "midfreq_low": 0.15, "window_midpoint": [1969.5, 1970.5, 1971.5, 1972.5, 1973.5, 1974.5, 1975.5, 1976.5, 1977.5, 1978.5, 1979.5, 1980.5, 1981.5, 1982.5, 1983.5, 1984.5, 1985.5, 1986.5, 1987.5, 1988.5, 1989.5, 1990.5, 1991.5, 1992.5, 1993.5, 1994.5, 1995.5, 1996.5, 1997.5, 1998.5, 1999.5, 2000.5, 2001.5, 2002.5, 2003.5, 2004.5, 2005.5, 2006.5, 2007.5, 2008.5, 2009.5, 2010.5, 2011.5, 2012.5, 2013.5, 2014.5, 2015.5, 2016.5, 2017.5, 2018.5, 2019.5, 2020.5], "adaptive_substitutions": [0.0, 0.0, 0.6122431288165117, 3.7608059768061475, 4.153124047112904, 4.610574709827435, 5.795890061064187, 5.255401757074841, 5.350201037320337, 4.981537169698955, 7.205032971137424, 9.230371202806399, 8.74881476910946, 9.44603956536491, 8.2303712028064, 8.152444621612066, 8.044651963492633, 10.164698505848346, 10.534516670825042, 10.26032032605114, 9.561696369524627, 9.738919839162904, 9.532491278761494, 9.676708922886295, 8.805179390747687, 8.265208622505579, 12.860587896421546, 11.716154206909053, 13.461954069843847, 14.503325673817246, 14.917873055130906, 14.648721448032678, 12.829796389027917, 10.9576970034311, 10.683382351340109, 12.984994873281313, 14.81684899356688, 15.173707901186336, 17.604397860874585, 18.518149262513028, 18.560685365690436, 17.907758088487217, 17.67443719873536, 17.810996789389094, 16.80699008815787, 16.77050205587881, 15.619004560491346, 14.690859187320285, 14.17499670211085, 14.1324960598954, 13.571041508265191, 13.917656835652487], "adaptive_substitutions_per_codon": [0.0, 0.0, 0.001226940137908841, 0.0075366853242608165, 0.008322893881989788, 0.009239628677008888, 0.0116150101424132, 0.010531867248646977, 0.01072184576617302, 0.009983040420238386, 0.014438943829934717, 0.01849773788137555, 0.01753269492807507, 0.018929939008747315, 0.01649372986534349, 0.016337564371968066, 0.016121547021027322, 0.02037013728626923, 0.021111255853356797, 0.020561764180463207, 0.019161716171392038, 0.01951687342517616, 0.019103188935393776, 0.019392202250273136, 0.017645650081658693, 0.016563544333678515, 0.02577272123531372, 0.02347926694771353, 0.026977863867422538, 0.0290647809094534, 0.029895537184631074, 0.029356155206478312, 0.025711014807671177, 0.021959312632126454, 0.02140958387042106, 0.026022033814191006, 0.029693084155444652, 0.030408232266906487, 0.035279354430610387, 0.037110519564154364, 0.037195762255892655, 0.03588729075849142, 0.03541971382512096, 0.035693380339457105, 0.033681342862039824, 0.03360822055286335, 0.03130061034166602, 0.029440599573788147, 0.028406807018258217, 0.028321635390571944, 0.027196475968467318, 0.027891095863031037], "rate_of_adaptation": 0.0005796233036036386}