{"virus": "h3n2", "subtype": null, "gene": "PB2", "window": 3, "min_seqs": 2, "midfreq_high": 0.75, "midfreq_low": 0.15, "window_midpoint": [1969.5, 1970.5, 1971.5, 1972.5, 1973.5, 1974.5, 1975.5, 1976.5, 1977.5, 1978.5, 1979.5, 1980.5, 1981.5, 1982.5, 1983.5, 1984.5, 1985.5, 1986.5, 1987.5, 1988.5, 1989.5, 1990.5, 1991.5, 1992.5, 1993.5, 1994.5, 1995.5, 1996.5, 1997.5, 1998.5, 1999.5, 2000.5, 2001.5, 2002.5, 2003.5, 2004.5, 2005.5, 2006.5, 2007.5, 2008.5, 2009.5, 2010.5, 2011.5, 2012.5, 2013.5, 2014.5, 2015.5, 2016.5, 2017.5, 2018.5, 2019.5, 2020.5], "adaptive_substitutions": [0.0, 0.0, 0.0, 5.116186504927976, 6.08812592512365, 6.4197624462977005, 6.40763204447814, 5.766679302501895, 5.790940106141016, 5.59413697245388, 7.998736416477129, 8.951573161485975, 8.808119098490593, 8.859236795552185, 8.930250189537528, 8.763595009993798, 8.683282789992418, 8.701999620924942, 9.384855951478393, 10.90722999517541, 10.943896891584533, 11.697606411783818, 11.822446134657243, 12.769353887625305, 11.363590415144623, 10.786264847106395, 10.633765510887612, 9.81726505135688, 11.245360450934502, 10.608178544351782, 10.057927958107799, 10.084723275208491, 10.595463735152894, 11.17402704068739, 11.662099714791148, 13.157607744795008, 13.328234402176337, 12.451050404754335, 12.29364101592115, 14.16382027852041, 14.223155500578589, 14.63747788728835, 14.69812989638615, 17.47997437975478, 18.025566506612755, 16.70784513060859, 17.760764957992293, 17.81296323537732, 17.103509276445934, 17.657218949864895, 16.632668204474697, 18.51036540903889], "adaptive_substitutions_per_codon": [0.0, 0.0, 0.0, 0.006731824348589442, 0.008010692006741645, 0.008447055850391712, 0.008431094795365973, 0.007587735924344599, 0.007619658034396073, 0.007360706542702473, 0.01052465317957517, 0.011778385738797335, 0.01158963039275078, 0.011656890520463401, 0.011750329196759906, 0.011531046065781314, 0.011425372092095288, 0.01144999950121703, 0.012348494672997885, 0.014351618414704486, 0.01439986433103228, 0.015391587383926077, 0.015555850177180582, 0.01680178143108593, 0.014952092651506084, 0.014192453746192624, 0.01399179672485212, 0.012917454014943264, 0.014796526909124344, 0.013958129663620766, 0.013234115734352367, 0.013269372730537488, 0.013941399651516966, 0.014702667158799197, 0.015344868045777827, 0.017312641769467115, 0.01753715052917939, 0.016382961058887282, 0.016175843442001514, 0.018636605629632118, 0.018714678290234984, 0.019259839325379408, 0.019339644600508094, 0.022999966289151026, 0.02371785066659573, 0.021984006750800776, 0.02336942757630565, 0.023438109520233317, 0.022504617469007806, 0.0232331828287696, 0.021885089742729864, 0.024355743959261697], "rate_of_adaptation": 0.0003674116195462716}