{"virus": "hepatitisB", "subtype": "D3", "gene": "Polymerase", "window": 3, "min_seqs": 2, "midfreq_high": 0.75, "midfreq_low": 0.15, "window_midpoint": [1976.5, 1984.5, 1985.5, 1986.5, 1995.5, 1996.5, 1997.5, 1998.5, 1999.5, 2000.5, 2001.5, 2002.5, 2003.5, 2004.5, 2005.5, 2006.5, 2007.5, 2008.5, 2009.5, 2010.5, 2011.5, 2012.5, 2013.5, 2014.5, 2015.5, 2016.5, 2017.5, 2018.5, 2019.5], "adaptive_substitutions": [0.0, 11.224830179259097, 7.635459478235101, 0.0, 1.1345238604356966, 1.1345238604356966, 0.0, 2.6318594152795898, 1.5834198646584836, 2.33639459290527, 0.0, 2.0548753222367213, 2.4208554263293487, 5.586167871758678, 5.741381849104209, 5.452271641505683, 4.178815131191092, 3.9849190844289017, 4.880133488870332, 7.00185206775916, 5.004119459114179, 4.954384560759795, 5.8468942955297845, 6.772635845094234, 3.996866006736811, 2.484603181391426, 4.026658605549826, 5.357844435725651, 5.5640212092761745], "adaptive_substitutions_per_codon": [0.0, 0.013475186289626767, 0.009166217861026532, 0.0, 0.0013619734218915927, 0.0013619734218915927, 0.0, 0.003159495096374057, 0.0019008641832634857, 0.002804795429658187, 0.0, 0.002466837121532679, 0.0029061889871900945, 0.006706083879662279, 0.00689241518499905, 0.0065453441074498, 0.005016584791345848, 0.004783816427885837, 0.005858503588079629, 0.00840558471519707, 0.006007346289452796, 0.005947640529123404, 0.007019080786950522, 0.008130415180185155, 0.004798158471472762, 0.002982716904431484, 0.004833923896218278, 0.006431986117317708, 0.006679497250031422], "rate_of_adaptation": 7.140247031741166e-05}