{"virus": "hepatitisB", "subtype": "D3", "gene": "X", "window": 3, "min_seqs": 2, "midfreq_high": 0.75, "midfreq_low": 0.15, "window_midpoint": [1976.5, 1984.5, 1985.5, 1986.5, 1995.5, 1996.5, 1997.5, 1998.5, 1999.5, 2000.5, 2001.5, 2002.5, 2003.5, 2004.5, 2005.5, 2006.5, 2007.5, 2008.5, 2009.5, 2010.5, 2011.5, 2012.5, 2013.5, 2014.5, 2015.5, 2016.5, 2017.5, 2018.5, 2019.5], "adaptive_substitutions": [0.0, 5.3044024418070075, 4.011006104517519, 0.0, 0.0, 0.0, 0.0, 0.0, 0.0, 0.0, 0.0, 0.0, 0.0, 1.3824268330330103, 1.5736730884715178, 1.6119551784812218, 1.4971717165974052, 2.2007233489993574, 2.25275152612938, 2.551650915677628, 1.7827671103283225, 1.779118417215193, 1.8346995800225598, 2.7431062157192754, 1.7397218199861237, 1.628952481940106, 1.6637381867582208, 1.859341463742001, 1.5], "adaptive_substitutions_per_codon": [0.0, 0.03422195123746456, 0.025877458738822703, 0.0, 0.0, 0.0, 0.0, 0.0, 0.0, 0.0, 0.0, 0.0, 0.0, 0.008918882793761356, 0.01015272960304205, 0.01039971082891111, 0.00965917236514455, 0.014198215154834564, 0.014533880813737935, 0.016462263972113728, 0.01150172329244079, 0.011478183336872214, 0.011836771484016516, 0.017697459456253388, 0.01122401174184596, 0.01050937085122649, 0.010733794753278843, 0.011995751378980651, 0.00967741935483871], "rate_of_adaptation": 0.00010520247832142831}