{"virus": "hepatitisC", "subtype": "1a2", "gene": "NS5B", "window": 3, "min_seqs": 2, "midfreq_high": 0.75, "midfreq_low": 0.15, "window_midpoint": [1990.5, 1991.5, 1992.5, 1993.5, 2000.5, 2001.5, 2002.5, 2003.5, 2004.5, 2005.5, 2006.5, 2007.5, 2008.5, 2009.5, 2010.5], "adaptive_substitutions": [0.0, 0.0, 1.0, 1.0, 0.0, 0.0, 0.0, 0.0, 0.0, 0.0, 0.0, 0.0, 0, 9.801904581455645, 6.824832535181867], "adaptive_substitutions_per_codon": [0.0, 0.0, 0.001692047377326565, 0.001692047377326565, 0.0, 0.0, 0.0, 0.0, 0.0, 0.0, 0.0, 0.0, 0.0, 0.016585286939857266, 0.01154793999184749], "rate_of_adaptation": 0.0003005572988860695}