{"virus": "hepatitisC", "subtype": "1b", "gene": "E2", "window": 3, "min_seqs": 2, "midfreq_high": 0.75, "midfreq_low": 0.15, "window_midpoint": [1990.5, 1991.5, 1992.5, 1993.5, 1995.5, 1996.5, 1997.5, 1998.5, 1999.5, 2000.5, 2001.5, 2002.5, 2003.5, 2004.5, 2005.5, 2006.5, 2007.5, 2008.5, 2009.5, 2010.5, 2011.5, 2012.5, 2013.5], "adaptive_substitutions": [0.0, 0.0, 0.0, 0.0, 0.0, 0.7828089208903721, 5.277316111037124, 19.065965152690456, 19.065965152690456, 0.0, 0.0, 0.0, 0.0, 0.0, 0.0, 0.0, 0.0, 0.6689887327186333, 0.7971348201483954, 10.836476361912707, 11.106140476409212, 10.89733409316168, 2.7052406783512195], "adaptive_substitutions_per_codon": [0.0, 0.0, 0.0, 0.0, 0.0, 0.0021564984046566725, 0.014538060911948, 0.052523319979863516, 0.052523319979863516, 0.0, 0.0, 0.0, 0.0, 0.0, 0.0, 0.0, 0.0, 0.0018429441672689624, 0.0021959636918688578, 0.02985255196119203, 0.03059542830966725, 0.030020204113393057, 0.007452453659369751], "rate_of_adaptation": 0.0004658642259592472}