{"virus": "hepatitisB", "subtype": "D", "gene": "Large", "window": 3, "min_seqs": 2, "midfreq_high": 0.75, "midfreq_low": 0.15, "window_midpoint": [1976.5, 1983.5, 1984.5, 1985.5, 1986.5, 1988.5, 1989.5, 1990.5, 1995.5, 1996.5, 1997.5, 1998.5, 1999.5, 2000.5, 2001.5, 2002.5, 2003.5, 2004.5, 2005.5, 2006.5, 2007.5, 2008.5, 2009.5, 2010.5, 2011.5, 2012.5, 2013.5, 2014.5, 2015.5, 2016.5, 2017.5, 2018.5, 2019.5, 2020.5], "adaptive_substitutions": [0.0, 7.526499678247731, 3.881999960999725, 3.2516428065353575, 0.0, 3.8229999414995874, 3.8229999414995874, 3.8229999414995874, 0.0, 0.0, 1.5291007818428244, 1.7464786497679645, 1.699534794995365, 1.6840753922258547, 1.5224136922406681, 1.8004782571956264, 2.5752086359061086, 2.732775379885741, 3.253063093761773, 4.143544949317289, 3.273941191278965, 4.056441923560439, 3.9665656281697985, 4.09070754641092, 3.1877845696182314, 2.378285141259629, 2.3835085016454958, 3.142687628541637, 1.7631633110842264, 2.4455442185565093, 2.446994243182215, 2.5103307812676694, 2.4972729755973626, 5.351749868374072], "adaptive_substitutions_per_codon": [0.0, 0.01929871712371213, 0.00995384605384545, 0.008337545657782969, 0.0, 0.009802563952563044, 0.009802563952563044, 0.009802563952563044, 0.0, 0.0, 0.003920771235494422, 0.0044781503840204216, 0.004357781525629141, 0.0043181420313483454, 0.003903624851899149, 0.004616610915886221, 0.00660309906642592, 0.0070071163586813865, 0.008341187419901983, 0.01062447422901869, 0.008394721003279397, 0.01040113313733446, 0.010170681097871278, 0.01048899370874595, 0.008173806588764695, 0.006098167028870843, 0.006111560260629477, 0.008058173406517018, 0.004520931566882632, 0.006270626201426947, 0.006274344213287731, 0.006436745592994024, 0.0064032640399932375, 0.013722435559933518], "rate_of_adaptation": 3.3657400727410205e-05}