{"virus": "hepatitisC", "subtype": "1a1", "gene": "E2", "window": 3, "min_seqs": 2, "midfreq_high": 0.75, "midfreq_low": 0.15, "window_midpoint": [1978.5, 1988.5, 1989.5, 1990.5, 1991.5, 1992.5, 1993.5, 1994.5, 1995.5, 1996.5, 1997.5, 1999.5, 2000.5, 2001.5, 2002.5, 2003.5, 2004.5, 2005.5, 2006.5, 2007.5, 2008.5, 2009.5, 2010.5, 2011.5, 2012.5], "adaptive_substitutions": [0.0, 5.329157726193261, 5.163990177904946, 5.215884008642544, 7.525991510123009, 7.401927698645525, 6.197058192538453, 2.7691871943150126, 6.795587288807681, 7.838864689873616, 3.7114839928937657, 9.980671187208777, 7.731842245454349, 6.935403895894149, 7.801303750883718, 7.982051233983765, 8.755103238166067, 9.658008295689399, 9.678753165108374, 9.734799154192032, 10.455924714412786, 9.456902125821028, 4.888221325888707, 5.917526392690731, 13.091174577615362], "adaptive_substitutions_per_codon": [0.0, 0.014680875278769313, 0.01422586825869131, 0.014368826470089654, 0.020732758981055123, 0.0203909853957177, 0.017071785654375903, 0.007628614860371936, 0.018720626139966064, 0.021594668567144946, 0.010224473809624698, 0.027494961948233546, 0.021299840896568455, 0.019105795856457712, 0.02149119490601575, 0.021989121856704586, 0.024118741702936822, 0.026606083459199445, 0.026663231859802683, 0.02681762852394499, 0.02880420031518674, 0.026052071971958753, 0.01346617445148404, 0.016301725599698984, 0.03606384181161257], "rate_of_adaptation": 0.0006145995879693421}