{"virus": "hepatitisC", "subtype": "1a2", "gene": "E2", "window": 3, "min_seqs": 2, "midfreq_high": 0.75, "midfreq_low": 0.15, "window_midpoint": [1990.5, 1991.5, 1992.5, 1993.5, 2000.5, 2001.5, 2002.5, 2003.5, 2004.5, 2005.5, 2006.5, 2007.5, 2008.5, 2009.5, 2010.5], "adaptive_substitutions": [0.0, 0.0, 1.9819913255868769, 1.9819913255868769, 0.0, 0.0, 0.7455395985339044, 0.0, 0.0, 0.0, 0.0, 0.0, 1.6546608837245846, 4.416839523357222, 9.257626930743054], "adaptive_substitutions_per_codon": [0.0, 0.0, 0.005460031199963848, 0.005460031199963848, 0.0, 0.0, 0.0020538280951347227, 0.0, 0.0, 0.0, 0.0, 0.0, 0.004558294445522272, 0.01216760199271962, 0.02550310449240511], "rate_of_adaptation": 0.0003785852195466816}