{"virus": "influenzaC", "subtype": "Yamagata", "gene": "HEF1", "window": 3, "min_seqs": 2, "midfreq_high": 0.75, "midfreq_low": 0.15, "window_midpoint": [1955.5, 1977.5, 1978.5, 1979.5, 1980.5, 1981.5, 1982.5, 1983.5, 1984.5, 1987.5, 1988.5, 1989.5, 1990.5, 1991.5, 1992.5, 1993.5, 1995.5, 1996.5, 1997.5, 1998.5, 1999.5, 2000.5, 2001.5], "adaptive_substitutions": [0.0, 8.936324167872648, 8.66642547033285, 8.66642547033285, 8.775273930121976, 8.92040520984081, 8.92040520984081, 8.872648335745296, 8.92040520984081, 11.808972503617944, 11.301013024602026, 11.301013024602026, 8.856729377713458, 9.570911722141823, 9.570911722141823, 11.808972503617944, 10.76121562952243, 10.76121562952243, 10.76121562952243, 10.26121562952243, 10.26121562952243, 10.26121562952243, 10.26121562952243], "adaptive_substitutions_per_codon": [0.0, 0.020685935573779277, 0.02006117007021493, 0.02006117007021493, 0.020313134097504574, 0.020649086133890764, 0.020649086133890764, 0.020538537814225225, 0.020649086133890764, 0.027335584499115613, 0.02615975237176395, 0.02615975237176395, 0.020501688374336708, 0.022154888245698664, 0.022154888245698664, 0.027335584499115613, 0.024910221364635256, 0.024910221364635256, 0.024910221364635256, 0.02375281395722785, 0.02375281395722785, 0.02375281395722785, 0.02375281395722785], "rate_of_adaptation": 0.00042125840981174453}