{"virus": "influenzaC", "subtype": "Mississippi", "gene": "NS", "window": 3, "min_seqs": 2, "midfreq_high": 0.75, "midfreq_low": 0.15, "window_midpoint": [1948.5, 1949.5, 1950.5, 1951.5, 1953.5, 1954.5, 1955.5, 1965.5, 1966.5, 1967.5, 1968.5, 1970.5, 1975.5, 1976.5, 1977.5, 1978.5, 1979.5, 1980.5, 1981.5, 1982.5, 1983.5, 1995.5, 1996.5, 1997.5], "adaptive_substitutions": [0.0, 1.7073170731707317, 1.7073170731707317, 1.7073170731707317, 1.4146341463414633, 1.4146341463414633, 1.4146341463414633, 0.0, 0.0, 0.0, 0.0, 0.6341463414634146, 0.0, 2.4878048780487805, 2.4878048780487805, 0.6747967479674797, 0, 0, 0.5658536585365854, 0.5121951219512195, 0.41463414634146345, 2.1951219512195124, 2.1951219512195124, 2.1951219512195124], "adaptive_substitutions_per_codon": [0.0, 0.0069122148711365655, 0.0069122148711365655, 0.0069122148711365655, 0.005727263750370297, 0.005727263750370297, 0.005727263750370297, 0.0, 0.0, 0.0, 0.0, 0.0025673940949935818, 0.0, 0.010072084526513281, 0.010072084526513281, 0.0027319706395444524, 0.0, 0.0, 0.0022909055001481193, 0.0020736644613409696, 0.0016786807544188803, 0.008887133405747014, 0.008887133405747014, 0.008887133405747014], "rate_of_adaptation": 3.162118820456747e-05}