{"virus": "lassa", "subtype": "B", "gene": "GP", "window": 3, "min_seqs": 2, "midfreq_high": 0.75, "midfreq_low": 0.15, "window_midpoint": [1975.5, 1976.5, 1977.5, 1980.5, 1981.5, 1982.5, 2008.5, 2009.5, 2010.5, 2011.5, 2012.5, 2013.5, 2014.5, 2015.5, 2016.5], "adaptive_substitutions": [0.0, 0.0, 0.0, 5.0395530505290225, 5.0395530505290225, 5.767329180263028, 2.167648429885155, 2.7040970368172985, 2.471156810395472, 2.586287676527961, 2.629188675430324, 2.147013240181863, 2.093267291724723, 14.708656761923598, 14.718200995418439], "adaptive_substitutions_per_codon": [0.0, 0.0, 0.0, 0.01024299400514029, 0.01024299400514029, 0.011722213781022414, 0.004405789491636494, 0.005496132188653045, 0.005022676443893236, 0.005256682269365775, 0.00534387942160635, 0.0043638480491501284, 0.004254608316513665, 0.029895643825047963, 0.029915042673614712], "rate_of_adaptation": 0.00020919671173365916}