{"virus": "measles", "subtype": null, "gene": "H", "window": 3, "min_seqs": 2, "midfreq_high": 0.75, "midfreq_low": 0.15, "window_midpoint": [2004.5, 2005.5, 2006.5, 2007.5, 2008.5, 2009.5, 2010.5, 2011.5, 2012.5, 2013.5, 2014.5, 2015.5, 2016.5, 2017.5, 2018.5], "adaptive_substitutions": [0.0, 0.0, 0.0, 0.0, 0.0, 0.0, 0.0, 0.0, 0.506180105316445, 0.8882080736865993, 0.8983709760787265, 0.9220056328046041, 0.8075527859903922, 0.8411812516293825, 1.1444190577691216], "adaptive_substitutions_per_codon": [0.0, 0.0, 0.0, 0.0, 0.0, 0.0, 0.0, 0.0, 0.0008190616590880987, 0.0014372298926967626, 0.0014536747185739912, 0.0014919184996838254, 0.0013067197184310553, 0.0013611347113744053, 0.0018518107730891935], "rate_of_adaptation": 0.00014887607811058914}