{"virus": "measles", "subtype": null, "gene": "N", "window": 3, "min_seqs": 2, "midfreq_high": 0.75, "midfreq_low": 0.15, "window_midpoint": [2004.5, 2005.5, 2006.5, 2007.5, 2008.5, 2009.5, 2010.5, 2011.5, 2012.5, 2013.5, 2014.5, 2015.5, 2016.5, 2017.5, 2018.5], "adaptive_substitutions": [0.0, 0.0, 0.0, 0.0, 0.0, 0.0, 0.0, 0.0, 0.5848042686627554, 0.676587381867576, 0.767903340506011, 0.7986358439700963, 0.7441407040258952, 0.7582371967255985, 1.937220507818987], "adaptive_substitutions_per_codon": [0.0, 0.0, 0.0, 0.0, 0.0, 0.0, 0.0, 0.0, 0.0011117951875717783, 0.001286287798227331, 0.0014598922823308193, 0.0015183190950001832, 0.0014147161673496106, 0.0014415155831285142, 0.003682928722089329], "rate_of_adaptation": 0.00019871606928987168}