{"virus": "metapneumovirus", "subtype": "B1", "gene": "G", "window": 3, "min_seqs": 2, "midfreq_high": 0.75, "midfreq_low": 0.15, "window_midpoint": [1998.5, 1999.5, 2002.5, 2003.5, 2004.5, 2005.5, 2006.5, 2007.5, 2008.5, 2009.5, 2010.5, 2011.5, 2012.5, 2013.5, 2014.5, 2015.5, 2016.5, 2017.5, 2018.5], "adaptive_substitutions": [0.0, 0.0, 9.91047956621727, 7.577634509718819, 8.242359593372129, 7.43148903336257, 7.212270818828196, 1.0, 0.9769816655062556, 3.7698166550625567, 7.996157984682576, 7.272495144860485, 7.319871058746937, 10.375952064476655, 9.923997600812589, 12.132983100196213, 13.689252484334451, 13.712270818828197, 14.402803974935123], "adaptive_substitutions_per_codon": [0.0, 0.0, 0.04181636947771, 0.031973141391218644, 0.03477788857962923, 0.031356493811656415, 0.03043152244231306, 0.004219409282700422, 0.004122285508465213, 0.015906399388449607, 0.033739063226508756, 0.030685633522618078, 0.03088553189344699, 0.0437803884577074, 0.04187340759836535, 0.051194021519815246, 0.057760559005630596, 0.05785768277986581, 0.06077132478875579], "rate_of_adaptation": 0.002375854991870114}