{"virus": "metapneumovirus", "subtype": "B1", "gene": "L", "window": 3, "min_seqs": 2, "midfreq_high": 0.75, "midfreq_low": 0.15, "window_midpoint": [1998.5, 1999.5, 2002.5, 2003.5, 2004.5, 2005.5, 2006.5, 2007.5, 2008.5, 2009.5, 2010.5, 2011.5, 2012.5, 2013.5, 2014.5, 2015.5, 2016.5, 2017.5, 2018.5], "adaptive_substitutions": [0.0, 0.0, 1.4245416376563917, 1.0166149756313692, 1.0166149756313692, 1.0166149756313692, 2.0997320505517227, 0.0, 0.0, 0.8209591324345422, 1.459069139397008, 1.4820874738907526, 1.4820874738907526, 1.3235120366267905, 1.4791578128814662, 2.9756841150283773, 3.6253032892377153, 4.1483216237314595, 6.150866088571007], "adaptive_substitutions_per_codon": [0.0, 0.0, 0.00071014039763529, 0.0005067871264363754, 0.0005067871264363754, 0.0005067871264363754, 0.0010467258477326634, 0.0, 0.0, 0.0004092518107849164, 0.000727352512162018, 0.0007388272551798367, 0.0007388272551798367, 0.0006597766882486493, 0.0007373668060226651, 0.0014833918818685829, 0.0018072299547545938, 0.002067956941042602, 0.0030662343412617182], "rate_of_adaptation": 9.925210824000082e-05}