{"virus": "metapneumovirus", "subtype": "B2", "gene": "L", "window": 3, "min_seqs": 2, "midfreq_high": 0.75, "midfreq_low": 0.15, "window_midpoint": [2004.5, 2005.5, 2006.5, 2007.5, 2008.5, 2009.5, 2010.5, 2011.5, 2012.5, 2013.5, 2014.5, 2015.5, 2016.5, 2017.5, 2018.5], "adaptive_substitutions": [0.0, 0.0, 0.7174472583536333, 0.0, 0.0, 0.0, 0.0, 0.0, 0.0, 0.43098313186560655, 0.5409162240067237, 1.9400928436824931, 2.479156133658133, 2.5051983269752265, 4.598415222686952], "adaptive_substitutions_per_codon": [0.0, 0.0, 0.0003576506771453805, 0.0, 0.0, 0.0, 0.0, 0.0, 0.0, 0.0002148470248582286, 0.00026964916450983236, 0.0009671449868806048, 0.0012358704554626784, 0.0012488526056706015, 0.002292330619485021], "rate_of_adaptation": 0.00011799196554562008}