{"virus": "nl63", "subtype": null, "gene": "N", "window": 3, "min_seqs": 2, "midfreq_high": 0.75, "midfreq_low": 0.15, "window_midpoint": [1988.5, 1989.5, 1990.5, 1991.5, 2000.5, 2001.5, 2002.5, 2003.5, 2004.5, 2005.5, 2006.5, 2007.5, 2008.5, 2009.5, 2010.5, 2011.5, 2012.5, 2013.5, 2014.5, 2015.5, 2016.5, 2017.5, 2018.5, 2019.5], "adaptive_substitutions": [0.0, 0.0, 0.0, 0.0, 0.0, 0.0, 0.0, 0.0, 0.0, 0.0, 0.0, 0.9560328490208465, 1.0, 0.971815928859517, 0.9560328490208465, 0.0, 0.0, 0.0, 0.7610480925046006, 0.7361970941250789, 0.7252053063802906, 0.7610480925046006, 0.5977799837559787, 1.0], "adaptive_substitutions_per_codon": [0.0, 0.0, 0.0, 0.0, 0.0, 0.0, 0.0, 0.0, 0.0, 0.0, 0.0, 0.0025291874312720806, 0.0026455026455026454, 0.0025709416107394627, 0.0025291874312720806, 0.0, 0.0, 0.0, 0.002013354742075663, 0.0019476113601192564, 0.0019185325565616153, 0.002013354742075663, 0.0015814285284549703, 0.0026455026455026454], "rate_of_adaptation": 7.500178600820756e-05}