{"virus": "norovirus", "subtype": null, "gene": "3CLpro", "window": 3, "min_seqs": 2, "midfreq_high": 0.75, "midfreq_low": 0.15, "window_midpoint": [1975.5, 1977.5, 1978.5, 1979.5, 1986.5, 1987.5, 1988.5, 1989.5, 2003.5, 2004.5, 2005.5, 2006.5, 2007.5, 2008.5, 2009.5, 2010.5, 2011.5, 2012.5, 2013.5, 2014.5, 2015.5, 2016.5, 2017.5], "adaptive_substitutions": [0.0, 0.0, 0.0, 0.0, 1.6742474111663321, 1.8279578562484966, 1.8279578562484966, 1.59739218862525, 2.5397507717194383, 2.5397507717194383, 2.4925495166616862, 2.869011869698016, 2.9669049305100863, 3.7222250900537905, 3.4200426339174967, 3.6459621320918765, 2.0536833180060112, 2.2001302477893097, 2.1311271268852936, 2.0632167119098193, 1.103545378186077, 1.4592699699079297, 1.0619149834908623], "adaptive_substitutions_per_codon": [0.0, 0.0, 0.0, 0.0, 0.00924998569705156, 0.010099214675406058, 0.010099214675406058, 0.00882537120787431, 0.01403177221944441, 0.01403177221944441, 0.013770991804760697, 0.015850894307723844, 0.01639173994756954, 0.020564779503059617, 0.0188952631708149, 0.02014343719387777, 0.01134631667406636, 0.012155415733642596, 0.01177418302146571, 0.011398987358617786, 0.006096935791083298, 0.008062265027115633, 0.005866933610446753], "rate_of_adaptation": 0.00027733977580762385}