{"virus": "norovirus", "subtype": null, "gene": "VPg", "window": 3, "min_seqs": 2, "midfreq_high": 0.75, "midfreq_low": 0.15, "window_midpoint": [1975.5, 1977.5, 1978.5, 1979.5, 1986.5, 1987.5, 1988.5, 1989.5, 2003.5, 2004.5, 2005.5, 2006.5, 2007.5, 2008.5, 2009.5, 2010.5, 2011.5, 2012.5, 2013.5, 2014.5, 2015.5, 2016.5, 2017.5], "adaptive_substitutions": [0.0, 0.0, 0.0, 0.0, 0, 0, 0, 0.0, 0.0, 0.0, 0, 0, 0, 0, 0, 0, 0, 0, 0, 0, 0.1322035913087991, 0.09440501947474877, 1.2907589190956952], "adaptive_substitutions_per_codon": [0.0, 0.0, 0.0, 0.0, 0.0, 0.0, 0.0, 0.0, 0.0, 0.0, 0.0, 0.0, 0.0, 0.0, 0.0, 0.0, 0.0, 0.0, 0.0, 0.0, 0.0009940119647278128, 0.0007098121765018705, 0.009704954278915], "rate_of_adaptation": 4.164262572997157e-05}