{"virus": "oc43", "subtype": "A", "gene": "HE", "window": 3, "min_seqs": 2, "midfreq_high": 0.75, "midfreq_low": 0.15, "window_midpoint": [1991.5, 1992.5, 1995.5, 1996.5, 1997.5, 1998.5, 1999.5, 2000.5, 2003.5, 2004.5, 2005.5, 2006.5, 2007.5, 2008.5, 2009.5, 2010.5, 2011.5, 2012.5, 2013.5, 2014.5, 2015.5, 2016.5, 2017.5, 2018.5, 2019.5], "adaptive_substitutions": [0.0, 0.0, 3.788014802282249, 3.788014802282249, 4.405524053708655, 3.6820222034233736, 3.6820222034233736, 3.470037005705623, 4.258051807987872, 4.258051807987872, 4.682022203423374, 6.363034394615311, 6.507294298814295, 6.940074011411246, 5.917040706276186, 5.6834335767797475, 5.653617623578262, 5.833375725874183, 5.960990256511747, 5.339295249904978, 5.358223422844883, 5.272059434877157, 5.319783067055317, 6.201192856891482, 7.049804415800802], "adaptive_substitutions_per_codon": [0.0, 0.0, 0.008912976005369997, 0.008912976005369997, 0.010365938949902717, 0.008663581655113821, 0.008663581655113821, 0.008164792954601466, 0.010018945430559699, 0.010018945430559699, 0.01101652283158441, 0.014971845634388968, 0.01531128070309246, 0.016329585909202932, 0.01392244872064985, 0.013372784886540583, 0.013302629702537086, 0.013725589943233371, 0.014025859427086463, 0.012563047646835242, 0.012607584524340902, 0.012404845729122722, 0.012517136628365452, 0.014591042016215252, 0.016587775096001886], "rate_of_adaptation": 0.00039906443793025524}