{"virus": "parainfluenza", "subtype": "1", "gene": "HN", "window": 3, "min_seqs": 2, "midfreq_high": 0.75, "midfreq_low": 0.15, "window_midpoint": [1998.5, 2002.5, 2003.5, 2004.5, 2005.5, 2006.5, 2007.5, 2008.5, 2009.5, 2010.5, 2011.5, 2012.5, 2013.5, 2014.5, 2015.5, 2016.5, 2017.5], "adaptive_substitutions": [0.0, 2.9, 2.9, 2.477142857142857, 6.533333333333332, 5.947692307692307, 6.40090909090909, 0, 0.7551162790697675, 0.8151923076923077, 6.3428571428571425, 0.0, 1.6633333333333333, 0.0, 10.168571428571427, 10.168571428571427, 10.553333333333336], "adaptive_substitutions_per_codon": [0.0, 0.005034722222222222, 0.005034722222222222, 0.004300595238095238, 0.011342592592592592, 0.0103258547008547, 0.011112689393939394, 0.0, 0.0013109657622739019, 0.001415264423076923, 0.011011904761904761, 0.0, 0.0028877314814814816, 0.0, 0.017653769841269838, 0.017653769841269838, 0.018321759259259263], "rate_of_adaptation": 0.0005301824829604939}