{"virus": "parainfluenza", "subtype": "1B", "gene": "HN", "window": 3, "min_seqs": 2, "midfreq_high": 0.75, "midfreq_low": 0.15, "window_midpoint": [1998.5, 2002.5, 2003.5, 2004.5, 2005.5, 2006.5, 2007.5, 2008.5, 2009.5, 2010.5, 2011.5, 2012.5, 2013.5, 2014.5, 2015.5, 2016.5], "adaptive_substitutions": [0.0, 2.867634463540394, 2.867634463540394, 5.308069972133572, 7.801451695310591, 7.1259606595466165, 6.354126179117479, 7.378825950502955, 7.827924802602512, 7.834543079425492, 7.761742034372709, 6.829974305622404, 6.0590947236435175, 6.072331277289478, 7.748505480726749, 7.748505480726749], "adaptive_substitutions_per_codon": [0.0, 0.004978532054757628, 0.004978532054757628, 0.00921539925717634, 0.013544186971025331, 0.012371459478379542, 0.011031469060967846, 0.012810461719623186, 0.013590147226740472, 0.013601637290669258, 0.01347524658745262, 0.011857594280594451, 0.010519261672992218, 0.010542241800849788, 0.01345226645959505, 0.01345226645959505], "rate_of_adaptation": 0.0005726625619131765}