{"virus": "parainfluenza", "subtype": "1", "gene": "L", "window": 3, "min_seqs": 2, "midfreq_high": 0.75, "midfreq_low": 0.15, "window_midpoint": [1998.5, 2002.5, 2003.5, 2004.5, 2005.5, 2006.5, 2007.5, 2008.5, 2009.5, 2010.5, 2011.5, 2012.5, 2013.5, 2014.5, 2015.5, 2016.5, 2017.5], "adaptive_substitutions": [0.0, 3.6, 3.6, 3.2683333333333335, 3.92, 3.2996153846153846, 3.62, 1.805, 1.7753658536585366, 2.4820408163265304, 6.311716577540107, 1.815, 1.815, 1.815, 8.100714285714284, 8.100714285714284, 9.107777777777777], "adaptive_substitutions_per_codon": [0.0, 0.001618705035971223, 0.001618705035971223, 0.001469574340527578, 0.001762589928057554, 0.0014836400110680686, 0.0016276978417266187, 0.0008116007194244604, 0.000798276013335673, 0.001116025546909411, 0.002838002058246451, 0.0008160971223021582, 0.0008160971223021582, 0.0008160971223021582, 0.0036424075025693723, 0.0036424075025693723, 0.004095223820943245], "rate_of_adaptation": 0.00012455444892356664}