{"virus": "parainfluenza", "subtype": "1B", "gene": "L", "window": 3, "min_seqs": 2, "midfreq_high": 0.75, "midfreq_low": 0.15, "window_midpoint": [1998.5, 2002.5, 2003.5, 2004.5, 2005.5, 2006.5, 2007.5, 2008.5, 2009.5, 2010.5, 2011.5, 2012.5, 2013.5, 2014.5, 2015.5, 2016.5], "adaptive_substitutions": [0.0, 3.470537854161576, 3.470537854161576, 3.4837744078075366, 4.245516442180246, 3.978970750122795, 3.4970109614534968, 4.045822062245634, 4.058838355790202, 4.048446186009219, 3.086677798428718, 3.366225160250477, 3.5118272503560437, 3.5780100185858466, 4.166097120304482, 4.113150905720639], "adaptive_substitutions_per_codon": [0.0, 0.0015604936394611403, 0.0015604936394611403, 0.0015664453272515903, 0.001908955234793276, 0.0017891055531127674, 0.00157239701504204, 0.0018191645963334684, 0.0018250172463085443, 0.0018203445080976703, 0.0013878946935380926, 0.0015135904497529122, 0.0015790590154478614, 0.0016088174544001109, 0.0018732451080505762, 0.0018494383568887765], "rate_of_adaptation": 4.815433217258518e-05}