{"virus": "parainfluenza", "subtype": "1", "gene": "P", "window": 3, "min_seqs": 2, "midfreq_high": 0.75, "midfreq_low": 0.15, "window_midpoint": [1998.5, 2002.5, 2003.5, 2004.5, 2005.5, 2006.5, 2007.5, 2008.5, 2009.5, 2010.5, 2011.5, 2012.5, 2013.5, 2014.5, 2015.5, 2016.5, 2017.5], "adaptive_substitutions": [0.0, 4.105504587155963, 4.105504587155963, 3.70478374836173, 8.697247706422019, 8.205657492354739, 8.568807339449542, 2.6433176295561616, 2.6433176295561616, 4.165510076060535, 9.837425796006475, 2.9105504587155964, 2.9105504587155964, 2.9105504587155964, 12.545543905635649, 12.467726081258192, 13.510958205912338], "adaptive_substitutions_per_codon": [0.0, 0.0072152980442108305, 0.0072152980442108305, 0.006511043494484587, 0.015285145353993003, 0.014421190671976693, 0.015059415359313781, 0.00464554943682981, 0.00464554943682981, 0.007320755845449095, 0.017288973279448987, 0.005115202915141646, 0.005115202915141646, 0.005115202915141646, 0.02204840756702223, 0.021911645134021426, 0.02374509350775455], "rate_of_adaptation": 0.0007441271126365565}