{"virus": "parainfluenza", "subtype": "1A", "gene": "HN", "window": 3, "min_seqs": 2, "midfreq_high": 0.75, "midfreq_low": 0.15, "window_midpoint": [2008.5, 2009.5, 2010.5, 2011.5, 2012.5, 2014.5, 2015.5, 2016.5, 2017.5], "adaptive_substitutions": [0.0, 0.0, 0.0, 0.0, 0.0, 1.6666666666666667, 1.6363636363636365, 1.6363636363636365, 1.7142857142857142], "adaptive_substitutions_per_codon": [0.0, 0.0, 0.0, 0.0, 0.0, 0.002893518518518519, 0.002840909090909091, 0.002840909090909091, 0.002976190476190476], "rate_of_adaptation": 0.00043078793078793086}