{"virus": "rhinovirusA101", "subtype": null, "gene": "3C", "window": 3, "min_seqs": 2, "midfreq_high": 0.75, "midfreq_low": 0.15, "window_midpoint": [2000.5, 2009.5, 2015.5, 2016.5, 2017.5], "adaptive_substitutions": [0.0, 1.8672951414068164, 0.845540246555475, 0.845540246555475, 0.845540246555475], "adaptive_substitutions_per_codon": [0.0, 0.010203798586922493, 0.004620438505767623, 0.004620438505767623, 0.004620438505767623], "rate_of_adaptation": 0.0001951935127782267}