{"virus": "rotavirusAg1p8", "subtype": null, "gene": "N", "window": 3, "min_seqs": 2, "midfreq_high": 0.75, "midfreq_low": 0.15, "window_midpoint": [1998.5, 1999.5, 2000.5, 2001.5, 2002.5, 2003.5, 2004.5, 2005.5, 2006.5, 2007.5, 2008.5, 2009.5, 2010.5, 2011.5, 2012.5, 2013.5, 2014.5, 2015.5, 2016.5, 2017.5], "adaptive_substitutions": [0.0, 0.0, 0.0, 0.0, 0.0, 0.0, 0.0, 0.0, 0.0, 0.0, 0.0, 2.628051544354109, 3.427327594320696, 3.307756038997728, 3.0853470902999334, 3.1626241233602035, 3.2160473537750844, 3.024695436549136, 4.3695190771211765, 4.3680071567070105], "adaptive_substitutions_per_codon": [0.0, 0.0, 0.0, 0.0, 0.0, 0.0, 0.0, 0.0, 0.0, 0.0, 0.0, 0.00826431303256009, 0.010777759730568225, 0.010401748550307321, 0.009702349340565828, 0.009945358878491206, 0.010113356458412215, 0.00951162086965137, 0.013740626028682945, 0.013735871561971731], "rate_of_adaptation": 0.0008398001642859929}