{"virus": "rotavirusAg1p8", "subtype": null, "gene": "A", "window": 3, "min_seqs": 2, "midfreq_high": 0.75, "midfreq_low": 0.15, "window_midpoint": [1998.5, 1999.5, 2000.5, 2001.5, 2002.5, 2003.5, 2004.5, 2005.5, 2006.5, 2007.5, 2008.5, 2009.5, 2010.5, 2011.5, 2012.5, 2013.5, 2014.5, 2015.5, 2016.5, 2017.5], "adaptive_substitutions": [0.0, 0.0, 0.0, 0.0, 0.0, 0.0, 0.7947470634067461, 0.8250147775587466, 1.6649547652668941, 1.6358869138516932, 1.716718367670104, 1.8718896301111467, 1.8698841217850228, 1.311595765740297, 2.2776401178917163, 2.3818646202736793, 1.5734847036082598, 1.5347455132411942, 1.2263176470188952, 1.4740477678087434], "adaptive_substitutions_per_codon": [0.0, 0.0, 0.0, 0.0, 0.0, 0.0, 0.0015990886587660886, 0.0016599894920699128, 0.003350009588062161, 0.0032915229654963646, 0.00345416170557365, 0.0037663775253745408, 0.0037623422973541705, 0.002639025685594159, 0.004582776897166431, 0.004792484145419878, 0.003165965198406961, 0.0030880191413303706, 0.0024674399336396284, 0.002965890880902904], "rate_of_adaptation": 0.0002247681381568599}