{"virus": "rotavirusAg1p8", "subtype": null, "gene": "C", "window": 3, "min_seqs": 2, "midfreq_high": 0.75, "midfreq_low": 0.15, "window_midpoint": [1998.5, 1999.5, 2000.5, 2001.5, 2002.5, 2003.5, 2004.5, 2005.5, 2006.5, 2007.5, 2008.5, 2009.5, 2010.5, 2011.5, 2012.5, 2013.5, 2014.5, 2015.5, 2016.5, 2017.5], "adaptive_substitutions": [0.0, 0.0, 0.0, 0.0, 0.0, 0.0, 0.0, 0.0, 0.0, 0.0, 1.4947246564562167, 1.6222816398627615, 1.6548204491599823, 2.398872440390149, 2.4689383787321826, 2.4848459627849286, 2.3756145473718377, 1.6182588637491415, 1.4581739618642289, 1.5653234008689416], "adaptive_substitutions_per_codon": [0.0, 0.0, 0.0, 0.0, 0.0, 0.0, 0.0, 0.0, 0.0, 0.0, 0.0016927799053864287, 0.001837238550240953, 0.0018740888438957897, 0.0027167298305664205, 0.002796079704113457, 0.002814095088091652, 0.0026903902008741085, 0.001832682744902765, 0.00165138614027659, 0.0017727331833170346], "rate_of_adaptation": 0.0001623553537956489}