{"virus": "rsv", "subtype": "B", "gene": "F", "window": 3, "min_seqs": 2, "midfreq_high": 0.75, "midfreq_low": 0.15, "window_midpoint": [1977.5, 1978.5, 1979.5, 1980.5, 1981.5, 1982.5, 1983.5, 1984.5, 1985.5, 1986.5, 1987.5, 1988.5, 1989.5, 1990.5, 1991.5, 1992.5, 1993.5, 1994.5, 1995.5, 1996.5, 1997.5, 1998.5, 2001.5, 2002.5, 2003.5, 2004.5, 2005.5, 2006.5, 2007.5, 2008.5, 2009.5, 2010.5, 2011.5, 2012.5, 2013.5, 2014.5, 2015.5, 2016.5, 2017.5, 2018.5], "adaptive_substitutions": [0.0, 0.0, 0.0, 0.0, 0.0, 0.0, 0.0, 0.09177149927820127, 0.6741596205403175, 0.7243761600329963, 0.6741596205403175, 1.0772530418643018, 1.1853990513507937, 1.1853990513507937, 1.1853990513507937, 1.1853990513507937, 1.8595586718911115, 2.022478861620953, 2.022478861620953, 1.941018766756032, 1.7780985770261908, 1.7780985770261908, 1.7780985770261908, 1.8595586718911115, 1.941018766756032, 1.5337182924314288, 1.0449577232419052, 1.1264178181068258, 1.5337182924314288, 1.8595586718911115, 1.941018766756032, 1.2964297916480698, 1.2508565118181996, 1.406823690120539, 1.3659723654361717, 1.8071231717344318, 1.6563434912437807, 3.491859146215714, 3.325611581344589, 5.465811249742214], "adaptive_substitutions_per_codon": [0.0, 0.0, 0.0, 0.0, 0.0, 0.0, 0.0, 0.00015960260744035004, 0.0011724515139831609, 0.0012597846261443414, 0.0011724515139831609, 0.001873483551068351, 0.0020615635675665977, 0.0020615635675665977, 0.0020615635675665977, 0.0020615635675665977, 0.003234015081549759, 0.003517354541949483, 0.003517354541949483, 0.0033756848117496205, 0.003092345351349897, 0.003092345351349897, 0.003092345351349897, 0.003234015081549759, 0.0033756848117496205, 0.002667336160750311, 0.0018173177795511395, 0.0019589875097510015, 0.002667336160750311, 0.003234015081549759, 0.0033756848117496205, 0.0022546605072140346, 0.0021754026292490425, 0.002446649895861807, 0.0023756041138020376, 0.0031428229073642293, 0.00288059737607614, 0.006072798515157764, 0.0057836723153818935, 0.00950575869520385], "rate_of_adaptation": 0.00011223025222973685}