{"virus": "rsv", "subtype": "A", "gene": "G", "window": 3, "min_seqs": 2, "midfreq_high": 0.75, "midfreq_low": 0.15, "window_midpoint": [1978.5, 1979.5, 1980.5, 1981.5, 1982.5, 1983.5, 1984.5, 1985.5, 1986.5, 1987.5, 1988.5, 1989.5, 1990.5, 1991.5, 1992.5, 1993.5, 1994.5, 1995.5, 1996.5, 1997.5, 1998.5, 1999.5, 2000.5, 2001.5, 2002.5, 2003.5, 2004.5, 2005.5, 2006.5, 2007.5, 2008.5, 2009.5, 2010.5, 2011.5, 2012.5, 2013.5, 2014.5, 2015.5, 2016.5, 2017.5, 2018.5], "adaptive_substitutions": [0.0, 0.0, 0.0, 0.0, 0.0, 3.2263361984483447, 3.6767672384169523, 3.5178574995141516, 1.559146548498459, 0.8970818963213185, 0.8856465514681316, 0, 0, 12.509256446508775, 14.56071549834812, 0, 0, 0, 0, 0.0, 0.0, 0.0, 14.318795232469647, 16.450894372935146, 16.601722628326314, 17.788829720758002, 16.270787691497457, 3.8129275745944518, 0.7569131249518133, 12.883659453394705, 14.74187308548943, 16.71956854482626, 17.214715956350666, 16.55779391497848, 17.371317318136434, 19.807061267319057, 22.472180857601106, 21.914572118031728, 20.411040754990236, 20.29031846404948, 20.061710397984633], "adaptive_substitutions_per_codon": [0.0, 0.0, 0.0, 0.0, 0.0, 0.010826631538417264, 0.0123381450953589, 0.011804890937966953, 0.005232035397645836, 0.003010341933964156, 0.0029719682935172203, 0.0, 0.0, 0.04197737062586837, 0.04886146140385275, 0.0, 0.0, 0.0, 0.0, 0.0, 0.0, 0.0, 0.0480496484311062, 0.05520434353333942, 0.05571047861854468, 0.05969405946563088, 0.05459995869630019, 0.012795058975149168, 0.0025399769293685008, 0.04323375655501579, 0.04946937277009876, 0.05610593471418208, 0.05776750320923042, 0.05556306682878684, 0.05829301113468602, 0.06646664854805052, 0.07541000287785606, 0.07353883261084472, 0.06849342535231623, 0.06808831699345463, 0.0673211758321632], "rate_of_adaptation": 0.0019300665866808227}