{"virus": "rsv", "subtype": "A", "gene": "NS1", "window": 3, "min_seqs": 2, "midfreq_high": 0.75, "midfreq_low": 0.15, "window_midpoint": [1978.5, 1979.5, 1980.5, 1981.5, 1982.5, 1983.5, 1984.5, 1985.5, 1986.5, 1987.5, 1988.5, 1989.5, 1990.5, 1991.5, 1992.5, 1993.5, 1994.5, 1995.5, 1996.5, 1997.5, 1998.5, 1999.5, 2000.5, 2001.5, 2002.5, 2003.5, 2004.5, 2005.5, 2006.5, 2007.5, 2008.5, 2009.5, 2010.5, 2011.5, 2012.5, 2013.5, 2014.5, 2015.5, 2016.5, 2017.5, 2018.5], "adaptive_substitutions": [0.0, 0.0, 0.0, 0.0, 0.0, 0.0, 0.0, 0.0, 0.0, 0.0, 0.0, 0.0, 0.0, 0.0, 0.0, 0.0, 0.0, 0.0, 0.0, 0.0, 0.0, 0.0, 0.0, 0.0, 0.0, 0.0, 0.0, 0.0, 0.0, 0.7062512095993807, 0.7760919516342094, 0.7887278552726597, 0.7902929988840033, 0.7939945743894536, 0.791383236154065, 0.7870788394883614, 0.8144940358486189, 0.36529901296690537, 0.38774917747242116, 0.38774917747242116, 0.41019934197793695], "adaptive_substitutions_per_codon": [0.0, 0.0, 0.0, 0.0, 0.0, 0.0, 0.0, 0.0, 0.0, 0.0, 0.0, 0.0, 0.0, 0.0, 0.0, 0.0, 0.0, 0.0, 0.0, 0.0, 0.0, 0.0, 0.0, 0.0, 0.0, 0.0, 0.0, 0.0, 0.0, 0.0050446514971384335, 0.005543513940244353, 0.005633770394804712, 0.0056449499920285945, 0.005671389817067526, 0.005652737401100464, 0.0056219917106311535, 0.005817814541775849, 0.0026092786640493242, 0.0027696369819458656, 0.0027696369819458656, 0.002929995299842407], "rate_of_adaptation": 0.00013349536381650407}