{"virus": "vic", "subtype": null, "gene": "ha2", "window": 3, "min_seqs": 2, "midfreq_high": 0.75, "midfreq_low": 0.15, "window_midpoint": [1970.5, 1971.5, 1972.5, 1973.5, 1974.5, 1975.5, 1976.5, 1977.5, 1978.5, 1979.5, 1980.5, 1981.5, 1982.5, 1983.5, 1984.5, 1985.5, 1986.5, 1987.5, 1988.5, 1989.5, 1990.5, 1991.5, 1992.5, 1993.5, 1994.5, 1995.5, 1996.5, 1997.5, 1998.5, 1999.5, 2000.5, 2001.5, 2002.5, 2003.5, 2004.5, 2005.5, 2006.5, 2007.5, 2008.5, 2009.5, 2010.5, 2011.5, 2012.5, 2013.5, 2014.5, 2015.5, 2016.5, 2017.5, 2018.5, 2019.5, 2020.5], "adaptive_substitutions": [0.0, 0.0, 0.0, 0.0, 0.0, 0.0, 0.0, 0.0, 0.0, 0.0, 0.0, 0.0, 0.0, 0.0, 0.9940287329247192, 0.9942583970429992, 0.74994258397043, 0.0, 0.0, 1.9935694046881591, 0.0, 0, 0, 0, 0, 0, 0, 0.8532057579723422, 2.991502427623639, 0, 0, 3.4943732291021394, 3.897538049924435, 3.5076351641416754, 3.5046745485288984, 3.491732091741919, 3.518292514345795, 3.5148086074697305, 3.510563510856038, 3.485631930547889, 3.992584638326339, 3.492096623620371, 3.0227330377520656, 3.5397256299135726, 4.047749539427942, 4.021190681327276, 4.004016285174302, 3.9966150085899166, 3.992331504141208, 3.4954067176343995, 3.4951770535161195], "adaptive_substitutions_per_codon": [0.0, 0.0, 0.0, 0.0, 0.0, 0.0, 0.0, 0.0, 0.0, 0.0, 0.0, 0.0, 0.0, 0.0, 0.004417905479665418, 0.0044189262090799965, 0.003333078150979689, 0.0, 0.0, 0.008860308465280707, 0.0, 0.0, 0.0, 0.0, 0.0, 0.0, 0.0, 0.0037920255909881877, 0.01329556634499395, 0.0, 0.0, 0.015530547684898397, 0.01732239133299749, 0.015589489618407447, 0.015576331326795104, 0.015518809296630751, 0.015636855619314646, 0.015621371588754358, 0.015602504492693502, 0.01549169746910173, 0.01774482061478373, 0.01552042943831276, 0.013434369056675848, 0.01573211391072699, 0.017989997953013075, 0.017871958583676784, 0.017795627934108008, 0.01776273337151074, 0.017743695573960924, 0.015535140967263997, 0.01553412023784942], "rate_of_adaptation": 0.00044745108872105754}