{"virus": "yam", "subtype": null, "gene": "PA", "window": 3, "min_seqs": 2, "midfreq_high": 0.75, "midfreq_low": 0.15, "window_midpoint": [2001.5, 2002.5, 2004.5, 2005.5, 2006.5, 2007.5, 2008.5, 2009.5, 2012.5, 2013.5, 2014.5, 2015.5, 2016.5, 2017.5, 2018.5], "adaptive_substitutions": [0.0, 0.0, 0.8625817965496728, 0.7685901249256395, 0.8219710489787825, 0.0, 0.0, 0.3605680800289921, 1.049573666468372, 0.0, 1.00852667063256, 1.2690387916443835, 1.5973923527734475, 1.6513501131647144, 3.4273404747539953], "adaptive_substitutions_per_codon": [0.0, 0.0, 0.0011864949058454921, 0.0010572078747257765, 0.0011306341801633872, 0.0, 0.0, 0.0004959670977015022, 0.001443705180836825, 0.0, 0.001387244388765557, 0.0017455829321105687, 0.002197238449482046, 0.0022714582024273926, 0.00471436103817606], "rate_of_adaptation": 0.00015982047267237967}