{"virus": "229e", "subtype": null, "gene": "spike", "loci_len": 201, "loci_offset": 9, "location": [477, 678], "window": 3, "min_seqs": 2, "midfreq_high": 0.75, "midfreq_low": 0.15, "window_midpoint": [1992.5, 1993.5, 1994.5, 2004.5, 2005.5, 2006.5, 2007.5, 2008.5, 2009.5, 2010.5, 2011.5, 2012.5, 2014.5, 2015.5, 2016.5, 2017.5], "adaptive_substitutions": [0.0, 0.0, 0.0, 0.6857142857142857, 0.6857142857142857, 0.6857142857142857, 0.6857142857142857, 0.8428571428571429, 0.8428571428571429, 0.8428571428571429, 0.6857142857142857, 0.6857142857142857, 1.6857142857142857, 0.6857142857142857, 0.6857142857142857, 0.6857142857142857], "adaptive_substitutions_per_codon": [0.0, 0.0, 0.0, 0.003411513859275053, 0.003411513859275053, 0.003411513859275053, 0.003411513859275053, 0.004193319118692253, 0.004193319118692253, 0.004193319118692253, 0.003411513859275053, 0.003411513859275053, 0.008386638237384506, 0.003411513859275053, 0.003411513859275053, 0.003411513859275053], "rate_of_adaptation": 0.0001920193185614619}