{"virus": "229e", "subtype": null, "gene": "spike", "loci_len": 201, "loci_offset": 9, "location": [918, 1119], "window": 3, "min_seqs": 2, "midfreq_high": 0.75, "midfreq_low": 0.15, "window_midpoint": [1992.5, 1993.5, 1994.5, 2004.5, 2005.5, 2006.5, 2007.5, 2008.5, 2009.5, 2010.5, 2011.5, 2012.5, 2014.5, 2015.5, 2016.5, 2017.5], "adaptive_substitutions": [0.0, 0.0, 0.0, 4.8428571428571425, 4.8428571428571425, 4.8428571428571425, 5.611428571428571, 4.8428571428571425, 4.8428571428571425, 4.8428571428571425, 5.8428571428571425, 8.917142857142856, 10.842857142857143, 11.14857142857143, 11.14857142857143, 11.130769230769232], "adaptive_substitutions_per_codon": [0.0, 0.0, 0.0, 0.024093816631130062, 0.024093816631130062, 0.024093816631130062, 0.027917555081734186, 0.024093816631130062, 0.024093816631130062, 0.024093816631130062, 0.029068941009239516, 0.044363894811656, 0.05394456289978678, 0.05546552949538024, 0.05546552949538024, 0.055376961347110606], "rate_of_adaptation": 0.0022910793479801917}