{"virus": "229e", "subtype": null, "gene": "spike", "loci_len": 201, "loci_offset": 9, "location": [936, 1137], "window": 3, "min_seqs": 2, "midfreq_high": 0.75, "midfreq_low": 0.15, "window_midpoint": [1992.5, 1993.5, 1994.5, 2004.5, 2005.5, 2006.5, 2007.5, 2008.5, 2009.5, 2010.5, 2011.5, 2012.5, 2014.5, 2015.5, 2016.5, 2017.5], "adaptive_substitutions": [0.0, 0.0, 0.0, 2.842857142857143, 2.842857142857143, 2.842857142857143, 3.6114285714285717, 2.842857142857143, 2.842857142857143, 2.842857142857143, 3.842857142857143, 6.917142857142857, 7.8428571428571425, 7.457142857142857, 7.457142857142857, 7.397802197802198], "adaptive_substitutions_per_codon": [0.0, 0.0, 0.0, 0.014143567874911158, 0.014143567874911158, 0.014143567874911158, 0.01796730632551528, 0.014143567874911158, 0.014143567874911158, 0.014143567874911158, 0.01911869225302061, 0.0344136460554371, 0.03901918976545842, 0.03710021321961621, 0.03710021321961621, 0.036804986058717404], "rate_of_adaptation": 0.0015754251559876157}