{"virus": "229e", "subtype": null, "gene": "spike", "loci_len": 201, "loci_offset": 9, "location": [801, 1002], "window": 3, "min_seqs": 2, "midfreq_high": 0.75, "midfreq_low": 0.15, "window_midpoint": [1992.5, 1993.5, 1994.5, 2004.5, 2005.5, 2006.5, 2007.5, 2008.5, 2009.5, 2010.5, 2011.5, 2012.5, 2014.5, 2015.5, 2016.5, 2017.5], "adaptive_substitutions": [0.0, 0.0, 0.0, 4.0, 4.0, 4.0, 4.768571428571429, 4.0, 4.0, 4.0, 4.710714285714285, 7.305714285714286, 8.0, 8.46, 8.46, 8.465934065934068], "adaptive_substitutions_per_codon": [0.0, 0.0, 0.0, 0.01990049751243781, 0.01990049751243781, 0.01990049751243781, 0.023724235963041934, 0.01990049751243781, 0.01990049751243781, 0.01990049751243781, 0.0234363894811656, 0.03634683724235963, 0.03980099502487562, 0.04208955223880598, 0.04208955223880598, 0.04211907495489586], "rate_of_adaptation": 0.0017501008676126075}