{"virus": "229e", "subtype": null, "gene": "spike", "loci_len": 201, "loci_offset": 9, "location": [1017, 1218], "window": 3, "min_seqs": 2, "midfreq_high": 0.75, "midfreq_low": 0.15, "window_midpoint": [1992.5, 1993.5, 1994.5, 2004.5, 2005.5, 2006.5, 2007.5, 2008.5, 2009.5, 2010.5, 2011.5, 2012.5, 2014.5, 2015.5, 2016.5, 2017.5], "adaptive_substitutions": [0.0, 0.0, 0.0, 2.0, 2.0, 2.0, 2.0, 1.9357142857142857, 1.9496894409937888, 1.9537142857142857, 3.0, 4.537142857142857, 5.0, 4.691428571428571, 4.691428571428571, 4.643956043956044], "adaptive_substitutions_per_codon": [0.0, 0.0, 0.0, 0.009950248756218905, 0.009950248756218905, 0.009950248756218905, 0.009950248756218905, 0.009630419331911869, 0.00969994746763079, 0.00971997157071784, 0.014925373134328358, 0.022572850035536603, 0.024875621890547265, 0.02334044065387349, 0.02334044065387349, 0.02310425892515445], "rate_of_adaptation": 0.0010078843238304784}