{"virus": "229e", "subtype": null, "gene": "spike", "loci_len": 201, "loci_offset": 9, "location": [954, 1155], "window": 3, "min_seqs": 2, "midfreq_high": 0.75, "midfreq_low": 0.15, "window_midpoint": [1992.5, 1993.5, 1994.5, 2004.5, 2005.5, 2006.5, 2007.5, 2008.5, 2009.5, 2010.5, 2011.5, 2012.5, 2014.5, 2015.5, 2016.5, 2017.5], "adaptive_substitutions": [0.0, 0.0, 0.0, 0.8428571428571429, 0.8428571428571429, 0.8428571428571429, 1.6114285714285714, 0.8428571428571429, 0.8428571428571429, 0.8428571428571429, 1.842857142857143, 4.1485714285714295, 4.8428571428571425, 4.534285714285714, 4.534285714285714, 4.486813186813187], "adaptive_substitutions_per_codon": [0.0, 0.0, 0.0, 0.004193319118692253, 0.004193319118692253, 0.004193319118692253, 0.008017057569296375, 0.004193319118692253, 0.004193319118692253, 0.004193319118692253, 0.009168443496801706, 0.020639658848614077, 0.024093816631130062, 0.022558635394456288, 0.022558635394456288, 0.02232245366573725], "rate_of_adaptation": 0.0009503170035068162}