{"virus": "229e", "subtype": null, "gene": "spike", "loci_len": 201, "loci_offset": 9, "location": [666, 867], "window": 3, "min_seqs": 2, "midfreq_high": 0.75, "midfreq_low": 0.15, "window_midpoint": [1992.5, 1993.5, 1994.5, 2004.5, 2005.5, 2006.5, 2007.5, 2008.5, 2009.5, 2010.5, 2011.5, 2012.5, 2014.5, 2015.5, 2016.5, 2017.5], "adaptive_substitutions": [0.0, 0.0, 0.0, 0.6857142857142857, 0.6857142857142857, 0.6857142857142857, 0.6857142857142857, 0.6857142857142857, 0.6857142857142857, 0.6857142857142857, 1.3964285714285714, 1.6857142857142857, 1.5285714285714285, 1.4514285714285715, 1.4514285714285715, 1.4395604395604398], "adaptive_substitutions_per_codon": [0.0, 0.0, 0.0, 0.003411513859275053, 0.003411513859275053, 0.003411513859275053, 0.003411513859275053, 0.003411513859275053, 0.003411513859275053, 0.003411513859275053, 0.006947405828002843, 0.008386638237384506, 0.007604832977967306, 0.007221037668798863, 0.007221037668798863, 0.0071619922366191035], "rate_of_adaptation": 0.00032851864548141477}