{"virus": "229e", "subtype": null, "gene": "spike", "loci_len": 201, "loci_offset": 9, "location": [765, 966], "window": 3, "min_seqs": 2, "midfreq_high": 0.75, "midfreq_low": 0.15, "window_midpoint": [1992.5, 1993.5, 1994.5, 2004.5, 2005.5, 2006.5, 2007.5, 2008.5, 2009.5, 2010.5, 2011.5, 2012.5, 2014.5, 2015.5, 2016.5, 2017.5], "adaptive_substitutions": [0.0, 0.0, 0.0, 3.842857142857143, 3.842857142857143, 3.842857142857143, 3.842857142857143, 3.842857142857143, 3.842857142857143, 3.842857142857143, 4.553571428571429, 6.222857142857142, 6.685714285714286, 7.222857142857144, 7.222857142857144, 7.240659340659342], "adaptive_substitutions_per_codon": [0.0, 0.0, 0.0, 0.01911869225302061, 0.01911869225302061, 0.01911869225302061, 0.01911869225302061, 0.01911869225302061, 0.01911869225302061, 0.01911869225302061, 0.022654584221748403, 0.030959488272921106, 0.03326226012793177, 0.03593461265103057, 0.03593461265103057, 0.036023180799300204], "rate_of_adaptation": 0.001499399853795972}