{"virus": "enterovirusd68", "subtype": null, "gene": "vp1", "loci_len": 201, "loci_offset": 9, "location": [2406, 2607], "window": 3, "min_seqs": 2, "midfreq_high": 0.75, "midfreq_low": 0.15, "window_midpoint": [1998.5, 1999.5, 2000.5, 2001.5, 2002.5, 2003.5, 2004.5, 2005.5, 2006.5, 2007.5, 2008.5, 2009.5, 2010.5, 2011.5, 2012.5, 2013.5, 2014.5, 2015.5, 2016.5, 2017.5], "adaptive_substitutions": [0.0, 0.7278161767691533, 0.8368605044746544, 0.9822529414153227, 0.7296411770034121, 0.7296411770034121, 0.7296411770034121, 0, 0.0, 0, 0.0, 0.0, 0.0, 0.0, 0.0, 0.8238210457185027, 0.8467596118142042, 0.86352797824994, 1.5627090931239012, 1.5641592709324632], "adaptive_substitutions_per_codon": [0.0, 0.0036209760038266336, 0.004163485096888828, 0.004886830554305088, 0.00363005560698215, 0.00363005560698215, 0.00363005560698215, 0.0, 0.0, 0.0, 0.0, 0.0, 0.0, 0.0, 0.0, 0.004098612167753745, 0.004212734387135345, 0.004296159095770846, 0.007774672105094036, 0.007781886920062006], "rate_of_adaptation": 0.000119375020653775}