{"virus": "enterovirusd68", "subtype": null, "gene": "vp1", "loci_len": 201, "loci_offset": 9, "location": [2595, 2796], "window": 3, "min_seqs": 2, "midfreq_high": 0.75, "midfreq_low": 0.15, "window_midpoint": [1998.5, 1999.5, 2000.5, 2001.5, 2002.5, 2003.5, 2004.5, 2005.5, 2006.5, 2007.5, 2008.5, 2009.5, 2010.5, 2011.5, 2012.5, 2013.5, 2014.5, 2015.5, 2016.5, 2017.5], "adaptive_substitutions": [0.0, 0.0, 0.0, 0.0, 0.0, 0.0, 0.7118941184187348, 0.0, 0.0, 0.0, 0.8393030960129456, 0.8788396358827765, 0.9386899362298388, 0.8345807264155802, 0.7486716492811344, 3.4244648685696006, 3.525114120762439, 3.5565513656698475, 3.2079717280704285, 2.2263480912737363], "adaptive_substitutions_per_codon": [0.0, 0.0, 0.0, 0.0, 0.0, 0.0, 0.0035417617831777853, 0.0, 0.0, 0.0, 0.004175637293596744, 0.004372336496929237, 0.004670099185223079, 0.004152142917490449, 0.0037247345735379822, 0.017037138649600003, 0.01753788119782308, 0.017694285401342526, 0.015960058348609096, 0.011076358663053414], "rate_of_adaptation": 0.0009331018722363444}