{"virus": "enterovirusd68", "subtype": null, "gene": "vp1", "loci_len": 201, "loci_offset": 9, "location": [2415, 2616], "window": 3, "min_seqs": 2, "midfreq_high": 0.75, "midfreq_low": 0.15, "window_midpoint": [1998.5, 1999.5, 2000.5, 2001.5, 2002.5, 2003.5, 2004.5, 2005.5, 2006.5, 2007.5, 2008.5, 2009.5, 2010.5, 2011.5, 2012.5, 2013.5, 2014.5, 2015.5, 2016.5, 2017.5], "adaptive_substitutions": [0.0, 0.7278161767691533, 0.8368605044746544, 0.9822529414153227, 0.7296411770034121, 0.7296411770034121, 0.7296411770034121, 0, 0.0, 0, 0.0, 0.0, 0.0, 0.0, 0.0, 0.8060739871338254, 0.8290125532295269, 0.8457809196652627, 1.5449620345392239, 1.546412212347786], "adaptive_substitutions_per_codon": [0.0, 0.0036209760038266336, 0.004163485096888828, 0.004886830554305088, 0.00363005560698215, 0.00363005560698215, 0.00363005560698215, 0.0, 0.0, 0.0, 0.0, 0.0, 0.0, 0.0, 0.0, 0.00401031834394938, 0.00412444056333098, 0.004207865271966481, 0.007686378281289671, 0.007693593096257641], "rate_of_adaptation": 0.00011439604562721302}