{"virus": "enterovirusd68", "subtype": null, "gene": "vp1", "loci_len": 201, "loci_offset": 9, "location": [2523, 2724], "window": 3, "min_seqs": 2, "midfreq_high": 0.75, "midfreq_low": 0.15, "window_midpoint": [1998.5, 1999.5, 2000.5, 2001.5, 2002.5, 2003.5, 2004.5, 2005.5, 2006.5, 2007.5, 2008.5, 2009.5, 2010.5, 2011.5, 2012.5, 2013.5, 2014.5, 2015.5, 2016.5, 2017.5], "adaptive_substitutions": [0.0, 0.7278161767691533, 0.8368605044746544, 0.9822529414153227, 0.7296411770034121, 0.7296411770034121, 1.494776471176179, 0, 0, 0.0, 0.8215560374282683, 0.8610925772980992, 0.9209428776451615, 0.8523277850002575, 0.7664187078658117, 4.408009441550199, 4.5315972598387395, 4.579802871181884, 4.983645524210457, 3.896765325877951], "adaptive_substitutions_per_codon": [0.0, 0.0036209760038266336, 0.004163485096888828, 0.004886830554305088, 0.00363005560698215, 0.00363005560698215, 0.00743669886157303, 0.0, 0.0, 0.0, 0.00408734346979238, 0.004284042673124872, 0.004581805361418714, 0.004240436741294814, 0.0038130283973423465, 0.021930395231593028, 0.02254525999919771, 0.022785088911352655, 0.02479425633935551, 0.01938689216854702], "rate_of_adaptation": 0.0010959439934926467}