{"virus": "enterovirusd68", "subtype": null, "gene": "vp1", "loci_len": 201, "loci_offset": 9, "location": [3081, 3282], "window": 3, "min_seqs": 2, "midfreq_high": 0.75, "midfreq_low": 0.15, "window_midpoint": [1998.5, 1999.5, 2000.5, 2001.5, 2002.5, 2003.5, 2004.5, 2005.5, 2006.5, 2007.5, 2008.5, 2009.5, 2010.5, 2011.5, 2012.5, 2013.5, 2014.5, 2015.5, 2016.5, 2017.5], "adaptive_substitutions": [0.0, 0.7278161767691533, 0.8368605044746544, 0.9822529414153227, 1.0, 1.0, 1.0, 0.9733794121229841, 0.9822529414153227, 1.0, 0.5, 0.5, 0.5, 0.5, 0.5, 2.7606672902932003, 2.781231001183298, 2.8152294132161915, 2.02751500863376, 2.136958333827774], "adaptive_substitutions_per_codon": [0.0, 0.0036209760038266336, 0.004163485096888828, 0.004886830554305088, 0.004975124378109453, 0.004975124378109453, 0.004975124378109453, 0.004842683642402906, 0.004886830554305088, 0.004975124378109453, 0.0024875621890547263, 0.0024875621890547263, 0.0024875621890547263, 0.0024875621890547263, 0.0024875621890547263, 0.013734663135787067, 0.013836970155140786, 0.014006116483662644, 0.010087139346436617, 0.010631633501630716], "rate_of_adaptation": 0.0004594060569367339}