{"virus": "enterovirusd68", "subtype": null, "gene": "vp1", "loci_len": 201, "loci_offset": 9, "location": [2568, 2769], "window": 3, "min_seqs": 2, "midfreq_high": 0.75, "midfreq_low": 0.15, "window_midpoint": [1998.5, 1999.5, 2000.5, 2001.5, 2002.5, 2003.5, 2004.5, 2005.5, 2006.5, 2007.5, 2008.5, 2009.5, 2010.5, 2011.5, 2012.5, 2013.5, 2014.5, 2015.5, 2016.5, 2017.5], "adaptive_substitutions": [0.0, 0.0, 0.0, 0.0, 0.0, 0.0, 0.6941470598340576, 0.0, 0, 0.0, 0.8215560374282683, 0.8610925772980992, 0.9209428776451615, 0.8345807264155802, 0.7486716492811344, 3.4422119271542777, 3.5428611793471165, 3.5742984242545246, 3.190224669485751, 2.2263480912737363], "adaptive_substitutions_per_codon": [0.0, 0.0, 0.0, 0.0, 0.0, 0.0, 0.0034534679593734205, 0.0, 0.0, 0.0, 0.00408734346979238, 0.004284042673124872, 0.004581805361418714, 0.004152142917490449, 0.0037247345735379822, 0.017125432473404367, 0.017626175021627444, 0.017782579225146887, 0.01587176452480473, 0.011076358663053414], "rate_of_adaptation": 0.0009344295989100941}