{"virus": "enterovirusd68", "subtype": null, "gene": "vp1", "loci_len": 201, "loci_offset": 9, "location": [2442, 2643], "window": 3, "min_seqs": 2, "midfreq_high": 0.75, "midfreq_low": 0.15, "window_midpoint": [1998.5, 1999.5, 2000.5, 2001.5, 2002.5, 2003.5, 2004.5, 2005.5, 2006.5, 2007.5, 2008.5, 2009.5, 2010.5, 2011.5, 2012.5, 2013.5, 2014.5, 2015.5, 2016.5, 2017.5], "adaptive_substitutions": [0.0, 0.710069118184476, 0.8191134458899771, 0.9645058828306454, 0.7118941184187348, 0.7118941184187348, 0.7118941184187348, 0, 0.0, 0, 0.0, 0.0, 0.0, 0.0, 0.0, 0.7705798699644708, 0.7935184360601724, 0.810286802495908, 1.5272149759545466, 1.466354109359965], "adaptive_substitutions_per_codon": [0.0, 0.003532682180022269, 0.004075191273084464, 0.004798536730500723, 0.0035417617831777853, 0.0035417617831777853, 0.0035417617831777853, 0.0, 0.0, 0.0, 0.0, 0.0, 0.0, 0.0, 0.0, 0.003833730696340651, 0.003947852915722251, 0.004031277624357751, 0.007598084457485306, 0.007295294076417737], "rate_of_adaptation": 0.0001071791739546878}