{"virus": "enterovirusd68", "subtype": null, "gene": "vp1", "loci_len": 201, "loci_offset": 9, "location": [2721, 2922], "window": 3, "min_seqs": 2, "midfreq_high": 0.75, "midfreq_low": 0.15, "window_midpoint": [1998.5, 1999.5, 2000.5, 2001.5, 2002.5, 2003.5, 2004.5, 2005.5, 2006.5, 2007.5, 2008.5, 2009.5, 2010.5, 2011.5, 2012.5, 2013.5, 2014.5, 2015.5, 2016.5, 2017.5], "adaptive_substitutions": [0.0, 0.6745750010151215, 0.7836193287206226, 0.9290117656612907, 1.4592823540068243, 1.4592823540068243, 1.441535295422147, 0.0, 0.0, 0.0, 0.0, 0.0, 0.0, 0.0, 0.0, 1.604425178816765, 1.6508578736521196, 1.6858334318713246, 1.4612112006401916, 1.341698981078307], "adaptive_substitutions_per_codon": [0.0, 0.0033560945324135395, 0.003898603625475734, 0.004621949082891994, 0.0072601112139643, 0.0072601112139643, 0.007171817390159935, 0.0, 0.0, 0.0, 0.0, 0.0, 0.0, 0.0, 0.0, 0.007982214819983905, 0.008213223252000594, 0.008387231004334948, 0.0072697074658716, 0.006675119308847299], "rate_of_adaptation": 0.00015020607415609257}