{"virus": "enterovirusd68", "subtype": null, "gene": "vp1", "loci_len": 201, "loci_offset": 9, "location": [2541, 2742], "window": 3, "min_seqs": 2, "midfreq_high": 0.75, "midfreq_low": 0.15, "window_midpoint": [1998.5, 1999.5, 2000.5, 2001.5, 2002.5, 2003.5, 2004.5, 2005.5, 2006.5, 2007.5, 2008.5, 2009.5, 2010.5, 2011.5, 2012.5, 2013.5, 2014.5, 2015.5, 2016.5, 2017.5], "adaptive_substitutions": [0.0, 0.0, 0.0, 0.0, 0.0, 0.0, 0.7296411770034121, 0.0, 0, 0.0, 0.8215560374282683, 0.8610925772980992, 0.9209428776451615, 0.8523277850002575, 0.7664187078658117, 3.49545310290831, 3.5961023551011486, 3.6275396000085567, 3.243465845239783, 2.270687689255891], "adaptive_substitutions_per_codon": [0.0, 0.0, 0.0, 0.0, 0.0, 0.0, 0.00363005560698215, 0.0, 0.0, 0.0, 0.00408734346979238, 0.004284042673124872, 0.004581805361418714, 0.004240436741294814, 0.0038130283973423465, 0.01739031394481746, 0.01789105649304054, 0.018047460696559985, 0.016136645996217825, 0.011296953677890006], "rate_of_adaptation": 0.0009488666329917763}