{"virus": "enterovirusd68", "subtype": null, "gene": "vp1", "loci_len": 201, "loci_offset": 9, "location": [2667, 2868], "window": 3, "min_seqs": 2, "midfreq_high": 0.75, "midfreq_low": 0.15, "window_midpoint": [1998.5, 1999.5, 2000.5, 2001.5, 2002.5, 2003.5, 2004.5, 2005.5, 2006.5, 2007.5, 2008.5, 2009.5, 2010.5, 2011.5, 2012.5, 2013.5, 2014.5, 2015.5, 2016.5, 2017.5], "adaptive_substitutions": [0.0, 0.710069118184476, 0.8191134458899771, 0.9645058828306454, 0.7296411770034121, 0.7296411770034121, 1.4770294125915018, 0.0, 0.0, 0.0, 0.8393030960129456, 0.8788396358827765, 0.9386899362298388, 0.8345807264155802, 0.7486716492811344, 4.367221519523239, 4.4735779288800845, 4.522742757121718, 4.092318653231261, 3.038877045957234], "adaptive_substitutions_per_codon": [0.0, 0.003532682180022269, 0.004075191273084464, 0.004798536730500723, 0.00363005560698215, 0.00363005560698215, 0.0073484050377686655, 0.0, 0.0, 0.0, 0.004175637293596744, 0.004372336496929237, 0.004670099185223079, 0.004152142917490449, 0.0037247345735379822, 0.021727470246384276, 0.022256606611343703, 0.02250120774687422, 0.02035979429468289, 0.015118791273419073], "rate_of_adaptation": 0.0009735759964684033}