{"virus": "enterovirusd68", "subtype": null, "gene": "vp1", "loci_len": 201, "loci_offset": 9, "location": [2460, 2661], "window": 3, "min_seqs": 2, "midfreq_high": 0.75, "midfreq_low": 0.15, "window_midpoint": [1998.5, 1999.5, 2000.5, 2001.5, 2002.5, 2003.5, 2004.5, 2005.5, 2006.5, 2007.5, 2008.5, 2009.5, 2010.5, 2011.5, 2012.5, 2013.5, 2014.5, 2015.5, 2016.5, 2017.5], "adaptive_substitutions": [0.0, 0.710069118184476, 0.8191134458899771, 0.9645058828306454, 0.7118941184187348, 0.7118941184187348, 0.7118941184187348, 0, 0.0, 0, 0.0, 0.0, 0.0, 0.0, 0.0, 1.662960159428402, 1.7266242631954518, 1.7606406045161678, 2.388032188788743, 2.270575495337735], "adaptive_substitutions_per_codon": [0.0, 0.003532682180022269, 0.004075191273084464, 0.004798536730500723, 0.0035417617831777853, 0.0035417617831777853, 0.0035417617831777853, 0.0, 0.0, 0.0, 0.0, 0.0, 0.0, 0.0, 0.0, 0.008273433628997025, 0.008590170463658965, 0.00875940599261775, 0.01188075715815295, 0.01129639549919271], "rate_of_adaptation": 0.0003544988347444411}