{"virus": "enterovirusd68", "subtype": null, "gene": "vp1", "loci_len": 201, "loci_offset": 9, "location": [2397, 2598], "window": 3, "min_seqs": 2, "midfreq_high": 0.75, "midfreq_low": 0.15, "window_midpoint": [1998.5, 1999.5, 2000.5, 2001.5, 2002.5, 2003.5, 2004.5, 2005.5, 2006.5, 2007.5, 2008.5, 2009.5, 2010.5, 2011.5, 2012.5, 2013.5, 2014.5, 2015.5, 2016.5, 2017.5], "adaptive_substitutions": [0.0, 0.7278161767691533, 0.8368605044746544, 0.9822529414153227, 0.7296411770034121, 0.7296411770034121, 0.7296411770034121, 0, 0.0, 0, 0.0, 0.0, 0.0, 0.0, 0.8975129988305804, 1.8189630645319412, 1.834814223802647, 1.8558901016376723, 3.499099901962359, 3.0109180951784316], "adaptive_substitutions_per_codon": [0.0, 0.0036209760038266336, 0.004163485096888828, 0.004886830554305088, 0.00363005560698215, 0.00363005560698215, 0.00363005560698215, 0.0, 0.0, 0.0, 0.0, 0.0, 0.0, 0.0, 0.0044652388001521414, 0.009049567485233539, 0.009128428974142523, 0.009233284087749613, 0.01740845722369333, 0.014979692015813093], "rate_of_adaptation": 0.0005202330703078205}