{"virus": "enterovirusd68", "subtype": null, "gene": "vp1", "loci_len": 201, "loci_offset": 9, "location": [2685, 2886], "window": 3, "min_seqs": 2, "midfreq_high": 0.75, "midfreq_low": 0.15, "window_midpoint": [1998.5, 1999.5, 2000.5, 2001.5, 2002.5, 2003.5, 2004.5, 2005.5, 2006.5, 2007.5, 2008.5, 2009.5, 2010.5, 2011.5, 2012.5, 2013.5, 2014.5, 2015.5, 2016.5, 2017.5], "adaptive_substitutions": [0.0, 0.6923220595997988, 0.8013663873052999, 0.946758824245968, 0.7118941184187348, 0.7118941184187348, 0.6941470598340576, 0.0, 0.0, 0.0, 0.0, 0.0, 0.0, 0.0, 0.0, 1.622172237401442, 1.6686049322367968, 1.703580490456002, 1.4967053178095462, 1.3771930982476617], "adaptive_substitutions_per_codon": [0.0, 0.003444388356217904, 0.003986897449280099, 0.0047102429066963585, 0.0035417617831777853, 0.0035417617831777853, 0.0034534679593734205, 0.0, 0.0, 0.0, 0.0, 0.0, 0.0, 0.0, 0.0, 0.008070508643788268, 0.008301517075804959, 0.008475524828139312, 0.00744629511348033, 0.006851706956456028], "rate_of_adaptation": 0.00023007286137588504}