{"virus": "enterovirusd68", "subtype": null, "gene": "vp1", "loci_len": 201, "loci_offset": 9, "location": [2802, 3003], "window": 3, "min_seqs": 2, "midfreq_high": 0.75, "midfreq_low": 0.15, "window_midpoint": [1998.5, 1999.5, 2000.5, 2001.5, 2002.5, 2003.5, 2004.5, 2005.5, 2006.5, 2007.5, 2008.5, 2009.5, 2010.5, 2011.5, 2012.5, 2013.5, 2014.5, 2015.5, 2016.5, 2017.5], "adaptive_substitutions": [0.0, 0.6745750010151215, 0.7836193287206226, 0.9290117656612907, 1.5073000009370354, 1.5073000009370354, 1.5073000009370354, 0.0, 0.0, 0.0, 0.0, 0.0, 0.0, 0.0, 0.0, 1.675413413155474, 1.721846107990829, 1.756821666210034, 1.5321994349789008, 1.3860385790604615], "adaptive_substitutions_per_codon": [0.0, 0.0033560945324135395, 0.003898603625475734, 0.004621949082891994, 0.007499004979786246, 0.007499004979786246, 0.007499004979786246, 0.0, 0.0, 0.0, 0.0, 0.0, 0.0, 0.0, 0.0, 0.008335390115201364, 0.008566398547218055, 0.008740406299552408, 0.007622882761089058, 0.006895714323683888], "rate_of_adaptation": 0.00016291354285552856}