{"virus": "enterovirusd68", "subtype": null, "gene": "vp1", "loci_len": 201, "loci_offset": 9, "location": [2748, 2949], "window": 3, "min_seqs": 2, "midfreq_high": 0.75, "midfreq_low": 0.15, "window_midpoint": [1998.5, 1999.5, 2000.5, 2001.5, 2002.5, 2003.5, 2004.5, 2005.5, 2006.5, 2007.5, 2008.5, 2009.5, 2010.5, 2011.5, 2012.5, 2013.5, 2014.5, 2015.5, 2016.5, 2017.5], "adaptive_substitutions": [0.0, 0.6923220595997988, 0.8013663873052999, 0.946758824245968, 1.4770294125915018, 1.4770294125915018, 1.4592823540068243, 0.0, 0.0, 0.0, 0.0, 0.0, 0.0, 0.0, 0.0, 1.604425178816765, 1.6508578736521196, 1.6858334318713246, 1.4789582592248687, 1.3594460396629844], "adaptive_substitutions_per_codon": [0.0, 0.003444388356217904, 0.003986897449280099, 0.0047102429066963585, 0.0073484050377686655, 0.0073484050377686655, 0.0072601112139643, 0.0, 0.0, 0.0, 0.0, 0.0, 0.0, 0.0, 0.0, 0.007982214819983905, 0.008213223252000594, 0.008387231004334948, 0.007358001289675963, 0.006763413132651663], "rate_of_adaptation": 0.00014781616614334284}