{"virus": "enterovirusd68", "subtype": null, "gene": "vp1", "loci_len": 201, "loci_offset": 9, "location": [2514, 2715], "window": 3, "min_seqs": 2, "midfreq_high": 0.75, "midfreq_low": 0.15, "window_midpoint": [1998.5, 1999.5, 2000.5, 2001.5, 2002.5, 2003.5, 2004.5, 2005.5, 2006.5, 2007.5, 2008.5, 2009.5, 2010.5, 2011.5, 2012.5, 2013.5, 2014.5, 2015.5, 2016.5, 2017.5], "adaptive_substitutions": [0.0, 0.710069118184476, 0.8191134458899771, 0.9645058828306454, 0.7118941184187348, 0.7118941184187348, 1.4770294125915018, 0, 0, 0, 0.803808978843591, 0.8433455187134219, 0.9031958190604841, 0.8523277850002575, 0.7309245906964571, 4.372515324380844, 4.4961031426693845, 4.544308754012529, 4.948151407041103, 3.879018267293274], "adaptive_substitutions_per_codon": [0.0, 0.003532682180022269, 0.004075191273084464, 0.004798536730500723, 0.0035417617831777853, 0.0035417617831777853, 0.0073484050377686655, 0.0, 0.0, 0.0, 0.003999049645988015, 0.004195748849320507, 0.004493511537614348, 0.004240436741294814, 0.0036364407497336175, 0.0217538075839843, 0.022368672351588976, 0.022608501263743926, 0.024617668691746784, 0.019298598344742658], "rate_of_adaptation": 0.0010902347687955225}