{"virus": "oc43", "subtype": "a", "gene": "spike", "loci_len": 201, "loci_offset": 9, "location": [1872, 2073], "window": 3, "min_seqs": 2, "midfreq_high": 0.75, "midfreq_low": 0.15, "window_midpoint": [1991.5, 1992.5, 1995.5, 1996.5, 1997.5, 1998.5, 1999.5, 2000.5, 2001.5, 2002.5, 2003.5, 2004.5, 2005.5, 2006.5, 2007.5, 2008.5, 2009.5, 2010.5, 2011.5, 2012.5, 2013.5, 2014.5, 2015.5, 2016.5, 2017.5], "adaptive_substitutions": [0.0, 0.0, 0.0, 0.0, 0.0, 0.0, 0.0, 0.0, 0.0, 0.0, 2.9732016925246825, 2.689703808180536, 2.775270333803479, 3.7997179125528913, 3.886003484609641, 3.9464033850493654, 3.9464033850493654, 3.9464033850493654, 3.9464033850493654, 3.9464033850493654, 3.9464033850493654, 3.9464033850493654, 3.9464033850493654, 3.9464033850493654, 3.9464033850493654], "adaptive_substitutions_per_codon": [0.0, 0.0, 0.0, 0.0, 0.0, 0.0, 0.0, 0.0, 0.0, 0.0, 0.014792048221515834, 0.013381610985972816, 0.013807315093549646, 0.01890406921668105, 0.019333350669699705, 0.019633847686812762, 0.019633847686812762, 0.019633847686812762, 0.019633847686812762, 0.019633847686812762, 0.019633847686812762, 0.019633847686812762, 0.019633847686812762, 0.019633847686812762, 0.019633847686812762], "rate_of_adaptation": 0.0010943522317394525}