{"virus": "oc43", "subtype": "a", "gene": "spike", "loci_len": 201, "loci_offset": 9, "location": [747, 948], "window": 3, "min_seqs": 2, "midfreq_high": 0.75, "midfreq_low": 0.15, "window_midpoint": [1991.5, 1992.5, 1995.5, 1996.5, 1997.5, 1998.5, 1999.5, 2000.5, 2001.5, 2002.5, 2003.5, 2004.5, 2005.5, 2006.5, 2007.5, 2008.5, 2009.5, 2010.5, 2011.5, 2012.5, 2013.5, 2014.5, 2015.5, 2016.5, 2017.5], "adaptive_substitutions": [0.0, 0.0, 0.0, 0.0, 0.0, 0.0, 0.0, 0.0, 0.0, 0.0, 0.7433004231311706, 1.0, 1.0, 1.8631875881523272, 1.8826018418650956, 1.9254436317118773, 1.8407115883343192, 0.9732016925246827, 0.9503839523585644, 0.948157831366748, 0.946180684433227, 6.622151287951897, 5.946403385049365, 6.900081656892584, 7.7357780912082745], "adaptive_substitutions_per_codon": [0.0, 0.0, 0.0, 0.0, 0.0, 0.0, 0.0, 0.0, 0.0, 0.0, 0.0036980120553789585, 0.004975124378109453, 0.004975124378109453, 0.009269589990807597, 0.009366178317736795, 0.00957932155080536, 0.009157769096190644, 0.0048417994652969285, 0.004728278369943106, 0.004717203141128099, 0.004707366589220035, 0.03294602630821839, 0.029584096443031668, 0.03432876446215216, 0.038486458165215294], "rate_of_adaptation": 0.0011926343097750022}