{"virus": "oc43", "subtype": "a", "gene": "spike", "loci_len": 201, "loci_offset": 9, "location": [27, 228], "window": 3, "min_seqs": 2, "midfreq_high": 0.75, "midfreq_low": 0.15, "window_midpoint": [1991.5, 1992.5, 1995.5, 1996.5, 1997.5, 1998.5, 1999.5, 2000.5, 2001.5, 2002.5, 2003.5, 2004.5, 2005.5, 2006.5, 2007.5, 2008.5, 2009.5, 2010.5, 2011.5, 2012.5, 2013.5, 2014.5, 2015.5, 2016.5, 2017.5], "adaptive_substitutions": [0.0, 0.0, 2.0, 2.0, 2.0, 1.5, 3.7031029619181948, 4.9732016925246825, 3.5, 3.5, 4.959802538787024, 5.9732016925246825, 5.9732016925246825, 6.863187588152327, 6.912801792084958, 6.4732016925246825, 6.5, 7.0, 7.0, 7.0, 7.0, 7.9191596763417715, 7.9732016925246825, 7.9654814044985525, 8.84109073812882], "adaptive_substitutions_per_codon": [0.0, 0.0, 0.009950248756218905, 0.009950248756218905, 0.009950248756218905, 0.007462686567164179, 0.018423397820488532, 0.024742296977734737, 0.017412935323383085, 0.017412935323383085, 0.024675634521328475, 0.02971742135584419, 0.02971742135584419, 0.03414521188135486, 0.03439204871684059, 0.03220498354489892, 0.03233830845771144, 0.03482587064676617, 0.03482587064676617, 0.03482587064676617, 0.03482587064676617, 0.03939880435990931, 0.0396676701120631, 0.039629260718898274, 0.04398552606034239], "rate_of_adaptation": 0.0016398886228268079}