{"virus": "oc43", "subtype": "a", "gene": "spike", "loci_len": 201, "loci_offset": 9, "location": [549, 750], "window": 3, "min_seqs": 2, "midfreq_high": 0.75, "midfreq_low": 0.15, "window_midpoint": [1991.5, 1992.5, 1995.5, 1996.5, 1997.5, 1998.5, 1999.5, 2000.5, 2001.5, 2002.5, 2003.5, 2004.5, 2005.5, 2006.5, 2007.5, 2008.5, 2009.5, 2010.5, 2011.5, 2012.5, 2013.5, 2014.5, 2015.5, 2016.5, 2017.5], "adaptive_substitutions": [0.0, 0.0, 0.0, 0.7433004231311706, 1.0, 1.0, 1.7165021156558533, 1.9732016925246827, 1.0, 1.0, 1.7165021156558533, 1.9732016925246827, 1.9732016925246827, 1.9732016925246827, 1.9732016925246827, 1.9196050775740479, 2.787114973383684, 1.9196050775740479, 1.8967873374079298, 1.8945612164161134, 1.8925840694825924, 1.4196050775740479, 1.4196050775740479, 1.4196050775740479, 3.814292430653502], "adaptive_substitutions_per_codon": [0.0, 0.0, 0.0, 0.0036980120553789585, 0.004975124378109453, 0.004975124378109453, 0.008539811520675887, 0.009816923843406381, 0.004975124378109453, 0.004975124378109453, 0.008539811520675887, 0.009816923843406381, 0.009816923843406381, 0.009816923843406381, 0.009816923843406381, 0.009550274017781333, 0.013866243648675046, 0.009550274017781333, 0.00943675292242751, 0.009425677693612505, 0.00941584114170444, 0.007062711828726607, 0.007062711828726607, 0.007062711828726607, 0.0189765792569826], "rate_of_adaptation": 0.0003998098841580428}