{"virus": "oc43", "subtype": "a", "gene": "spike", "loci_len": 201, "loci_offset": 9, "location": [387, 588], "window": 3, "min_seqs": 2, "midfreq_high": 0.75, "midfreq_low": 0.15, "window_midpoint": [1991.5, 1992.5, 1995.5, 1996.5, 1997.5, 1998.5, 1999.5, 2000.5, 2001.5, 2002.5, 2003.5, 2004.5, 2005.5, 2006.5, 2007.5, 2008.5, 2009.5, 2010.5, 2011.5, 2012.5, 2013.5, 2014.5, 2015.5, 2016.5, 2017.5], "adaptive_substitutions": [0.0, 0.0, 1.0, 1.0, 1.0, 1.0, 1.0, 0.9732016925246827, 1.0, 1.0, 1.0, 0.919605077574048, 0.919605077574048, 0.919605077574048, 0.919605077574048, 0.8928067700987307, 1.760316665908367, 0.8928067700987307, 0.919605077574048, 1.7926313254669923, 1.8657857620072749, 1.3928067700987306, 1.3928067700987306, 1.3928067700987306, 3.287494123178185], "adaptive_substitutions_per_codon": [0.0, 0.0, 0.004975124378109453, 0.004975124378109453, 0.004975124378109453, 0.004975124378109453, 0.004975124378109453, 0.0048417994652969285, 0.004975124378109453, 0.004975124378109453, 0.004975124378109453, 0.00457514963967188, 0.00457514963967188, 0.00457514963967188, 0.00457514963967188, 0.004441824726859356, 0.00875779435775307, 0.004441824726859356, 0.00457514963967188, 0.008918563808293494, 0.009282516228891915, 0.0069293869159140825, 0.0069293869159140825, 0.0069293869159140825, 0.01635569215511535], "rate_of_adaptation": 0.0002876298146637165}