{"virus": "oc43", "subtype": "a", "gene": "spike", "loci_len": 201, "loci_offset": 9, "location": [108, 309], "window": 3, "min_seqs": 2, "midfreq_high": 0.75, "midfreq_low": 0.15, "window_midpoint": [1991.5, 1992.5, 1995.5, 1996.5, 1997.5, 1998.5, 1999.5, 2000.5, 2001.5, 2002.5, 2003.5, 2004.5, 2005.5, 2006.5, 2007.5, 2008.5, 2009.5, 2010.5, 2011.5, 2012.5, 2013.5, 2014.5, 2015.5, 2016.5, 2017.5], "adaptive_substitutions": [0.0, 0.0, 0.0, 0.0, 0.0, 0.0, 0.689703808180536, 0.9464033850493653, 1.0, 1.0, 1.0, 0.9464033850493653, 0.9464033850493653, 0.9464033850493653, 0.9464033850493653, 0.9464033850493653, 2.8139132808590017, 2.9176990813098005, 2.4732016925246825, 2.4732016925246825, 2.4732016925246825, 2.4732016925246825, 2.9464033850493654, 2.9464033850493654, 3.840620592383639], "adaptive_substitutions_per_codon": [0.0, 0.0, 0.0, 0.0, 0.0, 0.0, 0.0034313622297539106, 0.004708474552484404, 0.004975124378109453, 0.004975124378109453, 0.004975124378109453, 0.004708474552484404, 0.004708474552484404, 0.004708474552484404, 0.004708474552484404, 0.004708474552484404, 0.01399956856148757, 0.014515915827411944, 0.012304486032461107, 0.012304486032461107, 0.012304486032461107, 0.012304486032461107, 0.01465872330870331, 0.01465872330870331, 0.01910756513623701], "rate_of_adaptation": 0.0007125505062065289}