{"virus": "oc43", "subtype": "a", "gene": "spike", "loci_len": 201, "loci_offset": 9, "location": [675, 876], "window": 3, "min_seqs": 2, "midfreq_high": 0.75, "midfreq_low": 0.15, "window_midpoint": [1991.5, 1992.5, 1995.5, 1996.5, 1997.5, 1998.5, 1999.5, 2000.5, 2001.5, 2002.5, 2003.5, 2004.5, 2005.5, 2006.5, 2007.5, 2008.5, 2009.5, 2010.5, 2011.5, 2012.5, 2013.5, 2014.5, 2015.5, 2016.5, 2017.5], "adaptive_substitutions": [0.0, 0.0, 0.0, 0.0, 0.0, 0.0, 0.7433004231311706, 1.0, 0.0, 0.0, 1.4866008462623412, 2.0, 2.0, 2.8899858956276447, 2.909400149340413, 2.9522419391871946, 2.8675098958096363, 2.0, 1.9543645196677637, 1.949912277684131, 1.9459579838170886, 7.648949595427214, 6.9732016925246825, 7.9268799643679015, 8.762576398683592], "adaptive_substitutions_per_codon": [0.0, 0.0, 0.0, 0.0, 0.0, 0.0, 0.0036980120553789585, 0.004975124378109453, 0.0, 0.0, 0.007396024110757917, 0.009950248756218905, 0.009950248756218905, 0.014378039281729576, 0.014474627608658771, 0.014687770841727336, 0.014266218387112619, 0.009950248756218905, 0.009723206565511263, 0.009701056107881249, 0.009681383004065118, 0.03805447559914037, 0.034692545733953646, 0.039437213753074137, 0.043594907456137276], "rate_of_adaptation": 0.0014425453235818813}