{"virus": "oc43", "subtype": "a", "gene": "spike", "loci_len": 201, "loci_offset": 9, "location": [810, 1011], "window": 3, "min_seqs": 2, "midfreq_high": 0.75, "midfreq_low": 0.15, "window_midpoint": [1991.5, 1992.5, 1995.5, 1996.5, 1997.5, 1998.5, 1999.5, 2000.5, 2001.5, 2002.5, 2003.5, 2004.5, 2005.5, 2006.5, 2007.5, 2008.5, 2009.5, 2010.5, 2011.5, 2012.5, 2013.5, 2014.5, 2015.5, 2016.5, 2017.5], "adaptive_substitutions": [0.0, 0.0, 0.0, 0.0, 0.0, 0.0, 0.0, 0.0, 0.0, 0.0, 0.0, 0.0, 0.0, 0.8363892806770099, 0.8860034846096407, 0.9464033850493653, 0.9464033850493653, 0.9464033850493653, 0.9503839523585644, 0.948157831366748, 0.946180684433227, 0.9464033850493653, 0.9464033850493653, 0.9464033850493653, 1.8674188998589563], "adaptive_substitutions_per_codon": [0.0, 0.0, 0.0, 0.0, 0.0, 0.0, 0.0, 0.0, 0.0, 0.0, 0.0, 0.0, 0.0, 0.0041611406998856215, 0.004407977535371347, 0.004708474552484404, 0.004708474552484404, 0.004708474552484404, 0.004728278369943106, 0.004717203141128099, 0.004707366589220035, 0.004708474552484404, 0.004708474552484404, 0.004708474552484404, 0.009290641292830628], "rate_of_adaptation": 0.00030793498470813946}