{"virus": "oc43", "subtype": "a", "gene": "spike", "loci_len": 201, "loci_offset": 9, "location": [90, 291], "window": 3, "min_seqs": 2, "midfreq_high": 0.75, "midfreq_low": 0.15, "window_midpoint": [1991.5, 1992.5, 1995.5, 1996.5, 1997.5, 1998.5, 1999.5, 2000.5, 2001.5, 2002.5, 2003.5, 2004.5, 2005.5, 2006.5, 2007.5, 2008.5, 2009.5, 2010.5, 2011.5, 2012.5, 2013.5, 2014.5, 2015.5, 2016.5, 2017.5], "adaptive_substitutions": [0.0, 0.0, 0.0, 0.0, 0.0, 0.0, 2.1763046544428772, 2.9464033850493654, 2.0, 2.0, 2.0, 1.9464033850493654, 1.9464033850493654, 1.9464033850493654, 1.9464033850493654, 1.9464033850493654, 3.8139132808590017, 3.9176990813098005, 3.4732016925246825, 3.4732016925246825, 3.4732016925246825, 3.4732016925246825, 3.9464033850493654, 3.9464033850493654, 4.840620592383639], "adaptive_substitutions_per_codon": [0.0, 0.0, 0.0, 0.0, 0.0, 0.0, 0.010827386340511827, 0.01465872330870331, 0.009950248756218905, 0.009950248756218905, 0.009950248756218905, 0.009683598930593857, 0.009683598930593857, 0.009683598930593857, 0.009683598930593857, 0.009683598930593857, 0.018974692939597023, 0.019491040205521396, 0.01727961041057056, 0.01727961041057056, 0.01727961041057056, 0.01727961041057056, 0.019633847686812762, 0.019633847686812762, 0.024082689514346466], "rate_of_adaptation": 0.0008986990392737703}