{"virus": "oc43", "subtype": "a", "gene": "spike", "loci_len": 201, "loci_offset": 9, "location": [1584, 1785], "window": 3, "min_seqs": 2, "midfreq_high": 0.75, "midfreq_low": 0.15, "window_midpoint": [1991.5, 1992.5, 1995.5, 1996.5, 1997.5, 1998.5, 1999.5, 2000.5, 2001.5, 2002.5, 2003.5, 2004.5, 2005.5, 2006.5, 2007.5, 2008.5, 2009.5, 2010.5, 2011.5, 2012.5, 2013.5, 2014.5, 2015.5, 2016.5, 2017.5], "adaptive_substitutions": [0.0, 0.0, 0.0, 0.0, 0.0, 0.0, 0.0, 0.0, 0.0, 0.0, 1.4330042313117066, 1.9464033850493654, 1.9464033850493654, 2.909732016925247, 2.9464033850493654, 2.9464033850493654, 2.9464033850493654, 2.9464033850493654, 2.9464033850493654, 2.9464033850493654, 2.9464033850493654, 4.838319352683542, 4.946403385049365, 4.946403385049365, 4.946403385049365], "adaptive_substitutions_per_codon": [0.0, 0.0, 0.0, 0.0, 0.0, 0.0, 0.0, 0.0, 0.0, 0.0, 0.007129374285132869, 0.009683598930593857, 0.009683598930593857, 0.014476278691170383, 0.01465872330870331, 0.01465872330870331, 0.01465872330870331, 0.01465872330870331, 0.01465872330870331, 0.01465872330870331, 0.01465872330870331, 0.02407124056061464, 0.024608972064922213, 0.024608972064922213, 0.024608972064922213], "rate_of_adaptation": 0.001122630074822418}