{"virus": "oc43", "subtype": "a", "gene": "spike", "loci_len": 201, "loci_offset": 9, "location": [1422, 1623], "window": 3, "min_seqs": 2, "midfreq_high": 0.75, "midfreq_low": 0.15, "window_midpoint": [1991.5, 1992.5, 1995.5, 1996.5, 1997.5, 1998.5, 1999.5, 2000.5, 2001.5, 2002.5, 2003.5, 2004.5, 2005.5, 2006.5, 2007.5, 2008.5, 2009.5, 2010.5, 2011.5, 2012.5, 2013.5, 2014.5, 2015.5, 2016.5, 2017.5], "adaptive_substitutions": [0.0, 0.0, 1.0, 1.0, 1.0, 1.0, 1.0, 1.0, 1.0, 1.0, 0.0, 0.0, 0.0, 0.9464033850493653, 0.9464033850493653, 0.0, 0.8675098958096364, 0.0, 0.0, 0.0, 0.0, 1.9009229703313288, 1.9330042313117066, 2.9330042313117066, 2.919605077574048], "adaptive_substitutions_per_codon": [0.0, 0.0, 0.004975124378109453, 0.004975124378109453, 0.004975124378109453, 0.004975124378109453, 0.004975124378109453, 0.004975124378109453, 0.004975124378109453, 0.004975124378109453, 0.0, 0.0, 0.0, 0.004708474552484404, 0.004708474552484404, 0.0, 0.004315969630893713, 0.0, 0.0, 0.0, 0.0, 0.009457328210603626, 0.009616936474187595, 0.014592060852297048, 0.014525398395890786], "rate_of_adaptation": 0.00021800087562428306}