{"virus": "oc43", "subtype": "a", "gene": "spike", "loci_len": 201, "loci_offset": 9, "location": [63, 264], "window": 3, "min_seqs": 2, "midfreq_high": 0.75, "midfreq_low": 0.15, "window_midpoint": [1991.5, 1992.5, 1995.5, 1996.5, 1997.5, 1998.5, 1999.5, 2000.5, 2001.5, 2002.5, 2003.5, 2004.5, 2005.5, 2006.5, 2007.5, 2008.5, 2009.5, 2010.5, 2011.5, 2012.5, 2013.5, 2014.5, 2015.5, 2016.5, 2017.5], "adaptive_substitutions": [0.0, 0.0, 2.0, 2.0, 2.0, 1.5, 3.7031029619181948, 4.9732016925246825, 3.5, 3.5, 4.216502115655853, 4.9732016925246825, 4.9732016925246825, 5.863187588152327, 5.912801792084958, 5.4732016925246825, 7.340711588334319, 7.944497388785118, 7.5, 7.5, 7.5, 8.41915967634177, 8.973201692524682, 8.965481404498552, 9.84109073812882], "adaptive_substitutions_per_codon": [0.0, 0.0, 0.009950248756218905, 0.009950248756218905, 0.009950248756218905, 0.007462686567164179, 0.018423397820488532, 0.024742296977734737, 0.017412935323383085, 0.017412935323383085, 0.020977622465949516, 0.024742296977734737, 0.024742296977734737, 0.029170087503245408, 0.029416924338731134, 0.027229859166789466, 0.03652095317579263, 0.039524862630771734, 0.03731343283582089, 0.03731343283582089, 0.03731343283582089, 0.041886366548964035, 0.04464279449017255, 0.044604385097007725, 0.04896065043845184], "rate_of_adaptation": 0.00182738954546665}