{"virus": "oc43", "subtype": "a", "gene": "spike", "loci_len": 201, "loci_offset": 9, "location": [486, 687], "window": 3, "min_seqs": 2, "midfreq_high": 0.75, "midfreq_low": 0.15, "window_midpoint": [1991.5, 1992.5, 1995.5, 1996.5, 1997.5, 1998.5, 1999.5, 2000.5, 2001.5, 2002.5, 2003.5, 2004.5, 2005.5, 2006.5, 2007.5, 2008.5, 2009.5, 2010.5, 2011.5, 2012.5, 2013.5, 2014.5, 2015.5, 2016.5, 2017.5], "adaptive_substitutions": [0.0, 0.0, 0.0, 0.7433004231311706, 1.0, 1.0, 1.0, 0.9732016925246827, 1.0, 1.0, 1.0, 0.919605077574048, 0.919605077574048, 0.919605077574048, 0.919605077574048, 0.8660084626234132, 1.7335183584330496, 0.8660084626234132, 0.8928067700987307, 1.765833017991675, 1.8389874545319578, 0.8660084626234132, 0.8660084626234132, 0.8660084626234132, 3.260695815702868], "adaptive_substitutions_per_codon": [0.0, 0.0, 0.0, 0.0036980120553789585, 0.004975124378109453, 0.004975124378109453, 0.004975124378109453, 0.0048417994652969285, 0.004975124378109453, 0.004975124378109453, 0.004975124378109453, 0.00457514963967188, 0.00457514963967188, 0.00457514963967188, 0.00457514963967188, 0.004308499814046832, 0.008624469444940545, 0.004308499814046832, 0.004441824726859356, 0.00878523889548097, 0.009149191316079393, 0.004308499814046832, 0.004308499814046832, 0.004308499814046832, 0.016222367242302825], "rate_of_adaptation": 0.00026920089928076084}