{"virus": "oc43", "subtype": "a", "gene": "spike", "loci_len": 201, "loci_offset": 9, "location": [1494, 1695], "window": 3, "min_seqs": 2, "midfreq_high": 0.75, "midfreq_low": 0.15, "window_midpoint": [1991.5, 1992.5, 1995.5, 1996.5, 1997.5, 1998.5, 1999.5, 2000.5, 2001.5, 2002.5, 2003.5, 2004.5, 2005.5, 2006.5, 2007.5, 2008.5, 2009.5, 2010.5, 2011.5, 2012.5, 2013.5, 2014.5, 2015.5, 2016.5, 2017.5], "adaptive_substitutions": [0.0, 0.0, 1.0, 1.0, 1.0, 1.0, 1.0, 1.0, 1.0, 1.0, 0.0, 0.0, 0.0, 1.8829337094499294, 1.9196050775740479, 0.919605077574048, 1.7871149733836844, 0.919605077574048, 0.919605077574048, 0.919605077574048, 0.919605077574048, 3.779885185460124, 3.9330042313117066, 4.933004231311707, 4.919605077574048], "adaptive_substitutions_per_codon": [0.0, 0.0, 0.004975124378109453, 0.004975124378109453, 0.004975124378109453, 0.004975124378109453, 0.004975124378109453, 0.004975124378109453, 0.004975124378109453, 0.004975124378109453, 0.0, 0.0, 0.0, 0.009367829400248405, 0.009550274017781333, 0.00457514963967188, 0.008891119270565594, 0.00457514963967188, 0.00457514963967188, 0.00457514963967188, 0.00457514963967188, 0.018805398932637434, 0.0195671852304065, 0.024542309608515955, 0.024475647152109693], "rate_of_adaptation": 0.0006396206706761235}