{"virus": "oc43", "subtype": "a", "gene": "spike", "loci_len": 201, "loci_offset": 9, "location": [72, 273], "window": 3, "min_seqs": 2, "midfreq_high": 0.75, "midfreq_low": 0.15, "window_midpoint": [1991.5, 1992.5, 1995.5, 1996.5, 1997.5, 1998.5, 1999.5, 2000.5, 2001.5, 2002.5, 2003.5, 2004.5, 2005.5, 2006.5, 2007.5, 2008.5, 2009.5, 2010.5, 2011.5, 2012.5, 2013.5, 2014.5, 2015.5, 2016.5, 2017.5], "adaptive_substitutions": [0.0, 0.0, 2.0, 2.0, 2.0, 1.5, 3.6763046544428772, 4.946403385049365, 3.5, 3.5, 4.189703808180536, 4.946403385049365, 4.946403385049365, 5.836389280677009, 5.88600348460964, 5.446403385049365, 7.313913280859001, 7.9176990813098005, 7.4732016925246825, 7.4732016925246825, 7.4732016925246825, 7.4732016925246825, 7.946403385049365, 7.946403385049365, 8.840620592383639], "adaptive_substitutions_per_codon": [0.0, 0.0, 0.009950248756218905, 0.009950248756218905, 0.009950248756218905, 0.007462686567164179, 0.018290072907676005, 0.024608972064922213, 0.017412935323383085, 0.017412935323383085, 0.020844297553136992, 0.024608972064922213, 0.024608972064922213, 0.02903676259043288, 0.029283599425918606, 0.02709653425397694, 0.03638762826298011, 0.0393915377179592, 0.03718010792300837, 0.03718010792300837, 0.03718010792300837, 0.03718010792300837, 0.03953434519925057, 0.03953434519925057, 0.04398318702678427], "rate_of_adaptation": 0.0016735126031109347}