{"virus": "oc43", "subtype": "a", "gene": "spike", "loci_len": 201, "loci_offset": 9, "location": [720, 921], "window": 3, "min_seqs": 2, "midfreq_high": 0.75, "midfreq_low": 0.15, "window_midpoint": [1991.5, 1992.5, 1995.5, 1996.5, 1997.5, 1998.5, 1999.5, 2000.5, 2001.5, 2002.5, 2003.5, 2004.5, 2005.5, 2006.5, 2007.5, 2008.5, 2009.5, 2010.5, 2011.5, 2012.5, 2013.5, 2014.5, 2015.5, 2016.5, 2017.5], "adaptive_substitutions": [0.0, 0.0, 0.0, 0.0, 0.0, 0.0, 0.0, 0.0, 0.0, 0.0, 0.7433004231311706, 1.0, 1.0, 1.8899858956276447, 1.9094001493404131, 1.9522419391871946, 1.8675098958096363, 1.0, 0.9771822598338818, 0.9749561388420654, 0.9729789919085443, 6.648949595427214, 5.9732016925246825, 6.9268799643679015, 7.762576398683592], "adaptive_substitutions_per_codon": [0.0, 0.0, 0.0, 0.0, 0.0, 0.0, 0.0, 0.0, 0.0, 0.0, 0.0036980120553789585, 0.004975124378109453, 0.004975124378109453, 0.009402914903620123, 0.009499503230549319, 0.009712646463617884, 0.009291094009003166, 0.004975124378109453, 0.004861603282755631, 0.004850528053940624, 0.004840691502032559, 0.033079351221030916, 0.02971742135584419, 0.034462089374964686, 0.03861978307802782], "rate_of_adaptation": 0.0012002487385367054}