{"virus": "oc43", "subtype": "a", "gene": "spike", "loci_len": 201, "loci_offset": 9, "location": [504, 705], "window": 3, "min_seqs": 2, "midfreq_high": 0.75, "midfreq_low": 0.15, "window_midpoint": [1991.5, 1992.5, 1995.5, 1996.5, 1997.5, 1998.5, 1999.5, 2000.5, 2001.5, 2002.5, 2003.5, 2004.5, 2005.5, 2006.5, 2007.5, 2008.5, 2009.5, 2010.5, 2011.5, 2012.5, 2013.5, 2014.5, 2015.5, 2016.5, 2017.5], "adaptive_substitutions": [0.0, 0.0, 0.0, 0.7433004231311706, 1.0, 1.0, 1.7165021156558533, 1.9732016925246827, 1.0, 1.0, 1.6629055007052185, 1.9196050775740479, 1.9196050775740479, 1.9196050775740479, 1.9196050775740479, 1.8660084626234132, 2.7335183584330496, 1.8660084626234132, 1.8431907224572952, 2.7407891568337406, 2.811966446440502, 1.8660084626234132, 1.8660084626234132, 1.8660084626234132, 4.260695815702868], "adaptive_substitutions_per_codon": [0.0, 0.0, 0.0, 0.0036980120553789585, 0.004975124378109453, 0.004975124378109453, 0.008539811520675887, 0.009816923843406381, 0.004975124378109453, 0.004975124378109453, 0.008273161695050837, 0.009550274017781333, 0.009550274017781333, 0.009550274017781333, 0.009550274017781333, 0.009283624192156285, 0.013599593823049998, 0.009283624192156285, 0.009170103096802464, 0.013635766949421596, 0.01398988281811195, 0.009283624192156285, 0.009283624192156285, 0.009283624192156285, 0.02119749162041228], "rate_of_adaptation": 0.0005119929176287501}