{"virus": "oc43", "subtype": "a", "gene": "spike", "loci_len": 201, "loci_offset": 9, "location": [783, 984], "window": 3, "min_seqs": 2, "midfreq_high": 0.75, "midfreq_low": 0.15, "window_midpoint": [1991.5, 1992.5, 1995.5, 1996.5, 1997.5, 1998.5, 1999.5, 2000.5, 2001.5, 2002.5, 2003.5, 2004.5, 2005.5, 2006.5, 2007.5, 2008.5, 2009.5, 2010.5, 2011.5, 2012.5, 2013.5, 2014.5, 2015.5, 2016.5, 2017.5], "adaptive_substitutions": [0.0, 0.0, 0.0, 0.0, 0.0, 0.0, 0.0, 0.0, 0.0, 0.0, 0.7433004231311706, 1.0, 1.0, 1.83638928067701, 1.8558035343897783, 1.89864532423656, 1.8139132808590017, 0.9464033850493653, 0.9503839523585644, 0.948157831366748, 0.946180684433227, 6.595352980476579, 5.919605077574048, 6.8732833494172665, 7.682651622002821], "adaptive_substitutions_per_codon": [0.0, 0.0, 0.0, 0.0, 0.0, 0.0, 0.0, 0.0, 0.0, 0.0, 0.0036980120553789585, 0.004975124378109453, 0.004975124378109453, 0.009136265077995075, 0.00923285340492427, 0.009445996637992836, 0.009024444183378118, 0.004708474552484404, 0.004728278369943106, 0.004717203141128099, 0.004707366589220035, 0.03281270139540587, 0.029450771530219147, 0.03419543954933964, 0.038222147373148364], "rate_of_adaptation": 0.0011859281754017907}