{"virus": "229e", "subtype": null, "gene": "RdRp", "window": 3, "min_seqs": 2, "midfreq_high": 0.75, "midfreq_low": 0.15, "years": ["1991-1994", "1992-1995", "1993-1996", "1999-2002", "2000-2003", "2001-2004", "2002-2005", "2003-2006", "2004-2007", "2005-2008", "2006-2009", "2007-2010", "2008-2011", "2009-2012", "2010-2013", "2011-2014", "2012-2015", "2013-2016", "2014-2017", "2015-2018", "2016-2019", "2017-2020", "2018-2021", "2019-2022"], "window_midpoints": [1992.5, 1993.5, 1994.5, 2000.5, 2001.5, 2002.5, 2003.5, 2004.5, 2005.5, 2006.5, 2007.5, 2008.5, 2009.5, 2010.5, 2011.5, 2012.5, 2013.5, 2014.5, 2015.5, 2016.5, 2017.5, 2018.5, 2019.5, 2020.5], "gene_length_in_codons": 927.0, "adaptive_mutations_accumulated": [0.0, 0.0, 0.0, 8.0, 8.0, 8.0, 17.0, 17.0, 17.0, 18.0, 18.0, 18.0, 18.0, 18.0, 18.75, 18.75, 24.0, 24.0, 30.954545454545453, 30.954545454545453, 30.954545454545453, 30.954545454545453, 30.954545454545453, 30.954545454545453], "adaptive_muts_per_codon": [0.0, 0.0, 0.0, 0.008629989212513484, 0.008629989212513484, 0.008629989212513484, 0.018338727076591153, 0.018338727076591153, 0.018338727076591153, 0.019417475728155338, 0.019417475728155338, 0.019417475728155338, 0.019417475728155338, 0.019417475728155338, 0.020226537216828478, 0.020226537216828478, 0.025889967637540454, 0.025889967637540454, 0.0333921741688732, 0.0333921741688732, 0.0333921741688732, 0.0333921741688732, 0.0333921741688732, 0.0333921741688732], "rate_of_adaptation": 1.2035524703960798, "rate_of_adaptation_per_codon": 0.0012983306045265155, "adaptive_muts_per_codon_per_year_scientific": 1.2983306045265155}