{"virus": "h1n1pdm", "subtype": null, "gene": "ha1", "window": 3, "min_seqs": 2, "midfreq_high": 0.75, "midfreq_low": 0.15, "years": ["2010-2013", "2011-2014", "2012-2015", "2013-2016", "2014-2017", "2015-2018", "2016-2019", "2017-2020", "2018-2021", "2019-2022"], "window_midpoints": [2011.5, 2012.5, 2013.5, 2014.5, 2015.5, 2016.5, 2017.5, 2018.5, 2019.5, 2020.5], "gene_length_in_codons": 327.0, "adaptive_mutations_accumulated": [0.0, 0.0, 0.0, 2.656131014191762, 2.656131014191762, 3.4168786777431635, 5.331693492557978, 7.920254378166834, 8.71981864831934, 11.407033260191486], "adaptive_muts_per_codon": [0.0, 0.0, 0.0, 0.008122724814042085, 0.008122724814042085, 0.010449170268327717, 0.01630487306592654, 0.024220961401121816, 0.02666611207437107, 0.034883893762053475], "rate_of_adaptation": 1.2853984052693515, "rate_of_adaptation_per_codon": 0.003930881973300769, "adaptive_muts_per_codon_per_year_scientific": 3.9308819733007687}