{"virus": "h3n2", "subtype": null, "gene": "ha2", "window": 3, "min_seqs": 2, "midfreq_high": 0.75, "midfreq_low": 0.15, "years": ["1968-1971", "1969-1972", "1970-1973", "1971-1974", "1972-1975", "1973-1976", "1974-1977", "1975-1978", "1976-1979", "1977-1980", "1978-1981", "1979-1982", "1980-1983", "1981-1984", "1982-1985", "1983-1986", "1984-1987", "1985-1988", "1986-1989", "1987-1990", "1988-1991", "1989-1992", "1990-1993", "1991-1994", "1992-1995", "1993-1996", "1994-1997", "1995-1998", "1996-1999", "1997-2000", "1998-2001", "1999-2002", "2000-2003", "2001-2004", "2002-2005", "2003-2006", "2004-2007", "2005-2008", "2006-2009", "2007-2010", "2008-2011", "2009-2012", "2010-2013", "2011-2014", "2012-2015", "2013-2016", "2014-2017", "2015-2018", "2016-2019", "2017-2020", "2018-2021", "2019-2022"], "window_midpoints": [1969.5, 1970.5, 1971.5, 1972.5, 1973.5, 1974.5, 1975.5, 1976.5, 1977.5, 1978.5, 1979.5, 1980.5, 1981.5, 1982.5, 1983.5, 1984.5, 1985.5, 1986.5, 1987.5, 1988.5, 1989.5, 1990.5, 1991.5, 1992.5, 1993.5, 1994.5, 1995.5, 1996.5, 1997.5, 1998.5, 1999.5, 2000.5, 2001.5, 2002.5, 2003.5, 2004.5, 2005.5, 2006.5, 2007.5, 2008.5, 2009.5, 2010.5, 2011.5, 2012.5, 2013.5, 2014.5, 2015.5, 2016.5, 2017.5, 2018.5, 2019.5, 2020.5], "gene_length_in_codons": 221.0, "adaptive_mutations_accumulated": [0.0, 0.0, 0.0, 1.4077903393259497, 1.4077903393259497, 2.2077903393259497, 2.2077903393259497, 2.2077903393259497, 2.2077903393259497, 2.2077903393259497, 2.729288569538327, 2.729288569538327, 2.729288569538327, 2.729288569538327, 2.729288569538327, 4.227120953263395, 4.227120953263395, 4.227120953263395, 4.227120953263395, 4.227120953263395, 4.227120953263395, 4.227120953263395, 4.227120953263395, 4.227120953263395, 4.227120953263395, 5.1449291724414765, 5.1449291724414765, 5.1449291724414765, 6.071244961915161, 6.071244961915161, 6.071244961915161, 6.071244961915161, 6.847107030880678, 6.847107030880678, 6.847107030880678, 8.26999463423543, 8.26999463423543, 8.956163351939757, 10.417530863197886, 10.417530863197886, 11.07813033265597, 11.07813033265597, 11.07813033265597, 11.07813033265597, 11.07813033265597, 11.07813033265597, 11.852102935395695, 11.852102935395695, 11.852102935395695, 11.852102935395695, 11.852102935395695, 13.384980110765538], "adaptive_muts_per_codon": [0.0, 0.0, 0.0, 0.006370092033149094, 0.006370092033149094, 0.009990001535411536, 0.009990001535411536, 0.009990001535411536, 0.009990001535411536, 0.009990001535411536, 0.012349722034110078, 0.012349722034110078, 0.012349722034110078, 0.012349722034110078, 0.012349722034110078, 0.01912724413241355, 0.01912724413241355, 0.01912724413241355, 0.01912724413241355, 0.01912724413241355, 0.01912724413241355, 0.01912724413241355, 0.01912724413241355, 0.01912724413241355, 0.01912724413241355, 0.023280222499735187, 0.023280222499735187, 0.023280222499735187, 0.0274716966602496, 0.0274716966602496, 0.0274716966602496, 0.0274716966602496, 0.03098238475511619, 0.03098238475511619, 0.03098238475511619, 0.037420790200160314, 0.037420790200160314, 0.04052562602687673, 0.04713814870225288, 0.04713814870225288, 0.05012728657310394, 0.05012728657310394, 0.05012728657310394, 0.05012728657310394, 0.05012728657310394, 0.05012728657310394, 0.053629425047039346, 0.053629425047039346, 0.053629425047039346, 0.053629425047039346, 0.053629425047039346, 0.06056552086319248], "rate_of_adaptation": 0.247485618120814, "rate_of_adaptation_per_codon": 0.0011198444258860361, "adaptive_muts_per_codon_per_year_scientific": 1.119844425886036}