{"virus": "measles", "subtype": null, "gene": "F", "window": 3, "min_seqs": 2, "midfreq_high": 0.75, "midfreq_low": 0.15, "years": ["2003-2006", "2004-2007", "2005-2008", "2006-2009", "2007-2010", "2008-2011", "2009-2012", "2010-2013", "2011-2014", "2012-2015", "2013-2016", "2014-2017", "2015-2018", "2016-2019", "2017-2020"], "window_midpoints": [2004.5, 2005.5, 2006.5, 2007.5, 2008.5, 2009.5, 2010.5, 2011.5, 2012.5, 2013.5, 2014.5, 2015.5, 2016.5, 2017.5, 2018.5], "gene_length_in_codons": 551.0, "adaptive_mutations_accumulated": [0.0, 0.0, 0.0, 0.0, 0.0, 0.0, 0.0, 0.0, 0.75, 0.75, 0.75, 0.75, 1.5132941013351173, 1.5132941013351173, 1.5132941013351173], "adaptive_muts_per_codon": [0.0, 0.0, 0.0, 0.0, 0.0, 0.0, 0.0, 0.0, 0.0013611615245009074, 0.0013611615245009074, 0.0013611615245009074, 0.0013611615245009074, 0.0027464502746553853, 0.0027464502746553853, 0.0027464502746553853], "rate_of_adaptation": 0.12406890651440038, "rate_of_adaptation_per_codon": 0.0002251704292457357, "adaptive_muts_per_codon_per_year_scientific": 0.22517042924573571}