{"virus": "oc43", "subtype": "A", "gene": "S1", "window": 3, "min_seqs": 2, "midfreq_high": 0.75, "midfreq_low": 0.15, "years": ["1990-1993", "1991-1994", "1994-1997", "1995-1998", "1996-1999", "1997-2000", "1998-2001", "1999-2002", "2000-2003", "2001-2004", "2002-2005", "2003-2006", "2004-2007", "2005-2008", "2006-2009", "2007-2010", "2008-2011", "2009-2012", "2010-2013", "2011-2014", "2012-2015", "2013-2016", "2014-2017", "2015-2018", "2016-2019", "2017-2020", "2018-2021"], "window_midpoints": [1991.5, 1992.5, 1995.5, 1996.5, 1997.5, 1998.5, 1999.5, 2000.5, 2001.5, 2002.5, 2003.5, 2004.5, 2005.5, 2006.5, 2007.5, 2008.5, 2009.5, 2010.5, 2011.5, 2012.5, 2013.5, 2014.5, 2015.5, 2016.5, 2017.5, 2018.5, 2019.5], "gene_length_in_codons": 753.0, "adaptive_mutations_accumulated": [0.0, 0.0, 5.0, 5.724186307519641, 5.724186307519641, 5.724186307519641, 9.345117845117846, 9.345117845117846, 9.345117845117846, 9.345117845117846, 21.086980920314254, 21.086980920314254, 21.086980920314254, 25.36172198172198, 25.36172198172198, 25.36172198172198, 29.723305294524806, 29.723305294524806, 30.45546169334787, 32.31700015488633, 32.31700015488633, 42.924490832269484, 42.924490832269484, 42.924490832269484, 44.54276064473167, 46.82463925994362, 51.08152181094382], "adaptive_muts_per_codon": [0.0, 0.0, 0.006640106241699867, 0.007601841045842817, 0.007601841045842817, 0.007601841045842817, 0.012410515066557564, 0.012410515066557564, 0.012410515066557564, 0.012410515066557564, 0.028003958725516937, 0.028003958725516937, 0.028003958725516937, 0.03368090568621777, 0.03368090568621777, 0.03368090568621777, 0.039473181002024973, 0.039473181002024973, 0.04044550025677008, 0.04291766288829526, 0.04291766288829526, 0.057004635899428266, 0.057004635899428266, 0.057004635899428266, 0.0591537325959252, 0.06218411588305926, 0.0678373463624752], "rate_of_adaptation": 1.8805397713408034, "rate_of_adaptation_per_codon": 0.002497396774688982, "adaptive_muts_per_codon_per_year_scientific": 2.497396774688982}