{"virus": "oc43", "subtype": "b", "gene": "s1", "window": 3, "min_seqs": 2, "midfreq_high": 0.75, "midfreq_low": 0.15, "years": ["1987-1990", "1988-1991", "1989-1992", "1990-1993", "1991-1994", "1992-1995", "1993-1996", "1994-1997", "1995-1998", "1996-1999", "1997-2000", "1999-2002", "2000-2003", "2001-2004", "2002-2005", "2003-2006", "2004-2007", "2005-2008", "2006-2009", "2007-2010", "2008-2011", "2009-2012", "2010-2013", "2011-2014", "2012-2015", "2013-2016", "2014-2017", "2015-2018", "2016-2019"], "window_midpoints": [1988.5, 1989.5, 1990.5, 1991.5, 1992.5, 1993.5, 1994.5, 1995.5, 1996.5, 1997.5, 1998.5, 2000.5, 2001.5, 2002.5, 2003.5, 2004.5, 2005.5, 2006.5, 2007.5, 2008.5, 2009.5, 2010.5, 2011.5, 2012.5, 2013.5, 2014.5, 2015.5, 2016.5, 2017.5], "gene_length_in_codons": 753.0, "adaptive_mutations_accumulated": [0.0, 0.0, 0.0, 0.0, 0.0, 0.0, 0.75, 0.75, 0.75, 1.75, 1.75, 1.75, 1.75, 1.75, 2.75, 3.0, 3.3333333333333335, 28.083333333333332, 28.083333333333332, 28.92948717948718, 28.92948717948718, 28.92948717948718, 28.92948717948718, 28.92948717948718, 28.92948717948718, 28.92948717948718, 28.92948717948718, 28.92948717948718, 28.92948717948718], "adaptive_muts_per_codon": [0.0, 0.0, 0.0, 0.0, 0.0, 0.0, 0.00099601593625498, 0.00099601593625498, 0.00099601593625498, 0.0023240371845949536, 0.0023240371845949536, 0.0023240371845949536, 0.0023240371845949536, 0.0023240371845949536, 0.0036520584329349268, 0.00398406374501992, 0.004426737494466578, 0.03729526339088092, 0.03729526339088092, 0.03841897367793782, 0.03841897367793782, 0.03841897367793782, 0.03841897367793782, 0.03841897367793782, 0.03841897367793782, 0.03841897367793782, 0.03841897367793782, 0.03841897367793782, 0.03841897367793782], "rate_of_adaptation": 1.3627253628950893, "rate_of_adaptation_per_codon": 0.0018097282375764798, "adaptive_muts_per_codon_per_year_scientific": 1.8097282375764798}