{"virus": "rsv", "subtype": "B", "gene": "G", "window": 3, "min_seqs": 2, "midfreq_high": 0.75, "midfreq_low": 0.15, "years": ["1976-1979", "1977-1980", "1978-1981", "1979-1982", "1980-1983", "1981-1984", "1982-1985", "1983-1986", "1984-1987", "1985-1988", "1986-1989", "1987-1990", "1988-1991", "1989-1992", "1990-1993", "1991-1994", "1992-1995", "1993-1996", "1994-1997", "1995-1998", "1996-1999", "1997-2000", "2000-2003", "2001-2004", "2002-2005", "2003-2006", "2004-2007", "2005-2008", "2006-2009", "2007-2010", "2008-2011", "2009-2012", "2010-2013", "2011-2014", "2012-2015", "2013-2016", "2014-2017", "2015-2018", "2016-2019", "2017-2020"], "window_midpoints": [1977.5, 1978.5, 1979.5, 1980.5, 1981.5, 1982.5, 1983.5, 1984.5, 1985.5, 1986.5, 1987.5, 1988.5, 1989.5, 1990.5, 1991.5, 1992.5, 1993.5, 1994.5, 1995.5, 1996.5, 1997.5, 1998.5, 2001.5, 2002.5, 2003.5, 2004.5, 2005.5, 2006.5, 2007.5, 2008.5, 2009.5, 2010.5, 2011.5, 2012.5, 2013.5, 2014.5, 2015.5, 2016.5, 2017.5, 2018.5], "gene_length_in_codons": 300.0, "adaptive_mutations_accumulated": [0.0, 0.0, 0.0, 0.0, 0.0, 0.0, 0.0, 8.79855465221319, 8.79855465221319, 8.79855465221319, 10.771815718157182, 12.571815718157183, 12.571815718157183, 13.884643179765131, 13.884643179765131, 13.884643179765131, 25.13943256716518, 26.77232025159758, 28.35453946267858, 30.753648164876715, 32.18457258523203, 34.18457258523203, 43.20710452483714, 44.8470322574478, 44.8470322574478, 47.440613212865195, 49.73713534475318, 49.73713534475318, 49.73713534475318, 50.61213534475318, 50.61213534475318, 51.61213534475318, 51.61213534475318, 53.41108448409167, 53.41108448409167, 53.41108448409167, 54.99393459113155, 58.1817620527395, 58.1817620527395, 58.9708245527395], "adaptive_muts_per_codon": [0.0, 0.0, 0.0, 0.0, 0.0, 0.0, 0.0, 0.0293285155073773, 0.0293285155073773, 0.0293285155073773, 0.035906052393857274, 0.04190605239385727, 0.04190605239385727, 0.04628214393255044, 0.04628214393255044, 0.04628214393255044, 0.08379810855721727, 0.08924106750532527, 0.09451513154226193, 0.10251216054958905, 0.10728190861744011, 0.11394857528410678, 0.14402368174945715, 0.149490107524826, 0.149490107524826, 0.15813537737621733, 0.16579045114917726, 0.16579045114917726, 0.16579045114917726, 0.16870711781584394, 0.16870711781584394, 0.17204045114917726, 0.17204045114917726, 0.17803694828030556, 0.17803694828030556, 0.17803694828030556, 0.18331311530377184, 0.193939206842465, 0.193939206842465, 0.19656941517579835], "rate_of_adaptation": 1.6806037439659252, "rate_of_adaptation_per_codon": 0.005602012479886417, "adaptive_muts_per_codon_per_year_scientific": 5.602012479886417}