{"virus": "yam", "subtype": null, "gene": "ha2", "window": 3, "min_seqs": 2, "midfreq_high": 0.75, "midfreq_low": 0.15, "years": ["1990-1993", "1991-1994", "1992-1995", "1993-1996", "1994-1997", "1995-1998", "1996-1999", "1997-2000", "1998-2001", "1999-2002", "2000-2003", "2001-2004", "2002-2005", "2003-2006", "2004-2007", "2005-2008", "2006-2009", "2007-2010", "2008-2011", "2009-2012", "2010-2013", "2011-2014", "2012-2015", "2013-2016", "2014-2017", "2015-2018", "2016-2019", "2017-2020"], "window_midpoints": [1991.5, 1992.5, 1993.5, 1994.5, 1995.5, 1996.5, 1997.5, 1998.5, 1999.5, 2000.5, 2001.5, 2002.5, 2003.5, 2004.5, 2005.5, 2006.5, 2007.5, 2008.5, 2009.5, 2010.5, 2011.5, 2012.5, 2013.5, 2014.5, 2015.5, 2016.5, 2017.5, 2018.5], "gene_length_in_codons": 224.0, "adaptive_mutations_accumulated": [0.0, 0.0, 0.0, 0.0, 0.0, 0.9285714285714286, 0.9285714285714286, 0.9285714285714286, 0.9285714285714286, 0.9285714285714286, 0.9285714285714286, 0.9285714285714286, 2.6230158730158735, 2.6230158730158735, 2.6230158730158735, 2.6230158730158735, 2.6230158730158735, 2.6230158730158735, 2.6230158730158735, 2.6230158730158735, 2.6230158730158735, 2.6230158730158735, 2.6230158730158735, 2.6230158730158735, 2.6230158730158735, 2.6230158730158735, 2.6230158730158735, 2.6230158730158735], "adaptive_muts_per_codon": [0.0, 0.0, 0.0, 0.0, 0.0, 0.004145408163265306, 0.004145408163265306, 0.004145408163265306, 0.004145408163265306, 0.004145408163265306, 0.004145408163265306, 0.004145408163265306, 0.011709892290249435, 0.011709892290249435, 0.011709892290249435, 0.011709892290249435, 0.011709892290249435, 0.011709892290249435, 0.011709892290249435, 0.011709892290249435, 0.011709892290249435, 0.011709892290249435, 0.011709892290249435, 0.011709892290249435, 0.011709892290249435, 0.011709892290249435, 0.011709892290249435, 0.011709892290249435], "rate_of_adaptation": 0.11825918106706286, "rate_of_adaptation_per_codon": 0.0005279427726208164, "adaptive_muts_per_codon_per_year_scientific": 0.5279427726208163}