{"virus": "yam", "subtype": null, "gene": "pb1", "window": 3, "min_seqs": 2, "midfreq_high": 0.75, "midfreq_low": 0.15, "years": ["1990-1993", "1991-1994", "1992-1995", "1993-1996", "1994-1997", "1995-1998", "1996-1999", "1997-2000", "1998-2001", "1999-2002", "2000-2003", "2001-2004", "2002-2005", "2003-2006", "2004-2007", "2005-2008", "2006-2009", "2007-2010", "2008-2011", "2009-2012", "2010-2013", "2011-2014", "2012-2015", "2013-2016", "2014-2017", "2015-2018", "2016-2019", "2017-2020"], "window_midpoints": [1991.5, 1992.5, 1993.5, 1994.5, 1995.5, 1996.5, 1997.5, 1998.5, 1999.5, 2000.5, 2001.5, 2002.5, 2003.5, 2004.5, 2005.5, 2006.5, 2007.5, 2008.5, 2009.5, 2010.5, 2011.5, 2012.5, 2013.5, 2014.5, 2015.5, 2016.5, 2017.5, 2018.5], "gene_length_in_codons": 753.0, "adaptive_mutations_accumulated": [0.0, 0.0, 0.0, 0.0, 0.7955687340416768, 1.5687820882409464, 1.5687820882409464, 2.2999942403808387, 2.2999942403808387, 3.0120443186281, 3.0120443186281, 3.0120443186281, 3.0120443186281, 3.8909958053260656, 3.8909958053260656, 3.8909958053260656, 3.8909958053260656, 3.8909958053260656, 4.627570222589882, 5.23987069207345, 5.23987069207345, 5.23987069207345, 5.23987069207345, 5.23987069207345, 5.23987069207345, 5.23987069207345, 5.23987069207345, 5.968482126763462], "adaptive_muts_per_codon": [0.0, 0.0, 0.0, 0.0, 0.0010565321833222799, 0.0020833759471991322, 0.0020833759471991322, 0.00305444122228531, 0.00305444122228531, 0.004000058856079814, 0.004000058856079814, 0.004000058856079814, 0.004000058856079814, 0.0051673251066747215, 0.0051673251066747215, 0.0051673251066747215, 0.0051673251066747215, 0.0051673251066747215, 0.006145511583784704, 0.006958659617627424, 0.006958659617627424, 0.006958659617627424, 0.006958659617627424, 0.006958659617627424, 0.006958659617627424, 0.006958659617627424, 0.006958659617627424, 0.007926271084679233], "rate_of_adaptation": 0.2252046272516895, "rate_of_adaptation_per_codon": 0.00029907653021472706, "adaptive_muts_per_codon_per_year_scientific": 0.2990765302147271}