{"virus": "229e", "subtype": null, "gene": "spike", "loci_len": 18, "loci_offset": 3, "location": [1062, 1080], "window": 3, "min_seqs": 2, "midfreq_high": 0.75, "midfreq_low": 0.15, "window_midpoint": [1992.5, 1993.5, 1994.5, 2004.5, 2005.5, 2006.5, 2007.5, 2008.5, 2009.5, 2010.5, 2011.5, 2012.5, 2014.5, 2015.5, 2016.5, 2017.5], "adaptive_substitutions": [0.0, 0.0, 0.0, 1.0, 1.0, 1.0, 1.0, 1.0, 1.0, 1.0, 2.0, 2.7685714285714287, 3.0, 2.8457142857142856, 2.8457142857142856, 2.821978021978022], "adaptive_substitutions_per_codon": [0.0, 0.0, 0.0, 0.05555555555555555, 0.05555555555555555, 0.05555555555555555, 0.05555555555555555, 0.05555555555555555, 0.05555555555555555, 0.05555555555555555, 0.1111111111111111, 0.1538095238095238, 0.16666666666666666, 0.1580952380952381, 0.1580952380952381, 0.15677655677655677], "rate_of_adaptation": 0.00687841872533943}