{"virus": "229e", "subtype": null, "gene": "spike", "loci_len": 18, "loci_offset": 3, "location": [1209, 1227], "window": 3, "min_seqs": 2, "midfreq_high": 0.75, "midfreq_low": 0.15, "window_midpoint": [1992.5, 1993.5, 1994.5, 2004.5, 2005.5, 2006.5, 2007.5, 2008.5, 2009.5, 2010.5, 2011.5, 2012.5, 2014.5, 2015.5, 2016.5, 2017.5], "adaptive_substitutions": [0.0, 0.0, 0.0, 1.0, 1.0, 2.4214285714285717, 3.0, 2.807142857142857, 2.849068322981367, 2.861142857142857, 3.0, 3.0, 2.5, 2.7685714285714282, 2.7685714285714282, 2.732967032967033], "adaptive_substitutions_per_codon": [0.0, 0.0, 0.0, 0.05555555555555555, 0.05555555555555555, 0.13452380952380955, 0.16666666666666666, 0.15595238095238095, 0.15828157349896482, 0.15895238095238096, 0.16666666666666666, 0.16666666666666666, 0.1388888888888889, 0.15380952380952378, 0.15380952380952378, 0.15183150183150185], "rate_of_adaptation": 0.0073759272621828605}