{"virus": "229e", "subtype": null, "gene": "spike", "loci_len": 18, "loci_offset": 3, "location": [1218, 1236], "window": 3, "min_seqs": 2, "midfreq_high": 0.75, "midfreq_low": 0.15, "window_midpoint": [1992.5, 1993.5, 1994.5, 2004.5, 2005.5, 2006.5, 2007.5, 2008.5, 2009.5, 2010.5, 2011.5, 2012.5, 2014.5, 2015.5, 2016.5, 2017.5], "adaptive_substitutions": [0.0, 0.0, 0.0, 0.0, 0.0, 1.4214285714285715, 2.0, 1.8714285714285714, 1.8993788819875776, 1.9074285714285713, 2.0, 2.0, 1.5, 1.8457142857142856, 1.8457142857142856, 1.8219780219780222], "adaptive_substitutions_per_codon": [0.0, 0.0, 0.0, 0.0, 0.0, 0.07896825396825397, 0.1111111111111111, 0.10396825396825397, 0.10552104899930986, 0.10596825396825396, 0.1111111111111111, 0.1111111111111111, 0.08333333333333333, 0.10253968253968254, 0.10253968253968254, 0.10122100122100124], "rate_of_adaptation": 0.005061011615010833}