{"virus": "229e", "subtype": null, "gene": "RdRp", "window": 3, "min_seqs": 2, "midfreq_high": 0.75, "midfreq_low": 0.15, "window_midpoint": [1992.5, 1993.5, 1994.5, 2000.5, 2001.5, 2002.5, 2003.5, 2004.5, 2005.5, 2006.5, 2007.5, 2008.5, 2009.5, 2010.5, 2011.5, 2012.5, 2013.5, 2014.5, 2015.5, 2016.5, 2017.5, 2018.5, 2019.5, 2020.5], "adaptive_substitutions": [0.0, 0.0, 0.0, 8.0, 8.0, 8.0, 1.0, 0.0, 0.0, 0.0, 0.0, 0.0, 0.0, 0.0, 0.75, 0.8888888888888888, 6.0, 0.8571428571428571, 0.9047619047619048, 0.9393939393939394, 0.9473684210526315, 1.0, 1.0, 1.0], "adaptive_substitutions_per_codon": [0.0, 0.0, 0.0, 0.008629989212513484, 0.008629989212513484, 0.008629989212513484, 0.0010787486515641855, 0.0, 0.0, 0.0, 0.0, 0.0, 0.0, 0.0, 0.0008090614886731392, 0.000958887690279276, 0.006472491909385114, 0.0009246417013407304, 0.0009760106847485488, 0.0010133699454087804, 0.0010219724067450178, 0.0010787486515641855, 0.0010787486515641855, 0.0010787486515641855], "rate_of_adaptation": -5.057888474372693e-05}