{"virus": "229e", "subtype": null, "gene": "s1", "window": 3, "min_seqs": 2, "midfreq_high": 0.75, "midfreq_low": 0.15, "window_midpoint": [1992.5, 1993.5, 1994.5, 2004.5, 2005.5, 2006.5, 2007.5, 2008.5, 2009.5, 2010.5, 2011.5, 2012.5, 2013.5, 2014.5, 2015.5, 2016.5, 2017.5], "adaptive_substitutions": [0.0, 0.0, 0.0, 7.827586206896552, 7.827586206896552, 9.413793103448276, 9.827586206896552, 9.686520376175547, 9.708222811671087, 9.708222811671087, 13.375, 16.852664576802507, 15.758620689655173, 18.051724137931032, 18.758620689655174, 18.758620689655174, 18.679045092838198], "adaptive_substitutions_per_codon": [0.0, 0.0, 0.0, 0.004787514499630919, 0.004787514499630919, 0.005757671622904144, 0.0060107560898449855, 0.0059244772942969705, 0.005937750955150512, 0.005937750955150512, 0.008180428134556574, 0.01030744010813609, 0.009638300115997048, 0.011040809870294209, 0.011473162501318149, 0.011473162501318149, 0.011424492411521834], "rate_of_adaptation": 0.0004950554375920048}