{"virus": "229e", "subtype": null, "gene": "S1", "window": 3, "min_seqs": 2, "midfreq_high": 0.75, "midfreq_low": 0.15, "window_midpoint": [1992.5, 1993.5, 1994.5, 2003.5, 2004.5, 2005.5, 2006.5, 2007.5, 2008.5, 2009.5, 2010.5, 2011.5, 2012.5, 2013.5, 2014.5, 2015.5, 2016.5, 2017.5, 2018.5, 2019.5, 2020.5], "adaptive_substitutions": [0.0, 0.0, 0.0, 8.249832551908908, 7.019825853985265, 7.019825853985265, 9.639785666443402, 10.984795713328868, 10.490281312793034, 11.265033374136777, 11.32246161097467, 14.333110069211877, 6.9540634070104925, 27.32417950435365, 5.019009345198227, 17.83476222371065, 16.992365889301592, 17.174117431846483, 15.03157157644766, 19.696201320447802, 14.278346569706247], "adaptive_substitutions_per_codon": [0.0, 0.0, 0.0, 0.015137307434695242, 0.012880414410982137, 0.012880414410982137, 0.0176876801219145, 0.020155588464823612, 0.019248222592280796, 0.020669786007590417, 0.020775158919219577, 0.026299284530663995, 0.012759749370661454, 0.05013610918230028, 0.009209191459079315, 0.032724334355432386, 0.03117865300789283, 0.03151214207678254, 0.027580865277885617, 0.036139818936601474, 0.026198801045332565], "rate_of_adaptation": 0.001217523785096852}