{"virus": "229e", "subtype": null, "gene": "replicase1ab", "window": 3, "min_seqs": 2, "midfreq_high": 0.75, "midfreq_low": 0.15, "window_midpoint": [1992.5, 1993.5, 1994.5, 2009.5, 2010.5, 2014.5, 2015.5, 2016.5, 2017.5], "adaptive_substitutions": [0.0, 0.0, 0.0, 4.9045004251482895, 4.9045004251482895, 12.056201530533842, 11.553954903547684, 11.553954903547684, 11.487922084779061], "adaptive_substitutions_per_codon": [0.0, 0.0, 0.0, 0.0007256251553703639, 0.0007256251553703639, 0.0017837256296099782, 0.001709417799015784, 0.001709417799015784, 0.001699648185349765], "rate_of_adaptation": 7.249472789672434e-05}