{"virus": "229e", "subtype": null, "gene": "RdRp", "window": 5, "min_seqs": 3, "midfreq_high": 0.75, "midfreq_low": 0.15, "window_midpoint": [1991.5, 1992.5, 1993.5, 1994.5, 1995.5, 2002.5, 2003.5, 2004.5, 2005.5, 2006.5, 2007.5, 2008.5, 2009.5, 2010.5, 2011.5, 2012.5, 2013.5, 2014.5, 2015.5, 2016.5, 2017.5, 2018.5, 2019.5], "adaptive_substitutions": [0.0, 0.0, 0.0, 0.0, 0.0, 0.0, 0.0, 2.0, 2.0, 2.0, 2.0, 2.0, 2.0, 2.0, 1.8064516129032258, 2.375, 2.4551282051282053, 2.649230769230769, 2.655761024182077, 2.8559814169570266, 2.8625792811839323, 2.8636363636363638, 2.7777777777777777], "adaptive_substitutions_per_codon": [0.0, 0.0, 0.0, 0.0, 0.0, 0.0, 0.0, 0.002157497303128371, 0.002157497303128371, 0.002157497303128371, 0.002157497303128371, 0.002157497303128371, 0.002157497303128371, 0.002157497303128371, 0.0019487072415353029, 0.002562028047464941, 0.0026484662406992504, 0.002857854119990042, 0.0028648986237131357, 0.0030808861024347644, 0.0030880035395727426, 0.003089143865842895, 0.0029965240321227376], "rate_of_adaptation": 0.00013008294924374877}