{"virus": "229e", "subtype": null, "gene": "spike", "window": 3, "min_seqs": 2, "midfreq_high": 0.75, "midfreq_low": 0.15, "window_midpoint": [1992.5, 1993.5, 1994.5, 2004.5, 2005.5, 2006.5, 2007.5, 2008.5, 2009.5, 2010.5, 2011.5, 2012.5, 2014.5, 2015.5, 2016.5, 2017.5], "adaptive_substitutions": [0.0, 0.0, 0.0, 6.595918367346939, 6.595918367346939, 8.714285714285715, 10.360816326530614, 9.159183673469387, 9.215971606033719, 9.056816326530612, 12.657142857142857, 16.483265306122448, 18.042857142857144, 17.464489795918368, 17.464489795918368, 17.36200941915228], "adaptive_substitutions_per_codon": [0.0, 0.0, 0.0, 0.005618329103361958, 0.005618329103361958, 0.007422730591384766, 0.008825226853944304, 0.00780168967075757, 0.00785006099321441, 0.007714494315613809, 0.010781211973716232, 0.014040260056322357, 0.01536870284740813, 0.014876056044223483, 0.014876056044223483, 0.014788764411543679], "rate_of_adaptation": 0.000655179079394856}