{"virus": "adenovirusB3", "subtype": null, "gene": "pol", "window": 5, "min_seqs": 3, "midfreq_high": 0.75, "midfreq_low": 0.15, "window_midpoint": [1990.5, 2002.5, 2003.5, 2004.5, 2005.5, 2006.5, 2007.5, 2008.5, 2009.5, 2010.5, 2011.5, 2012.5, 2013.5, 2014.5, 2015.5, 2016.5, 2017.5, 2018.5], "adaptive_substitutions": [0.0, 0.8333333333333334, 0.8333333333333334, 0.6574074074074074, 0.6222222222222222, 0.6222222222222222, 0.5694444444444444, 0.0, 0.8125, 0.4444444444444444, 0.6805555555555556, 0.7333333333333334, 0.8185185185185185, 0.7091503267973855, 0.7373737373737373, 2.4412698412698415, 2.4521604938271606, 2.6303418803418803], "adaptive_substitutions_per_codon": [0.0, 0.0006979341150195422, 0.0006979341150195422, 0.0005505924685154166, 0.0005211241392145914, 0.0005211241392145914, 0.00047692164526335376, 0.0, 0.0006804857621440536, 0.0003722315280104225, 0.0005699795272659595, 0.0006141820212171972, 0.0006855263974191948, 0.0005939282468989829, 0.00061756594419911, 0.002044614607428678, 0.0020537357569741714, 0.0022029663989462985], "rate_of_adaptation": 6.166818003278435e-05}