{"virus": "adenovirusB7", "subtype": null, "gene": "E1B 55K", "window": 5, "min_seqs": 3, "midfreq_high": 0.75, "midfreq_low": 0.15, "window_midpoint": [1986.5, 1987.5, 1988.5, 1989.5, 1990.5, 1995.5, 1996.5, 1997.5, 1998.5, 1999.5, 2004.5, 2005.5, 2006.5, 2007.5, 2008.5, 2009.5, 2010.5, 2011.5, 2012.5, 2013.5, 2014.5, 2015.5, 2016.5], "adaptive_substitutions": [0.0, 0.0, 0.0, 0.0, 0.0, 0.0, 0.0, 0.0, 0.0, 0.0, 0.0, 0.0, 0.0, 0.0, 0.0, 0.7857142857142857, 0.9090909090909091, 1.0, 0.972972972972973, 0.975, 0.9736842105263158, 0.9803921568627451, 0.9883720930232558], "adaptive_substitutions_per_codon": [0.0, 0.0, 0.0, 0.0, 0.0, 0.0, 0.0, 0.0, 0.0, 0.0, 0.0, 0.0, 0.0, 0.0, 0.0, 0.0015937409446537235, 0.0018439977872026553, 0.002028397565922921, 0.0019735760100871662, 0.001977687626774848, 0.00197501868260916, 0.0019886250646303145, 0.002004811547714515], "rate_of_adaptation": 7.36384132461311e-05}