{"virus": "adenovirusB7", "subtype": null, "gene": "III", "window": 5, "min_seqs": 3, "midfreq_high": 0.75, "midfreq_low": 0.15, "window_midpoint": [1986.5, 1987.5, 1988.5, 1989.5, 1990.5, 1995.5, 1996.5, 1997.5, 1998.5, 1999.5, 2004.5, 2005.5, 2006.5, 2007.5, 2008.5, 2009.5, 2010.5, 2011.5, 2012.5, 2013.5, 2014.5, 2015.5, 2016.5], "adaptive_substitutions": [0.0, 0.0, 0.0, 0.0, 0.0, 0.0, 0.0, 0.0, 0.0, 0.0, 0.0, 0.0, 0.0, 0.0, 0.0, 0.9285714285714286, 0.9545454545454546, 1.0, 1.0, 1.0, 1.0, 1.784313725490196, 1.9651162790697674], "adaptive_substitutions_per_codon": [0.0, 0.0, 0.0, 0.0, 0.0, 0.0, 0.0, 0.0, 0.0, 0.0, 0.0, 0.0, 0.0, 0.0, 0.0, 0.0017038007863695937, 0.0017514595496246873, 0.001834862385321101, 0.001834862385321101, 0.001834862385321101, 0.001834862385321101, 0.003273970138514121, 0.00360571794324728], "rate_of_adaptation": 8.856474907294193e-05}