{"virus": "adenovirusB7", "subtype": null, "gene": "hexon", "window": 3, "min_seqs": 2, "midfreq_high": 0.75, "midfreq_low": 0.15, "window_midpoint": [1987.5, 1988.5, 1989.5, 1996.5, 1997.5, 1998.5, 2005.5, 2006.5, 2007.5, 2008.5, 2009.5, 2010.5, 2011.5, 2012.5, 2013.5, 2014.5, 2015.5, 2016.5, 2017.5], "adaptive_substitutions": [0.0, 0.0, 0.0, 0.0, 0.0, 0.0, 0.0, 0.0, 0.0, 0.0, 0.8333333333333334, 1.0, 1.0, 1.0, 0.9642857142857143, 0.9583333333333334, 0.9444444444444444, 1.0, 1.0], "adaptive_substitutions_per_codon": [0.0, 0.0, 0.0, 0.0, 0.0, 0.0, 0.0, 0.0, 0.0, 0.0, 0.0008912655971479501, 0.0010695187165775401, 0.0010695187165775401, 0.0010695187165775401, 0.0010313216195569138, 0.0010249554367201426, 0.00101010101010101, 0.0010695187165775401, 0.0010695187165775401], "rate_of_adaptation": 4.2932049038935844e-05}