{"virus": "adenovirusB7", "subtype": null, "gene": "hexon", "window": 5, "min_seqs": 3, "midfreq_high": 0.75, "midfreq_low": 0.15, "window_midpoint": [1986.5, 1987.5, 1988.5, 1989.5, 1990.5, 1995.5, 1996.5, 1997.5, 1998.5, 1999.5, 2004.5, 2005.5, 2006.5, 2007.5, 2008.5, 2009.5, 2010.5, 2011.5, 2012.5, 2013.5, 2014.5, 2015.5, 2016.5], "adaptive_substitutions": [0.0, 0.0, 0.0, 0.0, 0.0, 0.0, 0.0, 0.0, 0.0, 0.0, 0.0, 0.0, 0.0, 0.0, 0.0, 0.8571428571428571, 0.9545454545454546, 1.0, 0.972972972972973, 0.975, 0.9736842105263158, 0.9803921568627451, 0.9883720930232558], "adaptive_substitutions_per_codon": [0.0, 0.0, 0.0, 0.0, 0.0, 0.0, 0.0, 0.0, 0.0, 0.0, 0.0, 0.0, 0.0, 0.0, 0.0, 0.0009167303284950343, 0.0010209042294603793, 0.0010695187165775401, 0.0010406128053186878, 0.0010427807486631017, 0.0010413734871939206, 0.0010485477613505294, 0.0010570824524312897], "rate_of_adaptation": 3.923715832115431e-05}