{"virus": "dengue", "subtype": "denv1_III", "gene": "E2", "window": 3, "min_seqs": 2, "midfreq_high": 0.75, "midfreq_low": 0.15, "window_midpoint": [1981.5, 2004.5, 2005.5, 2006.5, 2008.5, 2009.5, 2010.5, 2011.5, 2012.5, 2013.5, 2014.5], "adaptive_substitutions": [0.0, 0.0, 0.0, 1.0, 1.0, 1.0, 1.0, 0.95, 0.9555555555555556, 0.9375, 0.9516129032258065], "adaptive_substitutions_per_codon": [0.0, 0.0, 0.0, 0.002008032128514056, 0.002008032128514056, 0.002008032128514056, 0.002008032128514056, 0.0019076305220883532, 0.0019187862561356537, 0.0018825301204819277, 0.0019108692835859567], "rate_of_adaptation": 6.95526065065767e-05}