{"virus": "dengue", "subtype": "denv2", "gene": "E3", "window": 3, "min_seqs": 2, "midfreq_high": 0.75, "midfreq_low": 0.15, "window_midpoint": [1945.5, 1963.5, 1964.5, 1965.5, 1966.5, 1967.5, 1968.5, 1969.5, 1970.5, 1971.5, 1972.5, 1973.5, 1974.5, 1975.5, 1976.5, 1977.5, 1978.5, 1979.5, 1980.5, 1981.5, 1982.5, 1983.5, 1984.5, 1985.5, 1986.5, 1987.5, 1988.5, 1989.5, 1990.5, 1991.5, 1992.5, 1993.5, 1994.5, 1995.5, 1996.5, 1997.5, 1998.5, 1999.5, 2000.5, 2001.5, 2002.5, 2003.5, 2004.5, 2005.5, 2006.5, 2007.5, 2008.5, 2009.5, 2010.5, 2011.5, 2012.5, 2013.5, 2014.5, 2015.5, 2016.5, 2017.5], "adaptive_substitutions": [0.0, 0.0, 0.0, 0.0, 0.0, 0.0, 1.91560053416224, 1.91560053416224, 1.7856031973692148, 1.8274549505837712, 1.833893681847549, 1.5961872606982916, 0.23334221068991579, 0.183120106832448, 0.0, 0.0, 0.0, 0.0, 0.0, 0.8281509099924182, 0.0, 0, 0, 0.0, 0.8685041124167142, 0.8820346209993783, 0.9330325286277468, 0.9347151495211977, 0.9822316914025768, 0.9955579228506443, 0.8254137346474586, 0.8576078426828817, 0.816267010766724, 0.7606129489236306, 0.0, 0.77690119882335, 0.8923441437853687, 0.8676167921407751, 0.0, 0.0, 0.0, 0.0, 0.0, 0.0, 0.0, 0.0, 0.0, 0.0, 0.0, 0.0, 0.7419640830964158, 0.0, 0.0, 0.0, 0.7816601178005531, 0.7970563699469277], "adaptive_substitutions_per_codon": [0.0, 0.0, 0.0, 0.0, 0.0, 0.0, 0.006515648075381768, 0.006515648075381768, 0.006073480263160595, 0.006215833165250922, 0.006237733611726358, 0.005429208369722081, 0.0007936809887412102, 0.0006228575062328163, 0.0, 0.0, 0.0, 0.0, 0.0, 0.0028168398299061844, 0.0, 0.0, 0.0, 0.0, 0.0029540956204650143, 0.003000117758501287, 0.0031735800293460773, 0.0031793032296639377, 0.003340924120416928, 0.0033862514382674977, 0.0028075297096852333, 0.002917033478513203, 0.002776418403968449, 0.0025871188738899, 0.0, 0.0026425210844331633, 0.003035184162535268, 0.002951077524288351, 0.0, 0.0, 0.0, 0.0, 0.0, 0.0, 0.0, 0.0, 0.0, 0.0, 0.0, 0.0, 0.0025236873574708022, 0.0, 0.0, 0.0, 0.0026587078836753505, 0.0027110760882548563], "rate_of_adaptation": -2.6656225624043273e-05}