{"virus": "dengue", "subtype": "denv3_III", "gene": "NS4A", "window": 3, "min_seqs": 2, "midfreq_high": 0.75, "midfreq_low": 0.15, "window_midpoint": [1982.5, 1983.5, 1984.5, 1985.5, 1986.5, 1988.5, 1989.5, 1990.5, 1993.5, 1994.5, 1995.5, 1996.5, 1997.5, 1998.5, 1999.5, 2000.5, 2001.5, 2002.5, 2003.5, 2004.5, 2005.5, 2006.5, 2007.5, 2008.5, 2009.5, 2010.5, 2011.5, 2012.5, 2013.5, 2014.5, 2015.5, 2016.5, 2017.5], "adaptive_substitutions": [0.0, 0.0, 0.0, 0.0, 0.0, 1.5, 1.5, 1.5, 1.0, 1.75, 2.0, 2.0, 2.0, 1.9655172413793105, 2.84, 1.989795918367347, 1.5, 1.5, 1.4918699186991868, 1.7847222222222223, 1.7922077922077921, 1.2973856209150327, 1.4923664122137406, 1.5, 2.0, 1.9772727272727273, 1.9607843137254903, 1.925925925925926, 2.0, 2.0, 1.9285714285714286, 1.9285714285714286, 1.9166666666666665], "adaptive_substitutions_per_codon": [0.0, 0.0, 0.0, 0.0, 0.0, 0.011811023622047244, 0.011811023622047244, 0.011811023622047244, 0.007874015748031496, 0.013779527559055118, 0.015748031496062992, 0.015748031496062992, 0.015748031496062992, 0.015476513711648114, 0.02236220472440945, 0.015667684396593284, 0.011811023622047244, 0.011811023622047244, 0.011747007233851865, 0.014052930883639545, 0.014111872379588915, 0.010215634810354588, 0.011750916631604257, 0.011811023622047244, 0.015748031496062992, 0.01556907659269864, 0.01543924656476764, 0.015164771070282882, 0.015748031496062992, 0.015748031496062992, 0.01518560179977503, 0.01518560179977503, 0.015091863517060366], "rate_of_adaptation": 0.00037031000715939693}