{"virus": "dengue", "subtype": "denv2_AA", "gene": "E", "window": 5, "min_seqs": 3, "midfreq_high": 0.75, "midfreq_low": 0.15, "window_midpoint": [1988.5, 1989.5, 1990.5, 1991.5, 1992.5, 1993.5, 1994.5, 1995.5, 1996.5, 1997.5, 1998.5, 1999.5, 2000.5, 2001.5, 2002.5, 2003.5, 2004.5, 2005.5, 2006.5, 2007.5, 2008.5, 2009.5, 2010.5, 2011.5, 2012.5, 2013.5, 2014.5, 2015.5, 2016.5], "adaptive_substitutions": [0.0, 0.0, 0.0, 0.0, 0.0, 0.0, 0.0, 0.0, 0.0, 0.0, 0.0, 0, 0, 0.7330762267452192, 0.739324795407458, 0.805593749120072, 0.8131798428756607, 0.8110167469404249, 2.3202147440536636, 2.505870000329822, 2.520847593668478, 2.7165788332671497, 2.7273316203011104, 4.715415007414324, 3.7245313404545892, 3.6784104109227935, 3.6546242926502233, 3.7024946623960067, 3.609547098405092], "adaptive_substitutions_per_codon": [0.0, 0.0, 0.0, 0.0, 0.0, 0.0, 0.0, 0.0, 0.0, 0.0, 0.0, 0.0, 0.0, 0.0014809620742327661, 0.0014935854452675919, 0.0016274621194344889, 0.0016427875613649712, 0.001638417670586717, 0.004687302513239724, 0.005062363637029944, 0.005092621401350461, 0.005488038047004343, 0.005509760849093152, 0.009526090924069343, 0.0075243057382920996, 0.007431132143278371, 0.00738307937909136, 0.007479787196759609, 0.007292014340212307], "rate_of_adaptation": 0.00034290697245971895}