{"virus": "dengue", "subtype": "denv4", "gene": "E2", "window": 3, "min_seqs": 2, "midfreq_high": 0.75, "midfreq_low": 0.15, "window_midpoint": [1957.5, 1961.5, 1962.5, 1974.5, 1975.5, 1976.5, 1977.5, 1978.5, 1979.5, 1981.5, 1982.5, 1983.5, 1984.5, 1985.5, 1986.5, 1989.5, 1990.5, 1991.5, 1992.5, 1993.5, 1994.5, 1995.5, 1996.5, 1997.5, 1998.5, 1999.5, 2000.5, 2001.5, 2002.5, 2003.5, 2004.5, 2005.5, 2006.5, 2007.5, 2008.5, 2009.5, 2010.5, 2011.5, 2012.5, 2013.5, 2014.5, 2015.5, 2016.5, 2017.5], "adaptive_substitutions": [0.0, 1.5696689761354887, 1.5696689761354887, 0.0, 0.0, 1.5365665896843725, 1.9337952270977674, 0.9337952270977675, 1.9006928406466512, 1.3048498845265588, 1.3048498845265588, 1.3048498845265588, 0.0, 1.1393379522709774, 1.1393379522709774, 0.8013856812933025, 0.0, 0.0, 5.437259430331023, 1.3048498845265588, 1.4041570438799076, 1.4372594303310238, 1.1738150225448145, 1.0619707467282524, 1.0950731331793686, 1.8344880677444189, 1.9337952270977674, 1.9337952270977674, 1.5947652040030793, 1.2186297151655119, 1.5947652040030793, 1.9337952270977674, 2.5431100846805235, 1.7631226299432612, 1.7470618424429047, 1.6059338784511996, 1.5689376443418013, 2.514241724403387, 2.5975859514575794, 2.611272173357574, 1.8770626234226997, 2.66793137578357, 2.4338593790094945, 2.5544924667326514], "adaptive_substitutions_per_codon": [0.0, 0.0031393379522709776, 0.0031393379522709776, 0.0, 0.0, 0.003073133179368745, 0.0038675904541955347, 0.001867590454195535, 0.0038013856812933026, 0.0026096997690531177, 0.0026096997690531177, 0.0026096997690531177, 0.0, 0.0022786759045419548, 0.0022786759045419548, 0.0016027713625866049, 0.0, 0.0, 0.010874518860662047, 0.0026096997690531177, 0.002808314087759815, 0.0028745188606620477, 0.002347630045089629, 0.0021239414934565047, 0.002190146266358737, 0.0036689761354888376, 0.0038675904541955347, 0.0038675904541955347, 0.0031895304080061587, 0.0024372594303310236, 0.0031895304080061587, 0.0038675904541955347, 0.005086220169361047, 0.0035262452598865224, 0.0034941236848858095, 0.003211867756902399, 0.0031378752886836027, 0.005028483448806773, 0.005195171902915159, 0.005222544346715148, 0.0037541252468453992, 0.0053358627515671395, 0.004867718758018989, 0.005108984933465303], "rate_of_adaptation": 5.850361501118034e-05}