{"virus": "dengue", "subtype": "denv3_I", "gene": "NS5", "window": 5, "min_seqs": 3, "midfreq_high": 0.75, "midfreq_low": 0.15, "window_midpoint": [1987.5, 1988.5, 1989.5, 1990.5, 1991.5, 1992.5, 1993.5, 1994.5, 1995.5, 1996.5, 1997.5, 1998.5], "adaptive_substitutions": [0.0, 0.0, 0.0, 0.0, 0.0, 0.0, 0.6995689655172413, 0.7307881773399014, 0.7822281167108753, 0.6730769230769231, 0.6600574712643679, 0.0], "adaptive_substitutions_per_codon": [0.0, 0.0, 0.0, 0.0, 0.0, 0.0, 0.0007772988505747126, 0.0008119868637110016, 0.0008691423519009726, 0.0007478632478632479, 0.000733397190293742, 0.0], "rate_of_adaptation": 6.781324702412236e-05}