{"virus": "dengue", "subtype": "denv1_I", "gene": "E3", "window": 3, "min_seqs": 2, "midfreq_high": 0.75, "midfreq_low": 0.15, "window_midpoint": [1982.5, 1986.5, 1987.5, 1989.5, 1990.5, 1991.5, 1992.5, 1993.5, 1994.5, 1995.5, 1996.5, 1997.5, 1998.5, 1999.5, 2000.5, 2001.5, 2002.5, 2003.5, 2004.5, 2005.5, 2006.5, 2007.5, 2008.5, 2009.5, 2010.5, 2011.5, 2012.5, 2013.5, 2014.5, 2015.5, 2016.5, 2017.5], "adaptive_substitutions": [0.0, 0.0, 0.0, 0.0, 0.0, 0.0, 0.0, 0.0, 0.0, 0.0, 0.0, 2.112592792736384, 2.2669319677026034, 2.3698247510134163, 2.5123848900899746, 2.4437897012160996, 2.6676722816499803, 2.8071190800843713, 2.413216500675611, 2.4421443337837405, 2.4710721668918705, 2.5, 2.5, 2.8238630436499186, 2.7907497736485603, 2.7706562334733844, 2.8204181473150207, 2.884288667567481, 2.884288667567481, 2.8553608344593515, 2.884288667567481, 2.884288667567481], "adaptive_substitutions_per_codon": [0.0, 0.0, 0.0, 0.0, 0.0, 0.0, 0.0, 0.0, 0.0, 0.0, 0.0, 0.00718568977121219, 0.007710652951369399, 0.008060628404807538, 0.00854552683704073, 0.008312209868081972, 0.009073715243707417, 0.00954802408191963, 0.008208219390053098, 0.008306613380216805, 0.008405007370380512, 0.008503401360544218, 0.008503401360544218, 0.009604976338945302, 0.009492346168872654, 0.009424000794127158, 0.00959325900447286, 0.009810505671998235, 0.009810505671998235, 0.009712111681834529, 0.009810505671998235, 0.009810505671998235], "rate_of_adaptation": 0.00039347693588918264}