{"virus": "dengue", "subtype": "denv4_II", "gene": "NS1", "window": 3, "min_seqs": 2, "midfreq_high": 0.75, "midfreq_low": 0.15, "window_midpoint": [1981.5, 1982.5, 1983.5, 1993.5, 1994.5, 1995.5, 1996.5, 1997.5, 1998.5, 1999.5, 2000.5, 2001.5, 2002.5, 2003.5, 2004.5, 2005.5, 2006.5, 2007.5, 2008.5, 2009.5, 2010.5, 2011.5, 2012.5, 2013.5, 2014.5, 2015.5, 2016.5], "adaptive_substitutions": [0.0, 0.0, 0.0, 0.9621807070679996, 0.8468674522977774, 0.8929927542058663, 0.7892108249126664, 0.6314830201827977, 0.617411348468198, 0.5547746376617368, 0.5028545391192474, 1.2823179393711974, 1.6974456565439975, 4.4705298989519955, 2.7299847221849953, 2.923476909056796, 3.67967266780201, 3.395670168631681, 0.9621807070679996, 0.8885745419659304, 0.8363844291368481, 3.460367795142339, 3.4329965066516577, 3.34651156557399, 0.7382822222137132, 0.7356669972392721, 4.0762103871273245], "adaptive_substitutions_per_codon": [0.0, 0.0, 0.0, 0.002733467917806817, 0.0024058734440277766, 0.002536911233539393, 0.0022420762071382566, 0.001793985852792039, 0.0017540095126937444, 0.0015760643115390251, 0.0014285640315887709, 0.0036429486913954474, 0.004822288796999993, 0.012700369031113623, 0.007755638415298282, 0.008305332128002262, 0.010453615533528438, 0.009646790251794548, 0.002733467917806817, 0.0025243594942213933, 0.002376092128229682, 0.009830590327108917, 0.009752830984805845, 0.009507135129471562, 0.0020973926767435033, 0.0020899630603388414, 0.01158014314524808], "rate_of_adaptation": 0.0002394185412038543}