{"virus": "dengue", "subtype": "denv2_C", "gene": "E2", "window": 3, "min_seqs": 2, "midfreq_high": 0.75, "midfreq_low": 0.15, "window_midpoint": [1976.5, 1977.5, 1992.5, 1993.5, 1994.5, 1995.5, 1996.5, 1997.5, 2000.5, 2001.5, 2002.5, 2003.5, 2004.5, 2005.5, 2006.5, 2007.5, 2008.5, 2009.5, 2010.5, 2011.5, 2012.5, 2013.5, 2014.5, 2015.5, 2016.5, 2017.5], "adaptive_substitutions": [0.0, 0.0, 0.7407824438887357, 0.7407824438887357, 0.7407824438887357, 0.8617506367406591, 0.8617506367406591, 0.8617506367406591, 0.6928567434740108, 0.7865517007474023, 0.709484945413507, 0, 0, 0, 0, 0, 0, 0, 0, 0, 0, 0.0, 0.8152905834522486, 0.8612343165069627, 0.8392691736074148, 0.8218777699647077], "adaptive_substitutions_per_codon": [0.0, 0.0, 0.004462544842703227, 0.004462544842703227, 0.004462544842703227, 0.005191268896028067, 0.005191268896028067, 0.005191268896028067, 0.004173835804060306, 0.004738263257514472, 0.004274005695262091, 0.0, 0.0, 0.0, 0.0, 0.0, 0.0, 0.0, 0.0, 0.0, 0.0, 0.0, 0.004911389056941257, 0.005188158533174474, 0.005055838395225391, 0.0049510709034018534], "rate_of_adaptation": -2.0350055525125204e-06}