{"virus": "dengue", "subtype": "denv2_AA", "gene": "C", "window": 3, "min_seqs": 2, "midfreq_high": 0.75, "midfreq_low": 0.15, "window_midpoint": [1987.5, 1988.5, 1989.5, 1990.5, 1991.5, 1992.5, 1993.5, 1994.5, 1995.5, 1996.5, 1997.5, 1998.5, 1999.5, 2000.5, 2001.5, 2002.5, 2003.5, 2004.5, 2005.5, 2006.5, 2007.5, 2008.5, 2009.5, 2010.5, 2011.5, 2012.5, 2013.5, 2014.5, 2015.5, 2016.5, 2017.5], "adaptive_substitutions": [0.0, 0.0, 0.0, 0.0, 0.0, 0.0, 0.0, 0.0, 0.0, 0.0, 0.0, 0.0, 0.0, 0.0, 0.0, 0.0, 0.0, 0.0, 0.0, 0.7806451612903226, 0.7709923664122137, 0.8131868131868132, 0.95, 0.9777777777777777, 1.0, 1.0, 1.0, 0.9210526315789473, 0.8918918918918919, 0.0, 0.0], "adaptive_substitutions_per_codon": [0.0, 0.0, 0.0, 0.0, 0.0, 0.0, 0.0, 0.0, 0.0, 0.0, 0.0, 0.0, 0.0, 0.0, 0.0, 0.0, 0.0, 0.0, 0.0, 0.006847764572722128, 0.006763090933440471, 0.007133217659533449, 0.008333333333333333, 0.008576998050682261, 0.008771929824561403, 0.008771929824561403, 0.008771929824561403, 0.008079409048938134, 0.007823613086770981, 0.0, 0.0], "rate_of_adaptation": 0.00027934391536540537}