{"virus": "dengue", "subtype": "denv1_I", "gene": "E", "window": 5, "min_seqs": 3, "midfreq_high": 0.75, "midfreq_low": 0.15, "window_midpoint": [1988.5, 1989.5, 1990.5, 1991.5, 1992.5, 1993.5, 1994.5, 1995.5, 1996.5, 1997.5, 1998.5, 1999.5, 2000.5, 2001.5, 2002.5, 2003.5, 2004.5, 2005.5, 2006.5, 2007.5, 2008.5, 2009.5, 2010.5, 2011.5, 2012.5, 2013.5, 2014.5, 2015.5, 2016.5], "adaptive_substitutions": [0.0, 0.0, 0.0, 0.0, 0.0, 0.0, 0.0, 0.0, 0.0, 0.0, 4.626288694497683, 4.509142715256657, 4.397854505603595, 4.9637955742675555, 5.031697946508569, 5.106355713344113, 5.330425032041716, 5.5126199989311555, 5.58552912639845, 5.616153787650826, 6.0941285020575275, 6.084342850995956, 6.105054885106836, 6.145506458814234, 6.205396143285435, 6.25449335977863, 6.696257752364638, 6.710721668918703, 6.652866002702443], "adaptive_substitutions_per_codon": [0.0, 0.0, 0.0, 0.0, 0.0, 0.0, 0.0, 0.0, 0.0, 0.0, 0.009346037766661985, 0.009109379222740722, 0.00888455455677494, 0.010027869847005162, 0.010165046356582967, 0.010315870127967905, 0.010768535418266093, 0.011136606058446779, 0.011283897225047374, 0.011345765227577426, 0.012311370711227329, 0.01229160171918375, 0.012333444212337043, 0.012415164563261078, 0.012536153824819062, 0.012635340120764909, 0.013527793439120481, 0.013557013472563037, 0.013440133338792815], "rate_of_adaptation": 0.000608875970583575}