{"virus": "dengue", "subtype": "denv4_II", "gene": "NS5", "window": 5, "min_seqs": 3, "midfreq_high": 0.75, "midfreq_low": 0.15, "window_midpoint": [1980.5, 1984.5, 1992.5, 1993.5, 1994.5, 1995.5, 1996.5, 1997.5, 1998.5, 1999.5, 2000.5, 2001.5, 2002.5, 2003.5, 2004.5, 2005.5, 2006.5, 2007.5, 2008.5, 2009.5, 2010.5, 2011.5, 2012.5, 2013.5, 2014.5, 2015.5], "adaptive_substitutions": [0.0, 0.0, 0.9477213098824215, 0.8075664820393224, 0.9054513652706249, 0.8455932368088621, 0.9030924242475011, 1.5191131618294718, 1.5514527256826351, 1.5514527256826351, 1.6401040078542013, 1.560489748323778, 1.3442814109415995, 1.0314352346710718, 0.6935671946360898, 1.0398537688402618, 0.25561864042089477, 0, 0.0, 0.0, 0.0, 1.1637353026916721, 1.1536420595454873, 1.1632772047697713, 1.4843455446506655, 0], "adaptive_substitutions_per_codon": [0.0, 0.0, 0.001053023677647135, 0.0008972960911548026, 0.0010060570725229166, 0.0009395480408987357, 0.001003436026941668, 0.0016879035131438574, 0.0017238363618695947, 0.0017238363618695947, 0.001822337786504668, 0.0017338774981375312, 0.0014936460121573328, 0.0011460391496345241, 0.0007706302162623221, 0.0011553930764891798, 0.000284020711578772, 0.0, 0.0, 0.0, 0.0, 0.001293039225212969, 0.0012818245106060969, 0.0012925302275219681, 0.0016492728273896284, 0.0], "rate_of_adaptation": 2.1394750011936837e-06}