{"virus": "dengue", "subtype": "denv2_C", "gene": "E", "window": 5, "min_seqs": 3, "midfreq_high": 0.75, "midfreq_low": 0.15, "window_midpoint": [1977.5, 1978.5, 1994.5, 1995.5, 1999.5, 2000.5, 2001.5, 2002.5, 2003.5, 2004.5, 2005.5, 2006.5, 2007.5, 2008.5, 2009.5, 2010.5, 2011.5, 2012.5, 2013.5, 2014.5, 2015.5, 2016.5], "adaptive_substitutions": [0.0, 0.0, 1.8452367935884264, 1.8452367935884264, 3.4011812344778276, 2.6522625389057737, 2.7018757548518355, 2.056959181777979, 1.6179098785636437, 1.635848063191233, 1.438394614268324, 1.8806463988056394, 1.9336720615121306, 1.75177731864535, 1.7549592712419004, 1.8155329985139201, 1.8228875355071428, 1.850975216894146, 1.574705604634746, 1.643276609116178, 2.5461668548641043, 2.5573996251695066], "adaptive_substitutions_per_codon": [0.0, 0.0, 0.003727751098158437, 0.003727751098158437, 0.006871073200965308, 0.005358106139203583, 0.005458334858286536, 0.004155473094500968, 0.003268504805179078, 0.003304743562002491, 0.0029058477055925735, 0.003799285654152807, 0.003906408205075011, 0.0035389440780714144, 0.0035453722651351523, 0.003667743431341253, 0.0036826010818326116, 0.003739343872513426, 0.0031812234437065576, 0.0033197507254872282, 0.005143771423967888, 0.005166463889231326], "rate_of_adaptation": 8.349156476587747e-05}