{"virus": "dengue", "subtype": "denv4", "gene": "NS5", "window": 3, "min_seqs": 2, "midfreq_high": 0.75, "midfreq_low": 0.15, "window_midpoint": [1957.5, 1961.5, 1962.5, 1977.5, 1978.5, 1979.5, 1981.5, 1982.5, 1983.5, 1990.5, 1991.5, 1993.5, 1994.5, 1995.5, 1996.5, 1997.5, 1998.5, 1999.5, 2000.5, 2001.5, 2002.5, 2003.5, 2004.5, 2005.5, 2006.5, 2007.5, 2008.5, 2009.5, 2010.5, 2011.5, 2012.5, 2013.5, 2014.5, 2015.5, 2016.5, 2017.5], "adaptive_substitutions": [0.0, 2.451395257910871, 2.451395257910871, 0.0, 0.0, 0.0, 7.992215944849559, 7.992215944849559, 7.992215944849559, 0.0, 0.0, 8.737714186878371, 8.838020287525309, 8.946516833355378, 6.799708807795911, 8.441961250771165, 8.441961250771165, 8.980186811256955, 8.498710644431549, 2.1868856366704508, 1.4519214138187144, 0.9531888390994888, 0.012411174853817597, 2.3184794301901785, 2.313570233611978, 0.17993843875025295, 0.2743928187183011, 0.6354415804383223, 0.5452685938701387, 7.985882716602855, 8.420743564715371, 9.018839618394564, 0, 0, 3.4994080746036755, 2.9043689835452735], "adaptive_substitutions_per_codon": [0.0, 0.0009079241695966189, 0.0009079241695966189, 0.0, 0.0, 0.0, 0.0029600799795739107, 0.0029600799795739107, 0.0029600799795739107, 0.0, 0.0, 0.0032361904395845817, 0.0032733408472315957, 0.0033135247530945845, 0.002518410669554041, 0.0031266523151004316, 0.0031266523151004316, 0.0033259951152803534, 0.003147670609048722, 0.0008099576432112781, 0.000537748671784709, 0.00035303290337018105, 4.596731427339851e-06, 0.0008586960852556217, 0.0008568778643007327, 6.664386620379739e-05, 0.00010162696989566708, 0.00023534873349567495, 0.00020195133106301434, 0.002957734339482539, 0.003118793912857545, 0.0033403109697757644, 0.0, 0.0, 0.001296077064668028, 0.001075692216127879], "rate_of_adaptation": 5.036139498876728e-06}