{"virus": "dengue", "subtype": "denv3_III", "gene": "NS5", "window": 5, "min_seqs": 3, "midfreq_high": 0.75, "midfreq_low": 0.15, "window_midpoint": [1981.5, 1982.5, 1983.5, 1984.5, 1985.5, 1987.5, 1988.5, 1989.5, 1990.5, 1991.5, 1992.5, 1993.5, 1994.5, 1995.5, 1996.5, 1997.5, 1998.5, 1999.5, 2000.5, 2001.5, 2002.5, 2003.5, 2004.5, 2005.5, 2006.5, 2007.5, 2008.5, 2009.5, 2010.5, 2011.5, 2012.5, 2013.5, 2014.5, 2015.5, 2016.5], "adaptive_substitutions": [0.0, 0.0, 0.0, 0.0, 0.0, 0.0, 3.2660194956929556, 3.2660194956929556, 3.2660194956929556, 1.3146727530378906, 2.0793317481507403, 3.2379117924582976, 3.2379117924582976, 3.505074813547157, 7.80308744087589, 7.9233558722119, 7.928263121903629, 8.22254146357893, 8.271769640734883, 8.256255459630617, 8.234288812732446, 7.170617968001812, 7.333429856828077, 6.666509129964462, 6.6313464986062725, 6.069962332890952, 7.607798026223921, 7.646203781834474, 8.726958635033707, 7.952323131906924, 7.209275791810445, 2.082388939195184, 1.9469747649708138, 1.9102556344345119, 1.9580241452577558], "adaptive_substitutions_per_codon": [0.0, 0.0, 0.0, 0.0, 0.0, 0.0, 0.0036289105507699504, 0.0036289105507699504, 0.0036289105507699504, 0.0014607475033754339, 0.002310368609056378, 0.0035976797693981085, 0.0035976797693981085, 0.0038945275706079524, 0.008670097156528767, 0.008803728746902112, 0.008809181246559588, 0.009136157181754366, 0.009190855156372092, 0.009173617177367352, 0.00914920979192494, 0.00796735329777979, 0.00814825539647564, 0.00740723236662718, 0.007368162776229191, 0.006744402592101058, 0.00845310891802658, 0.008495781979816083, 0.009696620705593007, 0.008835914591007694, 0.008010306435344939, 0.002313765487994649, 0.0021633052944120155, 0.002122506260482791, 0.0021755823836197286], "rate_of_adaptation": 0.00018055260625324894}