{"virus": "dengue", "subtype": "denv2_AM", "gene": "NS5", "window": 3, "min_seqs": 2, "midfreq_high": 0.75, "midfreq_low": 0.15, "window_midpoint": [1970.5, 1971.5, 1972.5, 1973.5, 1974.5, 1975.5, 1982.5, 1983.5, 1984.5, 1985.5, 1986.5, 1987.5, 1993.5, 1994.5, 1995.5], "adaptive_substitutions": [0.0, 0.0, 0.0, 0.0, 0.0, 0.0, 4.010989010989011, 2.4230769230769234, 2.4230769230769234, 1.4505494505494507, 1.3681318681318682, 1.3681318681318682, 3.368131868131868, 2.4505494505494507, 2.4505494505494507], "adaptive_substitutions_per_codon": [0.0, 0.0, 0.0, 0.0, 0.0, 0.0, 0.0044566544566544564, 0.0026923076923076926, 0.0026923076923076926, 0.001611721611721612, 0.0015201465201465203, 0.0015201465201465203, 0.0037423687423687423, 0.002722832722832723, 0.002722832722832723], "rate_of_adaptation": 0.0001389659605038335}