{"virus": "dengue", "subtype": "denv2_AM", "gene": "NS5", "window": 3, "min_seqs": 2, "midfreq_high": 0.75, "midfreq_low": 0.15, "window_midpoint": [1970.5, 1971.5, 1972.5, 1973.5, 1974.5, 1975.5, 1982.5, 1983.5, 1984.5, 1985.5, 1986.5, 1987.5, 1993.5, 1994.5, 1995.5], "adaptive_substitutions": [0.0, 0.0, 0.0, 0.0, 0.0, 0.0, 4.010989010989011, 2.4230769230769234, 2.4230769230769234, 1.4505494505494507, 1.3681318681318682, 1.3681318681318682, 3.368131868131868, 2.4505494505494507, 2.4505494505494507], "adaptive_substitutions_per_codon": [0.0, 0.0, 0.0, 0.0, 0.0, 0.0, 0.0014855514855514856, 0.0008974358974358975, 0.0008974358974358975, 0.0005372405372405373, 0.0005067155067155067, 0.0005067155067155067, 0.0012474562474562474, 0.0009076109076109076, 0.0009076109076109076], "rate_of_adaptation": 4.632198683461116e-05}