{"virus": "dengue", "subtype": "denv1_IV", "gene": "E3", "window": 3, "min_seqs": 2, "midfreq_high": 0.75, "midfreq_low": 0.15, "window_midpoint": [1994.5, 1995.5, 1996.5, 2000.5, 2001.5, 2002.5, 2003.5, 2004.5, 2005.5, 2006.5, 2007.5, 2008.5, 2009.5, 2010.5, 2011.5, 2012.5, 2013.5, 2014.5], "adaptive_substitutions": [0.0, 0.0, 0.0, 0.9375, 0.9625, 0.9625, 0.8971153846153846, 0.875, 0.8624999999999999, 0.9625, 0.9625, 0.95, 0.9875, 1.0, 1.8362500000000002, 2.634375, 2.90625, 0.95], "adaptive_substitutions_per_codon": [0.0, 0.0, 0.0, 0.0031887755102040817, 0.003273809523809524, 0.003273809523809524, 0.0030514128728414444, 0.002976190476190476, 0.0029336734693877547, 0.003273809523809524, 0.003273809523809524, 0.0032312925170068026, 0.003358843537414966, 0.003401360544217687, 0.0062457482993197285, 0.00896045918367347, 0.009885204081632654, 0.0032312925170068026], "rate_of_adaptation": 0.0003276929781018566}