{"virus": "dengue", "subtype": "denv1_III", "gene": "E", "window": 5, "min_seqs": 3, "midfreq_high": 0.75, "midfreq_low": 0.15, "window_midpoint": [1982.5, 2003.5, 2004.5, 2005.5, 2006.5, 2007.5, 2008.5, 2009.5, 2010.5, 2011.5, 2012.5, 2013.5], "adaptive_substitutions": [0.0, 0.0, 0.0, 0.0, 0.5325, 0.76, 0.6699999999999999, 0.76, 0.47879999999999995, 1.3139999999999998, 1.2834285714285714, 1.2774074074074073], "adaptive_substitutions_per_codon": [0.0, 0.0, 0.0, 0.0, 0.0010757575757575756, 0.0015353535353535353, 0.0013535353535353534, 0.0015353535353535353, 0.0009672727272727272, 0.002654545454545454, 0.0025927849927849926, 0.002580621025065469], "rate_of_adaptation": 8.496194270774237e-05}