{"virus": "dengue", "subtype": "denv1_IV", "gene": "NS5", "window": 3, "min_seqs": 2, "midfreq_high": 0.75, "midfreq_low": 0.15, "window_midpoint": [1994.5, 1995.5, 1996.5, 2000.5, 2001.5, 2002.5, 2003.5, 2004.5, 2005.5, 2006.5, 2007.5, 2008.5, 2009.5, 2010.5, 2011.5, 2012.5, 2013.5, 2014.5], "adaptive_substitutions": [0.0, 0.0, 0.0, 1.986065573770492, 0, 0, 0, 0, 0, 0, 0, 1.6901639344262298, 0, 0, 3.297868852459016, 3.8994877049180334, 4.138114754098361, 1.486065573770492], "adaptive_substitutions_per_codon": [0.0, 0.0, 0.0, 0.002209194186619012, 0.0, 0.0, 0.0, 0.0, 0.0, 0.0, 0.0, 0.0018800488703295103, 0.0, 0.0, 0.00366837469683984, 0.004337583653968891, 0.004603019748718978, 0.0016530206604788566], "rate_of_adaptation": 0.0001536898027582185}