{"virus": "dengue", "subtype": "denv2_AM", "gene": "NS5", "window": 5, "min_seqs": 3, "midfreq_high": 0.75, "midfreq_low": 0.15, "window_midpoint": [1971.5, 1972.5, 1973.5, 1974.5, 1975.5, 1976.5, 1982.5, 1983.5, 1984.5, 1985.5, 1986.5, 1987.5, 1988.5, 1993.5, 1994.5], "adaptive_substitutions": [0.0, 0.0, 0.0, 0.0, 0.0, 0.0, 2.4230769230769234, 2.4230769230769234, 1.4505494505494507, 1.4505494505494507, 1.4505494505494507, 1.3681318681318682, 1.3681318681318682, 1.478021978021978, 1.478021978021978], "adaptive_substitutions_per_codon": [0.0, 0.0, 0.0, 0.0, 0.0, 0.0, 0.0026923076923076926, 0.0026923076923076926, 0.001611721611721612, 0.001611721611721612, 0.001611721611721612, 0.0015201465201465203, 0.0015201465201465203, 0.0016422466422466424, 0.0016422466422466424], "rate_of_adaptation": 9.880377124902674e-05}