{"virus": "dengue", "subtype": "denv2_AI", "gene": "E", "window": 5, "min_seqs": 3, "midfreq_high": 0.75, "midfreq_low": 0.15, "window_midpoint": [1972.5, 1973.5, 1974.5, 1975.5, 1976.5, 1986.5, 1992.5, 1993.5, 1994.5, 1995.5, 1996.5, 1997.5, 1998.5, 1999.5, 2000.5, 2001.5, 2002.5, 2003.5, 2004.5, 2005.5, 2006.5, 2007.5, 2008.5, 2009.5, 2010.5, 2011.5, 2012.5, 2013.5, 2014.5], "adaptive_substitutions": [0.0, 0.0, 0.0, 0.0, 0.0, 2.4300224358603835, 3.255862624595501, 3.28752804482548, 3.28752804482548, 3.28752804482548, 3.3350261751704475, 3.192531784135544, 3.192531784135544, 3.28752804482548, 3.28752804482548, 3.2400299144805116, 3.64229295838746, 3.62208543302565, 4.511490855705863, 4.553776525313928, 4.601041010317144, 4.657345064324423, 4.677725551495758, 4.649686273781149, 4.571827870741241, 4.860044871720767, 4.860044871720767, 4.57505608965096, 4.685885060455885], "adaptive_substitutions_per_codon": [0.0, 0.0, 0.0, 0.0, 0.0, 0.004909136234061381, 0.006577500251708083, 0.006641470797627232, 0.006641470797627232, 0.006641470797627232, 0.006737426616505954, 0.0064495591598697855, 0.0064495591598697855, 0.006641470797627232, 0.006641470797627232, 0.006545514978748508, 0.007358167592701939, 0.007317344309142727, 0.009114122940819924, 0.009199548535987733, 0.009295032344075038, 0.009408777907726108, 0.009449950609082339, 0.00939330560359828, 0.009236015900487355, 0.009818272468122762, 0.009818272468122762, 0.009242537554850423, 0.009466434465567443], "rate_of_adaptation": 0.0002516455712768943}