{"virus": "dengue", "subtype": "denv3_III", "gene": "NS5", "window": 3, "min_seqs": 2, "midfreq_high": 0.75, "midfreq_low": 0.15, "window_midpoint": [1982.5, 1983.5, 1984.5, 1985.5, 1986.5, 1988.5, 1989.5, 1990.5, 1993.5, 1994.5, 1995.5, 1996.5, 1997.5, 1998.5, 1999.5, 2000.5, 2001.5, 2002.5, 2003.5, 2004.5, 2005.5, 2006.5, 2007.5, 2008.5, 2009.5, 2010.5, 2011.5, 2012.5, 2013.5, 2014.5, 2015.5, 2016.5, 2017.5], "adaptive_substitutions": [0.0, 0.0, 0.0, 0.0, 0.0, 3.2660194956929556, 3.2660194956929556, 3.2660194956929556, 2.0793317481507403, 3.2379117924582976, 3.7872119192957157, 4.592465366725699, 8.080658867933277, 7.907083148516586, 8.001267845558935, 8.190477695989294, 7.795256774900469, 7.784561481880727, 8.199658841845029, 5.0083488201299495, 4.880578801852011, 3.6366859913861953, 7.0072235757383305, 7.579141623081343, 8.934638408899705, 8.900279835560845, 9.180642581130314, 2.089450802078299, 1.676174987734759, 1.8409733709853766, 1.9626422794879659, 1.9626422794879659, 1.8752159611691712], "adaptive_substitutions_per_codon": [0.0, 0.0, 0.0, 0.0, 0.0, 0.0036289105507699504, 0.0036289105507699504, 0.0036289105507699504, 0.002310368609056378, 0.0035976797693981085, 0.004208013243661907, 0.005102739296361888, 0.008978509853259197, 0.008785647942796206, 0.008890297606176595, 0.009100530773321437, 0.008661396416556078, 0.008649512757645252, 0.009110732046494477, 0.005564832022366611, 0.0054228653353911235, 0.004040762212651328, 0.007785803973042589, 0.00842126847009038, 0.00992737600988856, 0.009889199817289827, 0.010200713979033682, 0.002321612002309221, 0.001862416653038621, 0.0020455259677615296, 0.0021807136438755175, 0.0021807136438755175, 0.002083573290187968], "rate_of_adaptation": 0.00011791263655219478}