{"virus": "dengue", "subtype": "denv4_I", "gene": "E3", "window": 3, "min_seqs": 2, "midfreq_high": 0.75, "midfreq_low": 0.15, "window_midpoint": [1957.5, 1978.5, 1990.5, 1991.5, 2000.5, 2001.5, 2002.5, 2003.5, 2004.5, 2005.5, 2006.5, 2007.5, 2008.5, 2009.5, 2010.5, 2011.5, 2012.5, 2013.5, 2014.5, 2015.5, 2016.5, 2017.5], "adaptive_substitutions": [0.0, 1.0, 1.0, 1.0, 2.0, 2.0, 1.75, 1.0, 1.8333333333333335, 2.0, 2.0, 2.0, 1.8, 1.0, 1.0, 2.0, 2.0, 3.0, 2.7777777777777777, 2.5625, 2.5882352941176467, 1.8666666666666667], "adaptive_substitutions_per_codon": [0.0, 0.003401360544217687, 0.003401360544217687, 0.003401360544217687, 0.006802721088435374, 0.006802721088435374, 0.005952380952380952, 0.003401360544217687, 0.006235827664399093, 0.006802721088435374, 0.006802721088435374, 0.006802721088435374, 0.006122448979591837, 0.003401360544217687, 0.003401360544217687, 0.006802721088435374, 0.006802721088435374, 0.01020408163265306, 0.00944822373393802, 0.008715986394557822, 0.008803521408563424, 0.006349206349206349], "rate_of_adaptation": 0.00013327131167428376}