{"virus": "dengue", "subtype": "denv1_IV", "gene": "E3", "window": 3, "min_seqs": 2, "midfreq_high": 0.75, "midfreq_low": 0.15, "window_midpoint": [1994.5, 1995.5, 1996.5, 2000.5, 2001.5, 2002.5, 2003.5, 2004.5, 2005.5, 2006.5, 2007.5, 2008.5, 2009.5, 2010.5, 2011.5, 2012.5, 2013.5, 2014.5], "adaptive_substitutions": [0.0, 0.0, 0.0, 0.9098360655737705, 0.9459016393442623, 0.9459016393442623, 0.8856242118537201, 0.8688524590163934, 0.8508196721311475, 0.9459016393442623, 0.9459016393442623, 0.9278688524590164, 0.9819672131147541, 1.0, 1.808032786885246, 2.5831967213114755, 2.8647540983606556, 0.9278688524590164], "adaptive_substitutions_per_codon": [0.0, 0.0, 0.0, 0.009284041485446638, 0.009652057544329207, 0.009652057544329207, 0.009036981753609388, 0.008865841418534626, 0.008681833389093343, 0.009652057544329207, 0.009652057544329207, 0.009468049514887923, 0.010020073603211777, 0.01020408163265306, 0.018449314151890266, 0.026359150217464034, 0.029232184677149546, 0.009468049514887923], "rate_of_adaptation": 0.0009685614767527261}