{"virus": "dengue", "subtype": "denv2_AI", "gene": "NS5", "window": 3, "min_seqs": 2, "midfreq_high": 0.75, "midfreq_low": 0.15, "window_midpoint": [1965.5, 1973.5, 1974.5, 1975.5, 1984.5, 1985.5, 1993.5, 1994.5, 1995.5, 1996.5, 1997.5, 1998.5, 1999.5, 2000.5, 2001.5, 2002.5, 2003.5, 2004.5, 2005.5, 2006.5, 2007.5, 2008.5, 2009.5, 2010.5, 2011.5, 2012.5, 2013.5, 2014.5, 2015.5], "adaptive_substitutions": [0.0, 2.670052350340895, 2.670052350340895, 2.670052350340895, 5.217550480685864, 5.217550480685864, 3.416728988501066, 3.4483944087310445, 3.638386930110917, 3.5750560896509596, 3.5750560896509596, 3.611314503098603, 3.611314503098603, 3.4333687533434842, 3.369230858156098, 3.2872402954758764, 6.522193848168971, 6.5340641809666, 6.511725249191002, 6.468088701236685, 6.501636132652731, 6.6048647490215995, 7.242569177236183, 6.878416844591428, 7.389818405586645, 8.880448254795965, 8.999447506933953, 8.498431801831684, 8.192723926363222], "adaptive_substitutions_per_codon": [0.0, 0.0029667248337121054, 0.0029667248337121054, 0.0029667248337121054, 0.005797278311873182, 0.005797278311873182, 0.0037963655427789623, 0.003831549343034494, 0.004042652144567685, 0.003972284544056621, 0.003972284544056621, 0.0040125716701095585, 0.0040125716701095585, 0.0038148541703816492, 0.003743589842395665, 0.003652489217195418, 0.007246882053521079, 0.007260071312185111, 0.007235250276878892, 0.007186765223596316, 0.0072240401473919235, 0.007338738610023999, 0.00804729908581798, 0.007642685382879365, 0.008210909339540717, 0.009867164727551073, 0.009999386118815503, 0.009442702002035204, 0.009103026584848024], "rate_of_adaptation": 0.00015571321670905611}