{"virus": "dengue", "subtype": "denv3_III", "gene": "E3", "window": 3, "min_seqs": 2, "midfreq_high": 0.75, "midfreq_low": 0.15, "window_midpoint": [1982.5, 1983.5, 1984.5, 1985.5, 1986.5, 1988.5, 1989.5, 1990.5, 1993.5, 1994.5, 1995.5, 1996.5, 1997.5, 1998.5, 1999.5, 2000.5, 2001.5, 2002.5, 2003.5, 2004.5, 2005.5, 2006.5, 2007.5, 2008.5, 2009.5, 2010.5, 2011.5, 2012.5, 2013.5, 2014.5, 2015.5, 2016.5, 2017.5], "adaptive_substitutions": [0.0, 0.0, 0.0, 0.0, 0.0, 0.0, 0.0, 0.0, 0.0, 0.0, 0.0, 0.0, 0, 0, 0.7392729743502633, 0.7777912591909534, 0.7538904749119163, 0, 0, 0, 0, 0.0, 0, 0, 0.5913482659044182, 0.6304852499858444, 0.6154172818857717, 0.0, 0, 0.0, 0.0, 0.0, 0], "adaptive_substitutions_per_codon": [0.0, 0.0, 0.0, 0.0, 0.0, 0.0, 0.0, 0.0, 0.0, 0.0, 0.0, 0.0, 0.0, 0.0, 0.0025145339263614396, 0.002645548500649501, 0.0025642533160269263, 0.0, 0.0, 0.0, 0.0, 0.0, 0.0, 0.0, 0.0020113886595388374, 0.0021445076530130763, 0.002093256060835958, 0.0, 0.0, 0.0, 0.0, 0.0, 0.0], "rate_of_adaptation": 1.609275560122932e-05}