{"virus": "dengue", "subtype": "denv4_II", "gene": "E2", "window": 3, "min_seqs": 2, "midfreq_high": 0.75, "midfreq_low": 0.15, "window_midpoint": [1981.5, 1982.5, 1983.5, 1993.5, 1994.5, 1995.5, 1996.5, 1997.5, 1998.5, 1999.5, 2000.5, 2001.5, 2002.5, 2003.5, 2004.5, 2005.5, 2006.5, 2007.5, 2008.5, 2009.5, 2010.5, 2011.5, 2012.5, 2013.5, 2014.5, 2015.5, 2016.5], "adaptive_substitutions": [0.0, 0.0, 0.0, 0.0, 0.0, 0.0, 0.0, 0.0, 0.0, 0, 0, 0.7741935483870969, 0.967741935483871, 2.9516129032258065, 1.4637096774193548, 1.5645161290322582, 1.6038899430740037, 0.7497820401046207, 0, 0, 0.0, 1.510289210233593, 1.7174059139784947, 1.6605571847507332, 0, 0, 0], "adaptive_substitutions_per_codon": [0.0, 0.0, 0.0, 0.0, 0.0, 0.0, 0.0, 0.0, 0.0, 0.0, 0.0, 0.004635889511299981, 0.005794861889124976, 0.017674328761831178, 0.008764728607301526, 0.00936836005408538, 0.009604131395652717, 0.004489712814997729, 0.0, 0.0, 0.0, 0.009043647965470617, 0.01028386774837422, 0.009943456196112175, 0.0, 0.0, 0.0], "rate_of_adaptation": 0.00016512693589736279}