{"virus": "dengue", "subtype": "denv2_AI", "gene": "NS5", "window": 5, "min_seqs": 3, "midfreq_high": 0.75, "midfreq_low": 0.15, "window_midpoint": [1972.5, 1973.5, 1974.5, 1975.5, 1976.5, 1986.5, 1992.5, 1993.5, 1994.5, 1995.5, 1996.5, 1997.5, 1998.5, 1999.5, 2000.5, 2001.5, 2002.5, 2003.5, 2004.5, 2005.5, 2006.5, 2007.5, 2008.5, 2009.5, 2010.5, 2011.5, 2012.5, 2013.5, 2014.5], "adaptive_substitutions": [0.0, 0.0, 0.0, 0.0, 0.0, 1.0566841167802985, 1.0817028133306184, 1.1450336537905756, 1.1450336537905756, 1.1450336537905756, 1.1925317841355436, 1.129200943675586, 1.129200943675586, 1.129200943675586, 1.129200943675586, 1.7608805538472718, 4.278960685055228, 4.367238513532416, 5.131583944107832, 5.137756301322883, 5.18952151623039, 5.3152585067967895, 5.329264798265552, 5.33529875470374, 5.701717770570874, 5.511725249191002, 6.196279542105699, 7.163405626661237, 6.75417215410048], "adaptive_substitutions_per_codon": [0.0, 0.0, 0.0, 0.0, 0.0, 0.0011740934630892206, 0.0012018920148117982, 0.0012722596153228619, 0.0012722596153228619, 0.0012722596153228619, 0.0013250353157061596, 0.0012546677151950957, 0.0012546677151950957, 0.0012546677151950957, 0.0012546677151950957, 0.0019565339487191908, 0.0047544007611724755, 0.00485248723725824, 0.005701759937897591, 0.0057086181125809805, 0.005766135018033767, 0.005905842785329766, 0.005921405331406168, 0.0059281097274486005, 0.006335241967300971, 0.00612413916576778, 0.00688475504678411, 0.007959339585179153, 0.007504635726778312], "rate_of_adaptation": 0.00018581822856178183}