{"virus": "dengue", "subtype": "denv2_C", "gene": "E3", "window": 3, "min_seqs": 2, "midfreq_high": 0.75, "midfreq_low": 0.15, "window_midpoint": [1976.5, 1977.5, 1992.5, 1993.5, 1994.5, 1995.5, 1996.5, 1997.5, 2000.5, 2001.5, 2002.5, 2003.5, 2004.5, 2005.5, 2006.5, 2007.5, 2008.5, 2009.5, 2010.5, 2011.5, 2012.5, 2013.5, 2014.5, 2015.5, 2016.5, 2017.5], "adaptive_substitutions": [0.0, 0.0, 1.9071420761530558, 1.9071420761530558, 1.9071420761530558, 0.7678551903826396, 0.7678551903826396, 0.7678551903826396, 1.0, 1.0, 1.0, 1.0, 0.5, 0.5, 0.5, 0.7808022535082817, 0.821928769540093, 0.7872638620504611, 0.9106915488337807, 0.7761007211475073, 0.9845236793588427, 1.0, 1.0, 0.9201651062826346, 0.9188245746076638, 0.9129495310626311], "adaptive_substitutions_per_codon": [0.0, 0.0, 0.006486877810044408, 0.006486877810044408, 0.006486877810044408, 0.0026117523482402706, 0.0026117523482402706, 0.0026117523482402706, 0.003401360544217687, 0.003401360544217687, 0.003401360544217687, 0.003401360544217687, 0.0017006802721088435, 0.0017006802721088435, 0.0017006802721088435, 0.0026557899779193254, 0.0027956760868710646, 0.002677768238266874, 0.0030975903021557166, 0.0026397983712500247, 0.0033487199978191927, 0.003401360544217687, 0.003401360544217687, 0.003129813286675628, 0.003125253655128108, 0.0031052705138184733], "rate_of_adaptation": 2.1603413395032957e-05}