{"virus": "dengue", "subtype": "denv1", "gene": "E3", "window": 3, "min_seqs": 2, "midfreq_high": 0.75, "midfreq_low": 0.15, "window_midpoint": [1945.5, 1970.5, 1971.5, 1972.5, 1979.5, 1980.5, 1981.5, 1982.5, 1983.5, 1985.5, 1986.5, 1987.5, 1988.5, 1989.5, 1990.5, 1991.5, 1992.5, 1993.5, 1994.5, 1995.5, 1996.5, 1997.5, 1998.5, 1999.5, 2000.5, 2001.5, 2002.5, 2003.5, 2004.5, 2005.5, 2006.5, 2007.5, 2008.5, 2009.5, 2010.5, 2011.5, 2012.5, 2013.5, 2014.5, 2015.5, 2016.5, 2017.5], "adaptive_substitutions": [0.0, 0.8724013810328363, 0.0, 0.0, 1.8298685080437815, 0.0, 0.0, 0.0, 0.0, 0.0, 0.0, 0.0, 0.7262763534856388, 0.0, 0.0, 0.0, 0.0, 0.0, 0.0, 0.0, 0.6808932637919636, 0.7447293028722545, 0.703555424961434, 0.7281120600664226, 0.0, 0.0, 0.0, 0.0, 0.0, 0.0, 0.0, 0.0, 0.0, 0.0, 0.0, 0.0, 0.0, 0.0, 0.8455032557772366, 0.8470966220369848, 0.8830272890205607, 1.6374264096294509], "adaptive_substitutions_per_codon": [0.0, 0.00296735163616611, 0.0, 0.0, 0.006224042544366604, 0.0, 0.0, 0.0, 0.0, 0.0, 0.0, 0.0, 0.0024703277329443498, 0.0, 0.0, 0.0, 0.0, 0.0, 0.0, 0.0, 0.0023159634822855902, 0.00253309286691243, 0.002393045663134129, 0.0024765716328789883, 0.0, 0.0, 0.0, 0.0, 0.0, 0.0, 0.0, 0.0, 0.0, 0.0, 0.0, 0.0, 0.0, 0.0, 0.002875861414208288, 0.0028812810273366827, 0.003003494180342043, 0.005569477583773642], "rate_of_adaptation": 1.3424008929548443e-05}