{"virus": "dengue", "subtype": "denv1_I", "gene": "NS5", "window": 5, "min_seqs": 3, "midfreq_high": 0.75, "midfreq_low": 0.15, "window_midpoint": [1988.5, 1989.5, 1990.5, 1991.5, 1992.5, 1993.5, 1994.5, 1995.5, 1996.5, 1997.5, 1998.5, 1999.5, 2000.5, 2001.5, 2002.5, 2003.5, 2004.5, 2005.5, 2006.5, 2007.5, 2008.5, 2009.5, 2010.5, 2011.5, 2012.5, 2013.5, 2014.5, 2015.5, 2016.5], "adaptive_substitutions": [0.0, 0.0, 0.0, 0.0, 0.0, 0.0, 0.7846005215370946, 0.795154643339722, 1.4148618681079699, 1.5324536204631845, 4.107938223454719, 6.2183486311452345, 6.072249283537406, 5.152042233734564, 5.214214949968759, 6.072625987369291, 6.153514538565865, 6.6556762701997725, 7.431754254353024, 7.498240844868357, 7.5065398051460805, 7.492094516675223, 7.407210280193835, 7.57033777916595, 7.581711908430327, 7.559625350808288, 7.609898777467601, 6.9294385331102255, 6.933575948919032], "adaptive_substitutions_per_codon": [0.0, 0.0, 0.0, 0.0, 0.0, 0.0, 0.0008727480773493822, 0.0008844879236259421, 0.0015738174283737151, 0.0017046202674785144, 0.004569452973809476, 0.006916961769905711, 0.006754448591254067, 0.005730858991918313, 0.005800016629553681, 0.0067548676166510465, 0.0068448437581377815, 0.007403421880088735, 0.00826668993810125, 0.008340646101077149, 0.008349877425079066, 0.008333809251029169, 0.008239388520794033, 0.008420842913421524, 0.008433494892581009, 0.008408926975315114, 0.008464848473267632, 0.007707940526262765, 0.007712542768541748], "rate_of_adaptation": 0.0003767220336399525}