{"virus": "dengue", "subtype": "denv1_III", "gene": "NS5", "window": 3, "min_seqs": 2, "midfreq_high": 0.75, "midfreq_low": 0.15, "window_midpoint": [1981.5, 2004.5, 2005.5, 2006.5, 2008.5, 2009.5, 2010.5, 2011.5, 2012.5, 2013.5, 2014.5], "adaptive_substitutions": [0.0, 0.0, 0.0, 0.5349999999999999, 1.43, 1.1983333333333333, 0.5840000000000001, 0.8809999999999999, 1.6808888888888889, 1.6603124999999999, 1.5840322580645163], "adaptive_substitutions_per_codon": [0.0, 0.0, 0.0, 0.0005951056729699665, 0.0015906562847608453, 0.0013329625509825732, 0.000649610678531702, 0.0009799777530589543, 0.0018697318007662835, 0.0018468437152391545, 0.0017619936129749903], "rate_of_adaptation": 5.5709938238051174e-05}