{"virus": "dengue", "subtype": "denv3_III", "gene": "E3", "window": 3, "min_seqs": 2, "midfreq_high": 0.75, "midfreq_low": 0.15, "window_midpoint": [1982.5, 1983.5, 1984.5, 1985.5, 1986.5, 1988.5, 1989.5, 1990.5, 1993.5, 1994.5, 1995.5, 1996.5, 1997.5, 1998.5, 1999.5, 2000.5, 2001.5, 2002.5, 2003.5, 2004.5, 2005.5, 2006.5, 2007.5, 2008.5, 2009.5, 2010.5, 2011.5, 2012.5, 2013.5, 2014.5, 2015.5, 2016.5, 2017.5], "adaptive_substitutions": [0.0, 0.0, 0.0, 0.0, 0.0, 0.0, 0.0, 0.0, 0.0, 0.0, 0.0, 0.0, 0, 0, 0.7138631288493409, 0.752814346837491, 0.7398846041674748, 0, 0, 0, 0, 0.0, 0, 0, 0.5305567579636636, 0.5701336291732562, 0.5548963019523823, 0.0, 0, 0.0, 0.0, 0.0, 0], "adaptive_substitutions_per_codon": [0.0, 0.0, 0.0, 0.0, 0.0, 0.0, 0.0, 0.0, 0.0, 0.0, 0.0, 0.0, 0.0, 0.0, 0.0024281058804399348, 0.002560593016454051, 0.00251661429988937, 0.0, 0.0, 0.0, 0.0, 0.0, 0.0, 0.0, 0.0018046148230056586, 0.0019392300312015517, 0.0018874023875931369, 0.0, 0.0, 0.0, 0.0, 0.0, 0.0], "rate_of_adaptation": 1.4460876911118415e-05}