{"virus": "dengue", "subtype": "denv2_AA", "gene": "NS4A", "window": 3, "min_seqs": 2, "midfreq_high": 0.75, "midfreq_low": 0.15, "window_midpoint": [1987.5, 1988.5, 1989.5, 1990.5, 1991.5, 1992.5, 1993.5, 1994.5, 1995.5, 1996.5, 1997.5, 1998.5, 1999.5, 2000.5, 2001.5, 2002.5, 2003.5, 2004.5, 2005.5, 2006.5, 2007.5, 2008.5, 2009.5, 2010.5, 2011.5, 2012.5, 2013.5, 2014.5, 2015.5, 2016.5, 2017.5], "adaptive_substitutions": [0.0, 0.0, 0.0, 0.0, 0.0, 0.0, 0.0, 0.0, 0.0, 0.0, 0.0, 0.0, 0.0, 0.0, 0.0, 0.0, 0.0, 0.0, 0.0, 0.7903968642822147, 0.8086107921928818, 0.8984615384615384, 0.9142679900744417, 3.8605128205128203, 4.220572450805009, 4.071328671328671, 0.9307692307692308, 1.7461538461538462, 1.797089397089397, 1.5596153846153846, 0.9307692307692308], "adaptive_substitutions_per_codon": [0.0, 0.0, 0.0, 0.0, 0.0, 0.0, 0.0, 0.0, 0.0, 0.0, 0.0, 0.0, 0.0, 0.0, 0.0, 0.0, 0.0, 0.0, 0.0, 0.006223597356552871, 0.006367014111754975, 0.007074500302846759, 0.007198960551767258, 0.030397738744195435, 0.033232853943346526, 0.0320577060734541, 0.0073288915808600846, 0.013749242883101151, 0.014150310213302339, 0.012280436099333738, 0.0073288915808600846], "rate_of_adaptation": 0.0006950992240749354}