{"virus": "dengue", "subtype": "denv4_II", "gene": "E3", "window": 3, "min_seqs": 2, "midfreq_high": 0.75, "midfreq_low": 0.15, "window_midpoint": [1981.5, 1982.5, 1983.5, 1993.5, 1994.5, 1995.5, 1996.5, 1997.5, 1998.5, 1999.5, 2000.5, 2001.5, 2002.5, 2003.5, 2004.5, 2005.5, 2006.5, 2007.5, 2008.5, 2009.5, 2010.5, 2011.5, 2012.5, 2013.5, 2014.5, 2015.5, 2016.5], "adaptive_substitutions": [0.0, 0.0, 0.0, 0.9738606549412108, 0.8598451721569008, 0.9054513652706249, 0.8028374307647459, 0.896414342629482, 0.896414342629482, 0.884631146675229, 0, 0.0, 0, 2.895442619764843, 1.4085122922942377, 1.5372655718589059, 1.619776275100459, 1.5039853768840261, 0.0, 0.0, 0.0, 1.5154621212375057, 1.7196579535516472, 1.6360897871926927, 0.0, 0.0, 1.396560101059178], "adaptive_substitutions_per_codon": [0.0, 0.0, 0.0, 0.00331245120728303, 0.002924643442710547, 0.0030797665485395405, 0.0027307395604243057, 0.003049028376290755, 0.003049028376290755, 0.0030089494784871734, 0.0, 0.0, 0.0, 0.009848444284914432, 0.00479085813705523, 0.005228794462105122, 0.005509443112586595, 0.0051155965200136945, 0.0, 0.0, 0.0, 0.005154633065433693, 0.005849176712760705, 0.005564931248954737, 0.0, 0.0, 0.004750204425371354], "rate_of_adaptation": 7.502508152451393e-05}