{"virus": "dengue", "subtype": "denv1_I", "gene": "NS2A", "window": 3, "min_seqs": 2, "midfreq_high": 0.75, "midfreq_low": 0.15, "window_midpoint": [1982.5, 1986.5, 1987.5, 1989.5, 1990.5, 1991.5, 1992.5, 1993.5, 1994.5, 1995.5, 1996.5, 1997.5, 1998.5, 1999.5, 2000.5, 2001.5, 2002.5, 2003.5, 2004.5, 2005.5, 2006.5, 2007.5, 2008.5, 2009.5, 2010.5, 2011.5, 2012.5, 2013.5, 2014.5, 2015.5, 2016.5, 2017.5], "adaptive_substitutions": [0.0, 0.9633838265200829, 0.9633838265200829, 0.9267676530401658, 1.6309974361902695, 0.9633838265200829, 1.6676136096701866, 0.9633838265200829, 0.9633838265200829, 0.9633838265200829, 0.9633838265200829, 1.2648357013910991, 1.316666510065095, 1.9953701528681873, 2.106119744051939, 2.049839311409004, 1.3034810384499875, 1.3509451489573097, 1.5972220917209126, 2.1227711668181772, 2.128641090809844, 2.1391680036812355, 2.1395966763193464, 0.8205651106812466, 0.9194404056554261, 0.8996094979354664, 1.8099873946253289, 2.378336716272999, 2.3318525894194897, 2.3754627498108234, 2.492082069327314, 2.495370152868187], "adaptive_substitutions_per_codon": [0.0, 0.004419191864771022, 0.004419191864771022, 0.004251227766239293, 0.007481639615551695, 0.004419191864771022, 0.007649603714083425, 0.004419191864771022, 0.004419191864771022, 0.004419191864771022, 0.004419191864771022, 0.0058019986302343994, 0.006039754633326124, 0.00915307409572563, 0.009661099743357517, 0.00940293262114222, 0.005979270818577924, 0.006196996096134448, 0.00732670684275648, 0.009737482416597143, 0.009764408673439652, 0.009812697264592824, 0.009814663652841038, 0.0037640601407396635, 0.004217616539703789, 0.00412664907309847, 0.00830269447075839, 0.010909801450793575, 0.010696571511098577, 0.010896618118398272, 0.011431569125354651, 0.011446652077377004], "rate_of_adaptation": 0.0002066979939992353}