{"virus": "dengue", "subtype": "denv1_I", "gene": "NS5", "window": 3, "min_seqs": 2, "midfreq_high": 0.75, "midfreq_low": 0.15, "window_midpoint": [1982.5, 1986.5, 1987.5, 1989.5, 1990.5, 1991.5, 1992.5, 1993.5, 1994.5, 1995.5, 1996.5, 1997.5, 1998.5, 1999.5, 2000.5, 2001.5, 2002.5, 2003.5, 2004.5, 2005.5, 2006.5, 2007.5, 2008.5, 2009.5, 2010.5, 2011.5, 2012.5, 2013.5, 2014.5, 2015.5, 2016.5, 2017.5], "adaptive_substitutions": [0.0, 1.6528660027024433, 1.6528660027024433, 1.566082503378054, 2.9359072543914704, 1.3388178914411966, 2.566082503378054, 0.799584194707182, 0.7706563615990523, 0.7706563615990523, 0.7975051682430919, 2.9988712180733894, 3.3846330579046473, 4.942055065089175, 5.738867224510905, 5.511494712227021, 4.3605913445687525, 4.52660597662501, 4.698191460619528, 6.496127860084298, 6.623600642723005, 7.365385675566209, 6.712698832810684, 6.7578221338202, 6.90087417879636, 6.806855598241958, 6.164257860085447, 6.613346146598933, 7.242017852593365, 6.4895520449339275, 6.973061924661395, 6.7705670929044866], "adaptive_substitutions_per_codon": [0.0, 0.0018385606259204042, 0.0018385606259204042, 0.0017420272562603495, 0.0032657477801907348, 0.001489230135084757, 0.0028543743085406607, 0.0008894151220324605, 0.0008572373321457756, 0.0008572373321457756, 0.0008871025230735172, 0.003335785559592202, 0.003764886605010731, 0.005497280383858927, 0.006383612040612797, 0.0061306948968042506, 0.0048504909283300915, 0.005035156814933271, 0.005226019422268663, 0.007225948676400777, 0.007367742650414911, 0.008192865045123702, 0.007466850759522452, 0.007517043530389544, 0.007676167050941446, 0.007571585760002178, 0.006856794060161788, 0.00735633609187868, 0.008055637210893621, 0.007218634087801922, 0.007756464877265178, 0.007531220348058383], "rate_of_adaptation": 0.0002548158661827924}