{"virus": "dengue", "subtype": "denv2_AA", "gene": "E3", "window": 3, "min_seqs": 2, "midfreq_high": 0.75, "midfreq_low": 0.15, "window_midpoint": [1987.5, 1988.5, 1989.5, 1990.5, 1991.5, 1992.5, 1993.5, 1994.5, 1995.5, 1996.5, 1997.5, 1998.5, 1999.5, 2000.5, 2001.5, 2002.5, 2003.5, 2004.5, 2005.5, 2006.5, 2007.5, 2008.5, 2009.5, 2010.5, 2011.5, 2012.5, 2013.5, 2014.5, 2015.5, 2016.5, 2017.5], "adaptive_substitutions": [0.0, 0.0, 0.0, 0.0, 0.0, 0.0, 0.0, 0.0, 0.0, 0.0, 0.0, 0.0, 0.0, 0.0, 0.0, 0.0, 0.0, 0.0, 0.0, 1.7055907544206028, 1.729324983558159, 1.9114496437722326, 1.9447420773475834, 2.6215886522876843, 2.7302004895670384, 2.6870200521673624, 1.9787826554976615, 1.9787826554976615, 1.9787826554976615, 1.9787826554976615, 1.9787826554976615], "adaptive_substitutions_per_codon": [0.0, 0.0, 0.0, 0.0, 0.0, 0.0, 0.0, 0.0, 0.0, 0.0, 0.0, 0.0, 0.0, 0.0, 0.0, 0.0, 0.0, 0.0, 0.0, 0.005801329096668717, 0.005882057767204622, 0.006501529400585825, 0.0066147689705700115, 0.00891696820506015, 0.009286396223017138, 0.009139523986963818, 0.006730553249992046, 0.006730553249992046, 0.006730553249992046, 0.006730553249992046, 0.006730553249992046], "rate_of_adaptation": 0.0003313397891882901}