{"virus": "dengue", "subtype": "denv1_V", "gene": "NS5", "window": 3, "min_seqs": 2, "midfreq_high": 0.75, "midfreq_low": 0.15, "window_midpoint": [1986.5, 1987.5, 1988.5, 1989.5, 1991.5, 1992.5, 1993.5, 1994.5, 1995.5, 1996.5, 1997.5, 1998.5, 1999.5, 2000.5, 2001.5, 2002.5, 2003.5, 2004.5, 2005.5, 2006.5, 2007.5, 2008.5, 2009.5, 2010.5, 2011.5, 2012.5, 2013.5, 2014.5], "adaptive_substitutions": [0.0, 0.0, 0.0, 0.6195449776033962, 0.0, 0.0, 0.0, 0.0, 0.0, 0.0, 0.0, 0.0, 0.0, 0.6559229624490801, 0.5845067329020353, 0.594106693761838, 1.6057245093069032, 2.4907516898132918, 2.540239832331475, 2.5668495867888046, 2.574977612802467, 2.5952533172146093, 2.44329855155, 2.3799247337284433, 2.3476032539426477, 2.349816197031825, 2.2701502458214513, 0.9776202928001998], "adaptive_substitutions_per_codon": [0.0, 0.0, 0.0, 0.0006891490295922093, 0.0, 0.0, 0.0, 0.0, 0.0, 0.0, 0.0, 0.0, 0.0, 0.0007296139738032037, 0.0006501743413815743, 0.0006608528295459822, 0.0017861229247017835, 0.00277058030012602, 0.0028256282895789487, 0.0028552275715114624, 0.0028642687572886173, 0.002886822377324371, 0.002717795941657397, 0.002647302262211839, 0.0026113495594467717, 0.0026138111201688824, 0.002525194934172916, 0.0010874530509457172], "rate_of_adaptation": 0.00012071764238914617}