{"virus": "dengue", "subtype": "denv2", "gene": "NS5", "window": 3, "min_seqs": 2, "midfreq_high": 0.75, "midfreq_low": 0.15, "window_midpoint": [1945.5, 1963.5, 1964.5, 1965.5, 1968.5, 1969.5, 1970.5, 1971.5, 1972.5, 1973.5, 1974.5, 1975.5, 1976.5, 1977.5, 1978.5, 1979.5, 1980.5, 1981.5, 1982.5, 1983.5, 1984.5, 1985.5, 1986.5, 1987.5, 1988.5, 1989.5, 1990.5, 1991.5, 1992.5, 1993.5, 1994.5, 1995.5, 1996.5, 1997.5, 1998.5, 1999.5, 2000.5, 2001.5, 2002.5, 2003.5, 2004.5, 2005.5, 2006.5, 2007.5, 2008.5, 2009.5, 2010.5, 2011.5, 2012.5, 2013.5, 2014.5, 2015.5, 2016.5, 2017.5], "adaptive_substitutions": [0.0, 3.5141601821750235, 3.5141601821750235, 3.5141601821750235, 22.102362217009844, 22.102362217009844, 19.453892429615752, 21.335203968461297, 21.38759032284095, 17.790469682939307, 1.1647126651303061, 0.6278766286679486, 1.665428288498493, 1.2247792254826209, 1.504720060725008, 0.22780267272093213, 0.8540665842281056, 1.637954786128986, 0, 3.3424196324495856, 1.40108177169312, 0.39121629290242327, 1.7986125186034703, 6.498016671426609, 11.433903642386765, 10.685104631649494, 11.41996201459315, 10.702638838630216, 8.82418137492124, 9.045190635577066, 7.682115529891933, 3.8510015702522895, 0.6904627283855227, 8.53750515125861, 9.833886480925383, 8.697696385445148, 0, 0, 0, 0, 0, 0.0, 0.0, 0.0, 0.0, 0.0, 0.0, 0.0, 3.1906075504351468, 0.0, 0.0, 0.0, 1.9957742506988363, 1.9281505175302442], "adaptive_substitutions_per_codon": [0.0, 0.0013015408082129717, 0.0013015408082129717, 0.0013015408082129717, 0.008186060080374017, 0.008186060080374017, 0.007205145344302131, 0.007901927395726406, 0.007921329749200352, 0.006589062845533076, 0.00043137506115937266, 0.0002325468995066476, 0.0006168252920364789, 0.00045362193536393363, 0.0005573037261944474, 8.43713602670119e-05, 0.0003163209571215206, 0.0006066499207885134, 0.0, 0.0012379331972035502, 0.0005189191747011556, 0.0001448949232971938, 0.000666152784667952, 0.0024066728412691146, 0.004234779126809913, 0.003957446159870183, 0.004229615560960426, 0.003963940310603784, 0.003268215324044904, 0.003350070605769284, 0.0028452279740340492, 0.0014262968778712183, 0.0002557269364390825, 0.0031620389449105966, 0.0036421801781205123, 0.0032213690316463513, 0.0, 0.0, 0.0, 0.0, 0.0, 0.0, 0.0, 0.0, 0.0, 0.0, 0.0, 0.0, 0.0011817065001611656, 0.0, 0.0, 0.0, 0.0007391756484069765, 0.0007141298213074979], "rate_of_adaptation": -6.066465095944617e-05}