{"virus": "dengue", "subtype": "denv1_III", "gene": "NS5", "window": 5, "min_seqs": 3, "midfreq_high": 0.75, "midfreq_low": 0.15, "window_midpoint": [1982.5, 2003.5, 2004.5, 2005.5, 2006.5, 2007.5, 2008.5, 2009.5, 2010.5, 2011.5, 2012.5, 2013.5], "adaptive_substitutions": [0.0, 0.0, 0.0, 0.0, 0.8074999999999999, 1.2378571428571428, 1.1983333333333333, 0.6027272727272728, 0.8192, 1.718, 1.702142857142857, 1.6320987654320984], "adaptive_substitutions_per_codon": [0.0, 0.0, 0.0, 0.0, 0.0008982202447163514, 0.001376926744001271, 0.0013329625509825732, 0.0006704419051471333, 0.0009112347052280312, 0.001911012235817575, 0.0018933735897028441, 0.0018154602507587303], "rate_of_adaptation": 6.184227440748524e-05}