{"virus": "dengue", "subtype": "denv1_III", "gene": "E3", "window": 3, "min_seqs": 2, "midfreq_high": 0.75, "midfreq_low": 0.15, "window_midpoint": [1981.5, 2004.5, 2005.5, 2006.5, 2008.5, 2009.5, 2010.5, 2011.5, 2012.5, 2013.5, 2014.5], "adaptive_substitutions": [0.0, 0.0, 0.0, 0.0, 0.0, 0.0, 0, 0.5625, 0.6826666666666668, 0.7073437499999999, 0.7701612903225806], "adaptive_substitutions_per_codon": [0.0, 0.0, 0.0, 0.0, 0.0, 0.0, 0.0, 0.001913265306122449, 0.002321995464852608, 0.0024059311224489794, 0.002619596225587009], "rate_of_adaptation": 6.686821812202741e-05}