{"virus": "dengue", "subtype": "denv4_I", "gene": "NS4B", "window": 3, "min_seqs": 2, "midfreq_high": 0.75, "midfreq_low": 0.15, "window_midpoint": [1957.5, 1978.5, 1990.5, 1991.5, 2000.5, 2001.5, 2002.5, 2003.5, 2004.5, 2005.5, 2006.5, 2007.5, 2008.5, 2009.5, 2010.5, 2011.5, 2012.5, 2013.5, 2014.5, 2015.5, 2016.5, 2017.5], "adaptive_substitutions": [0.0, 1.0, 1.0, 1.0, 3.0, 2.0, 1.1666666666666667, 1.25, 1.25, 2.0, 2.0, 2.0, 2.0, 2.0, 2.0, 2.0, 2.0, 3.0, 2.888888888888889, 2.875, 2.8823529411764706, 2.1333333333333333], "adaptive_substitutions_per_codon": [0.0, 0.004081632653061225, 0.004081632653061225, 0.004081632653061225, 0.012244897959183673, 0.00816326530612245, 0.004761904761904762, 0.00510204081632653, 0.00510204081632653, 0.00816326530612245, 0.00816326530612245, 0.00816326530612245, 0.00816326530612245, 0.00816326530612245, 0.00816326530612245, 0.00816326530612245, 0.00816326530612245, 0.012244897959183673, 0.011791383219954649, 0.01173469387755102, 0.011764705882352941, 0.008707482993197279], "rate_of_adaptation": 0.00018300364149950174}