{"virus": "dengue", "subtype": "denv2_AA", "gene": "NS3", "window": 3, "min_seqs": 2, "midfreq_high": 0.75, "midfreq_low": 0.15, "window_midpoint": [1987.5, 1988.5, 1989.5, 1990.5, 1991.5, 1992.5, 1993.5, 1994.5, 1995.5, 1996.5, 1997.5, 1998.5, 1999.5, 2000.5, 2001.5, 2002.5, 2003.5, 2004.5, 2005.5, 2006.5, 2007.5, 2008.5, 2009.5, 2010.5, 2011.5, 2012.5, 2013.5, 2014.5, 2015.5, 2016.5, 2017.5], "adaptive_substitutions": [0.0, 0.0, 0.0, 0.0, 0.0, 0.0, 0.0, 0.0, 0.0, 0.0, 0.0, 0.0, 0, 0, 0.0, 0.0, 0.0, 0.0, 0, 3.1363766577837753, 2.4495340711859193, 3.389236926735399, 2.7320491923737884, 2.306010803649662, 2.2682396190689067, 2.779486388106399, 3.401589630048652, 3.4438369114830247, 3.517991144555942, 3.0478382358124803, 2.7214564902396616], "adaptive_substitutions_per_codon": [0.0, 0.0, 0.0, 0.0, 0.0, 0.0, 0.0, 0.0, 0.0, 0.0, 0.0, 0.0, 0.0, 0.0, 0.0, 0.0, 0.0, 0.0, 0.0, 0.005075043135572452, 0.00396364736437851, 0.005484202146821034, 0.00442079157342037, 0.0037314090673942753, 0.0036702906457425676, 0.00449755078981618, 0.00550419033988455, 0.005572551636703923, 0.005692542305106703, 0.004931777080602719, 0.004403651278704954], "rate_of_adaptation": 0.00022110805288815598}