{"virus": "enterovirusd68", "subtype": null, "gene": "VP1", "window": 3, "min_seqs": 2, "midfreq_high": 0.75, "midfreq_low": 0.15, "window_midpoint": [1998.5, 1999.5, 2000.5, 2001.5, 2002.5, 2003.5, 2004.5, 2005.5, 2006.5, 2007.5, 2008.5, 2009.5, 2010.5, 2011.5, 2012.5, 2013.5, 2014.5, 2015.5, 2016.5, 2017.5], "adaptive_substitutions": [0.0, 2.0769661787993963, 2.4040991619158993, 2.840276472737904, 3.165952943601738, 3.165952943601738, 3.8955941206051508, 0.9023911777842748, 0.9112647070766134, 0.9645058828306454, 1.250567803089559, 1.29010434295939, 1.3499546433064522, 1.316833667830903, 2.1284375895270378, 10.43236015567604, 9.829218945668988, 10.901485661269561, 11.610552519292536, 9.835354132448858], "adaptive_substitutions_per_codon": [0.0, 0.002240524464724268, 0.002593418729143365, 0.0030639444150354954, 0.003415267468826039, 0.003415267468826039, 0.0042023669046441755, 0.0009734532662182036, 0.0009830255739769294, 0.0010404594205292831, 0.0013490483312724477, 0.0013916983203445415, 0.0014562617511396463, 0.0014205325435069072, 0.0022960491796408175, 0.011253894450567466, 0.010603256683569566, 0.011759962957140843, 0.01252486787410198, 0.010609875008035445], "rate_of_adaptation": 0.0005056830280195343}