{"virus": "enterovirusd68", "subtype": null, "gene": "3D", "window": 3, "min_seqs": 2, "midfreq_high": 0.75, "midfreq_low": 0.15, "window_midpoint": [1998.5, 1999.5, 2000.5, 2001.5, 2002.5, 2003.5, 2004.5, 2005.5, 2006.5, 2007.5, 2008.5, 2009.5, 2010.5, 2011.5, 2012.5, 2013.5, 2014.5, 2015.5, 2016.5, 2017.5], "adaptive_substitutions": [0.0, 0.5680926495070575, 0.6771369772125586, 0.8402764727379042, 0.605411766910671, 0.605411766910671, 0.5699176497413163, 0, 0, 0, 0, 0, 0, 0.6494488992532772, 0.721374196430022, 3.4989211333024715, 2.8533130037706655, 3.0339760087943572, 3.4135802206180994, 3.4022443367445456], "adaptive_substitutions_per_codon": [0.0, 0.000414363712258977, 0.0004939000563184235, 0.0006128931238059111, 0.000441584075062488, 0.000441584075062488, 0.00041569485757937, 0.0, 0.0, 0.0, 0.0, 0.0, 0.0, 0.0004737045217018798, 0.0005261664452443632, 0.002552094189133823, 0.002081191104136153, 0.00221296572486824, 0.00248984698805113, 0.0024815786555394204], "rate_of_adaptation": 0.00011405262342220685}