{"virus": "h1n1pdm", "subtype": null, "gene": "PB2", "window": 3, "min_seqs": 2, "midfreq_high": 0.75, "midfreq_low": 0.15, "window_midpoint": [2009.5, 2010.5, 2011.5, 2012.5, 2013.5, 2014.5, 2015.5, 2016.5, 2017.5, 2018.5], "adaptive_substitutions": [0.0, 0.0, 0.0, 1.30666136550027, 1.3841727815142253, 5.195663489298567, 4.268024790444505, 6.190178160207528, 5.690557594531784, 5.3505509955711545], "adaptive_substitutions_per_codon": [0.0, 0.0, 0.0, 0.001719291270395092, 0.0018212799756766123, 0.00683639932802443, 0.005615822092690138, 0.008144971263430957, 0.007487575782278663, 0.007040198678383098], "rate_of_adaptation": 0.0010497235558653711}