{"virus": "h1n1pdm", "subtype": null, "gene": "ha1", "window": 3, "min_seqs": 2, "midfreq_high": 0.75, "midfreq_low": 0.15, "window_midpoint": [2009.5, 2010.5, 2011.5, 2012.5, 2013.5, 2014.5, 2015.5, 2016.5, 2017.5, 2018.5], "adaptive_substitutions": [0.0, 0.0, 0.0, 0.8235782114754111, 1.6942907975572936, 4.233708417724795, 4.081996747522509, 5.037226882022442, 6.990530263507718, 8.869128447693107], "adaptive_substitutions_per_codon": [0.0, 0.0, 0.0, 0.0008395292675590328, 0.0017271058079075367, 0.004315706847833634, 0.0041610568272400705, 0.00513478785119515, 0.007125922796643953, 0.009040905655140782], "rate_of_adaptation": 0.0010271317178649677}