{"virus": "h1n1pdm", "subtype": null, "gene": "NA", "window": 3, "min_seqs": 2, "midfreq_high": 0.75, "midfreq_low": 0.15, "window_midpoint": [2009.5, 2010.5, 2011.5, 2012.5, 2013.5, 2014.5, 2015.5, 2016.5, 2017.5, 2018.5], "adaptive_substitutions": [0.0, 0.0, 0.0, 1.502739798318102, 2.577942108310202, 5.96720440159787, 8.169424100802143, 11.46910050160456, 11.889850796990482, 14.856295386933159], "adaptive_substitutions_per_codon": [0.0, 0.0, 0.0, 0.0031973187198257487, 0.005484983209170642, 0.01269617957786781, 0.017381753405962007, 0.024402341492775658, 0.025297554887213792, 0.03160913912113438], "rate_of_adaptation": 0.0038384323890405464}