{"virus": "h1n1pdm", "subtype": null, "gene": "PA", "window": 3, "min_seqs": 2, "midfreq_high": 0.75, "midfreq_low": 0.15, "window_midpoint": [2009.5, 2010.5, 2011.5, 2012.5, 2013.5, 2014.5, 2015.5, 2016.5, 2017.5, 2018.5], "adaptive_substitutions": [0.0, 0.0, 0.0, 0.7408345209821721, 0.8521340875368582, 2.985948858424254, 3.4380255146114274, 3.0402691630844005, 3.004805051623109, 2.849049090016335], "adaptive_substitutions_per_codon": [0.0, 0.0, 0.0, 0.0010332420097380363, 0.0011884715307348092, 0.004164503289294636, 0.004795014664730024, 0.004240263825780196, 0.004190802024578953, 0.003973569163202699], "rate_of_adaptation": 0.0006094570029897803}