{"virus": "h1n1pdm", "subtype": null, "gene": "ha1", "window": 3, "min_seqs": 2, "midfreq_high": 0.75, "midfreq_low": 0.15, "window_midpoint": [2011.5, 2012.5, 2013.5, 2014.5, 2015.5, 2016.5, 2017.5, 2018.5, 2019.5, 2020.5], "adaptive_substitutions": [0.0, 0.0, 0.0, 2.149927008392293, 2.6669952864237865, 3.0540194377190844, 4.973961263007793, 6.832042910516552, 7.393335849665199, 8.771680451541972], "adaptive_substitutions_per_codon": [0.0, 0.0, 0.0, 0.006574700331474902, 0.008155948888146136, 0.00933950898385041, 0.01521089071256206, 0.02089309758567753, 0.022609589754327825, 0.026824710860984622], "rate_of_adaptation": 0.003219679667857635}