{"virus": "h1n1pdm", "subtype": null, "gene": "ha2", "window": 3, "min_seqs": 2, "midfreq_high": 0.75, "midfreq_low": 0.15, "window_midpoint": [2009.5, 2010.5, 2011.5, 2012.5, 2013.5, 2014.5, 2015.5, 2016.5, 2017.5, 2018.5], "adaptive_substitutions": [0.0, 0.0, 0.0, 0.7933072543740973, 0.8701853799980551, 1.6977192767798623, 1.7472437908487501, 1.4584972462627852, 1.4584972462627852, 1.315204563335956], "adaptive_substitutions_per_codon": [0.0, 0.0, 0.0, 0.003573456100784222, 0.003919753963955204, 0.007647384129639019, 0.007870467526345721, 0.006569807415598132, 0.006569807415598132, 0.005924344879891693], "rate_of_adaptation": 0.0009016694384761888}