{"virus": "h1n1pdm", "subtype": null, "gene": "ha1", "window": 3, "min_seqs": 2, "midfreq_high": 0.75, "midfreq_low": 0.15, "window_midpoint": [2009.5, 2010.5, 2011.5, 2012.5, 2013.5, 2014.5, 2015.5, 2016.5, 2017.5, 2018.5], "adaptive_substitutions": [0.0, 0.0, 0.0, 0.8235782114754111, 1.6942907975572936, 4.233708417724795, 4.081996747522509, 5.037226882022442, 6.990530263507718, 8.869128447693107], "adaptive_substitutions_per_codon": [0.0, 0.0, 0.0, 0.002518587802677098, 0.00518131742372261, 0.012947120543500903, 0.01248317048172021, 0.01540436355358545, 0.02137776838993186, 0.027122716965422348], "rate_of_adaptation": 0.003081395153594903}