{"virus": "h1n1pdm", "subtype": null, "gene": "pb1", "window": 3, "min_seqs": 2, "midfreq_high": 0.75, "midfreq_low": 0.15, "window_midpoint": [2009.5, 2010.5, 2011.5, 2012.5, 2013.5, 2014.5, 2015.5, 2016.5, 2017.5, 2018.5], "adaptive_substitutions": [0.0, 0.0, 0.0, 0.0, 1.2774359258259245, 1.9626971699997546, 2.0308444961596344, 1.9735912390751917, 1.3711135785210777, 1.1083669120284918], "adaptive_substitutions_per_codon": [0.0, 0.0, 0.0, 0.0, 0.0016852716699550456, 0.0025893102506593067, 0.002679214374880784, 0.002603682373450121, 0.0018088569637481236, 0.0014622254776101476], "rate_of_adaptation": 0.00028958861586257824}