{"virus": "h3n2", "subtype": null, "gene": "pb1", "window": 3, "min_seqs": 2, "midfreq_high": 0.75, "midfreq_low": 0.15, "window_midpoint": [1969.5, 1970.5, 1971.5, 1972.5, 1973.5, 1974.5, 1975.5, 1976.5, 1977.5, 1978.5, 1979.5, 1980.5, 1981.5, 1982.5, 1983.5, 1984.5, 1985.5, 1986.5, 1987.5, 1988.5, 1989.5, 1990.5, 1991.5, 1992.5, 1993.5, 1994.5, 1995.5, 1996.5, 1997.5, 1998.5, 1999.5, 2000.5, 2001.5, 2002.5, 2003.5, 2004.5, 2005.5, 2006.5, 2007.5, 2008.5, 2009.5, 2010.5, 2011.5, 2012.5, 2013.5, 2014.5, 2015.5, 2016.5, 2017.5, 2018.5, 2019.5, 2020.5], "adaptive_substitutions": [0.0, 0.0, 0.0, 0.0, 2.7159183673469385, 3.7666666666666666, 3.44, 3.596190476190476, 3.596190476190476, 3.49015873015873, 5.596507936507936, 6.774285714285714, 7.497142857142857, 7.648, 7.653714285714285, 7.8, 7.751428571428572, 7.751428571428572, 7.685714285714286, 8.497142857142856, 8.52152380952381, 8.634285714285713, 8.145714285714286, 8.17142857142857, 9.611209992193599, 9.883766879886283, 10.317690802348338, 10.218823529411765, 10.172208791208792, 9.06, 8.98807453416149, 8.954285714285714, 9.48, 9.474285714285715, 9.305714285714286, 11.442539682539683, 11.84344827586207, 12.270528519099948, 13.08994708994709, 13.090748299319728, 14.836190476190476, 15.146984126984128, 14.675238095238095, 15.464571428571428, 15.635075987841946, 16.139802955665026, 15.619667625439437, 15.586843205574912, 15.069950738916255, 14.984965689332501, 14.827262569832401, 13.934168297455969], "adaptive_substitutions_per_codon": [0.0, 0.0, 0.0, 0.0, 0.0011943352538904743, 0.0016564057461155087, 0.0015127528583992963, 0.0015814382041294968, 0.0015814382041294968, 0.0015348103474752551, 0.0024610852843042815, 0.002979017464505591, 0.0032968965950496295, 0.0033632365875109938, 0.003365749466013318, 0.003430079155672823, 0.003408719688403066, 0.003408719688403066, 0.003379821585626335, 0.0037366503329564014, 0.0037473719478996526, 0.0037969594170121873, 0.0035821083050634503, 0.00359341625832391, 0.004226565519874054, 0.004346423430029148, 0.004537243096899005, 0.0044937658440684985, 0.004473266838702195, 0.003984168865435357, 0.003952539372982186, 0.003937680613142354, 0.004168865435356201, 0.004166352556853876, 0.004092222641035306, 0.0050318995965433965, 0.0052082006490158615, 0.005396010782365852, 0.005756353161806108, 0.005756705496622571, 0.006524270218201616, 0.006660942887855817, 0.006453490807052812, 0.006800603090840558, 0.0068755831081099145, 0.0070975386788324655, 0.006868807223148389, 0.006854372561818343, 0.006627067167509347, 0.006589694674288699, 0.006520344138008971, 0.006127602593428307], "rate_of_adaptation": 0.0001268065073140506}