{"virus": "h3n2", "subtype": null, "gene": "ha1", "window": 3, "min_seqs": 2, "midfreq_high": 0.75, "midfreq_low": 0.15, "window_midpoint": [1969.5, 1970.5, 1971.5, 1972.5, 1973.5, 1974.5, 1975.5, 1976.5, 1977.5, 1978.5, 1979.5, 1980.5, 1981.5, 1982.5, 1983.5, 1984.5, 1985.5, 1986.5, 1987.5, 1988.5, 1989.5, 1990.5, 1991.5, 1992.5, 1993.5, 1994.5, 1995.5, 1996.5, 1997.5, 1998.5, 1999.5, 2000.5, 2001.5, 2002.5, 2003.5, 2004.5, 2005.5, 2006.5, 2007.5, 2008.5, 2009.5, 2010.5, 2011.5, 2012.5, 2013.5, 2014.5, 2015.5, 2016.5, 2017.5, 2018.5, 2019.5, 2020.5], "adaptive_substitutions": [0.0, 0.0, 0.0, 1.6361904761904762, 8.428571428571429, 8.810252100840335, 11.503025210084035, 12.572952380952382, 15.55619047619048, 15.72666666666667, 27.774285714285714, 29.99904761904762, 30.08571428571429, 30.001904761904765, 30.94857142857143, 33.25159663865546, 34.817142857142855, 36.84285714285714, 37.52571428571429, 39.32444444444444, 40.29218045112782, 43.36987936507936, 43.20731412731413, 41.22857142857143, 43.14835164835165, 43.09611192930781, 42.231077694235594, 42.775309702828494, 43.67755813374496, 49.092686799176235, 50.63135892561084, 54.78304546677427, 55.56285714285714, 52.03969330104924, 56.274362342638206, 58.47630121816168, 58.95385756562512, 58.63591192276596, 61.32750585496402, 63.72543251374624, 63.55416144189974, 63.14209164671836, 62.74759886372131, 65.66877560159344, 66.45770760061868, 65.04637561256958, 62.66432807479323, 64.02275056435502, 62.03232916127176, 61.488562899786785, 63.99185964912281, 67.2600215227334], "adaptive_substitutions_per_codon": [0.0, 0.0, 0.0, 0.0049732233318859455, 0.025618758141554496, 0.026778881765472145, 0.0349636024622615, 0.03821566073237806, 0.04728325372702274, 0.047801418439716324, 0.08442032132001737, 0.09118251555941526, 0.09144594007815893, 0.09119119988420901, 0.09406860616587061, 0.10106868279226583, 0.10582718193660443, 0.11198436821537125, 0.11405992184107686, 0.1195271867612293, 0.12246863359005417, 0.13182334153519562, 0.1313292222714715, 0.12531480677377332, 0.1311500050101874, 0.1309912216696286, 0.12836193828035136, 0.13001613891437233, 0.13275853536092694, 0.1492178930066147, 0.15389470798058005, 0.16651381600843243, 0.16888406426400346, 0.15817535957765727, 0.17104669405057205, 0.17773951738043064, 0.17919105643047148, 0.17822465630020048, 0.18640579287223108, 0.19369432374998857, 0.1931737429844977, 0.1919212512058309, 0.1907221849961134, 0.19960114164618067, 0.2019991112480811, 0.1977093483664729, 0.19046908229420437, 0.19459802603147422, 0.1885481129521938, 0.18689532796287778, 0.1945041326721058, 0.2044377553882474], "rate_of_adaptation": 0.0039680178263073245}