{"virus": "h3n2", "subtype": null, "gene": "ha1", "window": 3, "min_seqs": 2, "midfreq_high": 0.75, "midfreq_low": 0.15, "window_midpoint": [1969.5, 1970.5, 1971.5, 1972.5, 1973.5, 1974.5, 1975.5, 1976.5, 1977.5, 1978.5, 1979.5, 1980.5, 1981.5, 1982.5, 1983.5, 1984.5, 1985.5, 1986.5, 1987.5, 1988.5, 1989.5, 1990.5, 1991.5, 1992.5, 1993.5, 1994.5, 1995.5, 1996.5, 1997.5, 1998.5, 1999.5, 2000.5, 2001.5, 2002.5, 2003.5, 2004.5, 2005.5, 2006.5, 2007.5, 2008.5, 2009.5, 2010.5, 2011.5, 2012.5, 2013.5, 2014.5, 2015.5, 2016.5, 2017.5, 2018.5, 2019.5, 2020.5], "adaptive_substitutions": [0.0, 0.0, 0.0, 1.6361904761904762, 8.428571428571429, 8.810252100840335, 11.503025210084035, 12.572952380952382, 15.55619047619048, 15.72666666666667, 27.774285714285714, 29.99904761904762, 30.08571428571429, 30.001904761904765, 30.94857142857143, 33.25159663865546, 34.817142857142855, 36.84285714285714, 37.52571428571429, 39.32444444444444, 40.29218045112782, 43.36987936507936, 43.20731412731413, 41.22857142857143, 43.14835164835165, 43.09611192930781, 42.231077694235594, 42.775309702828494, 43.67755813374496, 49.092686799176235, 50.63135892561084, 54.78304546677427, 55.56285714285714, 52.03969330104924, 56.274362342638206, 58.47630121816168, 58.95385756562512, 58.63591192276596, 61.32750585496402, 63.72543251374624, 63.55416144189974, 63.14209164671836, 62.74759886372131, 65.66877560159344, 66.45770760061868, 65.04637561256958, 62.66432807479323, 64.02275056435502, 62.03232916127176, 61.488562899786785, 63.99185964912281, 67.2600215227334], "adaptive_substitutions_per_codon": [0.0, 0.0, 0.0, 0.0016577411106286487, 0.008539586047184832, 0.008926293921824048, 0.011654534154087168, 0.012738553577459353, 0.015761084575674246, 0.015933806146572107, 0.028140107106672457, 0.03039417185313842, 0.030481980026052978, 0.03039706662806967, 0.0313562020552902, 0.03368956093075527, 0.03527572731220147, 0.037328122738457085, 0.03801997394702562, 0.03984239558707643, 0.04082287786335139, 0.04394111384506521, 0.04377640742382384, 0.041771602257924444, 0.04371666833672913, 0.04366374055654287, 0.042787312760117116, 0.043338712971457444, 0.04425284512030898, 0.049739297668871564, 0.05129823599352669, 0.055504605336144146, 0.05629468808800116, 0.052725119859219086, 0.05701556468352402, 0.05924650579347688, 0.0597303521434905, 0.0594082187667335, 0.06213526429074369, 0.06456477458332953, 0.06439124766149923, 0.06397375040194363, 0.06357406166537113, 0.06653371388206022, 0.0673330370826937, 0.06590311612215763, 0.06348969409806812, 0.06486600867715808, 0.0628493709840646, 0.06229844265429259, 0.06483471089070193, 0.06814591846274913], "rate_of_adaptation": 0.0013226726087691083}