{"virus": "h3n2", "subtype": null, "gene": "pb1", "window": 5, "min_seqs": 3, "midfreq_high": 0.75, "midfreq_low": 0.15, "window_midpoint": [1970.5, 1971.5, 1972.5, 1973.5, 1974.5, 1975.5, 1976.5, 1977.5, 1978.5, 1979.5, 1980.5, 1981.5, 1982.5, 1983.5, 1984.5, 1985.5, 1986.5, 1987.5, 1988.5, 1989.5, 1990.5, 1991.5, 1992.5, 1993.5, 1994.5, 1995.5, 1996.5, 1997.5, 1998.5, 1999.5, 2000.5, 2001.5, 2002.5, 2003.5, 2004.5, 2005.5, 2006.5, 2007.5, 2008.5, 2009.5, 2010.5, 2011.5, 2012.5, 2013.5, 2014.5, 2015.5, 2016.5, 2017.5, 2018.5, 2019.5], "adaptive_substitutions": [0.0, 0.0, 0.0, 2.325986394557823, 2.804897959183673, 3.661224489795918, 3.7474285714285713, 3.697142857142857, 3.725079365079365, 4.454453781512606, 6.474285714285714, 7.508571428571428, 7.592380952380953, 7.706984126984127, 7.675126050420168, 7.822857142857143, 7.791428571428572, 7.8028571428571425, 8.432380952380953, 8.562751322751323, 8.569756097560976, 8.2, 8.78421768707483, 9.528387096774194, 9.700107660455487, 9.794887218045114, 10.28369230769231, 9.71028944911298, 8.855051001915808, 9.12, 9.05904761904762, 9.031428571428572, 9.35960591133005, 9.316734693877551, 9.299047619047618, 11.73525683618707, 12.056074418604648, 12.996491228070175, 13.09652963888258, 13.126173125120495, 14.49079365079365, 14.705551020408164, 15.459285714285713, 15.60985994397759, 15.644601262191623, 15.601873663751215, 15.103162274618587, 15.044499178981937, 14.981322594319627, 14.845415499533146], "adaptive_substitutions_per_codon": [0.0, 0.0, 0.0, 0.003068583633981297, 0.0037003930859942913, 0.00483011146411071, 0.004943837165473049, 0.004877497173011685, 0.004914352724379109, 0.005876588102259374, 0.008541274029400678, 0.009905767056162834, 0.01001633371026511, 0.010167525233488293, 0.010125496108733732, 0.010320392009046362, 0.010278929513758011, 0.010294006784771955, 0.011124513129790176, 0.011296505702838158, 0.011305746830555378, 0.010817941952506595, 0.011588677687433813, 0.012570431526087328, 0.012796975805350247, 0.012922014799531813, 0.01356687639537244, 0.012810408244212373, 0.011682125332342754, 0.012031662269129287, 0.011951250157054907, 0.011914813418771203, 0.012347765054525131, 0.01229120672015508, 0.012267872848347782, 0.015481869177027796, 0.01590511137019083, 0.01714576679164931, 0.01727774358691633, 0.017316851088549464, 0.01911714201951669, 0.019400463087609714, 0.020394836034677722, 0.020593482775696028, 0.020639315649329318, 0.020582946785951472, 0.019925016193428215, 0.019847624246678016, 0.019764277828917712, 0.0195849808700965], "rate_of_adaptation": 0.0003766366936727955}