{"virus": "h3n2", "subtype": null, "gene": "PA", "window": 3, "min_seqs": 2, "midfreq_high": 0.75, "midfreq_low": 0.15, "window_midpoint": [1969.5, 1970.5, 1971.5, 1972.5, 1973.5, 1974.5, 1975.5, 1976.5, 1977.5, 1978.5, 1979.5, 1980.5, 1981.5, 1982.5, 1983.5, 1984.5, 1985.5, 1986.5, 1987.5, 1988.5, 1989.5, 1990.5, 1991.5, 1992.5, 1993.5, 1994.5, 1995.5, 1996.5, 1997.5, 1998.5, 1999.5, 2000.5, 2001.5, 2002.5, 2003.5, 2004.5, 2005.5, 2006.5, 2007.5, 2008.5, 2009.5, 2010.5, 2011.5, 2012.5, 2013.5, 2014.5, 2015.5, 2016.5, 2017.5, 2018.5, 2019.5, 2020.5], "adaptive_substitutions": [0.0, 0.0, 0.0, 0.0, 0.051941486830738515, 0.30787907163685446, 0.39242875637004326, 0.28147581164199564, 0.20113879795805556, 0.040715266967812025, 0.7573270190458643, 2.286235242817087, 2.1838328883763554, 2.25345830023577, 2.1463740743178166, 2.9657586689218305, 3.013230540644159, 3.2913246511880634, 5.569418761731967, 6.61633490132645, 6.654312398704311, 6.873622401723153, 8.189256010403508, 8.528905021903924, 8.622516288988667, 8.544578017654944, 7.739693927276933, 6.936672026097481, 7.5982873981141275, 9.26180224039564, 10.106729968556616, 9.749038979059074, 9.865880992822081, 9.97683393755013, 10.75842535865868, 9.239356700751387, 8.509155171706619, 11.275761211607353, 11.546613985765157, 11.697621630989, 11.233225534780745, 11.883960701274038, 12.048714447348399, 12.656403362705499, 13.686475659822422, 13.087533981740034, 14.065438088089412, 13.533319357967383, 13.309622399032007, 13.42892457914996, 14.420521781780511, 16.218412058652483], "adaptive_substitutions_per_codon": [0.0, 0.0, 0.0, 0.0, 7.24427989271109e-05, 0.00042939898415181934, 0.0005473204412413435, 0.0003925743537545267, 0.00028052830956493103, 5.6785588518566284e-05, 0.0010562440990876769, 0.0031886126120182524, 0.0030457920339977064, 0.0031428986056286894, 0.002993548220805881, 0.00413634402917968, 0.004202553055291714, 0.004590410950053087, 0.007767669123754487, 0.00922780320966032, 0.009280770430549945, 0.009586642122347493, 0.011421556499865423, 0.011895265023575905, 0.012025824670834961, 0.011917124152935766, 0.01079455219982836, 0.0096745774422559, 0.010597332493883022, 0.012917436876423487, 0.014095857696731683, 0.013596986023792293, 0.013759945596683516, 0.013914691684170333, 0.015004777348198996, 0.012886132079151166, 0.011867719904751212, 0.01572630573445935, 0.01610406413635308, 0.01631467452020781, 0.015666981220056827, 0.016574561647523064, 0.016804343720151185, 0.017651887535154114, 0.019088529511607284, 0.01825318546965137, 0.01961706846316515, 0.01887492239604935, 0.01856293221622316, 0.018729322983472747, 0.02011230374027965, 0.022619821560184775], "rate_of_adaptation": 0.00045036859836227816}