{"virus": "h3n2", "subtype": null, "gene": "ha1", "window": 5, "min_seqs": 3, "midfreq_high": 0.75, "midfreq_low": 0.15, "window_midpoint": [1970.5, 1971.5, 1972.5, 1973.5, 1974.5, 1975.5, 1976.5, 1977.5, 1978.5, 1979.5, 1980.5, 1981.5, 1982.5, 1983.5, 1984.5, 1985.5, 1986.5, 1987.5, 1988.5, 1989.5, 1990.5, 1991.5, 1992.5, 1993.5, 1994.5, 1995.5, 1996.5, 1997.5, 1998.5, 1999.5, 2000.5, 2001.5, 2002.5, 2003.5, 2004.5, 2005.5, 2006.5, 2007.5, 2008.5, 2009.5, 2010.5, 2011.5, 2012.5, 2013.5, 2014.5, 2015.5, 2016.5, 2017.5, 2018.5, 2019.5], "adaptive_substitutions": [0.0, 0.0, 0.0, 5.621880341880342, 7.60047212047212, 8.37126577126577, 10.97020757020757, 12.207903296703298, 13.673626373626375, 21.156000000000006, 27.572087912087913, 28.494725274725276, 29.027692307692305, 29.812804232804233, 32.35439153439153, 32.21382857142857, 34.893469387755104, 35.36955665024631, 38.05591836734694, 36.906290466290464, 41.2258989010989, 40.41142857142857, 39.43015873015873, 39.1174065934066, 39.70819976771197, 40.34573402417962, 41.347621973520596, 42.12338484506381, 45.14019356219434, 48.897437300368175, 50.385155042669524, 52.10943310657596, 50.27236786123384, 50.31306496481754, 54.77127679270319, 55.475944625994615, 56.834036426933196, 60.534229706698795, 60.06541466478532, 61.91165315536449, 61.7596862492902, 61.52644658962313, 59.34767417217973, 62.81450625852247, 63.1798956610236, 62.29113591067129, 60.255477945693926, 59.89056309163868, 60.48309289924221, 59.720710670385294], "adaptive_substitutions_per_codon": [0.0, 0.0, 0.0, 0.017087782194165173, 0.023101738968000364, 0.025444576812357966, 0.03334409595807772, 0.03710608904773039, 0.04156117438792211, 0.06430395136778118, 0.08380573833461372, 0.08661010721800996, 0.08823006780453588, 0.09061642623952654, 0.09834161560605328, 0.09791437255753366, 0.10605917747038025, 0.10750625121655413, 0.11567148439923082, 0.11217717466957589, 0.12530668358996627, 0.12283108988276162, 0.11984850677859797, 0.11889789238117507, 0.12069361631523394, 0.12263141040784079, 0.12567666253349724, 0.12803460439229122, 0.13720423575135057, 0.14862442948440174, 0.15314636791084962, 0.15838733467044366, 0.15280354973019403, 0.152927249133184, 0.16647804496262367, 0.1686198924802268, 0.17274783108490332, 0.18399461916929724, 0.18256964943703746, 0.188181316581655, 0.18771941109206747, 0.1870104759563013, 0.18038806739264354, 0.19092555093775826, 0.19203615702438784, 0.1893347596069036, 0.1831473493790089, 0.18203818568887137, 0.18383918814359335, 0.1815219169312623], "rate_of_adaptation": 0.003898504661124469}