{"virus": "h3n2", "subtype": null, "gene": "ha2", "window": 3, "min_seqs": 2, "midfreq_high": 0.75, "midfreq_low": 0.15, "window_midpoint": [1969.5, 1970.5, 1971.5, 1972.5, 1973.5, 1974.5, 1975.5, 1976.5, 1977.5, 1978.5, 1979.5, 1980.5, 1981.5, 1982.5, 1983.5, 1984.5, 1985.5, 1986.5, 1987.5, 1988.5, 1989.5, 1990.5, 1991.5, 1992.5, 1993.5, 1994.5, 1995.5, 1996.5, 1997.5, 1998.5, 1999.5, 2000.5, 2001.5, 2002.5, 2003.5, 2004.5, 2005.5, 2006.5, 2007.5, 2008.5, 2009.5, 2010.5, 2011.5, 2012.5, 2013.5, 2014.5, 2015.5, 2016.5, 2017.5, 2018.5, 2019.5, 2020.5], "adaptive_substitutions": [0.0, 0.0, 0.0, 1.6, 1.8666666666666667, 2.8, 3.0, 2.857142857142857, 2.8461538461538463, 2.7777777777777777, 3.7777777777777777, 4.0, 4.0, 4.0, 4.0, 5.818181818181818, 6.0, 6.0, 6.0, 5.909090909090909, 5.933333333333334, 5.95, 6.0, 6.0, 6.0, 6.890776255707762, 6.475304878048781, 6.477525252525252, 7.426315789473684, 7.799242424242424, 8.604313173933427, 7.953990024673802, 8.780670658276371, 8.87937937937938, 8.370606575963718, 11.601589610124513, 11.56227873669734, 10.779635281825342, 10.911557289912501, 10.953716966917415, 10.872934279650696, 10.909387086308776, 10.86302003081664, 10.799285196312027, 10.712093166175023, 9.75921733003845, 11.151440763482999, 11.445005438878834, 11.580244648318043, 11.473341605078133, 11.894724487274525, 12.910295708618825], "adaptive_substitutions_per_codon": [0.0, 0.0, 0.0, 0.007239819004524887, 0.008446455505279034, 0.01266968325791855, 0.013574660633484163, 0.01292824822236587, 0.012878524190741385, 0.012569130216189038, 0.017094017094017092, 0.01809954751131222, 0.01809954751131222, 0.01809954751131222, 0.01809954751131222, 0.02632661456190868, 0.027149321266968326, 0.027149321266968326, 0.027149321266968326, 0.026737967914438502, 0.02684766214177979, 0.026923076923076925, 0.027149321266968326, 0.027149321266968326, 0.027149321266968326, 0.031179983057501186, 0.029300022072618916, 0.029310069015951366, 0.03360323886639676, 0.03529068970245441, 0.03893354377345442, 0.035990905089021724, 0.039731541440164574, 0.04017818723701077, 0.037876047855039445, 0.052495880588798706, 0.05231800333347213, 0.048776630234503814, 0.04937356239779413, 0.04956433016704713, 0.049198797645478264, 0.04936374247198541, 0.049153936791025525, 0.048865543874715055, 0.04847100980169694, 0.04415935443456312, 0.05045900797956108, 0.051787354927053546, 0.052399297051212865, 0.05191557287365671, 0.053822282747848525, 0.05841762764080916], "rate_of_adaptation": 0.0010497908687777267}