{"virus": "h3n2", "subtype": null, "gene": "PB1", "window": 3, "min_seqs": 2, "midfreq_high": 0.75, "midfreq_low": 0.15, "window_midpoint": [1969.5, 1970.5, 1971.5, 1972.5, 1973.5, 1974.5, 1975.5, 1976.5, 1977.5, 1978.5, 1979.5, 1980.5, 1981.5, 1982.5, 1983.5, 1984.5, 1985.5, 1986.5, 1987.5, 1988.5, 1989.5, 1990.5, 1991.5, 1992.5, 1993.5, 1994.5, 1995.5, 1996.5, 1997.5, 1998.5, 1999.5, 2000.5, 2001.5, 2002.5, 2003.5, 2004.5, 2005.5, 2006.5, 2007.5, 2008.5, 2009.5, 2010.5, 2011.5, 2012.5, 2013.5, 2014.5, 2015.5, 2016.5, 2017.5, 2018.5, 2019.5, 2020.5], "adaptive_substitutions": [0.0, 0.0, 0.0, 0.0, 2.7159183673469385, 3.7666666666666666, 3.44, 3.596190476190476, 3.596190476190476, 3.49015873015873, 5.596507936507936, 6.774285714285714, 7.497142857142857, 7.648, 7.653714285714285, 7.8, 7.751428571428572, 7.751428571428572, 7.685714285714286, 8.497142857142856, 8.52152380952381, 8.634285714285713, 8.145714285714286, 8.17142857142857, 9.611209992193599, 9.883766879886283, 10.317690802348338, 10.218823529411765, 10.172208791208792, 9.06, 8.98807453416149, 8.954285714285714, 9.48, 9.474285714285715, 9.305714285714286, 11.442539682539683, 11.84344827586207, 12.270528519099948, 13.08994708994709, 13.090748299319728, 14.836190476190476, 15.146984126984128, 14.675238095238095, 15.464571428571428, 15.635075987841946, 16.139802955665026, 15.619667625439437, 15.586843205574912, 15.069950738916255, 14.984965689332501, 14.827262569832401, 13.934168297455969], "adaptive_substitutions_per_codon": [0.0, 0.0, 0.0, 0.0, 0.0035830057616714228, 0.004969217238346526, 0.004538258575197889, 0.004744314612388491, 0.004744314612388491, 0.004604431042425765, 0.0073832558529128445, 0.008937052393516774, 0.009890689785148888, 0.010089709762532982, 0.010097248398039953, 0.01029023746701847, 0.010226159065209198, 0.010226159065209198, 0.010139464756879005, 0.011209950998869204, 0.011242115843698958, 0.011390878251036561, 0.01074632491519035, 0.01078024877497173, 0.012679696559622162, 0.013039270290087444, 0.013611729290697016, 0.013481297532205495, 0.013419800516106585, 0.011952506596306069, 0.011857618118946556, 0.011813041839427062, 0.012506596306068603, 0.01249905767056163, 0.012276667923105918, 0.015095698789630189, 0.015624601947047585, 0.016188032347097557, 0.017269059485418323, 0.017270116489867714, 0.01957281065460485, 0.019982828663567452, 0.019360472421158438, 0.020401809272521672, 0.020626749324329743, 0.021292616036497396, 0.020606421669445166, 0.02056311768545503, 0.01988120150252804, 0.019769084022866097, 0.019561032414026916, 0.01838280778028492], "rate_of_adaptation": 0.00038041952194215167}