{"virus": "hepatitisC", "subtype": "1a1", "gene": "E1", "window": 3, "min_seqs": 2, "midfreq_high": 0.75, "midfreq_low": 0.15, "window_midpoint": [1978.5, 1988.5, 1989.5, 1990.5, 1991.5, 1992.5, 1993.5, 1994.5, 1995.5, 1996.5, 1997.5, 1999.5, 2000.5, 2001.5, 2002.5, 2003.5, 2004.5, 2005.5, 2006.5, 2007.5, 2008.5, 2009.5, 2010.5, 2011.5, 2012.5], "adaptive_substitutions": [0.0, 1.5346135272561996, 0, 0, 0, 0, 0, 0.7812686418771128, 0, 0.626963611055876, 0.0, 1.0351958639888645, 1.3172081924835952, 1.300185241389415, 1.2544896741754963, 1.2099344463270056, 0.5706761651983712, 0.5819687671967703, 0.6606681248757208, 1.3756437382283877, 0.6048916285543846, 1.698662045848365, 0, 0, 1.7617816663352555], "adaptive_substitutions_per_codon": [0.0, 0.007992778787792707, 0.0, 0.0, 0.0, 0.0, 0.0, 0.004069107509776629, 0.0, 0.003265435474249354, 0.0, 0.0053916451249420025, 0.006860459335852058, 0.006771798132236537, 0.00653380038633071, 0.006301741907953154, 0.0029722716937415163, 0.003031087329149845, 0.003440979817061046, 0.007164811136606186, 0.0031504772320540865, 0.008847198155460234, 0.0, 0.0, 0.009175946178829456], "rate_of_adaptation": 0.00015913997354712433}