{"virus": "hepatitisB", "subtype": "D3", "gene": "Small", "window": 3, "min_seqs": 2, "midfreq_high": 0.75, "midfreq_low": 0.15, "window_midpoint": [1976.5, 1984.5, 1985.5, 1986.5, 1995.5, 1996.5, 1997.5, 1998.5, 1999.5, 2000.5, 2001.5, 2002.5, 2003.5, 2004.5, 2005.5, 2006.5, 2007.5, 2008.5, 2009.5, 2010.5, 2011.5, 2012.5, 2013.5, 2014.5, 2015.5, 2016.5, 2017.5, 2018.5, 2019.5], "adaptive_substitutions": [0.0, 2.0, 1.4546282951322702, 0.0, 0.6365707378306755, 0.6365707378306755, 0.0, 0.0, 0.0, 0.0, 0.0, 0.0, 0.0, 0.0, 0.8086415070639544, 0.7703698084767454, 0.774328949709905, 0.7941993566536869, 0.805224391118668, 1.568247400313047, 0.0, 0.0, 0.0, 0.0, 0.0, 0.0, 0.0, 0.0, 0.0], "adaptive_substitutions_per_codon": [0.0, 0.00881057268722467, 0.006408054163578283, 0.0, 0.002804276378108703, 0.002804276378108703, 0.0, 0.0, 0.0, 0.0, 0.0, 0.0, 0.0, 0.0, 0.0035622973879469357, 0.0033936995968138566, 0.0034111407476207266, 0.003498675579972189, 0.0035472440137386254, 0.006908578856004613, 0.0, 0.0, 0.0, 0.0, 0.0, 0.0, 0.0, 0.0, 0.0], "rate_of_adaptation": -6.969458925529378e-05}