{"virus": "hepatitisB", "subtype": "D3", "gene": "Large", "window": 3, "min_seqs": 2, "midfreq_high": 0.75, "midfreq_low": 0.15, "window_midpoint": [1976.5, 1984.5, 1985.5, 1986.5, 1995.5, 1996.5, 1997.5, 1998.5, 1999.5, 2000.5, 2001.5, 2002.5, 2003.5, 2004.5, 2005.5, 2006.5, 2007.5, 2008.5, 2009.5, 2010.5, 2011.5, 2012.5, 2013.5, 2014.5, 2015.5, 2016.5, 2017.5, 2018.5, 2019.5], "adaptive_substitutions": [0.0, 3.6867347375163115, 2.5823129833550817, 0.0, 0.5150510531372334, 0.5150510531372334, 0.0, 1.7238945614596926, 0.8159297076397951, 1.7401360578444165, 0.0, 1.0, 1.0, 1.700680289222083, 2.5579442717222913, 2.4484439324131717, 2.236567963745563, 2.2411717789010046, 2.2778909361900257, 3.251332222578053, 1.7594405075420996, 1.7372777944089939, 1.7869673014615655, 1.7040517997570868, 1.5492945315205673, 0.7115079534785655, 1.4995482228819659, 1.8306122602998744, 1.8955782458387704], "adaptive_substitutions_per_codon": [0.0, 0.009453165993631569, 0.006621315341936107, 0.0, 0.0013206437259929062, 0.0013206437259929062, 0.0, 0.004420242465281263, 0.002092127455486654, 0.004461887327806197, 0.0, 0.002564102564102564, 0.002564102564102564, 0.004360718690313033, 0.006558831465954593, 0.0062780613651619785, 0.005734789650629649, 0.00574659430487437, 0.005840745990230835, 0.008336749288661674, 0.004511385916774614, 0.004454558447202548, 0.004581967439645039, 0.004369363589120735, 0.003972550080821967, 0.0018243793678937579, 0.003844995443287092, 0.004693877590512498, 0.004860457040612232], "rate_of_adaptation": 5.4449863209019956e-05}