{"virus": "hepatitisC", "subtype": "1b", "gene": "NS5B", "window": 3, "min_seqs": 2, "midfreq_high": 0.75, "midfreq_low": 0.15, "window_midpoint": [1990.5, 1991.5, 1992.5, 1993.5, 1995.5, 1996.5, 1997.5, 1998.5, 1999.5, 2000.5, 2001.5, 2002.5, 2003.5, 2004.5, 2005.5, 2006.5, 2007.5, 2008.5, 2009.5, 2010.5, 2011.5, 2012.5, 2013.5], "adaptive_substitutions": [0.0, 0.0, 0.0, 0.0, 0.0, 0.0, 2.5966451387964056, 9.35555325816996, 9.35555325816996, 0.0, 0.0, 0.0, 0.0, 0.7422431757460847, 0.0, 0.7606543774785073, 0.0, 0.0, 0.0, 7.553712742445342, 7.377497067717409, 7.227645702783277, 3.6586997328277278], "adaptive_substitutions_per_codon": [0.0, 0.0, 0.0, 0.0, 0.0, 0.0, 0.004393646596948232, 0.015830039353925483, 0.015830039353925483, 0.0, 0.0, 0.0, 0.0, 0.0012559106188597033, 0.0, 0.0012870632444644792, 0.0, 0.0, 0.0, 0.012781239834932897, 0.012483074564665667, 0.012229518955640062, 0.006190693287356561], "rate_of_adaptation": 0.00026956893392756856}