{"virus": "hepatitisB", "subtype": "D3", "gene": "Polymerase", "window": 5, "min_seqs": 3, "midfreq_high": 0.75, "midfreq_low": 0.15, "window_midpoint": [1977.5, 1983.5, 1984.5, 1985.5, 1986.5, 1987.5, 1994.5, 1995.5, 1996.5, 1997.5, 1998.5, 1999.5, 2000.5, 2001.5, 2002.5, 2003.5, 2004.5, 2005.5, 2006.5, 2007.5, 2008.5, 2009.5, 2010.5, 2011.5, 2012.5, 2013.5, 2014.5, 2015.5, 2016.5, 2017.5, 2018.5, 2019.5], "adaptive_substitutions": [0.0, 11.224830179259097, 7.635459478235101, 7.635459478235101, 7.635459478235101, 5.784098774008626, 1.1345238604356966, 1.1345238604356966, 0.0, 0.0, 0.0, 2.342606098713554, 0.8159297076397951, 1.6684429634374043, 2.0, 3.2745721227956754, 3.082715940703222, 5.612616594868982, 5.307154548779874, 4.270283476871503, 5.112044513519257, 5.852189767032649, 4.582282267431337, 5.653735014398217, 5.895765478520392, 5.848828937007585, 4.675661744467282, 4.00396347330193, 4.129253470932356, 3.9659924884343916, 4.026658605549826, 5.357844435725651], "adaptive_substitutions_per_codon": [0.0, 0.013475186289626767, 0.009166217861026532, 0.009166217861026532, 0.009166217861026532, 0.006943696007213237, 0.0013619734218915927, 0.0013619734218915927, 0.0, 0.0, 0.0, 0.0028122522193440025, 0.0009795074521486136, 0.002002932729216572, 0.0024009603841536613, 0.003931058970943188, 0.0037007394246137116, 0.006737835047861923, 0.0063711339121006886, 0.005126390728537219, 0.006136908179494907, 0.007025437895597418, 0.005500939096556226, 0.006787196896036275, 0.007077749674094108, 0.007021403285723392, 0.005613039309084373, 0.004806678839498115, 0.004957086999918794, 0.004761095424290986, 0.004833923896218278, 0.006431986117317708], "rate_of_adaptation": -3.792719969516886e-06}