{"virus": "hepatitisA_IA", "subtype": null, "gene": "3D", "window": 3, "min_seqs": 2, "midfreq_high": 0.75, "midfreq_low": 0.15, "window_midpoint": [2000.5, 2001.5, 2002.5, 2003.5, 2004.5, 2005.5, 2006.5, 2007.5, 2008.5, 2009.5, 2010.5, 2011.5, 2012.5, 2013.5, 2014.5, 2015.5, 2016.5], "adaptive_substitutions": [0.0, 0.0, 0.0, 0, 0, 0.6780982073265783, 0, 0.0, 0.0, 0.0, 0.0, 0.0, 0.0, 0.0, 0, 1.6222395427383738, 2.034294621979735], "adaptive_substitutions_per_codon": [0.0, 0.0, 0.0, 0.0, 0.0, 0.0013867039004633503, 0.0, 0.0, 0.0, 0.0, 0.0, 0.0, 0.0, 0.0, 0.0, 0.0033174632775835864, 0.004160111701390051], "rate_of_adaptation": 0.00012829172758043004}