{"virus": "hepatitisC", "subtype": "3a", "gene": "E1", "window": 3, "min_seqs": 2, "midfreq_high": 0.75, "midfreq_low": 0.15, "window_midpoint": [2006.5, 2007.5, 2008.5, 2009.5, 2010.5, 2011.5, 2012.5], "adaptive_substitutions": [0.0, 0.0, 0.868464773500216, 1.671864995125402, 1.3877508310944477, 0, 0.6073151300249975], "adaptive_substitutions_per_codon": [0.0, 0.0, 0.004523254028646958, 0.008707630182944803, 0.007227868911950249, 0.0, 0.003163099635546862], "rate_of_adaptation": 0.00043549692106942435}