{"virus": "influenzaC", "subtype": "Mississippi", "gene": "PB2", "window": 3, "min_seqs": 2, "midfreq_high": 0.75, "midfreq_low": 0.15, "window_midpoint": [1949.5, 1950.5, 1951.5, 1965.5, 1966.5, 1967.5, 1968.5, 1975.5, 1976.5, 1977.5, 1978.5, 1979.5, 1980.5, 1981.5, 2004.5, 2005.5, 2006.5, 2007.5, 2008.5, 2009.5, 2010.5, 2011.5, 2012.5, 2013.5], "adaptive_substitutions": [0.0, 0.0, 0.0, 0.0, 0.0, 0.0, 0.0, 0.7326732673267327, 0.702970297029703, 0.702970297029703, 0.8514851485148516, 0.613861386138614, 0.613861386138614, 0.6237623762376239, 0.8514851485148516, 0.8514851485148516, 0.5247524752475248, 0.5445544554455446, 0.5445544554455446, 0.5445544554455446, 0.5148514851485149, 0.5346534653465347, 1.2435643564356438, 1.2435643564356438], "adaptive_substitutions_per_codon": [0.0, 0.0, 0.0, 0.0, 0.0, 0.0, 0.0, 0.0009453848610667518, 0.000907058447780262, 0.000907058447780262, 0.0010986905142127117, 0.0007920792079207922, 0.0007920792079207922, 0.0008048546790162889, 0.0010986905142127117, 0.0010986905142127117, 0.0006770999680613223, 0.0007026509102523156, 0.0007026509102523156, 0.0007026509102523156, 0.0006643244969658256, 0.0006898754391568189, 0.001604599169594379, 0.001604599169594379], "rate_of_adaptation": 1.6258156861020805e-05}