{"virus": "influenzaC", "subtype": "Mississippi", "gene": "P3", "window": 3, "min_seqs": 2, "midfreq_high": 0.75, "midfreq_low": 0.15, "window_midpoint": [1980.5, 1981.5, 1992.5, 1993.5, 1995.5, 1996.5, 1997.5, 1999.5, 2001.5, 2002.5, 2003.5, 2004.5, 2005.5, 2006.5, 2007.5, 2008.5, 2009.5, 2010.5, 2011.5, 2012.5, 2013.5, 2014.5, 2015.5, 2016.5, 2017.5], "adaptive_substitutions": [0.0, 0.0, 0.0, 0.0, 2.8324468085106385, 2.8324468085106385, 1.8563829787234043, 1.7367021276595744, 2.576462765957447, 2.6861702127659575, 2.7119837296620775, 2.640458776595745, 1.7945232466509062, 1.7879278445883442, 1.8563829787234043, 1.8324468085106382, 1.6888297872340425, 1.8324468085106382, 1.7641843971631204, 1.6749181669394435, 2.447695035460993, 2.489263199369582, 2.465093085106383, 1.8324468085106382, 2.562193126022913], "adaptive_substitutions_per_codon": [0.0, 0.0, 0.0, 0.0, 0.00398936170212766, 0.00398936170212766, 0.0026146239136949356, 0.002446059334731795, 0.003628820797123165, 0.0037833383278393765, 0.00381969539389025, 0.0037189560233742884, 0.002527497530494234, 0.0025182082318145694, 0.0026146239136949356, 0.0025809109979023073, 0.002378633503146539, 0.0025809109979023073, 0.0024847667565677752, 0.002359039671745695, 0.0034474577964239343, 0.0035060045061543407, 0.003471962091699131, 0.0025809109979023073, 0.0036087227127083285], "rate_of_adaptation": 7.750857498967488e-05}