{"virus": "influenzaC", "subtype": "Mississippi", "gene": "NP", "window": 3, "min_seqs": 2, "midfreq_high": 0.75, "midfreq_low": 0.15, "window_midpoint": [1980.5, 1981.5, 1992.5, 1993.5, 1995.5, 1996.5, 1997.5, 1999.5, 2001.5, 2002.5, 2003.5, 2004.5, 2005.5, 2006.5, 2007.5, 2008.5, 2011.5, 2012.5, 2013.5, 2014.5, 2015.5, 2016.5, 2017.5], "adaptive_substitutions": [0.0, 0.0, 0.0, 0.0, 0.0, 0.0, 0.0, 0.825889477668433, 0, 0, 0, 0, 0, 0, 0, 0.0, 0.0, 0, 0, 0, 0, 0.5736912595353171, 0], "adaptive_substitutions_per_codon": [0.0, 0.0, 0.0, 0.0, 0.0, 0.0, 0.0, 0.001459168688460129, 0.0, 0.0, 0.0, 0.0, 0.0, 0.0, 0.0, 0.0, 0.0, 0.0, 0.0, 0.0, 0.0, 0.001013588797765578, 0.0], "rate_of_adaptation": 3.237174376206778e-06}