{"virus": "lassa", "subtype": "B", "gene": "Z", "window": 3, "min_seqs": 2, "midfreq_high": 0.75, "midfreq_low": 0.15, "window_midpoint": [1975.5, 1976.5, 1977.5, 1978.5, 1979.5, 1980.5, 1981.5, 1982.5, 2008.5, 2009.5, 2010.5, 2011.5, 2012.5, 2013.5, 2014.5, 2015.5, 2016.5, 2017.5], "adaptive_substitutions": [0.0, 0.0, 0.0, 1.8102524866105585, 1.620504973221117, 1.9642693190512623, 4.6971129813823005, 5.491258607498087, 0.0, 0, 0.6819127773527162, 0.7083295077786279, 0.7337016067329762, 2.2071781317381927, 2.280680948737567, 14.507153787299158, 14.053481254781943, 9.606299413414945], "adaptive_substitutions_per_codon": [0.0, 0.0, 0.0, 0.018102524866105585, 0.01620504973221117, 0.019642693190512622, 0.046971129813823, 0.05491258607498087, 0.0, 0.0, 0.006819127773527162, 0.007083295077786279, 0.0073370160673297624, 0.022071781317381925, 0.02280680948737567, 0.14507153787299157, 0.14053481254781944, 0.09606299413414945], "rate_of_adaptation": 0.001037936492475455}