{"virus": "lassa", "subtype": "B", "gene": "L", "window": 3, "min_seqs": 2, "midfreq_high": 0.75, "midfreq_low": 0.15, "window_midpoint": [1975.5, 1976.5, 1977.5, 1978.5, 1979.5, 1980.5, 1981.5, 1982.5, 2008.5, 2009.5, 2010.5, 2011.5, 2012.5, 2013.5, 2014.5, 2015.5, 2016.5, 2017.5], "adaptive_substitutions": [0.0, 0.0, 0.0, 32.71690894765734, 50.74089273356034, 25.692406557956257, 90.12068840551106, 157.61896521139613, 7.609334992688829, 8.43386847352043, 8.162286223498965, 6.20679285536648, 6.140493285592653, 6.412981745523576, 6.477420896523206, 277.8196176406176, 274.3408586917436, 233.51513180345614], "adaptive_substitutions_per_codon": [0.0, 0.0, 0.0, 0.014743987808768516, 0.022866558239549497, 0.01157837158988565, 0.040613198920915305, 0.07103153006372065, 0.0034291730476290355, 0.0038007519033440426, 0.003678362426092368, 0.0027971125981822802, 0.002767234468496013, 0.0028900323323675418, 0.002919072057919426, 0.12520036847256313, 0.12363265375923552, 0.10523439919038131], "rate_of_adaptation": 0.0007985594825112319}