{"virus": "lassa", "subtype": "B", "gene": "NP", "window": 3, "min_seqs": 2, "midfreq_high": 0.75, "midfreq_low": 0.15, "window_midpoint": [1975.5, 1976.5, 1977.5, 1980.5, 1981.5, 1982.5, 2008.5, 2009.5, 2010.5, 2011.5, 2012.5, 2013.5, 2014.5, 2015.5, 2016.5], "adaptive_substitutions": [0.0, 0.0, 0.0, 8.229852174898053, 8.229852174898053, 8.935865428183055, 3.496384879280212, 2.6310430448572726, 2.6918622564567287, 2.779910862132883, 3.491482122689678, 3.4989640568506517, 3.5096766486798208, 23.85038589336958, 22.83210345869204], "adaptive_substitutions_per_codon": [0.0, 0.0, 0.0, 0.014438337148943952, 0.014438337148943952, 0.01567695689154922, 0.006134008560140723, 0.004615864990977671, 0.004722565362204788, 0.004877036600233128, 0.006125407232788909, 0.006138533433071319, 0.006157327453824247, 0.04184278226906944, 0.04005632185735446], "rate_of_adaptation": 0.00026211408557736776}