{"virus": "measles", "subtype": null, "gene": "F", "window": 3, "min_seqs": 2, "midfreq_high": 0.75, "midfreq_low": 0.15, "window_midpoint": [2004.5, 2005.5, 2006.5, 2007.5, 2008.5, 2009.5, 2010.5, 2011.5, 2012.5, 2013.5, 2014.5, 2015.5, 2016.5, 2017.5, 2018.5], "adaptive_substitutions": [0.0, 0.0, 0.0, 0.0, 0.0, 0.0, 0.0, 0.0, 0.7095797970919425, 0.0, 0.0, 0.0, 0.0, 0.0, 0.6507956995605726], "adaptive_substitutions_per_codon": [0.0, 0.0, 0.0, 0.0, 0.0, 0.0, 0.0, 0.0, 0.00042926787482876135, 0.0, 0.0, 0.0, 0.0, 0.0, 0.0003937058073566682], "rate_of_adaptation": 1.1375744736876567e-05}