{"virus": "measles", "subtype": null, "gene": "P", "window": 3, "min_seqs": 2, "midfreq_high": 0.75, "midfreq_low": 0.15, "window_midpoint": [2004.5, 2005.5, 2006.5, 2007.5, 2008.5, 2009.5, 2010.5, 2011.5, 2012.5, 2013.5, 2014.5, 2015.5, 2016.5, 2017.5, 2018.5], "adaptive_substitutions": [0.0, 0.0, 0.0, 0.0, 0.0, 0.0, 0.0, 0.0, 0.0, 0.8562675233113419, 0.881432805425181, 0.8700093880076736, 2.304489117580089, 2.7852852884726818, 4.913319375813614], "adaptive_substitutions_per_codon": [0.0, 0.0, 0.0, 0.0, 0.0, 0.0, 0.0, 0.0, 0.0, 0.000561855330256786, 0.0005783679825624547, 0.0005708723018423055, 0.0015121319669160688, 0.001827615018682862, 0.0032239628450220566], "rate_of_adaptation": 0.00016512997741929307}