{"virus": "measles", "subtype": null, "gene": "H", "window": 3, "min_seqs": 2, "midfreq_high": 0.75, "midfreq_low": 0.15, "window_midpoint": [2004.5, 2005.5, 2006.5, 2007.5, 2008.5, 2009.5, 2010.5, 2011.5, 2012.5, 2013.5, 2014.5, 2015.5, 2016.5, 2017.5, 2018.5], "adaptive_substitutions": [0.0, 0.0, 0.0, 0.0, 0.0, 0.0, 0.0, 0.0, 0.6970962532717744, 0.8967663837673554, 0.906151257970323, 0.927976546814434, 0.8988414268517909, 0.9298954414908791, 2.6644771168884964], "adaptive_substitutions_per_codon": [0.0, 0.0, 0.0, 0.0, 0.0, 0.0, 0.0, 0.0, 0.0003759958216136863, 0.00048369276362856276, 0.0004887547238243382, 0.00050052672427963, 0.000484811988593199, 0.0005015617268019845, 0.001437150548483547], "rate_of_adaptation": 7.251870200223243e-05}