{"virus": "mumps", "subtype": null, "gene": "L", "window": 3, "min_seqs": 2, "midfreq_high": 0.75, "midfreq_low": 0.15, "window_midpoint": [2007.5, 2008.5, 2009.5, 2010.5, 2011.5, 2012.5, 2013.5, 2014.5, 2015.5, 2016.5], "adaptive_substitutions": [0.0, 0.0, 0.5679414314613236, 0.0, 0.0, 0.0, 0.49378351475451954, 0.0, 0, 0], "adaptive_substitutions_per_codon": [0.0, 0.0, 8.369310808448624e-05, 0.0, 0.0, 0.0, 7.276503312032412e-05, 0.0, 0.0, 0.0], "rate_of_adaptation": -1.2131541882512657e-06, "bootstrap_adaptive_substitutions": [[0.0, 0.0, 0.4624602639437434, 0.0, 0.0, 0.0, 0, 0.0, 0, 0], [0.0, 0.0, 0, 0.0, 0.0, 0.0, 0, 0.0, 0, 0], [0.0, 0.0, 0, 0.0, 0.0, 0.0, 0.8672594987873887, 0.0, 0, 0], [0.0, 0.0, 0, 0.0, 0.0, 0.0, 0.7786666666666667, 0.0, 0, 0], [0.0, 0.0, 0.0, 0.0, 0.0, 0.0, 2.362666666666667, 0.0, 0, 0], [0.0, 0.0, 0.7354850557825628, 0.0, 0.0, 0.0, 5.193376490213183, 0.0, 0, 0.0], [0.0, 0.0, 1.5773333333333335, 0.0, 0.0, 0.0, 2.3125555555555555, 0.0, 0, 0], [0.0, 0.0, 0, 0.0, 0.0, 0.0, 0.1548387096774193, 0.0, 0, 0], [0.0, 0.0, 1.2838709677419355, 0.0, 0.0, 0.0, 0, 0.0, 0, 0], [0.0, 0.0, 0.5745413842422735, 0.0, 0.0, 0.0, 2.641524158945339, 0.0, 0, 0], [0.0, 0.0, 2.382666666666667, 0.0, 0.0, 0.0, 2.2975, 0.0, 0, 0], [0.0, 0.0, 0.0, 0.0, 0.0, 0.0, 0.8, 0.0, 0.0, 0.0], [0.0, 0.0, 1.3999734431018458, 0.0, 0.0, 0.0, 0.5236688354800159, 0.0, 0, 0], [0.0, 0.0, 1.557807532992968, 0.0, 0.0, 0.0, 0.4845711716918728, 0.0, 0, 0], [0.0, 0.0, 0.644997201666563, 0.0, 0.0, 0.0, 0.7878832162178967, 0.0, 0, 0], [0.0, 0.0, 0.6285486655158679, 0.0, 0.0, 0.0, 0, 0.0, 0, 0], [0.0, 0.0, 0, 0.0, 0.0, 0.0, 0, 0.0, 0, 0], [0.0, 0.0, 0.7154530190908526, 0.0, 0.0, 0.0, 0.3542534668242023, 0.0, 0, 0], [0.0, 0.0, 1.3612903225806456, 0.0, 0.0, 0.0, 0, 0.0, 0, 0], [0.0, 0.0, 0, 0.0, 0.0, 0.0, 0, 0.0, 0, 0], [0.0, 0.0, 0, 0.0, 0.0, 0.0, 0, 0.0, 0, 0], [0.0, 0.0, 0.3032258064516129, 0.0, 0.0, 0.0, 0, 0.0, 0, 0], [0.0, 0.0, 0.0, 0.0, 0.0, 0.0, 0, 0.0, 0, 0], [0.0, 0.0, 0, 0.0, 0.0, 0.0, 0, 0.0, 0, 0], [0.0, 0.0, 0.7154530190908526, 0.0, 0.0, 0.0, 0.7174273987936073, 0.0, 0, 0], [0.0, 0.0, 0.7853333333333333, 0.0, 0.0, 0.0, 0.7102777777777778, 0.0, 0, 0], [0.0, 0.0, 0, 0.0, 0.0, 0.0, 0, 0.0, 0, 0], [0.0, 0.0, 0.6285486655158679, 0.0, 0.0, 0.0, 0.5331928030806004, 0.0, 0, 0], [0.0, 0.0, 0.0, 0.0, 0.0, 0.0, 0.8, 0.0, 0.0, 0.0], [0.0, 0.0, 0, 0.0, 0.0, 0.0, 0.7386666666666667, 0.0, 0, 0], [0.0, 0.0, 0.6064516129032258, 0.0, 0.0, 0.0, 0, 0.0, 0, 0], [0.0, 0.0, 0, 0.0, 0.0, 0.0, 0.7253333333333334, 0.0, 0, 0], [0.0, 0.0, 0.7653333333333334, 0.0, 0.0, 0.0, 2.287611111111111, 0.0, 0, 0], [0.0, 0.0, 0.07741935483870965, 0.0, 0.0, 0.0, 0, 0.0, 0, 0], [0.0, 0.0, 2.241621483934355, 0.0, 0.0, 0.0, 2.522788472035224, 0.0, 0, 0], [0.0, 0.0, 0, 0.0, 0.0, 0.0, 0, 0.0, 0, 0], [0.0, 0.0, 0.0, 0.0, 0.0, 0.0, 0.828468994821405, 0.0, 0, 0], [0.0, 0.0, 0, 0.0, 0.0, 0.0, 0, 0.0, 0, 0], [0.0, 0.0, 0.832258064516129, 0.0, 0.0, 0.0, 0, 0.0, 0, 0], [0.0, 0.0, 1.2838709677419355, 0.0, 0.0, 0.0, 0.2118279569892474, 0.0, 0, 0], [0.0, 0.0, 0, 0.0, 0.0, 0.0, 0.0810711877468453, 0.0, 0, 0], [0.0, 0.0, 0.07741935483870965, 0.0, 0.0, 0.0, 0, 0.0, 0, 0], [0.0, 0.0, 0.6734225989789038, 0.0, 0.0, 0.0, 1.589130783803744, 0.0, 0, 0], [0.0, 0.0, 0, 0.0, 0.0, 0.0, 0, 0.0, 0, 0], [0.0, 0.0, 2.1257489644542917, 0.0, 0.0, 0.0, 1.4652249301608706, 0.0, 0, 0], [0.0, 0.0, 2.3960000000000004, 0.0, 0.0, 0.0, 2.2975, 0.0, 0, 0], [0.0, 0.0, 0.3032258064516129, 0.0, 0.0, 0.0, 0, 0.0, 0, 0], [0.0, 0.0, 0, 0.0, 0.0, 0.0, 2.3160000000000003, 0.0, 0, 0], [0.0, 0.0, 1.5096774193548388, 0.0, 0.0, 0.0, 0, 0.0, 0, 0], [0.0, 0.0, 0, 0.0, 0.0, 0.0, 0, 0.0, 0, 0], [0.0, 0.0, 2.362666666666667, 0.0, 0.0, 0.0, 3.0694999999999997, 0.0, 0, 0], [0.0, 0.0, 0.39162048500569907, 0.0, 0.0, 0.0, 0, 0.0, 0, 0], [0.0, 0.0, 0, 0.0, 0.0, 0.0, 2.189265873926817, 0.0, 0, 0], [0.0, 0.0, 0.8, 0.0, 0.0, 0.0, 1.5916666666666668, 0.0, 0.0, 0.0], [0.0, 0.0, 0, 0.0, 0.0, 0.0, 1.5983431268663908, 0.0, 0, 0.0], [0.0, 0.0, 0.7853333333333333, 0.0, 0.0, 0.0, 2.334277777777778, 0.0, 0, 0], [0.0, 0.0, 0, 0.0, 0.0, 0.0, 0, 0.0, 0, 0], [0.0, 0.0, 2.231230131971872, 0.0, 0.0, 0.0, 2.349609864174935, 0.0, 0, 0], [0.0, 0.0, 0.778903766496484, 0.0, 0.0, 0.0, 0.13680441832835633, 0.0, 0, 0], [0.0, 0.0, 0.3032258064516129, 0.0, 0.0, 0.0, 0, 0.0, 0, 0], [0.0, 0.0, 0.8, 0.0, 0.0, 0.0, 1.5916666666666668, 0.0, 0.0, 0.0], [0.0, 0.0, 0.7154530190908526, 0.0, 0.0, 0.0, 0.9992506684907654, 0.0, 0, 0], [0.0, 0.0, 0.0, 0.0, 0.0, 0.0, 1.5506666666666666, 0.0, 0, 0], [0.0, 0.0, 0.3032258064516129, 0.0, 0.0, 0.0, 0, 0.0, 0, 0], [0.0, 0.0, 0, 0.0, 0.0, 0.0, 0, 0.0, 0, 0], [0.0, 0.0, 1.3999734431018458, 0.0, 0.0, 0.0, 0.23791661133979547, 0.0, 0, 0], [0.0, 0.0, 0.7853333333333333, 0.0, 0.0, 0.0, 0.7302777777777778, 0.0, 0, 0], [0.0, 0.0, 0.7853333333333333, 0.0, 0.0, 0.0, 0.7236111111111111, 0.0, 0, 0], [0.0, 0.0, 0, 0.0, 0.0, 0.0, 0, 0.0, 0, 0], [0.0, 0.0, 1.5706666666666667, 0.0, 0.0, 0.0, 1.527222222222222, 0.0, 0, 0], [0.0, 0.0, 0, 0.0, 0.0, 0.0, 0, 0.0, 0, 0], [0.0, 0.0, 2.3893333333333335, 0.0, 0.0, 0.0, 3.8748333333333336, 0.0, 0, 0], [0.0, 0.0, 0.0, 0.0, 0.0, 0.0, 0.0, 0.0, 0.0, 0.0], [0.0, 0.0, 1.3468451979578075, 0.0, 0.0, 0.0, 1.6853996082586775, 0.0, 0, 0], [0.0, 0.0, 0.0, 0.0, 0.0, 0.0, 0.0, 0.0, 0.0, 0.0], [0.0, 0.0, 0.7786666666666667, 0.0, 0.0, 0.0, 1.4889444444444446, 0.0, 0, 0], [0.0, 0.0, 0.6734225989789038, 0.0, 0.0, 0.0, 0, 0.0, 0, 0.0], [0.0, 0.0, 0.6989645529438441, 0.0, 0.0, 0.0, 0, 0.0, 0, 0], [0.0, 0.0, 1.3468451979578075, 0.0, 0.0, 0.0, 1.4744372732235171, 0.0, 0, 0], [0.0, 0.0, 0, 0.0, 0.0, 0.0, 0.9377153162116783, 0.0, 0, 0], [0.0, 0.0, 0, 0.0, 0.0, 0.0, 0, 0.0, 0, 0], [0.0, 0.0, 0, 0.0, 0.0, 0.0, 0.10959111178293401, 0.0, 0, 0], [0.0, 0.0, 0, 0.0, 0.0, 0.0, 0, 0.0, 0, 0], [0.0, 0.0, 1.4821253117678181, 0.0, 0.0, 0.0, 1.2368616632655633, 0.0, 0, 0], [0.0, 0.0, 0.8, 0.0, 0.0, 0.0, 3.1916666666666664, 0.0, 0.0, 0.0], [0.0, 0.0, 0, 0.0, 0.0, 0.0, 0, 0.0, 0, 0], [0.0, 0.0, 1.5706666666666667, 0.0, 0.0, 0.0, 1.4738888888888888, 0.0, 0, 0], [0.0, 0.0, 0, 0.0, 0.0, 0.0, 0, 0.0, 0, 0], [0.0, 0.0, 0.4856725534457576, 0.0, 0.0, 0.0, 0.39031669101049027, 0.0, 0, 0], [0.0, 0.0, 0.7548387096774194, 0.0, 0.0, 0.0, 0.4478494623655911, 0.0, 0, 0], [0.0, 0.0, 1.6, 0.0, 0.0, 0.0, 2.3833333333333333, 0.0, 0.0, 0.0], [0.0, 0.0, 0, 0.0, 0.0, 0.0, 0, 0.0, 0, 0], [0.0, 0.0, 0.5745413842422735, 0.0, 0.0, 0.0, 0, 0.0, 0, 0], [0.0, 0.0, 0, 0.0, 0.0, 0.0, 0, 0.0, 0, 0], [0.0, 0.0, 0, 0.0, 0.0, 0.0, 0, 0.0, 0, 0], [0.0, 0.0, 1.5013618556059947, 0.0, 0.0, 0.0, 1.9171506747092841, 0.0, 0, 0], [0.0, 0.0, 0, 0.0, 0.0, 0.0, 0.7426370999867222, 0.0, 0, 0], [0.0, 0.0, 0.0, 0.0, 0.0, 0.0, 0.11408843447085437, 0.0, 0, 0], [0.0, 0.0, 0.5679414314613236, 0.0, 0.0, 0.0, 0.1773400122017792, 0.0, 0, 0], [0.0, 0.0, 0.6734225989789038, 0.0, 0.0, 0.0, 1.8406287127123269, 0.0, 0, 0]],