{"virus": "nl63", "subtype": null, "gene": "nucleocapsid", "window": 3, "min_seqs": 2, "midfreq_high": 0.75, "midfreq_low": 0.15, "window_midpoint": [1988.5, 1989.5, 1990.5, 1991.5, 2000.5, 2001.5, 2002.5, 2003.5, 2004.5, 2005.5, 2006.5, 2007.5, 2008.5, 2009.5, 2010.5, 2011.5, 2012.5, 2013.5, 2014.5, 2015.5, 2016.5, 2017.5], "adaptive_substitutions": [0.0, 0.0, 0.0, 0.0, 0.0, 0.0, 0.0, 0.0, 0.0, 0.0, 0.0, 1.0, 1.0, 0.9716550116550117, 0.9557818181818182, 0.0, 0.0, 0.0, 0.778909090909091, 0.7894372294372295, 0.8157575757575758, 0.8299300699300699], "adaptive_substitutions_per_codon": [0.0, 0.0, 0.0, 0.0, 0.0, 0.0, 0.0, 0.0, 0.0, 0.0, 0.0, 0.0026455026455026454, 0.0026455026455026454, 0.0025705159038492374, 0.0025285233285233283, 0.0, 0.0, 0.0, 0.002060606060606061, 0.0020884582789344698, 0.0021580888247554916, 0.0021955821955821956], "rate_of_adaptation": 7.469349292425249e-05}