{"virus": "nl63", "subtype": null, "gene": "s2", "window": 3, "min_seqs": 2, "midfreq_high": 0.75, "midfreq_low": 0.15, "window_midpoint": [1988.5, 1989.5, 1990.5, 1991.5, 2000.5, 2001.5, 2002.5, 2004.5, 2005.5, 2006.5, 2007.5, 2008.5, 2009.5, 2010.5, 2011.5, 2013.5, 2014.5, 2015.5, 2016.5, 2017.5], "adaptive_substitutions": [0.0, 0.0, 0.0, 0.0, 0.0, 0.0, 0.0, 0.736840356461699, 0.736840356461699, 0.0, 0.5788914067743672, 0.5788914067743672, 0.5788914067743672, 0.5788914067743672, 0.5788914067743672, 2.263059961855143, 0.766895807958016, 0.6390687642224402, 0.6036859550072063, 0.5076901486742532], "adaptive_substitutions_per_codon": [0.0, 0.0, 0.0, 0.0, 0.0, 0.0, 0.0, 0.0012119084810225313, 0.0012119084810225313, 0.0, 0.0009521240242999461, 0.0009521240242999461, 0.0009521240242999461, 0.0009521240242999461, 0.0009521240242999461, 0.003722138095156485, 0.0012613417894046317, 0.0010510999411553292, 0.0009929045312618526, 0.0008350166918984428], "rate_of_adaptation": 5.7767926079377495e-05}