{"virus": "nl63", "subtype": null, "gene": "S1", "window": 5, "min_seqs": 3, "midfreq_high": 0.75, "midfreq_low": 0.15, "window_midpoint": [1987.5, 1988.5, 1989.5, 1990.5, 1991.5, 1992.5, 1999.5, 2000.5, 2001.5, 2002.5, 2003.5, 2004.5, 2005.5, 2006.5, 2007.5, 2008.5, 2009.5, 2010.5, 2011.5, 2012.5, 2013.5, 2014.5, 2015.5, 2016.5, 2017.5, 2018.5], "adaptive_substitutions": [0.0, 0.0, 0.0, 0.0, 0.0, 0.0, 1.0, 1.0, 1.0, 2.6, 3.30718954248366, 1.8333333333333335, 3.4633333333333334, 3.5768292682926828, 3.569444444444444, 8.74106523197154, 8.77428886902571, 7.859217638691322, 3.9857142857142858, 3.9066666666666667, 2.8823529411764706, 2.78, 2.7708333333333335, 2.8166666666666664, 2.7884615384615383, 3.6554878048780486], "adaptive_substitutions_per_codon": [0.0, 0.0, 0.0, 0.0, 0.0, 0.0, 0.0013623978201634877, 0.0013623978201634877, 0.0013623978201634877, 0.0035422343324250684, 0.00450570782354722, 0.002497729336966394, 0.0047184377838328795, 0.0048730643982189134, 0.004863003330305782, 0.011908808217944877, 0.011954072028645383, 0.010707380979143491, 0.005430128454651615, 0.005322434150772025, 0.003926911364000641, 0.0037874659400544955, 0.003774977293369664, 0.0038374205267938236, 0.0037989939216097252, 0.004980228617000066], "rate_of_adaptation": 0.0002222074595197214}