{"virus": "nl63", "subtype": null, "gene": "S1", "window": 3, "min_seqs": 2, "midfreq_high": 0.75, "midfreq_low": 0.15, "window_midpoint": [1988.5, 1989.5, 1990.5, 1991.5, 2000.5, 2001.5, 2002.5, 2003.5, 2004.5, 2005.5, 2006.5, 2007.5, 2008.5, 2009.5, 2010.5, 2011.5, 2012.5, 2013.5, 2014.5, 2015.5, 2016.5, 2017.5, 2018.5, 2019.5], "adaptive_substitutions": [0.0, 0.0, 0.0, 0.0, 1.0, 1.0, 1.0, 3.0, 3.4125, 1.8333333333333335, 3.4783549783549783, 9.875, 8.522727272727273, 8.006240084611317, 7.282494758909854, 8.869053803339517, 4.793333333333333, 3.774193548387097, 2.8378378378378377, 2.6666666666666665, 4.119565217391305, 2.8529411764705883, 3.8181818181818183, 3.862068965517241], "adaptive_substitutions_per_codon": [0.0, 0.0, 0.0, 0.0, 0.0013623978201634877, 0.0013623978201634877, 0.0013623978201634877, 0.004087193460490463, 0.004649182561307902, 0.002497729336966394, 0.004738903240265638, 0.01345367847411444, 0.011611345058211544, 0.010907684038979995, 0.00992165498489081, 0.012083179568582448, 0.006530426884650317, 0.00514195306319768, 0.0038662640842477354, 0.0036330608537693005, 0.005612486672195238, 0.0038868408398781856, 0.005201882586078772, 0.005261674339941746], "rate_of_adaptation": 0.00023659963757873318}