{"virus": "nl63", "subtype": null, "gene": "s1", "window": 3, "min_seqs": 2, "midfreq_high": 0.75, "midfreq_low": 0.15, "window_midpoint": [1988.5, 1989.5, 1990.5, 1991.5, 2000.5, 2001.5, 2002.5, 2003.5, 2004.5, 2005.5, 2006.5, 2007.5, 2008.5, 2009.5, 2010.5, 2011.5, 2012.5, 2013.5, 2014.5, 2015.5, 2016.5, 2017.5], "adaptive_substitutions": [0.0, 0.0, 0.0, 0.0, 2.0, 2.0, 2.0, 3.0, 3.4000000000000004, 3.4000000000000004, 3.631578947368421, 11.389328063241106, 9.522727272727273, 9.006240084611317, 8.282494758909854, 5.7727272727272725, 5.793333333333333, 4.793103448275862, 3.3390092879256965, 4.7, 5.657894736842105, 4.076923076923077], "adaptive_substitutions_per_codon": [0.0, 0.0, 0.0, 0.0, 0.0009082652134423251, 0.0009082652134423251, 0.0009082652134423251, 0.0013623978201634877, 0.001544050862851953, 0.001544050862851953, 0.0016492184138821166, 0.005172265242162174, 0.004324580959458344, 0.004090027286381161, 0.003761350935018099, 0.002621583684253984, 0.0026309415682712685, 0.00217670456324971, 0.0015163529917918694, 0.0021344232515894644, 0.0025694344853960513, 0.0018514637043247396], "rate_of_adaptation": 0.0001077854292197421}