{"virus": "nl63", "subtype": null, "gene": "replicase1ab", "window": 3, "min_seqs": 2, "midfreq_high": 0.75, "midfreq_low": 0.15, "window_midpoint": [1988.5, 1989.5, 1990.5, 1991.5, 2000.5, 2001.5, 2002.5, 2004.5, 2005.5, 2006.5, 2007.5, 2008.5, 2009.5, 2010.5, 2011.5, 2014.5, 2015.5, 2016.5, 2017.5], "adaptive_substitutions": [0.0, 0.0, 0.0, 0.0, 2.7410511025486413, 2.7410511025486413, 3.7764254587597335, 5.323271610721842, 5.323271610721842, 5.050431983117998, 3.7764254587597335, 3.670573946809101, 10.40010056487841, 10.77041699987598, 19.441063646899334, 4.332633415584359, 6.347733677732777, 6.603638431899142, 5.610737393996672], "adaptive_substitutions_per_codon": [0.0, 0.0, 0.0, 0.0, 0.00040728842534155143, 0.00040728842534155143, 0.0005611330547934225, 0.000790976465188981, 0.000790976465188981, 0.0007504356587099552, 0.0005611330547934225, 0.0005454047469255722, 0.001545334407857119, 0.0016003591381687934, 0.002888716738023675, 0.0006437791107851945, 0.0009431996549380056, 0.0009812241354976436, 0.0008336905488850924], "rate_of_adaptation": 4.779340820732479e-05}