{"virus": "nl63", "subtype": null, "gene": "s1", "window": 3, "min_seqs": 2, "midfreq_high": 0.75, "midfreq_low": 0.15, "window_midpoint": [1988.5, 1989.5, 1990.5, 1991.5, 2000.5, 2001.5, 2002.5, 2003.5, 2004.5, 2005.5, 2006.5, 2007.5, 2008.5, 2009.5, 2010.5, 2011.5, 2012.5, 2013.5, 2014.5, 2015.5, 2016.5, 2017.5], "adaptive_substitutions": [0.0, 0.0, 0.0, 0.0, 2.0, 2.0, 2.0, 3.0, 3.4000000000000004, 3.4000000000000004, 3.631578947368421, 11.389328063241106, 9.522727272727273, 9.006240084611317, 8.282494758909854, 5.7727272727272725, 5.793333333333333, 4.793103448275862, 3.3390092879256965, 4.7, 5.657894736842105, 4.076923076923077], "adaptive_substitutions_per_codon": [0.0, 0.0, 0.0, 0.0, 0.0027247956403269754, 0.0027247956403269754, 0.0027247956403269754, 0.004087193460490463, 0.004632152588555859, 0.004632152588555859, 0.00494765524164635, 0.01551679572648652, 0.012973742878375032, 0.012270081859143484, 0.011284052805054297, 0.007864751052761952, 0.007892824704813806, 0.006530113689749131, 0.004549058975375608, 0.006403269754768392, 0.007708303456188155, 0.005554391112974219], "rate_of_adaptation": 0.0003233562876592263}