{"virus": "nl63", "subtype": null, "gene": "Spike", "window": 3, "min_seqs": 2, "midfreq_high": 0.75, "midfreq_low": 0.15, "window_midpoint": [1988.5, 1989.5, 1990.5, 1991.5, 2000.5, 2001.5, 2002.5, 2004.5, 2005.5, 2006.5, 2007.5, 2008.5, 2009.5, 2010.5, 2011.5, 2013.5, 2014.5, 2015.5, 2016.5, 2017.5, 2018.5, 2019.5], "adaptive_substitutions": [0.0, 0.0, 0.0, 0.0, 0.6225881333556469, 0.6225881333556469, 0.6225881333556469, 3.8627078860902224, 2.3671528533525574, 2.3395763822415603, 2.777952273479487, 2.537458293449364, 6.535879180765262, 5.652510009176655, 10.056187440174046, 2.3204700445634496, 1.6072653441178155, 3.5614711456642234, 0.9245176266711294, 1.727360875806206, 2.679058466744764, 5.886374433858961], "adaptive_substitutions_per_codon": [0.0, 0.0, 0.0, 0.0, 0.00045879744536156733, 0.00045879744536156733, 0.00045879744536156733, 0.0028465054429552116, 0.0017444015131559008, 0.0017240798690063082, 0.0020471276886363204, 0.0018699029428514103, 0.004816417966665631, 0.00416544584316629, 0.007410602387748008, 0.001710000032839683, 0.0011844254562401, 0.0026245181618748882, 0.0006812952296765876, 0.001272926216511574, 0.001974250896643157, 0.0043377851391738845], "rate_of_adaptation": 0.0001039818241934072}