{"virus": "nl63", "subtype": null, "gene": "S2", "window": 3, "min_seqs": 2, "midfreq_high": 0.75, "midfreq_low": 0.15, "window_midpoint": [1988.5, 1989.5, 1990.5, 1991.5, 2000.5, 2001.5, 2002.5, 2004.5, 2005.5, 2006.5, 2007.5, 2008.5, 2009.5, 2010.5, 2011.5, 2013.5, 2014.5, 2015.5, 2016.5, 2017.5, 2018.5, 2019.5], "adaptive_substitutions": [0.0, 0.0, 0.0, 0.0, 0.0, 0.0, 0.0, 0.7371076530883212, 0.0, 0.0, 0.5396462902968826, 0.5874448988262786, 0.5874448988262786, 0.5874448988262786, 0.5874448988262786, 1.9775801764754974, 0.7318654266103913, 0.6675341228955335, 0.6503266238249509, 0.5065549459303775, 0.7937224494131393, 0.7937224494131393], "adaptive_substitutions_per_codon": [0.0, 0.0, 0.0, 0.0, 0.0, 0.0, 0.0, 0.0012123481136321072, 0.0, 0.0, 0.0008875761353567148, 0.0009661922678063792, 0.0009661922678063792, 0.0009661922678063792, 0.0009661922678063792, 0.0032525989744662787, 0.0012037260306091962, 0.0010979179652887063, 0.0010696161576068271, 0.0008331495821223315, 0.0013054645549558212, 0.0013054645549558212], "rate_of_adaptation": 5.4129637438271285e-05}