{"virus": "norovirus", "subtype": null, "gene": "NTPase", "window": 3, "min_seqs": 2, "midfreq_high": 0.75, "midfreq_low": 0.15, "window_midpoint": [1975.5, 1977.5, 1978.5, 1979.5, 1986.5, 1987.5, 1988.5, 1989.5, 2003.5, 2004.5, 2005.5, 2006.5, 2007.5, 2008.5, 2009.5, 2010.5, 2011.5, 2012.5, 2013.5, 2014.5, 2015.5, 2016.5, 2017.5], "adaptive_substitutions": [0.0, 0.0, 0.0, 0.0, 4.6591432780542945, 4.778340063590479, 4.778340063590479, 4.642623874064167, 9.102891612218773, 9.102891612218773, 9.19552881296712, 9.701021766488136, 9.396060735493883, 9.813631655859558, 9.688071927680145, 9.197555588637659, 6.513017879322082, 3.9270778932825254, 4.413745319499293, 4.364106821895144, 2.8623840119716064, 2.5786766276922894, 4.888835067500098], "adaptive_substitutions_per_codon": [0.0, 0.0, 0.0, 0.0, 0.012729899666815012, 0.01305557394423628, 0.01305557394423628, 0.01268476468323543, 0.02487128855797479, 0.02487128855797479, 0.02512439566384459, 0.026505523952153377, 0.025672297091513342, 0.026813201245517917, 0.0264701418789075, 0.025129933302288687, 0.017795130817819898, 0.01072972101989761, 0.0120594134412549, 0.01192378913086105, 0.007820721344184716, 0.00704556455653631, 0.013357472862022126], "rate_of_adaptation": 0.0003726541015892298}