{"virus": "norovirus", "subtype": null, "gene": "rdrp", "window": 5, "min_seqs": 3, "midfreq_high": 0.75, "midfreq_low": 0.15, "window_midpoint": [1976.5, 1977.5, 1978.5, 1979.5, 1985.5, 1986.5, 1987.5, 1988.5, 1989.5, 1990.5, 2002.5, 2003.5, 2004.5, 2005.5, 2006.5, 2007.5, 2008.5, 2009.5, 2010.5, 2011.5, 2012.5, 2013.5, 2014.5, 2015.5, 2016.5], "adaptive_substitutions": [0.0, 0.0, 0.0, 0.0, 7.699691200549203, 7.780457181260382, 7.780457181260382, 7.780457181260382, 7.780457181260382, 8.459815011366203, 10.697043902357127, 10.697043902357127, 10.198367551453165, 11.540332012100428, 9.927726102633015, 11.32701196735599, 10.079080344070405, 8.79071706410351, 7.041350857783998, 6.912995047972739, 6.564793884631722, 6.280555251060661, 5.879308619304453, 3.9968263827662516, 4.182954337682142], "adaptive_substitutions_per_codon": [0.0, 0.0, 0.0, 0.0, 0.015097433726567064, 0.0152557983946282, 0.0152557983946282, 0.0152557983946282, 0.0152557983946282, 0.01658787257130628, 0.02097459588697476, 0.02097459588697476, 0.019996799120496404, 0.022628101984510644, 0.019466129613005912, 0.02220982738697253, 0.019762902635432168, 0.017236700125693158, 0.013806570309380388, 0.01355489225092694, 0.012872144871826906, 0.012314814217766002, 0.011528056116283242, 0.007836914476012258, 0.008201871250357142], "rate_of_adaptation": 0.00025732718479512095}