{"virus": "norovirus", "subtype": null, "gene": "VP1", "window": 5, "min_seqs": 3, "midfreq_high": 0.75, "midfreq_low": 0.15, "window_midpoint": [1976.5, 1977.5, 1978.5, 1979.5, 1985.5, 1986.5, 1987.5, 1988.5, 1989.5, 1990.5, 2002.5, 2003.5, 2004.5, 2005.5, 2006.5, 2007.5, 2008.5, 2009.5, 2010.5, 2011.5, 2012.5, 2013.5, 2014.5, 2015.5, 2016.5], "adaptive_substitutions": [0.0, 0.0, 0.0, 0.0, 5.606815415668607, 5.747113904514875, 5.747113904514875, 5.747113904514875, 5.747113904514875, 5.7408620401250925, 12.620417248302674, 12.620417248302674, 20.272036652681344, 21.335737070409614, 27.891697839397843, 31.618545609463403, 29.119088705635043, 26.857023336607025, 25.639893488910193, 25.343858242730846, 29.370272984689215, 33.54317721367836, 35.10129225113978, 36.37925615428168, 36.00945258062499], "adaptive_substitutions_per_codon": [0.0, 0.0, 0.0, 0.0, 0.010363799289590771, 0.010623131061949861, 0.010623131061949861, 0.010623131061949861, 0.010623131061949861, 0.010611574935536215, 0.02332794315767592, 0.02332794315767592, 0.037471417102923, 0.039437591627374514, 0.051555818557112464, 0.05844463144078263, 0.05382456322668215, 0.04964329637080781, 0.047393518463789634, 0.046846318378430396, 0.05428885949110761, 0.06200217599570862, 0.06488224075996263, 0.06724446608924524, 0.06656091050023102], "rate_of_adaptation": 0.001725295518697124}