{"virus": "oc43", "subtype": "a", "gene": "he", "window": 3, "min_seqs": 2, "midfreq_high": 0.75, "midfreq_low": 0.15, "window_midpoint": [1991.5, 1992.5, 1995.5, 1996.5, 1997.5, 1998.5, 1999.5, 2000.5, 2003.5, 2004.5, 2005.5, 2010.5, 2011.5, 2012.5, 2014.5, 2015.5, 2016.5, 2017.5], "adaptive_substitutions": [0.0, 0.0, 3.6824324324324325, 3.6824324324324325, 4.233952702702703, 3.5236486486486487, 3.5236486486486487, 3.206081081081081, 3.888513513513513, 3.888513513513513, 3.888513513513513, 3.364864864864865, 3.364864864864865, 3.364864864864865, 6.667018581081081, 6.403603603603603, 6.223348348348349, 6.1999385749385745], "adaptive_substitutions_per_codon": [0.0, 0.0, 0.008664546899841018, 0.008664546899841018, 0.009962241653418124, 0.00829093799682035, 0.00829093799682035, 0.007543720190779014, 0.009149443561208266, 0.009149443561208266, 0.009149443561208266, 0.007917329093799682, 0.007917329093799682, 0.007917329093799682, 0.01568710254372019, 0.01506730259671436, 0.014643172584349056, 0.014588090764561351], "rate_of_adaptation": 0.00038528170435500765}