{"virus": "oc43", "subtype": "b", "gene": "s1", "window": 3, "min_seqs": 2, "midfreq_high": 0.75, "midfreq_low": 0.15, "window_midpoint": [1988.5, 1989.5, 1990.5, 1991.5, 1992.5, 1993.5, 1994.5, 1995.5, 1996.5, 1997.5, 1998.5, 2000.5, 2001.5, 2002.5, 2003.5, 2004.5, 2005.5, 2006.5, 2007.5, 2008.5, 2009.5, 2010.5, 2011.5, 2012.5, 2013.5, 2014.5, 2015.5, 2016.5, 2017.5], "adaptive_substitutions": [0.0, 0.0, 0.0, 0.0, 0.0, 0.0, 0.75, 0.0, 0.0, 0.0, 0.0, 0.0, 0.0, 0.16666666666666666, 1.25, 0.5, 0.6666666666666666, 24.75, 34.0, 35.46153846153846, 34.64705882352941, 34.611111111111114, 34.160714285714285, 33.07142857142857, 34.28676470588235, 34.31074168797954, 34.40540540540541, 34.04, 33.976190476190474], "adaptive_substitutions_per_codon": [0.0, 0.0, 0.0, 0.0, 0.0, 0.0, 0.00099601593625498, 0.0, 0.0, 0.0, 0.0, 0.0, 0.0, 0.00022133687472332888, 0.0016600265604249668, 0.0006640106241699867, 0.0008853474988933155, 0.03286852589641434, 0.0451527224435591, 0.04709367657574828, 0.04601203031013202, 0.04596429098421131, 0.04536615442989945, 0.04391955985581483, 0.04553355206624482, 0.04556539400794095, 0.04569110943612936, 0.0452058432934927, 0.04512110289002719], "rate_of_adaptation": 0.00214433545365119}