{"virus": "oc43", "subtype": "a", "gene": "nucleocapsid", "window": 3, "min_seqs": 2, "midfreq_high": 0.75, "midfreq_low": 0.15, "window_midpoint": [1991.5, 1992.5, 1995.5, 1996.5, 1997.5, 1998.5, 1999.5, 2000.5, 2003.5, 2004.5, 2005.5, 2014.5, 2015.5, 2016.5, 2017.5], "adaptive_substitutions": [0.0, 0.0, 2.6043165467625897, 2.6043165467625897, 3.985611510791367, 2.5251798561151078, 3.176258992805755, 3.446043165467626, 5.366906474820144, 5.366906474820144, 5.366906474820144, 6.9753340184994865, 7.046485888212507, 7.057553956834532, 7.2086330935251794], "adaptive_substitutions_per_codon": [0.0, 0.0, 0.005800259569627149, 0.005800259569627149, 0.008876640335838234, 0.005624008588229638, 0.007074073480636426, 0.007674929099037028, 0.01195302110204932, 0.01195302110204932, 0.01195302110204932, 0.015535265074609101, 0.01569373249045102, 0.01571838297735976, 0.016054862123664096], "rate_of_adaptation": 0.000575761337447231}