{"virus": "oc43", "subtype": "a", "gene": "s1", "window": 3, "min_seqs": 2, "midfreq_high": 0.75, "midfreq_low": 0.15, "window_midpoint": [1991.5, 1992.5, 1995.5, 1996.5, 1997.5, 1998.5, 1999.5, 2000.5, 2001.5, 2002.5, 2003.5, 2004.5, 2005.5, 2006.5, 2007.5, 2008.5, 2009.5, 2010.5, 2011.5, 2012.5, 2013.5, 2014.5, 2015.5, 2016.5, 2017.5], "adaptive_substitutions": [0.0, 0.0, 5.0, 5.75, 6.0, 5.5, 8.5, 10.0, 6.5, 6.5, 15.5, 17.75, 17.833333333333332, 22.607142857142858, 22.794117647058822, 21.453488372093023, 24.983870967741936, 22.945945945945947, 22.455555555555556, 23.353658536585364, 23.42105263157895, 31.982456140350877, 32.0, 33.94736842105263, 39.01282051282051], "adaptive_substitutions_per_codon": [0.0, 0.0, 0.002213368747233289, 0.0025453740593182825, 0.0026560424966799467, 0.002434705621956618, 0.0037627268702965914, 0.004426737494466578, 0.002877379371403276, 0.002877379371403276, 0.006861443116423196, 0.007857459052678177, 0.00789434853179873, 0.010007588692847657, 0.010090357524151758, 0.009496896136384693, 0.011059703836981821, 0.01015756792649223, 0.009940484973685505, 0.010338051587687191, 0.010367885184408565, 0.014157793776162407, 0.01416555998229305, 0.015027608862794436, 0.01726995153289974], "rate_of_adaptation": 0.000622191074993634}