{"virus": "oc43", "subtype": "A", "gene": "RdRp", "window": 3, "min_seqs": 2, "midfreq_high": 0.75, "midfreq_low": 0.15, "window_midpoint": [1990.5, 1991.5, 1992.5, 1995.5, 1996.5, 1997.5, 1998.5, 1999.5, 2000.5, 2001.5, 2002.5, 2003.5, 2004.5, 2005.5, 2006.5, 2007.5, 2008.5, 2009.5, 2010.5, 2011.5, 2012.5, 2013.5, 2014.5, 2015.5, 2016.5, 2017.5, 2018.5, 2019.5], "adaptive_substitutions": [0.0, 0.0, 0.0, 0.0, 0.0, 0.0, 0.0, 0.0, 0.0, 0.0, 0.0, 0.0, 0.0, 0.0, 0.0, 0.6448174369580781, 0.795760082730093, 0.0, 0.625129265770424, 0.7606302086501612, 0.8457725635630996, 0.9286452947259566, 0.8500517063081696, 0.8392883523626617, 0.8183947829390288, 0.8128231644260601, 0.8296207272422371, 0.9048603929679421], "adaptive_substitutions_per_codon": [0.0, 0.0, 0.0, 0.0, 0.0, 0.0, 0.0, 0.0, 0.0, 0.0, 0.0, 0.0, 0.0, 0.0, 0.0, 0.0006948463760324117, 0.0008575000891488071, 0.0, 0.0006736306743215777, 0.0008196446213902599, 0.0009113928486671332, 0.001000695360696074, 0.000916003993866562, 0.0009044055521149373, 0.0008818909298911948, 0.0008758870306315302, 0.000893987852631721, 0.000975065078629248], "rate_of_adaptation": 4.348360015346514e-05}