{"virus": "oc43", "subtype": "b", "gene": "s2", "window": 3, "min_seqs": 2, "midfreq_high": 0.75, "midfreq_low": 0.15, "window_midpoint": [1984.5, 1986.5, 1987.5, 1988.5, 1989.5, 1990.5, 1991.5, 1992.5, 1993.5, 1994.5, 1995.5, 1996.5, 1997.5, 1998.5, 2000.5, 2001.5, 2002.5, 2003.5, 2004.5, 2005.5, 2006.5, 2007.5, 2008.5, 2009.5, 2010.5, 2011.5, 2012.5, 2013.5, 2015.5, 2016.5, 2017.5], "adaptive_substitutions": [0.0, 0.0, 0.0, 0.0, 0.0, 0.0, 0.0, 1.8363171355498722, 1.8363171355498722, 1.0, 1.0, 1.0, 0.8363171355498722, 0.7544757033248082, 0.7544757033248082, 0.7544757033248082, 1.0, 1.0, 1.0, 1.0, 1.4021739130434783, 1.6726342710997444, 2.5907928388746804, 1.565856777493606, 1.5959079283887467, 1.656010230179028, 1.7544757033248082, 1.7544757033248082, 2.5907928388746804, 2.5907928388746804, 2.5907928388746804], "adaptive_substitutions_per_codon": [0.0, 0.0, 0.0, 0.0, 0.0, 0.0, 0.0, 0.0030810690193789803, 0.0030810690193789803, 0.0016778523489932886, 0.0016778523489932886, 0.0016778523489932886, 0.0014032166703856915, 0.0012658988310818929, 0.0012658988310818929, 0.0012658988310818929, 0.0016778523489932886, 0.0016778523489932886, 0.0016778523489932886, 0.0016778523489932886, 0.002352640793697111, 0.002806433340771383, 0.004346967850460873, 0.0026272764723047084, 0.0026776978664240715, 0.0027785406546627987, 0.0029437511800751814, 0.0029437511800751814, 0.004346967850460873, 0.004346967850460873, 0.004346967850460873], "rate_of_adaptation": 0.000120061214166286}