{"virus": "oc43", "subtype": "B", "gene": "S1", "window": 5, "min_seqs": 3, "midfreq_high": 0.75, "midfreq_low": 0.15, "window_midpoint": [1985.5, 1986.5, 1987.5, 1988.5, 1989.5, 1990.5, 1991.5, 1992.5, 1993.5, 1994.5, 1995.5, 1996.5, 1997.5, 1998.5, 1999.5, 2000.5, 2001.5, 2002.5, 2003.5, 2004.5, 2005.5, 2006.5, 2007.5, 2008.5, 2009.5, 2010.5, 2011.5, 2012.5, 2013.5, 2014.5, 2015.5, 2016.5], "adaptive_substitutions": [0.0, 0.0, 0.0, 0.0, 0.0, 1.0, 1.0, 1.0, 1.0, 1.0, 1.0, 1.0, 1.0, 2.0, 2.0, 2.0, 2.1, 2.1, 3.7, 4.75, 28.083333333333325, 32.249999999999986, 36.47058823529411, 39.875, 39.8170731707317, 39.72727272727273, 39.65909090909091, 39.33309178743961, 39.03290322580646, 39.32236842105263, 39.049572649572646, 39.041304347826085], "adaptive_substitutions_per_codon": [0.0, 0.0, 0.0, 0.0, 0.0, 0.0013280212483399733, 0.0013280212483399733, 0.0013280212483399733, 0.0013280212483399733, 0.0013280212483399733, 0.0013280212483399733, 0.0013280212483399733, 0.0013280212483399733, 0.0026560424966799467, 0.0026560424966799467, 0.0026560424966799467, 0.0027888446215139444, 0.0027888446215139444, 0.004913678618857902, 0.0063081009296148734, 0.03729526339088091, 0.042828685258964126, 0.04843371611592843, 0.05295484727755644, 0.05287791921743918, 0.05275866232041531, 0.052668115417119396, 0.052235181656626314, 0.05183652486826887, 0.052220940798210665, 0.05185866221722795, 0.051847681736820826], "rate_of_adaptation": 0.0022294370082269316}