{"virus": "oc43", "subtype": "b", "gene": "s1", "window": 3, "min_seqs": 2, "midfreq_high": 0.75, "midfreq_low": 0.15, "window_midpoint": [1988.5, 1989.5, 1990.5, 1991.5, 1992.5, 1993.5, 1994.5, 1995.5, 1996.5, 1997.5, 1998.5, 2000.5, 2001.5, 2002.5, 2003.5, 2004.5, 2005.5, 2006.5, 2007.5, 2008.5, 2009.5, 2010.5, 2011.5, 2012.5, 2013.5, 2014.5, 2015.5, 2016.5, 2017.5], "adaptive_substitutions": [0.0, 0.0, 0.0, 0.0, 0.0, 0.0, 0.75, 0.0, 0.0, 0.0, 0.0, 0.0, 0.0, 0.16666666666666666, 1.25, 0.5, 0.6666666666666666, 24.75, 34.0, 35.46153846153846, 34.64705882352941, 34.611111111111114, 34.160714285714285, 33.07142857142857, 34.28676470588235, 34.31074168797954, 34.40540540540541, 34.04, 33.976190476190474], "adaptive_substitutions_per_codon": [0.0, 0.0, 0.0, 0.0, 0.0, 0.0, 0.00033200531208499334, 0.0, 0.0, 0.0, 0.0, 0.0, 0.0, 7.377895824110963e-05, 0.0005533421868083222, 0.0002213368747233289, 0.0002951158329644385, 0.010956175298804782, 0.015050907481186366, 0.015697892191916096, 0.015337343436710674, 0.015321430328070436, 0.015122051476633149, 0.014639853285271611, 0.015177850688748273, 0.01518846466931365, 0.01523036981204312, 0.015068614431164232, 0.015040367630009063], "rate_of_adaptation": 0.0007147784845503968}