{"virus": "oc43", "subtype": "a", "gene": "s1", "window": 3, "min_seqs": 2, "midfreq_high": 0.75, "midfreq_low": 0.15, "window_midpoint": [1991.5, 1992.5, 1995.5, 1996.5, 1997.5, 1998.5, 1999.5, 2000.5, 2001.5, 2002.5, 2003.5, 2004.5, 2005.5, 2006.5, 2007.5, 2008.5, 2009.5, 2010.5, 2011.5, 2012.5, 2013.5, 2014.5, 2015.5, 2016.5, 2017.5], "adaptive_substitutions": [0.0, 0.0, 5.0, 5.75, 6.0, 5.5, 8.5, 10.0, 6.5, 6.5, 15.5, 17.75, 17.833333333333332, 22.607142857142858, 22.794117647058822, 21.453488372093023, 24.983870967741936, 22.945945945945947, 22.455555555555556, 23.353658536585364, 23.42105263157895, 31.982456140350877, 32.0, 33.94736842105263, 39.01282051282051], "adaptive_substitutions_per_codon": [0.0, 0.0, 0.006640106241699867, 0.0076361221779548474, 0.00796812749003984, 0.0073041168658698535, 0.011288180610889775, 0.013280212483399735, 0.008632138114209827, 0.008632138114209827, 0.020584329349269587, 0.02357237715803453, 0.02368304559539619, 0.03002276607854297, 0.030271072572455277, 0.028490688409154082, 0.033179111510945464, 0.03047270377947669, 0.029821454921056516, 0.03101415476306157, 0.031103655553225695, 0.04247338132848722, 0.04249667994687915, 0.04508282658838331, 0.05180985459869922], "rate_of_adaptation": 0.001866573224980902}