{"virus": "oc43", "subtype": "A", "gene": "S1", "window": 3, "min_seqs": 2, "midfreq_high": 0.75, "midfreq_low": 0.15, "window_midpoint": [1991.5, 1992.5, 1995.5, 1996.5, 1997.5, 1998.5, 1999.5, 2000.5, 2001.5, 2002.5, 2003.5, 2004.5, 2005.5, 2006.5, 2007.5, 2008.5, 2009.5, 2010.5, 2011.5, 2012.5, 2013.5, 2014.5, 2015.5, 2016.5, 2017.5, 2018.5, 2019.5], "adaptive_substitutions": [0.0, 0.0, 5.0, 5.720268872802482, 5.976215098241986, 5.476215098241986, 8.357290589451914, 9.881075491209927, 6.476215098241986, 6.476215098241986, 15.143226473629783, 17.48603929679421, 15.588417786970012, 20.76446951065845, 20.90466600835076, 21.023881851085832, 23.014780437359697, 21.495992761116852, 22.471142290170206, 24.292538381990298, 24.335606256463286, 32.36753177436033, 32.388577513387325, 32.08806001849674, 31.875465350070606, 33.1582465234446, 20.436622839414984], "adaptive_substitutions_per_codon": [0.0, 0.0, 0.006640106241699867, 0.007596638609299444, 0.00793654063511552, 0.007272530010945533, 0.011098659481343844, 0.013122278208778124, 0.008600551259285506, 0.008600551259285506, 0.020110526525404758, 0.02322183173545048, 0.02070175004909696, 0.027575656720661954, 0.027761840648540183, 0.027920161820831117, 0.030564117446692823, 0.028547135140925436, 0.029842154435817007, 0.03226100714739747, 0.032318202199818444, 0.04298476995266976, 0.04301271914128463, 0.04261362552257203, 0.04233129528561833, 0.04403485594082949, 0.027140269375053098], "rate_of_adaptation": 0.0016119526392438502}