{"virus": "oc43", "subtype": "B", "gene": "S1", "window": 3, "min_seqs": 2, "midfreq_high": 0.75, "midfreq_low": 0.15, "window_midpoint": [1984.5, 1986.5, 1987.5, 1988.5, 1989.5, 1990.5, 1991.5, 1992.5, 1993.5, 1994.5, 1995.5, 1996.5, 1997.5, 1998.5, 2000.5, 2001.5, 2002.5, 2003.5, 2004.5, 2005.5, 2006.5, 2007.5, 2008.5, 2009.5, 2010.5, 2011.5, 2012.5, 2013.5, 2014.5, 2015.5, 2016.5, 2017.5], "adaptive_substitutions": [0.0, 0.0, 0.0, 0.0, 1.0, 1.0, 1.0, 1.0, 1.0, 1.75, 1.0, 1.0, 2.0, 2.0, 2.0, 2.0, 4.375, 3.166666666666667, 3.75, 3.5, 31.000000000000014, 39.1, 40.64285714285714, 39.916666666666664, 39.81578947368421, 39.203125, 37.0, 39.336257309941516, 38.50639386189258, 39.486842105263165, 37.297766749379655, 38.79166666666667], "adaptive_substitutions_per_codon": [0.0, 0.0, 0.0, 0.0, 0.0013280212483399733, 0.0013280212483399733, 0.0013280212483399733, 0.0013280212483399733, 0.0013280212483399733, 0.0023240371845949536, 0.0013280212483399733, 0.0013280212483399733, 0.0026560424966799467, 0.0026560424966799467, 0.0026560424966799467, 0.0026560424966799467, 0.005810092961487384, 0.0042054006197432495, 0.0049800796812749, 0.004648074369189907, 0.041168658698539196, 0.051925630810092965, 0.053974577878960345, 0.05301018149623727, 0.05287621444048368, 0.052062583001328024, 0.049136786188579015, 0.05223938553777094, 0.05113730924554128, 0.052439365345635015, 0.049532226758804324, 0.05151615759185481], "rate_of_adaptation": 0.0021046864042881235}