{"virus": "oc43", "subtype": "a", "gene": "spike", "window": 3, "min_seqs": 2, "midfreq_high": 0.75, "midfreq_low": 0.15, "window_midpoint": [1991.5, 1992.5, 1995.5, 1996.5, 1997.5, 1998.5, 1999.5, 2000.5, 2001.5, 2002.5, 2003.5, 2004.5, 2005.5, 2006.5, 2007.5, 2008.5, 2009.5, 2010.5, 2011.5, 2012.5, 2013.5, 2014.5, 2015.5, 2016.5, 2017.5], "adaptive_substitutions": [0.0, 0.0, 4.9411764705882355, 5.617647058823529, 5.9411764705882355, 5.4411764705882355, 8.088235294117649, 9.647058823529411, 6.382352941176471, 6.382352941176471, 15.323529411764707, 17.676470588235293, 17.764705882352942, 22.172268907563023, 22.370242214532873, 21.038987688098498, 24.424098671726757, 22.589825119236885, 22.1, 23.05093256814921, 23.122291021671828, 31.27554179566563, 31.441176470588236, 33.26780185758514, 38.1606334841629], "adaptive_substitutions_per_codon": [0.0, 0.0, 0.003627882871210158, 0.004124557311911549, 0.004362097261812214, 0.003994990066511186, 0.005938498747516629, 0.007083009415219832, 0.004686015375313121, 0.004686015375313121, 0.011250755808931503, 0.01297831908093634, 0.013043102703636521, 0.016279198904231296, 0.016424553755163638, 0.015447127524301394, 0.017932524722266342, 0.01658577468372752, 0.016226138032305434, 0.016924326408332753, 0.016976718811800167, 0.02296295286025377, 0.023084564222164636, 0.024425698867536816, 0.028018086258563068], "rate_of_adaptation": 0.0010131217127370962}