{"virus": "parainfluenza", "subtype": "1", "gene": "HN", "window": 5, "min_seqs": 3, "midfreq_high": 0.75, "midfreq_low": 0.15, "window_midpoint": [1999.5, 2001.5, 2002.5, 2003.5, 2004.5, 2005.5, 2006.5, 2007.5, 2008.5, 2009.5, 2010.5, 2011.5, 2012.5, 2013.5, 2014.5, 2015.5, 2016.5], "adaptive_substitutions": [0.0, 2.1425, 2.9, 2.477142857142857, 4.87, 5.1225, 6.072000000000001, 0, 0, 0, 0.7696363636363637, 0.7555357142857143, 0, 0.0, 0, 0, 9.761176470588236], "adaptive_substitutions_per_codon": [0.0, 0.003719618055555556, 0.005034722222222222, 0.004300595238095238, 0.008454861111111111, 0.008893229166666666, 0.010541666666666668, 0.0, 0.0, 0.0, 0.0013361742424242424, 0.0013116939484126985, 0.0, 0.0, 0.0, 0.0, 0.016946486928104576], "rate_of_adaptation": -3.19824383755734e-05}