{"virus": "parainfluenza", "subtype": "1", "gene": "D", "window": 3, "min_seqs": 2, "midfreq_high": 0.75, "midfreq_low": 0.15, "window_midpoint": [1998.5, 2002.5, 2003.5, 2004.5, 2005.5, 2006.5, 2007.5, 2008.5, 2009.5, 2010.5, 2011.5, 2012.5, 2013.5, 2014.5, 2015.5, 2016.5, 2017.5], "adaptive_substitutions": [0.0, 1.0, 1.0, 1.7142857142857142, 4.2, 4.25, 4.444444444444445, 0.9736842105263158, 1.0, 1.7608695652173914, 2.7058823529411766, 0.8461538461538461, 0.0, 0.8181818181818182, 2.7857142857142856, 2.7857142857142856, 2.7777777777777777], "adaptive_substitutions_per_codon": [0.0, 0.004545454545454545, 0.004545454545454545, 0.007792207792207792, 0.019090909090909092, 0.019318181818181818, 0.020202020202020204, 0.004425837320574163, 0.004545454545454545, 0.008003952569169961, 0.012299465240641712, 0.003846153846153846, 0.0, 0.00371900826446281, 0.012662337662337661, 0.012662337662337661, 0.012626262626262626], "rate_of_adaptation": 0.0001672393471534253}