{"virus": "parainfluenza", "subtype": "1", "gene": "N", "window": 3, "min_seqs": 2, "midfreq_high": 0.75, "midfreq_low": 0.15, "window_midpoint": [1998.5, 2002.5, 2003.5, 2004.5, 2005.5, 2006.5, 2007.5, 2008.5, 2009.5, 2010.5, 2011.5, 2012.5, 2013.5, 2014.5, 2015.5, 2016.5, 2017.5], "adaptive_substitutions": [0.0, 0.0, 0.0, 0.0, 0.0, 0.0, 0.0, 0.0, 0.0, 0.0, 0.8235294117647058, 0.0, 0.0, 0.0, 0.8571428571428571, 0.8571428571428571, 0.8888888888888888], "adaptive_substitutions_per_codon": [0.0, 0.0, 0.0, 0.0, 0.0, 0.0, 0.0, 0.0, 0.0, 0.0, 0.001568627450980392, 0.0, 0.0, 0.0, 0.0016326530612244896, 0.0016326530612244896, 0.001693121693121693], "rate_of_adaptation": 8.409262613071796e-05}