{"virus": "parainfluenza", "subtype": "3", "gene": "F", "window": 3, "min_seqs": 2, "midfreq_high": 0.75, "midfreq_low": 0.15, "window_midpoint": [2004.5, 2005.5, 2006.5, 2007.5, 2008.5, 2009.5, 2010.5, 2011.5, 2012.5, 2013.5, 2014.5, 2015.5, 2016.5, 2017.5, 2018.5, 2019.5], "adaptive_substitutions": [0.0, 0.0, 0.0, 0.0, 0.0, 0.0, 0.0, 0.0, 0.0, 0.0, 1.1923803411610499, 0.7945146026281312, 0.0, 0.0, 0.0, 1.3706997517738069], "adaptive_substitutions_per_codon": [0.0, 0.0, 0.0, 0.0, 0.0, 0.0, 0.0, 0.0, 0.0, 0.0, 0.002208111742890833, 0.001471323338200243, 0.0, 0.0, 0.0, 0.002538332873655198], "rate_of_adaptation": 8.737472821571152e-05}