{"virus": "rhinovirusB6", "subtype": null, "gene": "VP1", "window": 3, "min_seqs": 2, "midfreq_high": 0.75, "midfreq_low": 0.15, "window_midpoint": [2001.5, 2006.5, 2007.5, 2008.5, 2018.5, 2020.5], "adaptive_substitutions": [0.0, 1.0, 1.0, 0.0, 0.0, 1.963855421686747], "adaptive_substitutions_per_codon": [0.0, 0.0034602076124567475, 0.0034602076124567475, 0.0, 0.0, 0.0067953474798849375], "rate_of_adaptation": 0.00015960591792573775}