{"virus": "rhinovirusA101", "subtype": null, "gene": "2A", "window": 3, "min_seqs": 2, "midfreq_high": 0.75, "midfreq_low": 0.15, "window_midpoint": [2000.5, 2009.5, 2015.5, 2016.5, 2017.5], "adaptive_substitutions": [0.0, 0.7250159134309357, 0, 0, 0], "adaptive_substitutions_per_codon": [0.0, 0.005105745869231942, 0.0, 0.0, 0.0], "rate_of_adaptation": -6.090352925525179e-05}