{"virus": "rhinovirusA101", "subtype": null, "gene": "VP1", "window": 3, "min_seqs": 2, "midfreq_high": 0.75, "midfreq_low": 0.15, "window_midpoint": [2000.5, 2009.5, 2015.5, 2016.5, 2017.5], "adaptive_substitutions": [0.0, 10.505254963020631, 0.944141689373297, 0.944141689373297, 0.944141689373297], "adaptive_substitutions_per_codon": [0.0, 0.036603675829340175, 0.003289692297467934, 0.003289692297467934, 0.003289692297467934], "rate_of_adaptation": -0.00021098940499681372}