{"virus": "rhinovirusB6", "subtype": null, "gene": "3C", "window": 3, "min_seqs": 2, "midfreq_high": 0.75, "midfreq_low": 0.15, "window_midpoint": [2001.5, 2006.5, 2007.5, 2008.5, 2018.5, 2020.5], "adaptive_substitutions": [0.0, 2.0, 2.0, 0.0, 1.0, 3.9518072289156625], "adaptive_substitutions_per_codon": [0.0, 0.01098901098901099, 0.01098901098901099, 0.0, 0.005494505494505495, 0.02171322653250364], "rate_of_adaptation": 0.0006721358845182607}