{"virus": "rhinovirusA101", "subtype": null, "gene": "VP2", "window": 3, "min_seqs": 2, "midfreq_high": 0.75, "midfreq_low": 0.15, "window_midpoint": [2000.5, 2009.5, 2015.5, 2016.5, 2017.5], "adaptive_substitutions": [0.0, 5.0, 0.0, 0.0, 0.0], "adaptive_substitutions_per_codon": [0.0, 0.019011406844106463, 0.0, 0.0, 0.0], "rate_of_adaptation": -0.00022677622478059392}