{"virus": "rotavirusAg1p8", "subtype": null, "gene": "G", "window": 3, "min_seqs": 2, "midfreq_high": 0.75, "midfreq_low": 0.15, "window_midpoint": [1996.5, 1997.5, 1998.5, 1999.5, 2000.5, 2001.5, 2002.5, 2003.5, 2004.5, 2005.5, 2006.5, 2007.5, 2008.5, 2009.5, 2010.5, 2011.5, 2012.5, 2013.5, 2014.5, 2015.5, 2016.5, 2017.5, 2018.5, 2019.5, 2020.5], "adaptive_substitutions": [0.0, 0.0, 0.0, 0.5656854169995578, 0.498003582350241, 0, 0, 0, 0.5947451870445584, 0, 0, 0, 0.0, 0.0, 0.0, 0.0, 0.6186262244590375, 0.6078546459964158, 0.0, 0.0, 0.6019610063225975, 0.6961519502061174, 0.768852394804374, 0.7459591542118934, 0.8361648151107179], "adaptive_substitutions_per_codon": [0.0, 0.0, 0.0, 0.001729924822628617, 0.0015229467350160275, 0.0, 0.0, 0.0, 0.001818792620931371, 0.0, 0.0, 0.0, 0.0, 0.0, 0.0, 0.0, 0.001891823316388494, 0.0018588827094691614, 0.0, 0.0, 0.001840859346552286, 0.0021289050465018882, 0.002351230565150991, 0.002281220655082243, 0.0025570789452927156], "rate_of_adaptation": 7.308564572096229e-05}