{"virus": "rsv", "subtype": "A", "gene": "L", "window": 3, "min_seqs": 2, "midfreq_high": 0.75, "midfreq_low": 0.15, "window_midpoint": [1978.5, 1979.5, 1980.5, 1981.5, 1982.5, 1983.5, 1984.5, 1985.5, 1986.5, 1987.5, 1988.5, 1989.5, 1990.5, 1991.5, 1992.5, 1993.5, 1994.5, 1995.5, 1996.5, 1997.5, 1998.5, 1999.5, 2000.5, 2001.5, 2002.5, 2003.5, 2004.5, 2005.5, 2006.5, 2007.5, 2008.5, 2009.5, 2010.5, 2011.5, 2012.5, 2013.5, 2014.5, 2015.5, 2016.5, 2017.5, 2018.5], "adaptive_substitutions": [0.0, 0.0, 0.0, 0.0, 0.0, 1.306767212962614, 1.5319827329469176, 1.40766731460838, 0.0, 0.0, 0.08517241174505324, 0.0, 0, 1.3592725293718955, 1.3934740268755124, 0.0, 0.0, 0.0, 0, 0.0, 0.0, 0.0, 1.7141518203626485, 1.9548954856051868, 1.9628669970213437, 2.2767498797282526, 1.9388145319053927, 0, 0.7221485292983842, 8.449849002375712, 9.147780171869751, 10.97159538556922, 12.156964622331202, 13.809264534106656, 14.222102062947576, 13.860112206159762, 13.994353210958046, 13.173513070725694, 13.187804421419576, 13.762416656662257, 14.607947978941645], "adaptive_substitutions_per_codon": [0.0, 0.0, 0.0, 0.0, 0.0, 0.00020110298752887257, 0.0002357621934359676, 0.00021663085789602648, 0.0, 0.0, 1.310748103186415e-05, 0.0, 0.0, 0.00020918321473867275, 0.00021444660308949097, 0.0, 0.0, 0.0, 0.0, 0.0, 0.0, 0.0, 0.00026379683292746203, 0.00030084571954527346, 0.000302072483382786, 0.0003503770205799096, 0.00029837096520550824, 0.0, 0.00011113396880553774, 0.0013003768855610516, 0.0014077839599676441, 0.001688457276942016, 0.0018708779043292093, 0.0021251561302103195, 0.002188689144805721, 0.0021329812567189538, 0.002153640075555255, 0.0020273181087604947, 0.0020295174548198795, 0.0021179465461160754, 0.002248068325475784], "rate_of_adaptation": 5.971753605679723e-05}