{"virus": "rsv", "subtype": "B", "gene": "L", "window": 3, "min_seqs": 2, "midfreq_high": 0.75, "midfreq_low": 0.15, "window_midpoint": [1977.5, 1978.5, 1979.5, 1980.5, 1981.5, 1982.5, 1983.5, 1984.5, 1985.5, 1986.5, 1987.5, 1988.5, 1989.5, 1990.5, 1991.5, 1992.5, 1993.5, 1994.5, 1995.5, 1996.5, 1997.5, 1998.5, 2001.5, 2002.5, 2003.5, 2004.5, 2005.5, 2006.5, 2007.5, 2008.5, 2009.5, 2010.5, 2011.5, 2012.5, 2013.5, 2014.5, 2015.5, 2016.5, 2017.5, 2018.5], "adaptive_substitutions": [0.0, 0.0, 0.0, 0.0, 0.0, 0.0, 0.0, 6.9190351220056945, 7.72856291994714, 6.183064381037467, 0.6645541347925624, 2.7607515774191747, 3.1675972974482103, 6.187671003406109, 5.697035010330001, 3.1800212183818193, 8.596096934502206, 8.620944776369424, 8.471857725166117, 8.434585962365292, 9.128678318164052, 9.434585962365292, 14.09377966385616, 14.979014275876189, 15.123942253513977, 15.305843594906275, 15.888880823422115, 15.888864072068047, 15.976373474176091, 16.006216837869093, 16.043910739622394, 16.095657732333365, 15.54340792188946, 15.496203111790273, 14.97826046494314, 14.521968808640315, 16.467020612324458, 18.397555930909974, 17.157477306788067, 19.2652949896002], "adaptive_substitutions_per_codon": [0.0, 0.0, 0.0, 0.0, 0.0, 0.0, 0.0, 0.0010643032028927388, 0.0011888267835636272, 0.0009510943517977953, 0.00010222337098793453, 0.0004246656787292993, 0.0004872476999612691, 0.0009518029539157221, 0.000876332104342409, 0.000489158778400526, 0.0013222730248426714, 0.001326095181721185, 0.0013031622404501026, 0.0012974290051323322, 0.0014041960187915787, 0.0014512514939802018, 0.002167940265167845, 0.002304109256403044, 0.002326402438626977, 0.002354382955684706, 0.002444067193265977, 0.0024440646165310026, 0.002457525530560851, 0.0024621161110397007, 0.00246791428082178, 0.0024758741320309746, 0.0023909256917227285, 0.002383664530347681, 0.002303993303329202, 0.0022338053851161843, 0.002532998094496917, 0.002829957842010456, 0.0026392058616809826, 0.002963435623688694], "rate_of_adaptation": 7.5818774227654e-05}