{"virus": "rsv", "subtype": "A", "gene": "G", "window": 5, "min_seqs": 3, "midfreq_high": 0.75, "midfreq_low": 0.15, "window_midpoint": [1979.5, 1980.5, 1981.5, 1982.5, 1983.5, 1984.5, 1985.5, 1986.5, 1987.5, 1988.5, 1989.5, 1990.5, 1991.5, 1992.5, 1993.5, 1994.5, 1995.5, 1996.5, 1997.5, 1998.5, 1999.5, 2000.5, 2001.5, 2002.5, 2003.5, 2004.5, 2005.5, 2006.5, 2007.5, 2008.5, 2009.5, 2010.5, 2011.5, 2012.5, 2013.5, 2014.5, 2015.5, 2016.5, 2017.5], "adaptive_substitutions": [0.0, 0.0, 0.0, 0.0, 0.0, 3.1302793016815755, 3.4270474080329625, 3.1268696056368075, 0.842171333614833, 0, 0, 0, 8.645925772881403, 0, 0, 0, 0, 0, 0.0, 0.0, 0, 11.483416906594645, 12.933955810776819, 13.267554839384598, 12.857275255728776, 12.681739261524784, 0.7622011854861278, 2.1842094882428276, 14.283615901296654, 16.30833973671039, 16.840113347808384, 16.28949444673887, 16.449061978206934, 16.53306653486142, 19.81715539253589, 20.12412314937898, 23.081685036483126, 20.809200799943405, 21.33394187994301], "adaptive_substitutions_per_codon": [0.0, 0.0, 0.0, 0.0, 0.0, 0.010504292958663005, 0.011500159087358934, 0.010492851025626871, 0.002826078300720916, 0.0, 0.0, 0.0, 0.029013173734501355, 0.0, 0.0, 0.0, 0.0, 0.0, 0.0, 0.0, 0.0, 0.03853495606239814, 0.04340253627777456, 0.04452199610531744, 0.043145218978955624, 0.04255617201853955, 0.0025577220989467376, 0.007329562041083314, 0.04793159698421696, 0.05472597227084024, 0.05651044747586706, 0.05466273304274789, 0.055198194557741394, 0.055480089043159125, 0.06650052145146272, 0.06753061459523148, 0.0774553189143729, 0.06982953288571613, 0.07159040899309735], "rate_of_adaptation": 0.0020321276829783894}