{"virus": "rsv", "subtype": "A", "gene": "SH", "window": 3, "min_seqs": 2, "midfreq_high": 0.75, "midfreq_low": 0.15, "window_midpoint": [1978.5, 1979.5, 1980.5, 1981.5, 1982.5, 1983.5, 1984.5, 1985.5, 1986.5, 1987.5, 1988.5, 1989.5, 1990.5, 1991.5, 1992.5, 1993.5, 1994.5, 1995.5, 1996.5, 1997.5, 1998.5, 1999.5, 2000.5, 2001.5, 2002.5, 2003.5, 2004.5, 2005.5, 2006.5, 2007.5, 2008.5, 2009.5, 2010.5, 2011.5, 2012.5, 2013.5, 2014.5, 2015.5, 2016.5, 2017.5, 2018.5], "adaptive_substitutions": [0.0, 0.0, 0.0, 0.0, 0.0, 0.0, 0.0, 0.0, 0.0, 0.0, 0.0, 0.0, 0.0, 0.0, 0.0, 0.0, 0.0, 0.0, 0.0, 0.0, 0.0, 0.0, 0.0, 0.0, 0.0, 0.0, 0.0, 0.0, 0.0, 0.5905620036652414, 0.6760689262154949, 0.6127102064322024, 0.6379989038530707, 0.641896751945726, 0.6393282025403351, 0.6348270962258638, 0.6401728545894703, 0.7700061087354917, 0.9139730684443973, 0.9172179569056478, 0.8427697803511195], "adaptive_substitutions_per_codon": [0.0, 0.0, 0.0, 0.0, 0.0, 0.0, 0.0, 0.0, 0.0, 0.0, 0.0, 0.0, 0.0, 0.0, 0.0, 0.0, 0.0, 0.0, 0.0, 0.0, 0.0, 0.0, 0.0, 0.0, 0.0, 0.0, 0.0, 0.0, 0.0, 0.00908556928715756, 0.010401060403315305, 0.00942631086818773, 0.009815367751585702, 0.009875334645318862, 0.00983581850062054, 0.009766570711167134, 0.009848813147530312, 0.011846247826699872, 0.014061124129913805, 0.01411104549085612, 0.012965688928478762], "rate_of_adaptation": 0.0003413458241987243}