{"virus": "rsv", "subtype": "A", "gene": "L", "window": 3, "min_seqs": 2, "midfreq_high": 0.75, "midfreq_low": 0.15, "window_midpoint": [1978.5, 1979.5, 1980.5, 1981.5, 1982.5, 1983.5, 1984.5, 1985.5, 1986.5, 1987.5, 1988.5, 1989.5, 1990.5, 1991.5, 1992.5, 1993.5, 1994.5, 1995.5, 1996.5, 1997.5, 1998.5, 1999.5, 2000.5, 2001.5, 2002.5, 2003.5, 2004.5, 2005.5, 2006.5, 2007.5, 2008.5, 2009.5, 2010.5, 2011.5, 2012.5, 2013.5, 2014.5, 2015.5, 2016.5, 2017.5, 2018.5], "adaptive_substitutions": [0.0, 0.0, 0.0, 0.0, 0.0, 1.306767212962614, 1.5319827329469176, 1.40766731460838, 0.0, 0.0, 0.08517241174505324, 0.0, 0, 1.3592725293718955, 1.3934740268755124, 0.0, 0.0, 0.0, 0, 0.0, 0.0, 0.0, 1.7141518203626485, 1.9548954856051868, 1.9628669970213437, 2.2767498797282526, 1.9388145319053927, 0, 0.7221485292983842, 8.449849002375712, 9.147780171869751, 10.97159538556922, 12.156964622331202, 13.809264534106656, 14.222102062947576, 13.860112206159762, 13.994353210958046, 13.173513070725694, 13.187804421419576, 13.762416656662257, 14.607947978941645], "adaptive_substitutions_per_codon": [0.0, 0.0, 0.0, 0.0, 0.0, 0.0006033089625866177, 0.0007072865803079029, 0.0006498925736880795, 0.0, 0.0, 3.932244309559245e-05, 0.0, 0.0, 0.0006275496442160182, 0.0006433398092684729, 0.0, 0.0, 0.0, 0.0, 0.0, 0.0, 0.0, 0.0007913904987823862, 0.0009025371586358203, 0.0009062174501483581, 0.0010511310617397289, 0.0008951128956165247, 0.0, 0.00033340190641661325, 0.0039011306566831545, 0.004223351879902932, 0.005065371830826048, 0.005612633712987628, 0.006375468390630959, 0.006566067434417163, 0.006398943770156862, 0.0064609202266657645, 0.006081954326281483, 0.006088552364459638, 0.006353839638348226, 0.006744204976427352], "rate_of_adaptation": 0.00017915260817039167}