{"virus": "rsv", "subtype": "B", "gene": "G", "window": 3, "min_seqs": 2, "midfreq_high": 0.75, "midfreq_low": 0.15, "window_midpoint": [1977.5, 1978.5, 1979.5, 1980.5, 1981.5, 1982.5, 1983.5, 1984.5, 1985.5, 1986.5, 1987.5, 1988.5, 1989.5, 1990.5, 1991.5, 1992.5, 1993.5, 1994.5, 1995.5, 1996.5, 1997.5, 1998.5, 2001.5, 2002.5, 2003.5, 2004.5, 2005.5, 2006.5, 2007.5, 2008.5, 2009.5, 2010.5, 2011.5, 2012.5, 2013.5, 2014.5, 2015.5, 2016.5, 2017.5, 2018.5], "adaptive_substitutions": [0.0, 0.0, 0.0, 0.0, 0.0, 0.0, 0.0, 7.973011707335232, 9.008226776108847, 7.09001060919091, 0.0, 5.1117650343402765, 5.701825897593388, 9.957214249818527, 7.62104528449383, 5.593122300113198, 9.951290784894, 10.013920375230331, 10.00110977720699, 10.937830141269751, 11.003043162655647, 11.052738846390083, 17.347460308597164, 17.558936847395167, 17.60034484100596, 18.873509211602446, 20.546501758892177, 20.683148137807805, 20.28837620256657, 21.61634185409907, 21.343367251245972, 19.93618192470558, 20.01507741947492, 18.7503086022899, 19.219284531055152, 18.78429585936984, 20.57317588080379, 24.805807136076833, 25.299977329354867, 25.526789951979453], "adaptive_substitutions_per_codon": [0.0, 0.0, 0.0, 0.0, 0.0, 0.0, 0.0, 0.008858901897039147, 0.010009140862343164, 0.007877789565767677, 0.0, 0.005679738927044752, 0.0063353621084370985, 0.011063571388687252, 0.008467828093882033, 0.006214580333459109, 0.011056989760993334, 0.011126578194700368, 0.011112344196896655, 0.012153144601410835, 0.01222560351406183, 0.012280820940433425, 0.019274955898441293, 0.019509929830439074, 0.019555938712228844, 0.020970565790669384, 0.022829446398769087, 0.02298127570867534, 0.02254264022507397, 0.02401815761566563, 0.023714852501384415, 0.022151313249672865, 0.02223897491052769, 0.020833676224766555, 0.02135476059006128, 0.020871439843744267, 0.022859084312004212, 0.027562007928974258, 0.028111085921505408, 0.028363099946643835], "rate_of_adaptation": 0.0007146364609535562}