{"virus": "rsv", "subtype": "B", "gene": "L", "window": 5, "min_seqs": 3, "midfreq_high": 0.75, "midfreq_low": 0.15, "window_midpoint": [1977.5, 1978.5, 1979.5, 1980.5, 1981.5, 1982.5, 1983.5, 1984.5, 1985.5, 1986.5, 1987.5, 1988.5, 1989.5, 1990.5, 1991.5, 1992.5, 1993.5, 1994.5, 1995.5, 1996.5, 1997.5, 1998.5, 2000.5, 2001.5, 2002.5, 2003.5, 2004.5, 2005.5, 2006.5, 2007.5, 2008.5, 2009.5, 2010.5, 2011.5, 2012.5, 2013.5, 2014.5, 2015.5, 2016.5, 2017.5], "adaptive_substitutions": [0.0, 0.0, 0.0, 0.0, 0.0, 0.0, 0.0, 0.0, 2.8709866547545926, 3.2358945984497387, 2.813927354961193, 2.8508124406722875, 3.601635619392055, 3.316684348651516, 3.316684348651516, 3.316684348651516, 3.2297169021162544, 8.620944776369424, 8.620944776369424, 8.471857725166117, 8.434585962365292, 9.128678318164052, 14.09377966385616, 14.979014275876189, 15.123942253513977, 15.036936735719472, 15.07512950208686, 15.972913169958364, 15.9126390295914, 15.99547372516022, 16.08067874375401, 16.0839162907318, 15.543439554098999, 15.54626569473695, 15.033436903533214, 15.023923083998373, 15.09385191464593, 14.639152379332423, 17.13039210820231, 18.089268958313525], "adaptive_substitutions_per_codon": [0.0, 0.0, 0.0, 0.0, 0.0, 0.0, 0.0, 0.0, 0.001324866938050112, 0.0014932600823487489, 0.0012985359275316996, 0.0013155571945880423, 0.0016620376646940725, 0.001530541923697054, 0.001530541923697054, 0.001530541923697054, 0.0014904092764726601, 0.003978285545163555, 0.003978285545163555, 0.003909486721350308, 0.0038922870153969965, 0.004212588056374735, 0.006503820795503535, 0.0069123277692091315, 0.006979207315880931, 0.006939057100008986, 0.006956681819144836, 0.007370979773861728, 0.007343165219008491, 0.007381390736114546, 0.007420710080181823, 0.00742220410278348, 0.007172791672403783, 0.007174095844364075, 0.006937442041316666, 0.006933051723118769, 0.006965321603436055, 0.006755492560836374, 0.007905118647070749, 0.008347609117818885], "rate_of_adaptation": 0.0002427462136412258}