{"virus": "rsv", "subtype": "B", "gene": "G", "window": 5, "min_seqs": 3, "midfreq_high": 0.75, "midfreq_low": 0.15, "window_midpoint": [1977.5, 1978.5, 1979.5, 1980.5, 1981.5, 1982.5, 1983.5, 1984.5, 1985.5, 1986.5, 1987.5, 1988.5, 1989.5, 1990.5, 1991.5, 1992.5, 1993.5, 1994.5, 1995.5, 1996.5, 1997.5, 1998.5, 2000.5, 2001.5, 2002.5, 2003.5, 2004.5, 2005.5, 2006.5, 2007.5, 2008.5, 2009.5, 2010.5, 2011.5, 2012.5, 2013.5, 2014.5, 2015.5, 2016.5, 2017.5], "adaptive_substitutions": [0.0, 0.0, 0.0, 0.0, 0.0, 0.0, 0.0, 0.0, 5.652130213858953, 6.310529495073579, 5.392051482494835, 7.229783907532527, 8.963177087583812, 7.652800268021665, 7.684107234942668, 7.653964651358338, 7.6573138273121515, 12.060871843550943, 12.09700429951421, 12.082770301710498, 13.012373666871405, 13.0775866882573, 19.42200383419882, 19.63348037299682, 19.67488836660761, 19.1104426079997, 19.235603623170263, 22.596931217626363, 22.212821965013596, 21.87496800380803, 23.415492141170297, 22.86186147166869, 21.62650049896127, 22.571333622004467, 22.873880436159627, 21.577785463764037, 21.3301531141444, 20.892379812262185, 23.57064728472959, 25.227441980399036], "adaptive_substitutions_per_codon": [0.0, 0.0, 0.0, 0.0, 0.0, 0.0, 0.0, 0.0, 0.01884043404619651, 0.02103509831691193, 0.01797350494164945, 0.02409927969177509, 0.029877256958612708, 0.025509334226738886, 0.025613690783142226, 0.025513215504527793, 0.025524379424373838, 0.04020290614516981, 0.04032334766504737, 0.040275901005701664, 0.04337457888957135, 0.04359195562752433, 0.06474001278066273, 0.06544493457665607, 0.06558296122202537, 0.06370147535999901, 0.06411867874390088, 0.07532310405875454, 0.07404273988337866, 0.07291656001269343, 0.07805164047056766, 0.07620620490556229, 0.07208833499653756, 0.07523777874001489, 0.07624626812053209, 0.07192595154588012, 0.07110051038048133, 0.06964126604087395, 0.07856882428243196, 0.08409147326799679], "rate_of_adaptation": 0.0023607590276386995}