{"virus": "rsv", "subtype": "B", "gene": "NS1", "window": 3, "min_seqs": 2, "midfreq_high": 0.75, "midfreq_low": 0.15, "window_midpoint": [1977.5, 1978.5, 1979.5, 1980.5, 1981.5, 1982.5, 1983.5, 1984.5, 1985.5, 1986.5, 1987.5, 1988.5, 1989.5, 1990.5, 1991.5, 1992.5, 1993.5, 1994.5, 1995.5, 1996.5, 1997.5, 1998.5, 2001.5, 2002.5, 2003.5, 2004.5, 2005.5, 2006.5, 2007.5, 2008.5, 2009.5, 2010.5, 2011.5, 2012.5, 2013.5, 2014.5, 2015.5, 2016.5, 2017.5, 2018.5], "adaptive_substitutions": [0.0, 0.0, 0.0, 0.0, 0.0, 0.0, 0.0, 0.8888888888888888, 1.0, 1.0, 1.0, 0.0, 0.0, 0.7916666666666666, 0.75, 0.0, 0.0, 0.0, 0.0, 0.0, 0.0, 0.0, 1.7142857142857142, 1.7777777777777777, 1.8181818181818181, 2.0, 2.8, 2.8666666666666667, 2.9411764705882355, 2.975609756097561, 2.9827586206896552, 3.0037593984962405, 2.991935483870968, 2.9954128440366974, 2.991304347826087, 3.0, 3.0, 2.5, 2.5, 2.5], "adaptive_substitutions_per_codon": [0.0, 0.0, 0.0, 0.0, 0.0, 0.0, 0.0, 0.006349206349206349, 0.007142857142857143, 0.007142857142857143, 0.007142857142857143, 0.0, 0.0, 0.005654761904761905, 0.005357142857142857, 0.0, 0.0, 0.0, 0.0, 0.0, 0.0, 0.0, 0.012244897959183673, 0.012698412698412698, 0.012987012987012986, 0.014285714285714285, 0.02, 0.020476190476190478, 0.02100840336134454, 0.021254355400696864, 0.02130541871921182, 0.021455424274973146, 0.021370967741935486, 0.021395806028833553, 0.021366459627329193, 0.02142857142857143, 0.02142857142857143, 0.017857142857142856, 0.017857142857142856, 0.017857142857142856], "rate_of_adaptation": 0.0006257729176360908}