{"virus": "rsv", "subtype": "A", "gene": "F", "window": 3, "min_seqs": 2, "midfreq_high": 0.75, "midfreq_low": 0.15, "window_midpoint": [1978.5, 1979.5, 1980.5, 1981.5, 1982.5, 1983.5, 1984.5, 1985.5, 1986.5, 1987.5, 1988.5, 1989.5, 1990.5, 1991.5, 1992.5, 1993.5, 1994.5, 1995.5, 1996.5, 1997.5, 1998.5, 1999.5, 2000.5, 2001.5, 2002.5, 2003.5, 2004.5, 2005.5, 2006.5, 2007.5, 2008.5, 2009.5, 2010.5, 2011.5, 2012.5, 2013.5, 2014.5, 2015.5, 2016.5, 2017.5, 2018.5], "adaptive_substitutions": [0.0, 0.0, 0.0, 0.0, 0.0, 0.0, 0.0, 0.0, 0.0, 0.0, 0.0, 0.0, 0.0, 2.504659383033419, 2.7369323050556984, 0.0, 0.0, 0.0, 0.0, 0.0, 0.0, 0.0, 3.1557412167952013, 3.438919237360754, 3.4711067773739526, 3.709511568123393, 3.4074550128534704, 0.0, 0.0, 0.0, 0.0, 0.5899082326383778, 2.1513866532125667, 2.4955210261719474, 2.4869473509241034, 2.4599275983259443, 2.4349603816898875, 2.841067965543679, 2.8141648969859547, 2.694895614240087, 2.712583671745961], "adaptive_substitutions_per_codon": [0.0, 0.0, 0.0, 0.0, 0.0, 0.0, 0.0, 0.0, 0.0, 0.0, 0.0, 0.0, 0.0, 0.004355929361797251, 0.004759882269662084, 0.0, 0.0, 0.0, 0.0, 0.0, 0.0, 0.0, 0.005488245594426437, 0.0059807291084534855, 0.006036707438911222, 0.006451324466301553, 0.005926008718006036, 0.0, 0.0, 0.0, 0.0, 0.0010259273611102223, 0.0037415420055870725, 0.0043400365672555605, 0.004325125827694093, 0.004278134953610338, 0.004234713707286761, 0.00494098776616292, 0.0048941998208451385, 0.004686774981287108, 0.004717536820427758], "rate_of_adaptation": 0.00012585411484910826}