{"virus": "rsv", "subtype": "B", "gene": "L", "window": 3, "min_seqs": 2, "midfreq_high": 0.75, "midfreq_low": 0.15, "window_midpoint": [1977.5, 1978.5, 1979.5, 1980.5, 1981.5, 1982.5, 1983.5, 1984.5, 1985.5, 1986.5, 1987.5, 1988.5, 1989.5, 1990.5, 1991.5, 1992.5, 1993.5, 1994.5, 1995.5, 1996.5, 1997.5, 1998.5, 2001.5, 2002.5, 2003.5, 2004.5, 2005.5, 2006.5, 2007.5, 2008.5, 2009.5, 2010.5, 2011.5, 2012.5, 2013.5, 2014.5, 2015.5, 2016.5, 2017.5, 2018.5], "adaptive_substitutions": [0.0, 0.0, 0.0, 0.0, 0.0, 0.0, 0.0, 6.9190351220056945, 7.72856291994714, 6.183064381037467, 0.6645541347925624, 2.7607515774191747, 3.1675972974482103, 6.187671003406109, 5.697035010330001, 3.1800212183818193, 8.596096934502206, 8.620944776369424, 8.471857725166117, 8.434585962365292, 9.128678318164052, 9.434585962365292, 14.09377966385616, 14.979014275876189, 15.123942253513977, 15.305843594906275, 15.888880823422115, 15.888864072068047, 15.976373474176091, 16.006216837869093, 16.043910739622394, 16.095657732333365, 15.54340792188946, 15.496203111790273, 14.97826046494314, 14.521968808640315, 16.467020612324458, 18.397555930909974, 17.157477306788067, 19.2652949896002], "adaptive_substitutions_per_codon": [0.0, 0.0, 0.0, 0.0, 0.0, 0.0, 0.0, 0.003192909608678216, 0.003566480350690881, 0.002853283055393386, 0.0003066701129638036, 0.0012739970361878978, 0.0014617430998838073, 0.002855408861747166, 0.002628996313027227, 0.001467476335201578, 0.003966819074528014, 0.003978285545163555, 0.003909486721350308, 0.0038922870153969965, 0.004212588056374735, 0.004353754481940605, 0.006503820795503535, 0.0069123277692091315, 0.006979207315880931, 0.007063148867054119, 0.00733220157979793, 0.007332193849593008, 0.007372576591682552, 0.007386348333119102, 0.007403742842465341, 0.007427622396092923, 0.007172777075168186, 0.007150993591043042, 0.006911979909987606, 0.0067014161553485534, 0.007598994283490751, 0.008489873526031368, 0.007917617585042948, 0.008890306871066083], "rate_of_adaptation": 0.00022745632268296201}