{"virus": "rsv", "subtype": "A", "gene": "G", "window": 3, "min_seqs": 2, "midfreq_high": 0.75, "midfreq_low": 0.15, "window_midpoint": [1978.5, 1979.5, 1980.5, 1981.5, 1982.5, 1983.5, 1984.5, 1985.5, 1986.5, 1987.5, 1988.5, 1989.5, 1990.5, 1991.5, 1992.5, 1993.5, 1994.5, 1995.5, 1996.5, 1997.5, 1998.5, 1999.5, 2000.5, 2001.5, 2002.5, 2003.5, 2004.5, 2005.5, 2006.5, 2007.5, 2008.5, 2009.5, 2010.5, 2011.5, 2012.5, 2013.5, 2014.5, 2015.5, 2016.5, 2017.5, 2018.5], "adaptive_substitutions": [0.0, 0.0, 0.0, 0.0, 0.0, 3.2263361984483447, 3.6767672384169523, 3.5178574995141516, 1.559146548498459, 0.8970818963213185, 0.8856465514681316, 0, 0, 12.509256446508775, 14.56071549834812, 0, 0, 0, 0, 0.0, 0.0, 0.0, 14.318795232469647, 16.450894372935146, 16.601722628326314, 17.788829720758002, 16.270787691497457, 3.8129275745944518, 0.7569131249518133, 12.883659453394705, 14.74187308548943, 16.71956854482626, 17.214715956350666, 16.55779391497848, 17.371317318136434, 19.807061267319057, 22.472180857601106, 21.914572118031728, 20.411040754990236, 20.29031846404948, 20.061710397984633], "adaptive_substitutions_per_codon": [0.0, 0.0, 0.0, 0.0, 0.0, 0.0036088771794724212, 0.0041127150317863004, 0.003934963645988984, 0.0017440117992152785, 0.0010034473113213853, 0.0009906560978390733, 0.0, 0.0, 0.013992456875289458, 0.01628715380128425, 0.0, 0.0, 0.0, 0.0, 0.0, 0.0, 0.0, 0.0160165494770354, 0.018401447844446472, 0.018570159539514894, 0.019898019821876962, 0.018199986232100063, 0.004265019658383056, 0.000846658976456167, 0.014411252185005262, 0.016489790923366252, 0.018701978238060694, 0.019255834403076807, 0.018521022276262282, 0.019431003711562006, 0.02215554951601684, 0.02513666762595202, 0.024512944203614908, 0.02283114178410541, 0.022696105664484878, 0.0224403919440544], "rate_of_adaptation": 0.0006433555288936074}