{"virus": "vic", "subtype": null, "gene": "ha1", "window": 3, "min_seqs": 2, "midfreq_high": 0.75, "midfreq_low": 0.15, "window_midpoint": [1970.5, 1971.5, 1972.5, 1973.5, 1974.5, 1975.5, 1976.5, 1977.5, 1978.5, 1979.5, 1980.5, 1981.5, 1982.5, 1983.5, 1984.5, 1985.5, 1986.5, 1987.5, 1988.5, 1989.5, 1990.5, 1991.5, 1992.5, 1993.5, 1994.5, 1995.5, 1996.5, 1997.5, 1998.5, 1999.5, 2000.5, 2001.5, 2002.5, 2003.5, 2004.5, 2005.5, 2006.5, 2007.5, 2008.5, 2009.5, 2010.5, 2011.5, 2012.5, 2013.5, 2014.5, 2015.5, 2016.5, 2017.5, 2018.5, 2019.5, 2020.5], "adaptive_substitutions": [0.0, 0.0, 3.7527645242772945, 3.7527645242772945, 4.403381981476284, 2.548470390120685, 2.6165684348395546, 1.8111342768934686, 1.957058658433904, 1.957058658433904, 2.957058658433904, 2.957058658433904, 2.957058658433904, 2.957058658433904, 8.615048180372344, 9.423332397792123, 10.636138787538592, 10.005851810272244, 9.210145944428852, 4.731293853494246, 4.44632332304238, 9.81950520876327, 9.286591355599214, 9.25601319113107, 7.148014313780522, 6.552536486107213, 6.573627093273458, 14.481340630554778, 13.576336469858338, 8.091632568651491, 14.783430896916725, 15.707481628474184, 15.283237227736244, 15.769035082795396, 15.743413520656953, 15.735411546860346, 16.442750622463166, 16.51443277479882, 16.165383561017954, 15.122882369495244, 15.046037096475803, 14.585765735324951, 14.560913651505512, 15.423166438752904, 15.456071523797615, 15.477534423640385, 17.113223910738853, 16.869001377602288, 16.88375653498779, 16.79073471478498, 16.83293521239537], "adaptive_substitutions_per_codon": [0.0, 0.0, 0.010846140243575995, 0.010846140243575995, 0.012726537518717582, 0.007365521358730304, 0.007562336516877325, 0.005234492129749909, 0.005656238897207815, 0.005656238897207815, 0.008546412307612439, 0.008546412307612439, 0.008546412307612439, 0.008546412307612439, 0.02489898318026689, 0.027235064733503248, 0.030740285513117315, 0.028918646850497814, 0.026618918914534256, 0.013674259692179901, 0.012850645442319017, 0.02838007285769731, 0.026839859409246283, 0.026751483211361473, 0.020659000906880123, 0.018937966722853215, 0.01899892223489439, 0.04185358563744156, 0.039237966675891155, 0.02338622129668061, 0.0427266788928229, 0.04539734574703522, 0.04417120586050938, 0.04557524590403294, 0.04550119514640738, 0.04547806805450967, 0.047522400642957124, 0.04772957449363821, 0.04672076173704611, 0.04370775251299203, 0.04348565634819596, 0.042155392298627026, 0.04208356546677894, 0.04457562554552862, 0.04467072694739195, 0.0447327584498277, 0.04946018471311807, 0.04875433924162511, 0.048796984205167024, 0.04852813501382942, 0.048650101769928816], "rate_of_adaptation": 0.0010327174645242943}