{"virus": "vic", "subtype": null, "gene": "ha1", "window": 3, "min_seqs": 2, "midfreq_high": 0.75, "midfreq_low": 0.15, "window_midpoint": [1970.5, 1971.5, 1972.5, 1973.5, 1974.5, 1975.5, 1976.5, 1977.5, 1978.5, 1979.5, 1980.5, 1981.5, 1982.5, 1983.5, 1984.5, 1985.5, 1986.5, 1987.5, 1988.5, 1989.5, 1990.5, 1991.5, 1992.5, 1993.5, 1994.5, 1995.5, 1996.5, 1997.5, 1998.5, 1999.5, 2000.5, 2001.5, 2002.5, 2003.5, 2004.5, 2005.5, 2006.5, 2007.5, 2008.5, 2009.5, 2010.5, 2011.5, 2012.5, 2013.5, 2014.5, 2015.5, 2016.5, 2017.5, 2018.5, 2019.5, 2020.5], "adaptive_substitutions": [0.0, 0.0, 3.798418404025881, 3.798418404025881, 4.496764917325665, 2.598274622573688, 2.6649892163910858, 1.85560234158365, 1.9985621854780733, 1.9985621854780733, 2.9985621854780735, 2.9985621854780735, 2.9985621854780735, 2.9985621854780735, 8.826024442846872, 9.658519051042415, 10.867002156721782, 10.290150970524802, 9.490294751976995, 4.797699496764918, 4.4982027318475915, 10.249799128853553, 9.734483584950874, 9.636808051761324, 7.246585190510425, 6.622573687994249, 6.663551401869159, 15.111502516175413, 14.21472624768247, 8.23198002194559, 15.255088836397249, 16.160366946466723, 15.917423697797528, 16.413667864845436, 16.419040181226695, 16.421358559379986, 17.215905507838613, 17.28613139606745, 16.893384381321788, 15.87206220043223, 15.878040381322604, 15.403418193709024, 15.40277249784516, 16.34570006781182, 16.36100702172454, 16.382033890426353, 18.136860214699514, 17.877283628121894, 17.88158123875312, 17.7904492102697, 17.879195387716553], "adaptive_substitutions_per_codon": [0.0, 0.0, 0.0036593626243023904, 0.0036593626243023904, 0.004332143465631662, 0.0025031547423638614, 0.0025674269907428574, 0.0017876708493098747, 0.0019253970958362941, 0.0019253970958362941, 0.002888788232637836, 0.002888788232637836, 0.002888788232637836, 0.002888788232637836, 0.008502913721432439, 0.009304931648403097, 0.010469173561389, 0.009913440241353374, 0.00914286584968882, 0.0046220611722205375, 0.0043335286433984505, 0.009874565634733674, 0.009378115207081768, 0.00928401546412459, 0.006981295944615053, 0.006380128793828757, 0.006419606360182234, 0.014558287587837586, 0.013694341279077525, 0.007930616591469741, 0.01469661737610525, 0.015568754283686632, 0.015334704911172956, 0.015812782143396376, 0.015817957785382173, 0.015820191290346806, 0.01658565077826456, 0.016653305776558238, 0.016274936783547002, 0.015291004046659182, 0.015296763373143164, 0.014839516564266882, 0.014838894506594567, 0.01574730257014626, 0.015762049153877206, 0.015782306252819223, 0.017472890380250013, 0.01722281659741994, 0.017226956877411485, 0.01713916108889181, 0.017224658369669126], "rate_of_adaptation": 0.0003661911090961057}