{"virus": "vic", "subtype": null, "gene": "ha1", "window": 3, "min_seqs": 2, "midfreq_high": 0.75, "midfreq_low": 0.15, "window_midpoint": [1970.5, 1971.5, 1972.5, 1973.5, 1974.5, 1975.5, 1976.5, 1977.5, 1978.5, 1979.5, 1980.5, 1981.5, 1982.5, 1983.5, 1984.5, 1985.5, 1986.5, 1987.5, 1988.5, 1989.5, 1990.5, 1991.5, 1992.5, 1993.5, 1994.5, 1995.5, 1996.5, 1997.5, 1998.5, 1999.5, 2000.5, 2001.5, 2002.5, 2003.5, 2004.5, 2005.5, 2006.5, 2007.5, 2008.5, 2009.5, 2010.5, 2011.5, 2012.5, 2013.5, 2014.5, 2015.5, 2016.5, 2017.5, 2018.5, 2019.5, 2020.5], "adaptive_substitutions": [0.0, 0.0, 3.7527645242772945, 3.7527645242772945, 4.403381981476284, 2.548470390120685, 2.6165684348395546, 1.8111342768934686, 1.957058658433904, 1.957058658433904, 2.957058658433904, 2.957058658433904, 2.957058658433904, 2.957058658433904, 8.615048180372344, 9.423332397792123, 10.636138787538592, 10.005851810272244, 9.210145944428852, 4.731293853494246, 4.44632332304238, 9.81950520876327, 9.286591355599214, 9.25601319113107, 7.148014313780522, 6.552536486107213, 6.573627093273458, 14.481340630554778, 13.576336469858338, 8.091632568651491, 14.783430896916725, 15.707481628474184, 15.283237227736244, 15.769035082795396, 15.743413520656953, 15.735411546860346, 16.442750622463166, 16.51443277479882, 16.165383561017954, 15.122882369495244, 15.046037096475803, 14.585765735324951, 14.560913651505512, 15.423166438752904, 15.456071523797615, 15.477534423640385, 17.113223910738853, 16.869001377602288, 16.88375653498779, 16.79073471478498, 16.83293521239537], "adaptive_substitutions_per_codon": [0.0, 0.0, 0.0036153800811919985, 0.0036153800811919985, 0.004242179172905861, 0.0024551737862434347, 0.0025207788389591083, 0.0017448307099166365, 0.0018854129657359384, 0.0018854129657359384, 0.0028488041025374797, 0.0028488041025374797, 0.0028488041025374797, 0.0028488041025374797, 0.008299661060088963, 0.00907835491116775, 0.010246761837705773, 0.009639548950165939, 0.008872972971511418, 0.004558086564059967, 0.0042835484807730055, 0.009460024285899104, 0.008946619803082093, 0.008917161070453825, 0.006886333635626707, 0.006312655574284406, 0.006332974078298129, 0.013951195212480517, 0.013079322225297051, 0.0077954070988935364, 0.014242226297607635, 0.015132448582345071, 0.014723735286836459, 0.015191748634677645, 0.015167065048802459, 0.01515935601816989, 0.015840800214319044, 0.01590985816454607, 0.015573587245682037, 0.014569250837664012, 0.014495218782731988, 0.014051797432875676, 0.014027855155592978, 0.014858541848509542, 0.014890242315797317, 0.014910919483275902, 0.016486728237706024, 0.016251446413875038, 0.01626566140172234, 0.016176045004609806, 0.01621670058997627], "rate_of_adaptation": 0.00034423915484143143}