{"virus": "vic", "subtype": null, "gene": "pb1", "window": 3, "min_seqs": 2, "midfreq_high": 0.75, "midfreq_low": 0.15, "window_midpoint": [1972.5, 1973.5, 1984.5, 1985.5, 1986.5, 1987.5, 1988.5, 1989.5, 1992.5, 1993.5, 1994.5, 1995.5, 1996.5, 1997.5, 1998.5, 1999.5, 2000.5, 2001.5, 2002.5, 2003.5, 2004.5, 2005.5, 2006.5, 2007.5, 2008.5, 2009.5, 2010.5, 2011.5, 2012.5, 2013.5, 2014.5, 2015.5, 2016.5, 2017.5, 2018.5, 2019.5, 2020.5], "adaptive_substitutions": [0.0, 0.0, 0.7423519506034241, 0.7423519506034241, 0.7423519506034241, 0.7423519506034241, 0.0, 0.0, 1.2293362335110862, 1.2804097670502386, 1.3018804378332867, 1.2937482458602303, 1.4218121433249133, 1.5920572551220882, 1.2699971933763683, 0.9258209374122932, 0.9902329497614372, 1.650388249602395, 1.7533679483581253, 1.8613097878735754, 1.8206333613995693, 1.8206333613995693, 1.825234580637331, 2.0445551501543644, 2.0874964917204606, 3.265209741142944, 4.090599370068919, 3.392243759789232, 4.205349919928679, 4.282536786816888, 4.797642436149312, 4.543536266716211, 4.473549326410328, 4.478413069442425, 4.459017985147652, 4.450622560151047, 4.367372463494721], "adaptive_substitutions_per_codon": [0.0, 0.0, 0.00032861972138265787, 0.00032861972138265787, 0.00032861972138265787, 0.00032861972138265787, 0.0, 0.0, 0.0005441948798189846, 0.0005668037924082508, 0.0005763082947469175, 0.0005727083868349846, 0.0006293989124944282, 0.0007047619544586491, 0.0005621944193786491, 0.00040983662568051934, 0.0004383501326965193, 0.0007305835544941987, 0.0007761699638592852, 0.0008239529826797589, 0.0008059465964584193, 0.0008059465964584193, 0.0008079834354304254, 0.0009050708942693069, 0.0009240798989466404, 0.001445422638841498, 0.0018108009606325449, 0.001501657264182927, 0.0018615980167900306, 0.0018957666165634742, 0.0021237903657146135, 0.0020113042349341353, 0.0019803228536566307, 0.001982475905020994, 0.0019738902103353926, 0.0019701737760739477, 0.0019333211436452949], "rate_of_adaptation": 5.0523083974625915e-05}