{"virus": "vic", "subtype": null, "gene": "PB2", "window": 3, "min_seqs": 2, "midfreq_high": 0.75, "midfreq_low": 0.15, "window_midpoint": [2004.5, 2005.5, 2006.5, 2007.5, 2008.5, 2012.5, 2013.5, 2014.5, 2015.5, 2016.5, 2017.5, 2018.5, 2019.5, 2020.5], "adaptive_substitutions": [0.0, 0.0, 0.0, 0.0, 0.0, 0.8718828532766286, 0.8968876860622463, 0.9971969843417746, 1.007862942199884, 0.9828726077711192, 0.9910229352088955, 0.9846414721767774, 1.0007922839451935, 0.9969070172047167], "adaptive_substitutions_per_codon": [0.0, 0.0, 0.0, 0.0, 0.0, 0.0011308467617076896, 0.0011632784514426023, 0.001293381302648216, 0.0013072152298312372, 0.0012748023447096228, 0.001285373456820876, 0.001277096591668972, 0.0012980444668549852, 0.0012930052103822527], "rate_of_adaptation": 0.00010586340873117782}