{"virus": "vic", "subtype": null, "gene": "ha1", "window": 3, "min_seqs": 2, "midfreq_high": 0.75, "midfreq_low": 0.15, "window_midpoint": [1970.5, 1971.5, 1972.5, 1973.5, 1974.5, 1975.5, 1976.5, 1977.5, 1978.5, 1979.5, 1980.5, 1981.5, 1982.5, 1983.5, 1984.5, 1985.5, 1986.5, 1987.5, 1988.5, 1989.5, 1990.5, 1991.5, 1992.5, 1993.5, 1994.5, 1995.5, 1996.5, 1997.5, 1998.5, 1999.5, 2000.5, 2001.5, 2002.5, 2003.5, 2004.5, 2005.5, 2006.5, 2007.5, 2008.5, 2009.5, 2010.5, 2011.5, 2012.5, 2013.5, 2014.5, 2015.5, 2016.5, 2017.5, 2018.5, 2019.5, 2020.5], "adaptive_substitutions": [0.0, 0.0, 3.7527645242772945, 3.7527645242772945, 4.403381981476284, 2.548470390120685, 2.6165684348395546, 2.8111342768934686, 2.957058658433904, 2.957058658433904, 3.957058658433904, 3.957058658433904, 3.957058658433904, 3.957058658433904, 9.615048180372344, 10.423332397792123, 11.636138787538592, 10.45477827673309, 9.637183753658636, 5.095097764056507, 4.690955655346618, 10.681086039523866, 10.162359279009573, 9.455580640900761, 7.421020831384289, 6.916340396669474, 7.767185892038546, 16.481340630554776, 14.99121391395975, 9.921387456854317, 15.753387641893694, 17.459410179855443, 17.074773825535623, 17.711371415896352, 17.69932126148646, 17.722954587460553, 17.93080359707389, 18.50845926210418, 18.159444778048286, 17.117078558865796, 16.546037096475803, 16.080389573899776, 16.555565637522353, 17.417733084121082, 17.456071523797615, 17.477534423640385, 19.113223910738853, 18.860679789758343, 18.863970062165997, 18.75804765331992, 18.786504727359777], "adaptive_substitutions_per_codon": [0.0, 0.0, 0.010846140243575995, 0.010846140243575995, 0.012726537518717582, 0.007365521358730304, 0.007562336516877325, 0.008124665540154534, 0.008546412307612439, 0.008546412307612439, 0.011436585718017063, 0.011436585718017063, 0.011436585718017063, 0.011436585718017063, 0.027789156590671514, 0.03012523814390787, 0.03363045892352194, 0.03021612218708986, 0.02785313223600762, 0.01472571608108817, 0.013557675304469993, 0.03087019086567591, 0.029370980575172175, 0.027328267748268097, 0.02144803708492569, 0.019989423111761485, 0.022448514138839727, 0.047633932458250795, 0.04332720784381431, 0.028674530222122303, 0.04553002208639796, 0.05046072306316602, 0.0493490572992359, 0.05118893472802414, 0.0511541076921574, 0.051222412102487146, 0.05182313178345055, 0.05349265682689069, 0.05248394444522626, 0.049471325314641025, 0.0478209164638029, 0.04647511437543288, 0.04784845559977559, 0.050340269029251684, 0.050451073768201196, 0.05051310527063695, 0.05524053153392732, 0.05451063523051544, 0.05452014468834103, 0.05421401055872809, 0.054296256437456], "rate_of_adaptation": 0.0011534834193373809}