{"virus": "yam", "subtype": null, "gene": "ha1", "window": 3, "min_seqs": 2, "midfreq_high": 0.75, "midfreq_low": 0.15, "window_midpoint": [1991.5, 1992.5, 1993.5, 1994.5, 1995.5, 1996.5, 1997.5, 1998.5, 1999.5, 2000.5, 2001.5, 2002.5, 2003.5, 2004.5, 2005.5, 2006.5, 2007.5, 2008.5, 2009.5, 2010.5, 2011.5, 2012.5, 2013.5, 2014.5, 2015.5, 2016.5, 2017.5, 2018.5], "adaptive_substitutions": [0.0, 0.0, 0.0, 0.0, 0.0, 3.063921433494142, 4.440127498277049, 5.656650585802895, 5.081725815586383, 5.307925568573397, 0.9058996772258279, 1.687973811164714, 6.85536044107512, 7.607947932688576, 7.851073487609985, 7.857110039053526, 7.880403906177995, 7.82663561396421, 10.197304995773386, 10.120962877920684, 9.568630864874514, 7.322069196672353, 7.421386670741832, 8.685160733493497, 14.513772378311668, 15.100784422760091, 13.689810112807864, 14.147389808830194], "adaptive_substitutions_per_codon": [0.0, 0.0, 0.0, 0.0, 0.0, 0.008880931691287368, 0.012869934777614635, 0.016396088654501144, 0.014729640045177921, 0.015385291503111296, 0.0026257961658719647, 0.0048926777135209105, 0.01987060997413078, 0.02205202299330022, 0.02275673474669561, 0.0227742319972566, 0.02284175045268984, 0.022685900330331042, 0.029557405784850395, 0.02933612428382807, 0.027735161927172503, 0.021223388975861894, 0.021511265712295165, 0.02517437893766231, 0.042068905444381646, 0.04377038963118867, 0.03968060902263149, 0.041006926982116505], "rate_of_adaptation": 0.0015005224136436983}