{"virus": "yam", "subtype": null, "gene": "ha1", "window": 5, "min_seqs": 3, "midfreq_high": 0.75, "midfreq_low": 0.15, "window_midpoint": [1992.5, 1993.5, 1994.5, 1995.5, 1996.5, 1997.5, 1998.5, 1999.5, 2000.5, 2001.5, 2002.5, 2003.5, 2004.5, 2005.5, 2006.5, 2007.5, 2008.5, 2009.5, 2010.5, 2011.5, 2012.5, 2013.5, 2014.5, 2015.5, 2016.5, 2017.5], "adaptive_substitutions": [0.0, 0.0, 0.0, 0.0, 0.0, 3.274982770503101, 4.184255111417413, 3.898098173286149, 0.8380464746951127, 0.8863747813179239, 0.9603085632817977, 5.687244870911307, 7.282024775132977, 7.869888801791516, 7.953535133049323, 7.953038763729819, 7.887225386001186, 7.785165247420043, 9.964102348496052, 7.383192383302047, 7.3943441998294475, 6.636745400104074, 9.529189692051037, 12.260979806135603, 13.961070005938215, 14.250721360080163], "adaptive_substitutions_per_codon": [0.0, 0.0, 0.0, 0.0, 0.0, 0.009465268122841331, 0.012093222865368247, 0.011266179691578466, 0.0024220996378471467, 0.0025617768246182773, 0.0027754582753809183, 0.01643712390436794, 0.021046314378997046, 0.02274534335777895, 0.02298709576025816, 0.022985661166849188, 0.022795449092488977, 0.022500477593699546, 0.02879798366617356, 0.021338706310121525, 0.021370936993726726, 0.019181345087005995, 0.027541010670667738, 0.035436357821201164, 0.04034991331196016, 0.04118705595398891], "rate_of_adaptation": 0.0015342281082184619}