{"virus": "yam", "subtype": null, "gene": "pb1", "window": 5, "min_seqs": 3, "midfreq_high": 0.75, "midfreq_low": 0.15, "window_midpoint": [1992.5, 1993.5, 1994.5, 1995.5, 1996.5, 1997.5, 1998.5, 1999.5, 2000.5, 2001.5, 2002.5, 2003.5, 2004.5, 2005.5, 2006.5, 2007.5, 2008.5, 2009.5, 2010.5, 2011.5, 2012.5, 2013.5, 2014.5, 2015.5, 2016.5, 2017.5], "adaptive_substitutions": [0.0, 0.0, 0.0, 0.0, 0.664311968757179, 0.779988392759984, 0.9172984148862853, 0.9172984148862853, 0.972432804962095, 0.972432804962095, 0.972432804962095, 0.972432804962095, 1.2193314955203307, 2.0344812254062825, 2.0448397656788417, 2.050596205609664, 0.9172984148862853, 0.8403008930011584, 0.8152087694888366, 0.8174707098552721, 0.7921373565457106, 2.3343710639511395, 2.346829772570641, 2.068136124907911, 2.2135175420319584, 2.2374738985979814], "adaptive_substitutions_per_codon": [0.0, 0.0, 0.0, 0.0, 0.0008822204100360943, 0.0010358411590438035, 0.0012181917860375634, 0.0012181917860375634, 0.0012914114275725033, 0.0012914114275725033, 0.0012914114275725033, 0.0012914114275725033, 0.0016192981348211563, 0.00270183429668829, 0.002715590658272034, 0.002723235332814959, 0.0012181917860375634, 0.0011159374409045928, 0.0010826145677142584, 0.0010856184725833629, 0.0010519752410965613, 0.003100094374437104, 0.0031166398042106786, 0.0027465287183371994, 0.002939598329391711, 0.0029714128799441983], "rate_of_adaptation": 0.00010391206806778398}