{"virus": "yam", "subtype": null, "gene": "ha1", "window": 3, "min_seqs": 2, "midfreq_high": 0.75, "midfreq_low": 0.15, "window_midpoint": [1991.5, 1992.5, 1993.5, 1994.5, 1995.5, 1996.5, 1997.5, 1998.5, 1999.5, 2000.5, 2001.5, 2002.5, 2003.5, 2004.5, 2005.5, 2006.5, 2007.5, 2008.5, 2009.5, 2010.5, 2011.5, 2012.5, 2013.5, 2014.5, 2015.5, 2016.5, 2017.5, 2018.5], "adaptive_substitutions": [0.0, 0.0, 0.0, 0.0, 0.0, 3.25, 4.5892857142857135, 5.800000000000001, 5.267326732673268, 5.514285714285714, 0.935251798561151, 1.75, 7.207999999999999, 7.940397350993377, 8.25301204819277, 8.285714285714285, 8.308383233532933, 8.28735632183908, 10.764334595707926, 10.703454372365021, 10.139112487100103, 7.7650273224043715, 7.839323983397987, 9.256987407309904, 15.251162790697673, 15.80901287553648, 14.462719298245615, 14.957207207207206], "adaptive_substitutions_per_codon": [0.0, 0.0, 0.0, 0.0, 0.0, 0.003140096618357488, 0.004434092477570738, 0.005603864734299518, 0.005089204572631177, 0.005327812284334024, 0.0009036249261460396, 0.0016908212560386474, 0.006964251207729468, 0.007671881498544326, 0.007973924684244222, 0.00800552104899931, 0.00802742341404148, 0.008007107557332445, 0.010400323280877222, 0.01034150180904833, 0.009796243948888988, 0.007502441857395528, 0.00757422607091593, 0.00894394918580667, 0.014735422986181327, 0.015274408575397564, 0.013973641834053734, 0.014451407929668798], "rate_of_adaptation": 0.0005293888495058878}