{"virus": "yam", "subtype": null, "gene": "ha1", "window": 3, "min_seqs": 2, "midfreq_high": 0.75, "midfreq_low": 0.15, "window_midpoint": [1991.5, 1992.5, 1993.5, 1994.5, 1995.5, 1996.5, 1997.5, 1998.5, 1999.5, 2000.5, 2001.5, 2002.5, 2003.5, 2004.5, 2005.5, 2006.5, 2007.5, 2008.5, 2009.5, 2010.5, 2011.5, 2012.5, 2013.5, 2014.5, 2015.5, 2016.5, 2017.5, 2018.5], "adaptive_substitutions": [0.0, 0.0, 0.0, 0.0, 0.0, 3.063921433494142, 4.440127498277049, 5.656650585802895, 5.081725815586383, 5.307925568573397, 0.9058996772258279, 1.687973811164714, 6.85536044107512, 7.607947932688576, 7.851073487609985, 7.857110039053526, 7.880403906177995, 7.82663561396421, 10.197304995773386, 10.120962877920684, 9.568630864874514, 7.322069196672353, 7.421386670741832, 8.685160733493497, 14.513772378311668, 15.100784422760091, 13.689810112807864, 14.147389808830194], "adaptive_substitutions_per_codon": [0.0, 0.0, 0.0, 0.0, 0.0, 0.0029603105637624563, 0.004289978259204879, 0.005465362884833715, 0.004909880015059307, 0.005128430501037099, 0.0008752653886239883, 0.0016308925711736367, 0.006623536658043594, 0.007350674331100074, 0.007585578248898536, 0.007591410665752199, 0.00761391681756328, 0.007561966776777014, 0.009852468594950132, 0.009778708094609357, 0.009245053975724168, 0.007074462991953964, 0.007170421904098388, 0.008391459645887436, 0.014022968481460549, 0.01459012987706289, 0.013226869674210497, 0.013668975660705502], "rate_of_adaptation": 0.0005001741378812328}