{"virus": "yam", "subtype": null, "gene": "pb1", "window": 3, "min_seqs": 2, "midfreq_high": 0.75, "midfreq_low": 0.15, "window_midpoint": [1991.5, 1992.5, 1993.5, 1994.5, 1995.5, 1996.5, 1997.5, 1998.5, 1999.5, 2000.5, 2001.5, 2002.5, 2003.5, 2004.5, 2005.5, 2006.5, 2007.5, 2008.5, 2009.5, 2010.5, 2011.5, 2012.5, 2013.5, 2014.5, 2015.5, 2016.5, 2017.5, 2018.5], "adaptive_substitutions": [0.0, 0.0, 0.0, 0.0, 0.835648735899017, 1.6101539168389616, 1.7000536028792403, 2.4851295140600866, 1.8621640248104756, 1.7186193429818517, 1.7609208503419391, 1.7176759656009348, 1.74276361130255, 2.9273604410751206, 3.066161268090972, 3.1367792327130717, 2.872226050999311, 2.8161769312699705, 1.7923029489644164, 2.7979221226740174, 1.43333501425986, 1.665076481065454, 1.7005168849069605, 2.447693598029085, 2.721195413821189, 2.2117234623029995, 2.1890050094119338, 2.944992564111864], "adaptive_substitutions_per_codon": [0.0, 0.0, 0.0, 0.0, 0.0011097592774223332, 0.0021383186146599754, 0.0022577073079405583, 0.003300304799548588, 0.002472993392842597, 0.0022823630052879835, 0.0023385403058989894, 0.0022811101800809227, 0.0023144271066434926, 0.003887596867297637, 0.004071927314861848, 0.004165709472394518, 0.003814377225762697, 0.0037399428038113816, 0.00238021639968714, 0.003715700030111577, 0.001903499354926773, 0.002211256946966074, 0.0022583225563173447, 0.0032505891076083466, 0.003613805330439826, 0.0029372157533904377, 0.0029070451652216914, 0.003911012701343777], "rate_of_adaptation": 0.00010491098460295934}