{"virus": "yam", "subtype": null, "gene": "NP", "window": 3, "min_seqs": 2, "midfreq_high": 0.75, "midfreq_low": 0.15, "window_midpoint": [2001.5, 2002.5, 2004.5, 2005.5, 2006.5, 2007.5, 2008.5, 2009.5, 2012.5, 2013.5, 2014.5, 2015.5, 2016.5, 2017.5, 2018.5], "adaptive_substitutions": [0.0, 0.0, 0.7922077922077922, 0.7922077922077922, 0.7922077922077922, 0.7922077922077922, 0.7922077922077922, 1.2678011643528886, 0.7922077922077922, 0.7922077922077922, 1.6793698105173516, 2.926852559205501, 2.995906267645399, 3.0068993506493507, 2.816352661423084], "adaptive_substitutions_per_codon": [0.0, 0.0, 0.0014121351019746743, 0.0014121351019746743, 0.0014121351019746743, 0.0014121351019746743, 0.0014121351019746743, 0.0022598951236236873, 0.0014121351019746743, 0.0014121351019746743, 0.002993529074005974, 0.005217205987888593, 0.005340296377264526, 0.005359891890640554, 0.005020236473124927], "rate_of_adaptation": 0.0003000828877585942}