{"virus": "yam", "subtype": null, "gene": "pb1", "window": 3, "min_seqs": 2, "midfreq_high": 0.75, "midfreq_low": 0.15, "window_midpoint": [1991.5, 1992.5, 1993.5, 1994.5, 1995.5, 1996.5, 1997.5, 1998.5, 1999.5, 2000.5, 2001.5, 2002.5, 2003.5, 2004.5, 2005.5, 2006.5, 2007.5, 2008.5, 2009.5, 2010.5, 2011.5, 2012.5, 2013.5, 2014.5, 2015.5, 2016.5, 2017.5, 2018.5], "adaptive_substitutions": [0.0, 0.0, 0.0, 0.0, 0.835648735899017, 1.6101539168389616, 1.7000536028792403, 2.4851295140600866, 1.8621640248104756, 1.7186193429818517, 1.7609208503419391, 1.7176759656009348, 1.74276361130255, 2.9273604410751206, 3.066161268090972, 3.1367792327130717, 2.872226050999311, 2.8161769312699705, 1.7923029489644164, 2.7979221226740174, 1.43333501425986, 1.665076481065454, 1.7005168849069605, 2.447693598029085, 2.721195413821189, 2.2117234623029995, 2.1890050094119338, 2.944992564111864], "adaptive_substitutions_per_codon": [0.0, 0.0, 0.0, 0.0, 0.00036991975914077777, 0.0007127728715533251, 0.0007525691026468527, 0.0011001015998495292, 0.0008243311309475323, 0.0007607876684293279, 0.0007795134352996632, 0.0007603700600269743, 0.0007714757022144976, 0.0012958656224325456, 0.0013573091049539495, 0.0013885698241315057, 0.0012714590752542323, 0.0012466476012704605, 0.00079340546656238, 0.001238566676703859, 0.000634499784975591, 0.0007370856489886914, 0.0007527741854391149, 0.0010835297025361156, 0.0012046017768132754, 0.0009790719177968125, 0.0009690150550738972, 0.0013036709004479257], "rate_of_adaptation": 3.497032820098645e-05}