{"virus": "229e", "subtype": null, "gene": "spike", "loci_len": 201, "loci_offset": 9, "location": [1062, 1263], "window": 3, "min_seqs": 2, "midfreq_high": 0.75, "midfreq_low": 0.15, "window_midpoint": [1992.5, 1993.5, 1994.5, 2004.5, 2005.5, 2006.5, 2007.5, 2008.5, 2009.5, 2010.5, 2011.5, 2012.5, 2014.5, 2015.5, 2016.5, 2017.5], "adaptive_substitutions": [0.0, 0.0, 0.0, 2.0, 2.0, 3.4214285714285717, 4.0, 3.807142857142857, 3.849068322981367, 3.861142857142857, 5.0, 5.768571428571429, 5.5, 5.614285714285715, 5.614285714285715, 5.554945054945056], "adaptive_substitutions_per_codon": [0.0, 0.0, 0.0, 0.009950248756218905, 0.009950248756218905, 0.017022032693674485, 0.01990049751243781, 0.0189410092395167, 0.019149593646673468, 0.019209665955934613, 0.024875621890547265, 0.028699360341151385, 0.02736318407960199, 0.0279317697228145, 0.0279317697228145, 0.027636542561915698], "rate_of_adaptation": 0.001276508595897519}