{"virus": "229e", "subtype": null, "gene": "spike", "loci_len": 201, "loci_offset": 9, "location": [594, 795], "window": 3, "min_seqs": 2, "midfreq_high": 0.75, "midfreq_low": 0.15, "window_midpoint": [1992.5, 1993.5, 1994.5, 2004.5, 2005.5, 2006.5, 2007.5, 2008.5, 2009.5, 2010.5, 2011.5, 2012.5, 2014.5, 2015.5, 2016.5, 2017.5], "adaptive_substitutions": [0.0, 0.0, 0.0, 0.5285714285714286, 0.5285714285714286, 0.5285714285714286, 0.5285714285714286, 0.6857142857142857, 0.6857142857142857, 0.6857142857142857, 0.5285714285714286, 0.5285714285714286, 1.5285714285714285, 0.5285714285714286, 0.5285714285714286, 0.5285714285714286], "adaptive_substitutions_per_codon": [0.0, 0.0, 0.0, 0.0026297085998578536, 0.0026297085998578536, 0.0026297085998578536, 0.0026297085998578536, 0.003411513859275053, 0.003411513859275053, 0.003411513859275053, 0.0026297085998578536, 0.0026297085998578536, 0.007604832977967306, 0.0026297085998578536, 0.0026297085998578536, 0.0026297085998578536], "rate_of_adaptation": 0.0001574080146914147}