{"virus": "229e", "subtype": null, "gene": "spike", "loci_len": 201, "loci_offset": 9, "location": [1053, 1254], "window": 3, "min_seqs": 2, "midfreq_high": 0.75, "midfreq_low": 0.15, "window_midpoint": [1992.5, 1993.5, 1994.5, 2004.5, 2005.5, 2006.5, 2007.5, 2008.5, 2009.5, 2010.5, 2011.5, 2012.5, 2014.5, 2015.5, 2016.5, 2017.5], "adaptive_substitutions": [0.0, 0.0, 0.0, 2.0, 2.0, 3.4214285714285717, 4.0, 3.807142857142857, 3.849068322981367, 3.861142857142857, 5.0, 6.537142857142857, 6.5, 6.537142857142857, 6.537142857142857, 6.465934065934067], "adaptive_substitutions_per_codon": [0.0, 0.0, 0.0, 0.009950248756218905, 0.009950248756218905, 0.017022032693674485, 0.01990049751243781, 0.0189410092395167, 0.019149593646673468, 0.019209665955934613, 0.024875621890547265, 0.03252309879175551, 0.03233830845771144, 0.03252309879175551, 0.03252309879175551, 0.03216882619867695], "rate_of_adaptation": 0.0014611092445777176}