{"virus": "229e", "subtype": null, "gene": "spike", "loci_len": 201, "loci_offset": 9, "location": [738, 939], "window": 3, "min_seqs": 2, "midfreq_high": 0.75, "midfreq_low": 0.15, "window_midpoint": [1992.5, 1993.5, 1994.5, 2004.5, 2005.5, 2006.5, 2007.5, 2008.5, 2009.5, 2010.5, 2011.5, 2012.5, 2014.5, 2015.5, 2016.5, 2017.5], "adaptive_substitutions": [0.0, 0.0, 0.0, 1.842857142857143, 1.842857142857143, 1.842857142857143, 1.842857142857143, 1.842857142857143, 1.842857142857143, 1.842857142857143, 2.553571428571429, 3.4542857142857146, 3.685714285714286, 4.300000000000001, 4.300000000000001, 4.32967032967033], "adaptive_substitutions_per_codon": [0.0, 0.0, 0.0, 0.009168443496801706, 0.009168443496801706, 0.009168443496801706, 0.009168443496801706, 0.009168443496801706, 0.009168443496801706, 0.009168443496801706, 0.012704335465529496, 0.017185501066098084, 0.01833688699360341, 0.02139303482587065, 0.02139303482587065, 0.02154064840632005], "rate_of_adaptation": 0.0008742917013151726}