{"virus": "229e", "subtype": null, "gene": "spike", "loci_len": 201, "loci_offset": 9, "location": [855, 1056], "window": 3, "min_seqs": 2, "midfreq_high": 0.75, "midfreq_low": 0.15, "window_midpoint": [1992.5, 1993.5, 1994.5, 2004.5, 2005.5, 2006.5, 2007.5, 2008.5, 2009.5, 2010.5, 2011.5, 2012.5, 2014.5, 2015.5, 2016.5, 2017.5], "adaptive_substitutions": [0.0, 0.0, 0.0, 3.842857142857143, 3.842857142857143, 3.842857142857143, 4.611428571428571, 3.842857142857143, 3.842857142857143, 3.842857142857143, 3.842857142857143, 6.917142857142857, 7.8428571428571425, 8.302857142857144, 8.302857142857144, 8.30879120879121], "adaptive_substitutions_per_codon": [0.0, 0.0, 0.0, 0.01911869225302061, 0.01911869225302061, 0.01911869225302061, 0.02294243070362473, 0.01911869225302061, 0.01911869225302061, 0.01911869225302061, 0.01911869225302061, 0.0344136460554371, 0.03901918976545842, 0.04130774697938878, 0.04130774697938878, 0.04133726969547866], "rate_of_adaptation": 0.001694913668005512}