{"virus": "229e", "subtype": null, "gene": "spike", "loci_len": 201, "loci_offset": 9, "location": [2871, 3072], "window": 3, "min_seqs": 2, "midfreq_high": 0.75, "midfreq_low": 0.15, "window_midpoint": [1992.5, 1993.5, 1994.5, 2004.5, 2005.5, 2006.5, 2007.5, 2008.5, 2009.5, 2010.5, 2011.5, 2012.5, 2014.5, 2015.5, 2016.5, 2017.5], "adaptive_substitutions": [0.0, 0.0, 0.0, 0.0, 0.0, 0.7107142857142857, 1.0, 0.9357142857142857, 0.9496894409937888, 0.9537142857142856, 1.0, 1.0, 1.0, 0.9228571428571428, 0.9228571428571428, 0.9109890109890111], "adaptive_substitutions_per_codon": [0.0, 0.0, 0.0, 0.0, 0.0, 0.0035358919687277896, 0.004975124378109453, 0.004655294953802416, 0.004724823089521338, 0.004744847192608386, 0.004975124378109453, 0.004975124378109453, 0.004975124378109453, 0.004591329068941009, 0.004591329068941009, 0.004532283636761249], "rate_of_adaptation": 0.00023566733684063173}