{"virus": "229e", "subtype": null, "gene": "spike", "loci_len": 201, "loci_offset": 9, "location": [1206, 1407], "window": 3, "min_seqs": 2, "midfreq_high": 0.75, "midfreq_low": 0.15, "window_midpoint": [1992.5, 1993.5, 1994.5, 2004.5, 2005.5, 2006.5, 2007.5, 2008.5, 2009.5, 2010.5, 2011.5, 2012.5, 2014.5, 2015.5, 2016.5, 2017.5], "adaptive_substitutions": [0.0, 0.0, 0.0, 0.8428571428571429, 0.8428571428571429, 2.2642857142857142, 2.842857142857143, 2.807142857142857, 2.849068322981367, 2.861142857142857, 2.842857142857143, 2.842857142857143, 2.342857142857143, 2.7685714285714282, 2.7685714285714282, 2.732967032967033], "adaptive_substitutions_per_codon": [0.0, 0.0, 0.0, 0.004193319118692253, 0.004193319118692253, 0.011265103056147831, 0.014143567874911158, 0.013965884861407249, 0.014174469268564015, 0.01423454157782516, 0.014143567874911158, 0.014143567874911158, 0.011656005685856433, 0.013773987206823025, 0.013773987206823025, 0.013596850910283747], "rate_of_adaptation": 0.0006526855707212546}