{"virus": "229e", "subtype": null, "gene": "spike", "loci_len": 201, "loci_offset": 9, "location": [729, 930], "window": 3, "min_seqs": 2, "midfreq_high": 0.75, "midfreq_low": 0.15, "window_midpoint": [1992.5, 1993.5, 1994.5, 2004.5, 2005.5, 2006.5, 2007.5, 2008.5, 2009.5, 2010.5, 2011.5, 2012.5, 2014.5, 2015.5, 2016.5, 2017.5], "adaptive_substitutions": [0.0, 0.0, 0.0, 0.8428571428571429, 0.8428571428571429, 0.8428571428571429, 0.8428571428571429, 0.8428571428571429, 0.8428571428571429, 0.8428571428571429, 1.5535714285714286, 2.4542857142857146, 2.685714285714286, 2.5314285714285716, 2.5314285714285716, 2.5076923076923077], "adaptive_substitutions_per_codon": [0.0, 0.0, 0.0, 0.004193319118692253, 0.004193319118692253, 0.004193319118692253, 0.004193319118692253, 0.004193319118692253, 0.004193319118692253, 0.004193319118692253, 0.007729211087420043, 0.01221037668798863, 0.01336176261549396, 0.012594171997157073, 0.012594171997157073, 0.01247608113279755], "rate_of_adaptation": 0.0005436797935787217}