{"virus": "229e", "subtype": null, "gene": "spike", "loci_len": 201, "loci_offset": 9, "location": [945, 1146], "window": 3, "min_seqs": 2, "midfreq_high": 0.75, "midfreq_low": 0.15, "window_midpoint": [1992.5, 1993.5, 1994.5, 2004.5, 2005.5, 2006.5, 2007.5, 2008.5, 2009.5, 2010.5, 2011.5, 2012.5, 2014.5, 2015.5, 2016.5, 2017.5], "adaptive_substitutions": [0.0, 0.0, 0.0, 0.8428571428571429, 0.8428571428571429, 0.8428571428571429, 1.6114285714285714, 0.8428571428571429, 0.8428571428571429, 0.8428571428571429, 1.842857142857143, 4.917142857142857, 5.8428571428571425, 5.457142857142857, 5.457142857142857, 5.397802197802198], "adaptive_substitutions_per_codon": [0.0, 0.0, 0.0, 0.004193319118692253, 0.004193319118692253, 0.004193319118692253, 0.008017057569296375, 0.004193319118692253, 0.004193319118692253, 0.004193319118692253, 0.009168443496801706, 0.024463397299218197, 0.029068941009239516, 0.0271499644633973, 0.0271499644633973, 0.0268547373024985], "rate_of_adaptation": 0.0011349176521870147}