{"virus": "enterovirusd68", "subtype": null, "gene": "vp1", "loci_len": 201, "loci_offset": 9, "location": [2676, 2877], "window": 3, "min_seqs": 2, "midfreq_high": 0.75, "midfreq_low": 0.15, "window_midpoint": [1998.5, 1999.5, 2000.5, 2001.5, 2002.5, 2003.5, 2004.5, 2005.5, 2006.5, 2007.5, 2008.5, 2009.5, 2010.5, 2011.5, 2012.5, 2013.5, 2014.5, 2015.5, 2016.5, 2017.5], "adaptive_substitutions": [0.0, 0.710069118184476, 0.8191134458899771, 0.9645058828306454, 0.7296411770034121, 0.7296411770034121, 1.4770294125915018, 0.0, 0.0, 0.0, 0.8393030960129456, 0.8788396358827765, 0.9386899362298388, 0.8345807264155802, 0.7486716492811344, 3.4524395746678893, 3.535840101875853, 3.570479485948391, 3.213754381812387, 2.2139414088041605], "adaptive_substitutions_per_codon": [0.0, 0.003532682180022269, 0.004075191273084464, 0.004798536730500723, 0.00363005560698215, 0.00363005560698215, 0.0073484050377686655, 0.0, 0.0, 0.0, 0.004175637293596744, 0.004372336496929237, 0.004670099185223079, 0.004152142917490449, 0.0037247345735379822, 0.017176316291880045, 0.017591244287939567, 0.017763579532081547, 0.01598882777021088, 0.011014633874647564], "rate_of_adaptation": 0.0007224013735974459}