{"virus": "enterovirusd68", "subtype": null, "gene": "vp1", "loci_len": 201, "loci_offset": 9, "location": [2946, 3147], "window": 3, "min_seqs": 2, "midfreq_high": 0.75, "midfreq_low": 0.15, "window_midpoint": [1998.5, 1999.5, 2000.5, 2001.5, 2002.5, 2003.5, 2004.5, 2005.5, 2006.5, 2007.5, 2008.5, 2009.5, 2010.5, 2011.5, 2012.5, 2013.5, 2014.5, 2015.5, 2016.5, 2017.5], "adaptive_substitutions": [0.0, 0.0, 0.0, 0.0, 0.030270588345533547, 0.030270588345533547, 0.030270588345533547, 0.0, 0.0, 0.0, 0.0, 0.0, 0.0, 0.0, 0.0, 0.7858979379558673, 0.7911293584578609, 1.5964262573524113, 1.6606151093783916, 1.2513728889372837], "adaptive_substitutions_per_codon": [0.0, 0.0, 0.0, 0.0, 0.00015059994201757984, 0.00015059994201757984, 0.00015059994201757984, 0.0, 0.0, 0.0, 0.0, 0.0, 0.0, 0.0, 0.0, 0.003909939989830185, 0.003935966957501796, 0.007942419190808016, 0.008261766713325331, 0.0062257357658571325], "rate_of_adaptation": 0.00035186918303843395}