{"virus": "enterovirusd68", "subtype": null, "gene": "vp1", "loci_len": 201, "loci_offset": 9, "location": [3054, 3255], "window": 3, "min_seqs": 2, "midfreq_high": 0.75, "midfreq_low": 0.15, "window_midpoint": [1998.5, 1999.5, 2000.5, 2001.5, 2002.5, 2003.5, 2004.5, 2005.5, 2006.5, 2007.5, 2008.5, 2009.5, 2010.5, 2011.5, 2012.5, 2013.5, 2014.5, 2015.5, 2016.5, 2017.5], "adaptive_substitutions": [0.0, 0.7278161767691533, 0.8368605044746544, 0.9822529414153227, 1.0, 1.0, 1.0, 0.9911264707076614, 1.0, 1.0, 0.5, 0.5, 0.5, 0.5, 0.5, 2.7251731731238458, 2.7457368840139433, 2.779735296046837, 1.9920208914644055, 2.101464216658419], "adaptive_substitutions_per_codon": [0.0, 0.0036209760038266336, 0.004163485096888828, 0.004886830554305088, 0.004975124378109453, 0.004975124378109453, 0.004975124378109453, 0.00493097746620727, 0.004975124378109453, 0.004975124378109453, 0.0024875621890547263, 0.0024875621890547263, 0.0024875621890547263, 0.0024875621890547263, 0.0024875621890547263, 0.013558075488178337, 0.013660382507532057, 0.013829528836053914, 0.009910551698827888, 0.010455045854021986], "rate_of_adaptation": 0.00044891701621411004}