{"virus": "enterovirusd68", "subtype": null, "gene": "vp1", "loci_len": 201, "loci_offset": 9, "location": [2388, 2589], "window": 3, "min_seqs": 2, "midfreq_high": 0.75, "midfreq_low": 0.15, "window_midpoint": [1998.5, 1999.5, 2000.5, 2001.5, 2002.5, 2003.5, 2004.5, 2005.5, 2006.5, 2007.5, 2008.5, 2009.5, 2010.5, 2011.5, 2012.5, 2013.5, 2014.5, 2015.5, 2016.5, 2017.5], "adaptive_substitutions": [0.0, 0.7278161767691533, 0.8368605044746544, 0.9822529414153227, 0.7296411770034121, 0.7296411770034121, 0.7296411770034121, 0, 0.0, 0, 0.0, 0.0, 0.0, 0.0, 0.8975129988305804, 1.8821168199572433, 1.8897630086558102, 2.0735695850873035, 4.04306845106525, 3.7250184043736776], "adaptive_substitutions_per_codon": [0.0, 0.0036209760038266336, 0.004163485096888828, 0.004886830554305088, 0.00363005560698215, 0.00363005560698215, 0.00363005560698215, 0.0, 0.0, 0.0, 0.0, 0.0, 0.0, 0.0, 0.0044652388001521414, 0.00936376527341912, 0.009401806013212987, 0.010316266592474147, 0.02011476841325995, 0.01853242987250586], "rate_of_adaptation": 0.0006230632389158058}