{"virus": "enterovirusd68", "subtype": null, "gene": "vp1", "loci_len": 201, "loci_offset": 9, "location": [3090, 3291], "window": 3, "min_seqs": 2, "midfreq_high": 0.75, "midfreq_low": 0.15, "window_midpoint": [1998.5, 1999.5, 2000.5, 2001.5, 2002.5, 2003.5, 2004.5, 2005.5, 2006.5, 2007.5, 2008.5, 2009.5, 2010.5, 2011.5, 2012.5, 2013.5, 2014.5, 2015.5, 2016.5, 2017.5], "adaptive_substitutions": [0.0, 0.7278161767691533, 0.8368605044746544, 0.9822529414153227, 1.0, 1.0, 1.0, 0.9733794121229841, 0.9822529414153227, 1.0, 0.5, 0.5, 0.5, 0.5, 0.5, 2.7606672902932003, 2.7989780597679754, 2.832976471800869, 2.0630091258031147, 2.1724524509971284], "adaptive_substitutions_per_codon": [0.0, 0.0036209760038266336, 0.004163485096888828, 0.004886830554305088, 0.004975124378109453, 0.004975124378109453, 0.004975124378109453, 0.004842683642402906, 0.004886830554305088, 0.004975124378109453, 0.0024875621890547263, 0.0024875621890547263, 0.0024875621890547263, 0.0024875621890547263, 0.0024875621890547263, 0.013734663135787067, 0.01392526397894515, 0.01409441030746701, 0.010263726994045347, 0.010808221149239445], "rate_of_adaptation": 0.00046604469030548317}