{"virus": "enterovirusd68", "subtype": null, "gene": "vp1", "loci_len": 201, "loci_offset": 9, "location": [2874, 3075], "window": 3, "min_seqs": 2, "midfreq_high": 0.75, "midfreq_low": 0.15, "window_midpoint": [1998.5, 1999.5, 2000.5, 2001.5, 2002.5, 2003.5, 2004.5, 2005.5, 2006.5, 2007.5, 2008.5, 2009.5, 2010.5, 2011.5, 2012.5, 2013.5, 2014.5, 2015.5, 2016.5, 2017.5], "adaptive_substitutions": [0.0, 0.0, 0.0, 0.0, 0.7599117653489457, 0.7599117653489457, 0.7599117653489457, 0.0, 0.0, 0.0, 0.0, 0.0, 0.0, 0.0, 0.0, 0.0, 0.0, 0.6460724553321515, 0.7643037793748407, 0.5], "adaptive_substitutions_per_codon": [0.0, 0.0, 0.0, 0.0, 0.0037806555489997297, 0.0037806555489997297, 0.0037806555489997297, 0.0, 0.0, 0.0, 0.0, 0.0, 0.0, 0.0, 0.0, 0.0, 0.0, 0.0032142908225480174, 0.0038025063650489587, 0.0024875621890547263], "rate_of_adaptation": 4.3641317528646366e-05}