{"virus": "enterovirusd68", "subtype": null, "gene": "vp1", "loci_len": 201, "loci_offset": 9, "location": [2829, 3030], "window": 3, "min_seqs": 2, "midfreq_high": 0.75, "midfreq_low": 0.15, "window_midpoint": [1998.5, 1999.5, 2000.5, 2001.5, 2002.5, 2003.5, 2004.5, 2005.5, 2006.5, 2007.5, 2008.5, 2009.5, 2010.5, 2011.5, 2012.5, 2013.5, 2014.5, 2015.5, 2016.5, 2017.5], "adaptive_substitutions": [0.0, 0.0, 0.0, 0.0, 0.7421647067642684, 0.7421647067642684, 0.7421647067642684, 0.0, 0.0, 0.0, 0.0, 0.0, 0.0, 0.0, 0.0, 0.7783785268848016, 0.8040982618379153, 0.8223054536213845, 0.6833466269874233, 0.6060365489556934], "adaptive_substitutions_per_codon": [0.0, 0.0, 0.0, 0.0, 0.003692361725195365, 0.003692361725195365, 0.003692361725195365, 0.0, 0.0, 0.0, 0.0, 0.0, 0.0, 0.0, 0.0, 0.0038725299845015003, 0.0040004888648652506, 0.004091071908564102, 0.0033997344626239966, 0.003015107208734793], "rate_of_adaptation": 0.00012884136838460186}