{"virus": "enterovirusd68", "subtype": null, "gene": "vp1", "loci_len": 201, "loci_offset": 9, "location": [2550, 2751], "window": 3, "min_seqs": 2, "midfreq_high": 0.75, "midfreq_low": 0.15, "window_midpoint": [1998.5, 1999.5, 2000.5, 2001.5, 2002.5, 2003.5, 2004.5, 2005.5, 2006.5, 2007.5, 2008.5, 2009.5, 2010.5, 2011.5, 2012.5, 2013.5, 2014.5, 2015.5, 2016.5, 2017.5], "adaptive_substitutions": [0.0, 0.0, 0.0, 0.0, 0.0, 0.0, 0.7118941184187348, 0.0, 0, 0.0, 0.8215560374282683, 0.8610925772980992, 0.9209428776451615, 0.8523277850002575, 0.7664187078658117, 3.459958985738955, 3.560608237931794, 3.592045482839202, 3.2079717280704285, 2.244095149858414], "adaptive_substitutions_per_codon": [0.0, 0.0, 0.0, 0.0, 0.0, 0.0, 0.0035417617831777853, 0.0, 0.0, 0.0, 0.00408734346979238, 0.004284042673124872, 0.004581805361418714, 0.004240436741294814, 0.0038130283973423465, 0.017213726297208732, 0.017714468845431812, 0.017870873048951255, 0.015960058348609096, 0.01116465248685778], "rate_of_adaptation": 0.0009400060509398436}