{"virus": "oc43", "subtype": "a", "gene": "spike", "loci_len": 201, "loci_offset": 9, "location": [0, 201], "window": 3, "min_seqs": 2, "midfreq_high": 0.75, "midfreq_low": 0.15, "window_midpoint": [1991.5, 1992.5, 1995.5, 1996.5, 1997.5, 1998.5, 1999.5, 2000.5, 2001.5, 2002.5, 2003.5, 2004.5, 2005.5, 2006.5, 2007.5, 2008.5, 2009.5, 2010.5, 2011.5, 2012.5, 2013.5, 2014.5, 2015.5, 2016.5, 2017.5], "adaptive_substitutions": [0.0, 0.0, 2.0, 2.0, 2.0, 1.5, 3.729901269393512, 5.0, 3.5, 3.5, 4.986600846262341, 6.0, 6.0, 6.889985895627644, 6.939600099560275, 6.5, 6.5, 7.0, 7.0, 7.0, 7.0, 7.945957983817088, 8.0, 7.99227971197387, 8.867889045604137], "adaptive_substitutions_per_codon": [0.0, 0.0, 0.009950248756218905, 0.009950248756218905, 0.009950248756218905, 0.007462686567164179, 0.018556722733301053, 0.024875621890547265, 0.017412935323383085, 0.017412935323383085, 0.024808959434141003, 0.029850746268656716, 0.029850746268656716, 0.03427853679416738, 0.03452537362965311, 0.03233830845771144, 0.03233830845771144, 0.03482587064676617, 0.03482587064676617, 0.03482587064676617, 0.03482587064676617, 0.03953212927272183, 0.03980099502487562, 0.0397625856317108, 0.04411885097315491], "rate_of_adaptation": 0.0016433109236416272}