{"virus": "oc43", "subtype": "a", "gene": "spike", "loci_len": 201, "loci_offset": 9, "location": [522, 723], "window": 3, "min_seqs": 2, "midfreq_high": 0.75, "midfreq_low": 0.15, "window_midpoint": [1991.5, 1992.5, 1995.5, 1996.5, 1997.5, 1998.5, 1999.5, 2000.5, 2001.5, 2002.5, 2003.5, 2004.5, 2005.5, 2006.5, 2007.5, 2008.5, 2009.5, 2010.5, 2011.5, 2012.5, 2013.5, 2014.5, 2015.5, 2016.5, 2017.5], "adaptive_substitutions": [0.0, 0.0, 0.0, 0.7433004231311706, 1.0, 1.0, 1.7165021156558533, 1.9732016925246827, 1.0, 1.0, 1.689703808180536, 1.9464033850493654, 1.9464033850493654, 1.9464033850493654, 1.9464033850493654, 1.8928067700987306, 2.760316665908367, 1.8928067700987306, 1.8699890299326123, 2.7675874643090577, 2.8387647539158194, 1.8928067700987306, 1.8928067700987306, 1.8928067700987306, 4.287494123178186], "adaptive_substitutions_per_codon": [0.0, 0.0, 0.0, 0.0036980120553789585, 0.004975124378109453, 0.004975124378109453, 0.008539811520675887, 0.009816923843406381, 0.004975124378109453, 0.004975124378109453, 0.008406486607863363, 0.009683598930593857, 0.009683598930593857, 0.009683598930593857, 0.009683598930593857, 0.009416949104968809, 0.013732918735862522, 0.009416949104968809, 0.009303428009614987, 0.013769091862234118, 0.014123207730924474, 0.009416949104968809, 0.009416949104968809, 0.009416949104968809, 0.021330816533224804], "rate_of_adaptation": 0.000519367251789859}