{"virus": "oc43", "subtype": "a", "gene": "spike", "loci_len": 201, "loci_offset": 9, "location": [1467, 1668], "window": 3, "min_seqs": 2, "midfreq_high": 0.75, "midfreq_low": 0.15, "window_midpoint": [1991.5, 1992.5, 1995.5, 1996.5, 1997.5, 1998.5, 1999.5, 2000.5, 2001.5, 2002.5, 2003.5, 2004.5, 2005.5, 2006.5, 2007.5, 2008.5, 2009.5, 2010.5, 2011.5, 2012.5, 2013.5, 2014.5, 2015.5, 2016.5, 2017.5], "adaptive_substitutions": [0.0, 0.0, 1.0, 1.0, 1.0, 1.0, 1.0, 1.0, 1.0, 1.0, 0.0, 0.0, 0.0, 1.8561354019746121, 1.9196050775740479, 0.8928067700987307, 1.760316665908367, 0.8928067700987307, 0.8928067700987307, 0.8928067700987307, 0.8928067700987307, 3.7530868779848063, 3.906205923836389, 4.9062059238363895, 4.892806770098731], "adaptive_substitutions_per_codon": [0.0, 0.0, 0.004975124378109453, 0.004975124378109453, 0.004975124378109453, 0.004975124378109453, 0.004975124378109453, 0.004975124378109453, 0.004975124378109453, 0.004975124378109453, 0.0, 0.0, 0.0, 0.009234504487435881, 0.009550274017781333, 0.004441824726859356, 0.00875779435775307, 0.004441824726859356, 0.004441824726859356, 0.004441824726859356, 0.004441824726859356, 0.018672074019824906, 0.019433860317593976, 0.02440898469570343, 0.02434232223929717], "rate_of_adaptation": 0.0006322120372863582}