{"virus": "oc43", "subtype": "a", "gene": "spike", "loci_len": 201, "loci_offset": 9, "location": [216, 417], "window": 3, "min_seqs": 2, "midfreq_high": 0.75, "midfreq_low": 0.15, "window_midpoint": [1991.5, 1992.5, 1995.5, 1996.5, 1997.5, 1998.5, 1999.5, 2000.5, 2001.5, 2002.5, 2003.5, 2004.5, 2005.5, 2006.5, 2007.5, 2008.5, 2009.5, 2010.5, 2011.5, 2012.5, 2013.5, 2014.5, 2015.5, 2016.5, 2017.5], "adaptive_substitutions": [0.0, 0.0, 0.0, 0.0, 0.0, 0.0, 0.0, 0.0, 0.0, 0.0, 0.0, 0.0, 0.0, 0.0, 0.0, 0.0, 1.8675098958096363, 1.944497388785118, 1.4732016925246827, 1.4732016925246827, 1.4732016925246827, 1.4732016925246827, 1.9732016925246827, 1.9732016925246827, 1.9732016925246827], "adaptive_substitutions_per_codon": [0.0, 0.0, 0.0, 0.0, 0.0, 0.0, 0.0, 0.0, 0.0, 0.0, 0.0, 0.0, 0.0, 0.0, 0.0, 0.0, 0.009291094009003166, 0.009674116362115015, 0.007329361654351655, 0.007329361654351655, 0.007329361654351655, 0.007329361654351655, 0.009816923843406381, 0.009816923843406381, 0.009816923843406381], "rate_of_adaptation": 0.00045864655476256786}