{"virus": "oc43", "subtype": "a", "gene": "spike", "loci_len": 201, "loci_offset": 9, "location": [603, 804], "window": 3, "min_seqs": 2, "midfreq_high": 0.75, "midfreq_low": 0.15, "window_midpoint": [1991.5, 1992.5, 1995.5, 1996.5, 1997.5, 1998.5, 1999.5, 2000.5, 2001.5, 2002.5, 2003.5, 2004.5, 2005.5, 2006.5, 2007.5, 2008.5, 2009.5, 2010.5, 2011.5, 2012.5, 2013.5, 2014.5, 2015.5, 2016.5, 2017.5], "adaptive_substitutions": [0.0, 0.0, 0.0, 0.7433004231311706, 1.0, 1.0, 1.7433004231311706, 2.0, 1.0, 1.0, 2.4866008462623412, 3.0, 3.0, 3.0, 2.9698000497801376, 2.9522419391871946, 2.8675098958096363, 2.0, 1.977182259833882, 1.9749561388420656, 1.9729789919085443, 7.148949595427214, 6.4732016925246825, 7.4268799643679015, 8.762576398683592], "adaptive_substitutions_per_codon": [0.0, 0.0, 0.0, 0.0036980120553789585, 0.004975124378109453, 0.004975124378109453, 0.008673136433488412, 0.009950248756218905, 0.004975124378109453, 0.004975124378109453, 0.012371148488867369, 0.014925373134328358, 0.014925373134328358, 0.014925373134328358, 0.014775124625771829, 0.014687770841727336, 0.014266218387112619, 0.009950248756218905, 0.009836727660865085, 0.009825652432050077, 0.009815815880142012, 0.035566913410085645, 0.03220498354489892, 0.03694965156401941, 0.043594907456137276], "rate_of_adaptation": 0.0012449698120078714}