{"virus": "oc43", "subtype": "a", "gene": "spike", "loci_len": 201, "loci_offset": 9, "location": [450, 651], "window": 3, "min_seqs": 2, "midfreq_high": 0.75, "midfreq_low": 0.15, "window_midpoint": [1991.5, 1992.5, 1995.5, 1996.5, 1997.5, 1998.5, 1999.5, 2000.5, 2001.5, 2002.5, 2003.5, 2004.5, 2005.5, 2006.5, 2007.5, 2008.5, 2009.5, 2010.5, 2011.5, 2012.5, 2013.5, 2014.5, 2015.5, 2016.5, 2017.5], "adaptive_substitutions": [0.0, 0.0, 1.0, 1.7433004231311706, 2.0, 2.0, 2.0, 1.9732016925246827, 2.0, 2.0, 2.0, 1.9196050775740479, 1.9196050775740479, 1.9196050775740479, 1.9196050775740479, 1.8660084626234132, 2.7335183584330496, 1.8660084626234132, 1.8928067700987306, 2.765833017991675, 2.8389874545319573, 1.8660084626234132, 1.8660084626234132, 1.8660084626234132, 4.260695815702868], "adaptive_substitutions_per_codon": [0.0, 0.0, 0.004975124378109453, 0.008673136433488412, 0.009950248756218905, 0.009950248756218905, 0.009950248756218905, 0.009816923843406381, 0.009950248756218905, 0.009950248756218905, 0.009950248756218905, 0.009550274017781333, 0.009550274017781333, 0.009550274017781333, 0.009550274017781333, 0.009283624192156285, 0.013599593823049998, 0.009283624192156285, 0.009416949104968809, 0.013760363273590422, 0.014124315694188842, 0.009283624192156285, 0.009283624192156285, 0.009283624192156285, 0.02119749162041228], "rate_of_adaptation": 0.00036405591758052654}