{"virus": "oc43", "subtype": "a", "gene": "spike", "loci_len": 201, "loci_offset": 9, "location": [594, 795], "window": 3, "min_seqs": 2, "midfreq_high": 0.75, "midfreq_low": 0.15, "window_midpoint": [1991.5, 1992.5, 1995.5, 1996.5, 1997.5, 1998.5, 1999.5, 2000.5, 2001.5, 2002.5, 2003.5, 2004.5, 2005.5, 2006.5, 2007.5, 2008.5, 2009.5, 2010.5, 2011.5, 2012.5, 2013.5, 2014.5, 2015.5, 2016.5, 2017.5], "adaptive_substitutions": [0.0, 0.0, 0.0, 0.7433004231311706, 1.0, 1.0, 1.7433004231311706, 2.0, 1.0, 1.0, 2.4866008462623412, 3.0, 3.0, 3.0, 2.9430017423048205, 2.925443631711877, 2.8407115883343192, 1.9732016925246827, 1.9503839523585644, 1.948157831366748, 1.946180684433227, 6.176193304134808, 5.946403385049365, 6.407801944918714, 7.762106252938411], "adaptive_substitutions_per_codon": [0.0, 0.0, 0.0, 0.0036980120553789585, 0.004975124378109453, 0.004975124378109453, 0.008673136433488412, 0.009950248756218905, 0.004975124378109453, 0.004975124378109453, 0.012371148488867369, 0.014925373134328358, 0.014925373134328358, 0.014925373134328358, 0.014641799712959307, 0.01455444592891481, 0.014132893474300096, 0.009816923843406381, 0.009703402748052559, 0.009692327519237553, 0.009682490967329488, 0.03072732987131745, 0.029584096443031668, 0.031879611666262256, 0.038617444044469706], "rate_of_adaptation": 0.0011071338767476642}