{"virus": "oc43", "subtype": "a", "gene": "spike", "loci_len": 201, "loci_offset": 9, "location": [1620, 1821], "window": 3, "min_seqs": 2, "midfreq_high": 0.75, "midfreq_low": 0.15, "window_midpoint": [1991.5, 1992.5, 1995.5, 1996.5, 1997.5, 1998.5, 1999.5, 2000.5, 2001.5, 2002.5, 2003.5, 2004.5, 2005.5, 2006.5, 2007.5, 2008.5, 2009.5, 2010.5, 2011.5, 2012.5, 2013.5, 2014.5, 2015.5, 2016.5, 2017.5], "adaptive_substitutions": [0.0, 0.0, 0.0, 0.0, 0.0, 0.0, 0.0, 0.0, 0.0, 0.0, 2.2031029619181948, 2.9464033850493654, 2.9464033850493654, 3.909732016925247, 3.9464033850493654, 3.9732016925246825, 3.9732016925246825, 3.9732016925246825, 3.9464033850493654, 3.9732016925246825, 3.9732016925246825, 4.892361368866454, 4.946403385049365, 4.946403385049365, 4.946403385049365], "adaptive_substitutions_per_codon": [0.0, 0.0, 0.0, 0.0, 0.0, 0.0, 0.0, 0.0, 0.0, 0.0, 0.010960711253324353, 0.01465872330870331, 0.01465872330870331, 0.019451403069279834, 0.019633847686812762, 0.019767172599625286, 0.019767172599625286, 0.019767172599625286, 0.019633847686812762, 0.019767172599625286, 0.019767172599625286, 0.02434010631276843, 0.024608972064922213, 0.024608972064922213, 0.024608972064922213], "rate_of_adaptation": 0.0012521243687019417}