{"virus": "oc43", "subtype": "a", "gene": "spike", "loci_len": 201, "loci_offset": 9, "location": [1512, 1713], "window": 3, "min_seqs": 2, "midfreq_high": 0.75, "midfreq_low": 0.15, "window_midpoint": [1991.5, 1992.5, 1995.5, 1996.5, 1997.5, 1998.5, 1999.5, 2000.5, 2001.5, 2002.5, 2003.5, 2004.5, 2005.5, 2006.5, 2007.5, 2008.5, 2009.5, 2010.5, 2011.5, 2012.5, 2013.5, 2014.5, 2015.5, 2016.5, 2017.5], "adaptive_substitutions": [0.0, 0.0, 1.0, 1.0, 1.0, 1.0, 1.0, 1.0, 1.0, 1.0, 0.0, 0.0, 0.0, 0.9633286318758816, 0.9464033850493653, 0.9464033850493653, 1.8139132808590017, 0.9464033850493653, 0.9464033850493653, 0.9464033850493653, 0.9464033850493653, 3.7932843391977826, 3.9464033850493654, 3.9464033850493654, 3.9464033850493654], "adaptive_substitutions_per_codon": [0.0, 0.0, 0.004975124378109453, 0.004975124378109453, 0.004975124378109453, 0.004975124378109453, 0.004975124378109453, 0.004975124378109453, 0.004975124378109453, 0.004975124378109453, 0.0, 0.0, 0.0, 0.004792679760576526, 0.004708474552484404, 0.004708474552484404, 0.009024444183378118, 0.004708474552484404, 0.004708474552484404, 0.004708474552484404, 0.004708474552484404, 0.018872061389043696, 0.019633847686812762, 0.019633847686812762, 0.019633847686812762], "rate_of_adaptation": 0.0005512913313535783}