{"virus": "oc43", "subtype": "a", "gene": "spike", "loci_len": 201, "loci_offset": 9, "location": [1998, 2199], "window": 3, "min_seqs": 2, "midfreq_high": 0.75, "midfreq_low": 0.15, "window_midpoint": [1991.5, 1992.5, 1995.5, 1996.5, 1997.5, 1998.5, 1999.5, 2000.5, 2001.5, 2002.5, 2003.5, 2004.5, 2005.5, 2006.5, 2007.5, 2008.5, 2009.5, 2010.5, 2011.5, 2012.5, 2013.5, 2014.5, 2015.5, 2016.5, 2017.5], "adaptive_substitutions": [0.0, 0.0, 0.0, 0.0, 0.0, 0.0, 0.0, 0.0, 0.0, 0.0, 0.9732016925246827, 0.7165021156558533, 0.8020686412787965, 1.8265162200282088, 1.912801792084958, 1.9732016925246827, 1.9732016925246827, 1.9732016925246827, 1.9732016925246827, 1.9732016925246827, 1.9732016925246827, 2.0, 2.0, 2.0, 1.9732016925246827], "adaptive_substitutions_per_codon": [0.0, 0.0, 0.0, 0.0, 0.0, 0.0, 0.0, 0.0, 0.0, 0.0, 0.0048417994652969285, 0.0035646871425664343, 0.003990391250143267, 0.009087145373274671, 0.009516426826293323, 0.009816923843406381, 0.009816923843406381, 0.009816923843406381, 0.009816923843406381, 0.009816923843406381, 0.009816923843406381, 0.009950248756218905, 0.009950248756218905, 0.009950248756218905, 0.009816923843406381], "rate_of_adaptation": 0.0005544476722997424}