{"virus": "oc43", "subtype": "a", "gene": "spike", "loci_len": 201, "loci_offset": 9, "location": [630, 831], "window": 3, "min_seqs": 2, "midfreq_high": 0.75, "midfreq_low": 0.15, "window_midpoint": [1991.5, 1992.5, 1995.5, 1996.5, 1997.5, 1998.5, 1999.5, 2000.5, 2001.5, 2002.5, 2003.5, 2004.5, 2005.5, 2006.5, 2007.5, 2008.5, 2009.5, 2010.5, 2011.5, 2012.5, 2013.5, 2014.5, 2015.5, 2016.5, 2017.5], "adaptive_substitutions": [0.0, 0.0, 0.0, 0.7433004231311706, 1.0, 1.0, 1.7433004231311706, 2.0, 1.0, 1.0, 2.4866008462623412, 3.0, 3.0, 3.8899858956276447, 3.909400149340413, 3.9522419391871946, 3.8675098958096363, 3.0, 2.954364519667764, 2.949912277684131, 2.9459579838170886, 8.148949595427215, 7.4732016925246825, 8.426879964367902, 9.762576398683592], "adaptive_substitutions_per_codon": [0.0, 0.0, 0.0, 0.0036980120553789585, 0.004975124378109453, 0.004975124378109453, 0.008673136433488412, 0.009950248756218905, 0.004975124378109453, 0.004975124378109453, 0.012371148488867369, 0.014925373134328358, 0.014925373134328358, 0.01935316365983903, 0.019449751986768224, 0.019662895219836787, 0.01924134276522207, 0.014925373134328358, 0.014698330943620715, 0.014676180485990701, 0.01465650738217457, 0.0405420377881951, 0.03718010792300837, 0.041924775942128865, 0.04857003183424673], "rate_of_adaptation": 0.0015262695401516751}