{"virus": "enterovirusd68", "subtype": null, "gene": "vp1", "loci_len": 3, "loci_offset": 3, "location": [3234, 3237], "window": 3, "min_seqs": 2, "midfreq_high": 0.75, "midfreq_low": 0.15, "window_midpoint": [1998.5, 1999.5, 2000.5, 2001.5, 2002.5, 2003.5, 2004.5, 2005.5, 2006.5, 2007.5, 2008.5, 2009.5, 2010.5, 2011.5, 2012.5, 2013.5, 2014.5, 2015.5, 2016.5, 2017.5], "adaptive_substitutions": [0.0, 0.7455632353538306, 0.8546075630593317, 1.0, 1.0, 1.0, 1.0, 1.0, 1.0, 1.0, 0.5, 0.5, 0.5, 0.5, 0.5, 0.9878550470335957, 0.9880546119884428, 0.9885431850815984, 0.33140578208601384, 0.33234426913645804], "adaptive_substitutions_per_codon": [0.0, 0.24852107845127688, 0.2848691876864439, 0.3333333333333333, 0.3333333333333333, 0.3333333333333333, 0.3333333333333333, 0.3333333333333333, 0.3333333333333333, 0.3333333333333333, 0.16666666666666666, 0.16666666666666666, 0.16666666666666666, 0.16666666666666666, 0.16666666666666666, 0.3292850156778652, 0.3293515373294809, 0.3295143950271995, 0.11046859402867128, 0.11078142304548601], "rate_of_adaptation": -0.0028837057113801686}