{"virus": "enterovirusd68", "subtype": null, "gene": "vp1", "loci_len": 3, "loci_offset": 3, "location": [2676, 2679], "window": 3, "min_seqs": 2, "midfreq_high": 0.75, "midfreq_low": 0.15, "window_midpoint": [1998.5, 1999.5, 2000.5, 2001.5, 2002.5, 2003.5, 2004.5, 2005.5, 2006.5, 2007.5, 2008.5, 2009.5, 2010.5, 2011.5, 2012.5, 2013.5, 2014.5, 2015.5, 2016.5, 2017.5], "adaptive_substitutions": [0.0, 0.0, 0.0, 0.0, 0.0, 0.0, 0.7651352941727668, 0.0, 0.0, 0.0, 0.8393030960129456, 0.8788396358827765, 0.9386899362298388, 0.8523277850002575, 0.7664187078658117, 0.9537387700643329, 0.9617747583630168, 0.9675390243978621, 0.9190428476125825, 0.8190012519718213], "adaptive_substitutions_per_codon": [0.0, 0.0, 0.0, 0.0, 0.0, 0.0, 0.7651352941727668, 0.0, 0.0, 0.0, 0.8393030960129456, 0.8788396358827765, 0.9386899362298388, 0.8523277850002575, 0.7664187078658117, 0.9537387700643329, 0.9617747583630168, 0.9675390243978621, 0.9190428476125825, 0.8190012519718213], "rate_of_adaptation": 0.06343565667945002}