{"virus": "enterovirusd68", "subtype": null, "gene": "vp1", "loci_len": 3, "loci_offset": 3, "location": [3114, 3117], "window": 3, "min_seqs": 2, "midfreq_high": 0.75, "midfreq_low": 0.15, "window_midpoint": [1998.5, 1999.5, 2000.5, 2001.5, 2002.5, 2003.5, 2004.5, 2005.5, 2006.5, 2007.5, 2008.5, 2009.5, 2010.5, 2011.5, 2012.5, 2013.5, 2014.5, 2015.5, 2016.5, 2017.5], "adaptive_substitutions": [0.0, 0.0, 0.0, 0.0, 0.0, 0.0, 0.0, 0.0, 0.0, 0.0, 0.0, 0.0, 0.0, 0.0, 0.0, 0.9101273480486085, 0.9331058271352795, 0.9503538020202597, 0.8785642714188738, 0.9465905333687341], "adaptive_substitutions_per_codon": [0.0, 0.0, 0.0, 0.0, 0.0, 0.0, 0.0, 0.0, 0.0, 0.0, 0.0, 0.0, 0.0, 0.0, 0.0, 0.3033757826828695, 0.3110352757117598, 0.3167846006734199, 0.2928547571396246, 0.31553017778957804], "rate_of_adaptation": 0.017372906355820558}