{"virus": "enterovirusd68", "subtype": null, "gene": "vp1", "loci_len": 3, "loci_offset": 3, "location": [2670, 2673], "window": 3, "min_seqs": 2, "midfreq_high": 0.75, "midfreq_low": 0.15, "window_midpoint": [1998.5, 1999.5, 2000.5, 2001.5, 2002.5, 2003.5, 2004.5, 2005.5, 2006.5, 2007.5, 2008.5, 2009.5, 2010.5, 2011.5, 2012.5, 2013.5, 2014.5, 2015.5, 2016.5, 2017.5], "adaptive_substitutions": [0.0, 0.0, 0.0, 0.0, 0.0, 0.0, 0.0, 0.0, 0.0, 0.0, 0.0, 0.0, 0.0, 0.0, 0.0, 0.9147819448553499, 0.9377378270042315, 0.9522632711733265, 0.8785642714188738, 0.8249356371530729], "adaptive_substitutions_per_codon": [0.0, 0.0, 0.0, 0.0, 0.0, 0.0, 0.0, 0.0, 0.0, 0.0, 0.0, 0.0, 0.0, 0.0, 0.0, 0.3049273149517833, 0.31257927566807714, 0.31742109039110883, 0.2928547571396246, 0.274978545717691], "rate_of_adaptation": 0.016828699732354135}