{"virus": "enterovirusd68", "subtype": null, "gene": "vp1", "loci_len": 3, "loci_offset": 3, "location": [2388, 2391], "window": 3, "min_seqs": 2, "midfreq_high": 0.75, "midfreq_low": 0.15, "window_midpoint": [1998.5, 1999.5, 2000.5, 2001.5, 2002.5, 2003.5, 2004.5, 2005.5, 2006.5, 2007.5, 2008.5, 2009.5, 2010.5, 2011.5, 2012.5, 2013.5, 2014.5, 2015.5, 2016.5, 2017.5], "adaptive_substitutions": [0.0, 0.0, 0.0, 0.0, 0.0, 0.0, 0.0, 0.0, 0.0, 0.0, 0.0, 0.0, 0.0, 0.0, 0.0, 0.04540669684062486, 0.037201726268486016, 0.1999324248649535, 0.5084744319335366, 0.6786061920258913], "adaptive_substitutions_per_codon": [0.0, 0.0, 0.0, 0.0, 0.0, 0.0, 0.0, 0.0, 0.0, 0.0, 0.0, 0.0, 0.0, 0.0, 0.0, 0.015135565613541619, 0.012400575422828672, 0.06664414162165117, 0.16949147731117886, 0.22620206400863044], "rate_of_adaptation": 0.006395906133101142}