{"virus": "enterovirusd68", "subtype": null, "gene": "vp1", "loci_len": 3, "loci_offset": 3, "location": [2523, 2526], "window": 3, "min_seqs": 2, "midfreq_high": 0.75, "midfreq_low": 0.15, "window_midpoint": [1998.5, 1999.5, 2000.5, 2001.5, 2002.5, 2003.5, 2004.5, 2005.5, 2006.5, 2007.5, 2008.5, 2009.5, 2010.5, 2011.5, 2012.5, 2013.5, 2014.5, 2015.5, 2016.5, 2017.5], "adaptive_substitutions": [0.0, 0.7455632353538306, 0.8546075630593317, 1.0, 0.7651352941727668, 0.7651352941727668, 0.7651352941727668, 0.0, 0.0, 0.0, 0.0, 0.0, 0.0, 0.0, 0.0, 0.9125563386418893, 0.9354949047375909, 0.9522632711733265, 1.7224326203859972, 1.6083305780373836], "adaptive_substitutions_per_codon": [0.0, 0.24852107845127688, 0.2848691876864439, 0.3333333333333333, 0.25504509805758896, 0.25504509805758896, 0.25504509805758896, 0.0, 0.0, 0.0, 0.0, 0.0, 0.0, 0.0, 0.0, 0.3041854462139631, 0.3118316349125303, 0.31742109039110883, 0.5741442067953324, 0.5361101926791279], "rate_of_adaptation": 0.009315989146353832}