{"virus": "h3n2", "subtype": null, "gene": "ha", "loci_len": 3, "loci_offset": 3, "location": [477, 480], "window": 3, "min_seqs": 2, "midfreq_high": 0.75, "midfreq_low": 0.15, "window_midpoint": [1969.5, 1970.5, 1971.5, 1972.5, 1973.5, 1974.5, 1975.5, 1976.5, 1977.5, 1978.5, 1979.5, 1980.5, 1981.5, 1982.5, 1983.5, 1984.5, 1985.5, 1986.5, 1987.5, 1988.5, 1989.5, 1990.5, 1991.5, 1992.5, 1993.5, 1994.5, 1995.5, 1996.5, 1997.5, 1998.5, 1999.5, 2000.5, 2001.5, 2002.5, 2003.5, 2004.5, 2005.5, 2006.5, 2007.5, 2008.5, 2009.5, 2010.5, 2011.5, 2012.5, 2013.5, 2014.5, 2015.5, 2016.5, 2017.5, 2018.5, 2019.5, 2020.5], "adaptive_substitutions": [0.0, 0.0, 0.0, 0.0, 1.0, 1.0, 1.0, 0.9371428571428572, 0.932952380952381, 0.865904761904762, 0.9371428571428572, 0.865904761904762, 0.8742857142857143, 0.865904761904762, 0.9371428571428572, 0.5, 1.0, 1.0, 1.0, 1.0, 1.0, 1.0, 1.0, 1.0, 1.0, 0.5, 0.3333333333333333, 0.3333333333333333, 0.5, 1.2593689745836985, 1.275199559592623, 1.2424213075060533, 0.3333333333333333, 0.3333333333333333, 1.102134646962233, 1.2631672203765227, 1.44317998385795, 1.9122923588039866, 1.9418662262592898, 1.9645042016806724, 1.9717495987158906, 1.9459293394777266, 1.9281632653061225, 1.9335849056603773, 1.849768820391227, 0.9926590198123045, 1.0, 0.5, 0.9969615882606819, 0.9969978678038379, 0.9964711779448622, 0.9957384987893463], "adaptive_substitutions_per_codon": [0.0, 0.0, 0.0, 0.0, 1.0, 1.0, 1.0, 0.9371428571428572, 0.932952380952381, 0.865904761904762, 0.9371428571428572, 0.865904761904762, 0.8742857142857143, 0.865904761904762, 0.9371428571428572, 0.5, 1.0, 1.0, 1.0, 1.0, 1.0, 1.0, 1.0, 1.0, 1.0, 0.5, 0.3333333333333333, 0.3333333333333333, 0.5, 1.2593689745836985, 1.275199559592623, 1.2424213075060533, 0.3333333333333333, 0.3333333333333333, 1.102134646962233, 1.2631672203765227, 1.44317998385795, 1.9122923588039866, 1.9418662262592898, 1.9645042016806724, 1.9717495987158906, 1.9459293394777266, 1.9281632653061225, 1.9335849056603773, 1.849768820391227, 0.9926590198123045, 1.0, 0.5, 0.9969615882606819, 0.9969978678038379, 0.9964711779448622, 0.9957384987893463], "rate_of_adaptation": 0.018170564120497674}