{"virus": "h3n2", "subtype": null, "gene": "ha", "loci_len": 3, "loci_offset": 3, "location": [1635, 1638], "window": 3, "min_seqs": 2, "midfreq_high": 0.75, "midfreq_low": 0.15, "window_midpoint": [1969.5, 1970.5, 1971.5, 1972.5, 1973.5, 1974.5, 1975.5, 1976.5, 1977.5, 1978.5, 1979.5, 1980.5, 1981.5, 1982.5, 1983.5, 1984.5, 1985.5, 1986.5, 1987.5, 1988.5, 1989.5, 1990.5, 1991.5, 1992.5, 1993.5, 1994.5, 1995.5, 1996.5, 1997.5, 1998.5, 1999.5, 2000.5, 2001.5, 2002.5, 2003.5, 2004.5, 2005.5, 2006.5, 2007.5, 2008.5, 2009.5, 2010.5, 2011.5, 2012.5, 2013.5, 2014.5, 2015.5, 2016.5, 2017.5, 2018.5, 2019.5, 2020.5], "adaptive_substitutions": [0.0, 0.0, 0.0, 0.0, 0.0, 0.0, 0.0, 0.0, 0.0, 0.0, 0.0, 0.0, 0.0, 0.0, 0.0, 0.0, 0.0, 0.0, 0.0, 0.0, 0.0, 0.0, 0.0, 0.0, 0.0, 0.0, 0.0, 0.0, 0.0, 0.0, 0.0, 0.0, 0.0, 0.0, 0.0, 0.9130434782608695, 0.9069767441860465, 0.9152542372881356, 0.9404761904761905, 0.981651376146789, 0.9848484848484849, 0.9934640522875817, 0.9886363636363636, 0.9642857142857143, 0.96875, 0.9691119691119691, 0.9896551724137931, 0.9715189873417721, 0.9692307692307692, 0.933933933933934, 0.9157894736842105, 0.9110169491525424], "adaptive_substitutions_per_codon": [0.0, 0.0, 0.0, 0.0, 0.0, 0.0, 0.0, 0.0, 0.0, 0.0, 0.0, 0.0, 0.0, 0.0, 0.0, 0.0, 0.0, 0.0, 0.0, 0.0, 0.0, 0.0, 0.0, 0.0, 0.0, 0.0, 0.0, 0.0, 0.0, 0.0, 0.0, 0.0, 0.0, 0.0, 0.0, 0.3043478260869565, 0.3023255813953488, 0.3050847457627119, 0.3134920634920635, 0.327217125382263, 0.3282828282828283, 0.3311546840958606, 0.32954545454545453, 0.32142857142857145, 0.3229166666666667, 0.323037323037323, 0.32988505747126434, 0.32383966244725737, 0.3230769230769231, 0.31131131131131135, 0.30526315789473685, 0.3036723163841808], "rate_of_adaptation": 0.008082626031183211}