{"virus": "h3n2", "subtype": null, "gene": "ha", "loci_len": 3, "loci_offset": 3, "location": [789, 792], "window": 3, "min_seqs": 2, "midfreq_high": 0.75, "midfreq_low": 0.15, "window_midpoint": [1969.5, 1970.5, 1971.5, 1972.5, 1973.5, 1974.5, 1975.5, 1976.5, 1977.5, 1978.5, 1979.5, 1980.5, 1981.5, 1982.5, 1983.5, 1984.5, 1985.5, 1986.5, 1987.5, 1988.5, 1989.5, 1990.5, 1991.5, 1992.5, 1993.5, 1994.5, 1995.5, 1996.5, 1997.5, 1998.5, 1999.5, 2000.5, 2001.5, 2002.5, 2003.5, 2004.5, 2005.5, 2006.5, 2007.5, 2008.5, 2009.5, 2010.5, 2011.5, 2012.5, 2013.5, 2014.5, 2015.5, 2016.5, 2017.5, 2018.5, 2019.5, 2020.5], "adaptive_substitutions": [0.0, 0.0, 0.0, 0.0, 0.0, 0.0, 0.0, 0.0, 0.0, 0.0, 0.0, 0.0, 0.0, 0.0, 0.0, 0.8816806722689076, 1.0, 1.0, 1.0, 1.05015873015873, 1.047218045112782, 1.0687830687830688, 1.0716483516483517, 1.0048791208791208, 1.267912087912088, 1.4792636229749632, 1.5, 1.5, 1.5, 1.5, 1.5, 1.5, 1.5, 1.5, 2.0, 2.0, 2.0, 2.0, 1.994186622625929, 1.9940840336134453, 1.9943499197431782, 1.4945929339477726, 1.9743440233236151, 1.9715363881401617, 1.9833076467101363, 1.498164754953076, 1.5, 1.5, 1.5, 1.5, 2.0, 2.0], "adaptive_substitutions_per_codon": [0.0, 0.0, 0.0, 0.0, 0.0, 0.0, 0.0, 0.0, 0.0, 0.0, 0.0, 0.0, 0.0, 0.0, 0.0, 0.8816806722689076, 1.0, 1.0, 1.0, 1.05015873015873, 1.047218045112782, 1.0687830687830688, 1.0716483516483517, 1.0048791208791208, 1.267912087912088, 1.4792636229749632, 1.5, 1.5, 1.5, 1.5, 1.5, 1.5, 1.5, 1.5, 2.0, 2.0, 2.0, 2.0, 1.994186622625929, 1.9940840336134453, 1.9943499197431782, 1.4945929339477726, 1.9743440233236151, 1.9715363881401617, 1.9833076467101363, 1.498164754953076, 1.5, 1.5, 1.5, 1.5, 2.0, 2.0], "rate_of_adaptation": 0.04574902502119569}