{"virus": "h3n2", "subtype": null, "gene": "ha", "loci_len": 3, "loci_offset": 3, "location": [231, 234], "window": 3, "min_seqs": 2, "midfreq_high": 0.75, "midfreq_low": 0.15, "window_midpoint": [1969.5, 1970.5, 1971.5, 1972.5, 1973.5, 1974.5, 1975.5, 1976.5, 1977.5, 1978.5, 1979.5, 1980.5, 1981.5, 1982.5, 1983.5, 1984.5, 1985.5, 1986.5, 1987.5, 1988.5, 1989.5, 1990.5, 1991.5, 1992.5, 1993.5, 1994.5, 1995.5, 1996.5, 1997.5, 1998.5, 1999.5, 2000.5, 2001.5, 2002.5, 2003.5, 2004.5, 2005.5, 2006.5, 2007.5, 2008.5, 2009.5, 2010.5, 2011.5, 2012.5, 2013.5, 2014.5, 2015.5, 2016.5, 2017.5, 2018.5, 2019.5, 2020.5], "adaptive_substitutions": [0.0, 0.0, 0.0, 0.0, 0.0, 0.0, 0.0, 0.0, 0.0, 0.7988571428571429, 1.0, 1.0, 1.0, 1.0, 1.0, 1.0, 1.0, 1.0, 1.0, 1.0, 1.0, 1.0, 1.0, 1.0, 1.0, 1.0, 1.0, 1.0, 1.0, 1.7655390008764242, 1.953492981007432, 1.994317998385795, 2.0, 2.0, 2.0, 2.0, 2.0, 2.0, 1.988373245251858, 1.8698487394957983, 1.7570465489566613, 1.7674961597542242, 1.8768513119533525, 1.9857681940700809, 1.9666152934202727, 1.4522836287799792, 1.450375939849624, 1.4753953691568369, 1.466577470867501, 1.4729808102345414, 1.4682406015037595, 2.3678934624697336], "adaptive_substitutions_per_codon": [0.0, 0.0, 0.0, 0.0, 0.0, 0.0, 0.0, 0.0, 0.0, 0.7988571428571429, 1.0, 1.0, 1.0, 1.0, 1.0, 1.0, 1.0, 1.0, 1.0, 1.0, 1.0, 1.0, 1.0, 1.0, 1.0, 1.0, 1.0, 1.0, 1.0, 1.7655390008764242, 1.953492981007432, 1.994317998385795, 2.0, 2.0, 2.0, 2.0, 2.0, 2.0, 1.988373245251858, 1.8698487394957983, 1.7570465489566613, 1.7674961597542242, 1.8768513119533525, 1.9857681940700809, 1.9666152934202727, 1.4522836287799792, 1.450375939849624, 1.4753953691568369, 1.466577470867501, 1.4729808102345414, 1.4682406015037595, 2.3678934624697336], "rate_of_adaptation": 0.038937038430638185}