{"virus": "h3n2", "subtype": null, "gene": "ha", "loci_len": 3, "loci_offset": 3, "location": [477, 480], "window": 3, "min_seqs": 2, "midfreq_high": 0.75, "midfreq_low": 0.15, "window_midpoint": [1969.5, 1970.5, 1971.5, 1972.5, 1973.5, 1974.5, 1975.5, 1976.5, 1977.5, 1978.5, 1979.5, 1980.5, 1981.5, 1982.5, 1983.5, 1984.5, 1985.5, 1986.5, 1987.5, 1988.5, 1989.5, 1990.5, 1991.5, 1992.5, 1993.5, 1994.5, 1995.5, 1996.5, 1997.5, 1998.5, 1999.5, 2000.5, 2001.5, 2002.5, 2003.5, 2004.5, 2005.5, 2006.5, 2007.5, 2008.5, 2009.5, 2010.5, 2011.5, 2012.5, 2013.5, 2014.5, 2015.5, 2016.5, 2017.5, 2018.5, 2019.5, 2020.5], "adaptive_substitutions": [0.0, 0.0, 0.0, 0.0, 1.0, 1.0, 1.0, 0.9375, 0.9333333333333333, 0.8666666666666667, 0.9375, 0.8666666666666667, 0.875, 0.8666666666666667, 0.9375, 0.5, 1.0, 1.0, 1.0, 1.0, 1.0, 1.0, 1.0, 1.0, 1.0, 0.5, 0.3333333333333333, 0.3333333333333333, 0.5, 1.2607361963190185, 1.275529865125241, 1.2429378531073445, 0.3333333333333333, 0.3333333333333333, 1.103448275862069, 1.2635658914728682, 1.443502824858757, 1.9127906976744184, 1.9421965317919074, 1.9647058823529413, 1.9719101123595504, 1.946236559139785, 1.9285714285714286, 1.9339622641509433, 1.8506224066390042, 0.9927007299270073, 1.0, 0.5, 0.9969788519637462, 0.9970149253731343, 0.9964912280701754, 0.9957627118644068], "adaptive_substitutions_per_codon": [0.0, 0.0, 0.0, 0.0, 0.3333333333333333, 0.3333333333333333, 0.3333333333333333, 0.3125, 0.3111111111111111, 0.2888888888888889, 0.3125, 0.2888888888888889, 0.2916666666666667, 0.2888888888888889, 0.3125, 0.16666666666666666, 0.3333333333333333, 0.3333333333333333, 0.3333333333333333, 0.3333333333333333, 0.3333333333333333, 0.3333333333333333, 0.3333333333333333, 0.3333333333333333, 0.3333333333333333, 0.16666666666666666, 0.1111111111111111, 0.1111111111111111, 0.16666666666666666, 0.42024539877300615, 0.42517662170841364, 0.41431261770244815, 0.1111111111111111, 0.1111111111111111, 0.367816091954023, 0.42118863049095606, 0.4811676082862523, 0.6375968992248061, 0.6473988439306358, 0.6549019607843137, 0.6573033707865168, 0.6487455197132617, 0.6428571428571429, 0.6446540880503144, 0.6168741355463347, 0.3309002433090024, 0.3333333333333333, 0.16666666666666666, 0.3323262839879154, 0.33233830845771145, 0.3321637426900585, 0.3319209039548023], "rate_of_adaptation": 0.006057232241429459}