{"virus": "h3n2", "subtype": null, "gene": "ha", "loci_len": 3, "loci_offset": 3, "location": [612, 615], "window": 3, "min_seqs": 2, "midfreq_high": 0.75, "midfreq_low": 0.15, "window_midpoint": [1969.5, 1970.5, 1971.5, 1972.5, 1973.5, 1974.5, 1975.5, 1976.5, 1977.5, 1978.5, 1979.5, 1980.5, 1981.5, 1982.5, 1983.5, 1984.5, 1985.5, 1986.5, 1987.5, 1988.5, 1989.5, 1990.5, 1991.5, 1992.5, 1993.5, 1994.5, 1995.5, 1996.5, 1997.5, 1998.5, 1999.5, 2000.5, 2001.5, 2002.5, 2003.5, 2004.5, 2005.5, 2006.5, 2007.5, 2008.5, 2009.5, 2010.5, 2011.5, 2012.5, 2013.5, 2014.5, 2015.5, 2016.5, 2017.5, 2018.5, 2019.5, 2020.5], "adaptive_substitutions": [0.0, 0.0, 0.0, 0.0, 0.0, 0.0, 0.0, 0.0, 0.9333333333333333, 0.9333333333333333, 1.0, 1.0, 1.0, 1.0, 1.0, 1.0, 1.0, 1.0, 1.0, 1.9444444444444444, 1.9473684210526314, 2.0, 2.0, 2.0, 2.769230769230769, 2.979381443298969, 3.0, 2.4962406015037595, 2.486754966887417, 2.325102880658436, 2.3275193798449614, 2.4887005649717513, 2.977272727272727, 2.9096045197740112, 1.9942528735632183, 1.3313953488372092, 1.3314500941619585, 1.497093023255814, 2.0, 1.7705882352941176, 1.4606741573033708, 1.129032258064516, 1.0153061224489797, 1.0, 1.0, 1.0, 1.0, 1.0, 1.0, 1.0, 1.0, 1.0], "adaptive_substitutions_per_codon": [0.0, 0.0, 0.0, 0.0, 0.0, 0.0, 0.0, 0.0, 0.3111111111111111, 0.3111111111111111, 0.3333333333333333, 0.3333333333333333, 0.3333333333333333, 0.3333333333333333, 0.3333333333333333, 0.3333333333333333, 0.3333333333333333, 0.3333333333333333, 0.3333333333333333, 0.6481481481481481, 0.6491228070175438, 0.6666666666666666, 0.6666666666666666, 0.6666666666666666, 0.923076923076923, 0.993127147766323, 1.0, 0.8320802005012532, 0.8289183222958058, 0.7750342935528121, 0.7758397932816538, 0.8295668549905838, 0.9924242424242423, 0.9698681732580038, 0.6647509578544061, 0.44379844961240306, 0.44381669805398616, 0.499031007751938, 0.6666666666666666, 0.5901960784313726, 0.4868913857677903, 0.3763440860215053, 0.3384353741496599, 0.3333333333333333, 0.3333333333333333, 0.3333333333333333, 0.3333333333333333, 0.3333333333333333, 0.3333333333333333, 0.3333333333333333, 0.3333333333333333, 0.3333333333333333], "rate_of_adaptation": 0.007351953339698257}