{"virus": "h3n2", "subtype": null, "gene": "ha", "loci_len": 3, "loci_offset": 3, "location": [870, 873], "window": 3, "min_seqs": 2, "midfreq_high": 0.75, "midfreq_low": 0.15, "window_midpoint": [1969.5, 1970.5, 1971.5, 1972.5, 1973.5, 1974.5, 1975.5, 1976.5, 1977.5, 1978.5, 1979.5, 1980.5, 1981.5, 1982.5, 1983.5, 1984.5, 1985.5, 1986.5, 1987.5, 1988.5, 1989.5, 1990.5, 1991.5, 1992.5, 1993.5, 1994.5, 1995.5, 1996.5, 1997.5, 1998.5, 1999.5, 2000.5, 2001.5, 2002.5, 2003.5, 2004.5, 2005.5, 2006.5, 2007.5, 2008.5, 2009.5, 2010.5, 2011.5, 2012.5, 2013.5, 2014.5, 2015.5, 2016.5, 2017.5, 2018.5, 2019.5, 2020.5], "adaptive_substitutions": [0.0, 0.0, 0.0, 0.0, 0.9375, 1.0, 1.0, 0.9375, 0.9333333333333333, 0.9333333333333333, 1.0, 1.0, 1.0, 1.0, 1.0, 1.0, 1.0, 1.0, 1.0, 1.0, 1.0, 1.0, 1.0, 1.0, 1.0, 0.8969072164948454, 0.8114035087719298, 0.0037593984962406013, 0.019736842105263157, 0.8251533742331288, 0.9710982658959538, 1.0169491525423728, 1.0454545454545454, 1.0112994350282487, 0.9540229885057471, 0.9825581395348837, 0.9830508474576272, 0.9883720930232558, 0.9884393063583815, 1.0, 1.0, 1.0053763440860215, 1.0127551020408163, 1.0117924528301887, 1.0062240663900415, 1.0, 1.0, 1.0, 1.0, 1.0, 1.0, 1.0021186440677967], "adaptive_substitutions_per_codon": [0.0, 0.0, 0.0, 0.0, 0.3125, 0.3333333333333333, 0.3333333333333333, 0.3125, 0.3111111111111111, 0.3111111111111111, 0.3333333333333333, 0.3333333333333333, 0.3333333333333333, 0.3333333333333333, 0.3333333333333333, 0.3333333333333333, 0.3333333333333333, 0.3333333333333333, 0.3333333333333333, 0.3333333333333333, 0.3333333333333333, 0.3333333333333333, 0.3333333333333333, 0.3333333333333333, 0.3333333333333333, 0.29896907216494845, 0.2704678362573099, 0.0012531328320802004, 0.006578947368421052, 0.27505112474437626, 0.3236994219653179, 0.3389830508474576, 0.34848484848484845, 0.3370998116760829, 0.318007662835249, 0.3275193798449612, 0.3276836158192091, 0.32945736434108525, 0.32947976878612717, 0.3333333333333333, 0.3333333333333333, 0.33512544802867383, 0.33758503401360546, 0.33726415094339623, 0.3354080221300138, 0.3333333333333333, 0.3333333333333333, 0.3333333333333333, 0.3333333333333333, 0.3333333333333333, 0.3333333333333333, 0.3340395480225989], "rate_of_adaptation": 0.0027367576990871157}