{"virus": "h3n2", "subtype": null, "gene": "ha", "loci_len": 3, "loci_offset": 3, "location": [1482, 1485], "window": 3, "min_seqs": 2, "midfreq_high": 0.75, "midfreq_low": 0.15, "window_midpoint": [1969.5, 1970.5, 1971.5, 1972.5, 1973.5, 1974.5, 1975.5, 1976.5, 1977.5, 1978.5, 1979.5, 1980.5, 1981.5, 1982.5, 1983.5, 1984.5, 1985.5, 1986.5, 1987.5, 1988.5, 1989.5, 1990.5, 1991.5, 1992.5, 1993.5, 1994.5, 1995.5, 1996.5, 1997.5, 1998.5, 1999.5, 2000.5, 2001.5, 2002.5, 2003.5, 2004.5, 2005.5, 2006.5, 2007.5, 2008.5, 2009.5, 2010.5, 2011.5, 2012.5, 2013.5, 2014.5, 2015.5, 2016.5, 2017.5, 2018.5, 2019.5, 2020.5], "adaptive_substitutions": [0.0, 0.0, 0.0, 0.8, 0.9333333333333333, 1.0, 1.0, 0.9285714285714286, 0.9230769230769231, 0.8888888888888888, 1.0, 1.0, 1.0, 1.0, 1.0, 1.0, 1.0, 1.0, 1.0, 1.0, 1.0, 1.0, 1.0, 1.0, 1.0, 1.0, 1.0, 1.0, 1.0, 0.9772727272727273, 0.9746835443037974, 0.9705882352941176, 1.0, 0.9259259259259259, 0.9183673469387755, 0.9130434782608695, 1.0, 1.0, 1.0, 1.0, 1.0, 1.0, 0.9943181818181818, 0.9948979591836735, 0.9955555555555555, 0.5114503816793893, 1.0136518771331058, 1.0440251572327044, 1.1630769230769231, 1.159159159159159, 1.1508771929824562, 1.0042372881355932], "adaptive_substitutions_per_codon": [0.0, 0.0, 0.0, 0.26666666666666666, 0.3111111111111111, 0.3333333333333333, 0.3333333333333333, 0.30952380952380953, 0.3076923076923077, 0.2962962962962963, 0.3333333333333333, 0.3333333333333333, 0.3333333333333333, 0.3333333333333333, 0.3333333333333333, 0.3333333333333333, 0.3333333333333333, 0.3333333333333333, 0.3333333333333333, 0.3333333333333333, 0.3333333333333333, 0.3333333333333333, 0.3333333333333333, 0.3333333333333333, 0.3333333333333333, 0.3333333333333333, 0.3333333333333333, 0.3333333333333333, 0.3333333333333333, 0.32575757575757575, 0.32489451476793246, 0.3235294117647059, 0.3333333333333333, 0.30864197530864196, 0.30612244897959184, 0.3043478260869565, 0.3333333333333333, 0.3333333333333333, 0.3333333333333333, 0.3333333333333333, 0.3333333333333333, 0.3333333333333333, 0.3314393939393939, 0.3316326530612245, 0.33185185185185184, 0.17048346055979643, 0.3378839590443686, 0.3480083857442348, 0.3876923076923077, 0.38638638638638634, 0.38362573099415204, 0.3347457627118644], "rate_of_adaptation": 0.0023948301534779436}