{"virus": "h3n2", "subtype": null, "gene": "ha", "loci_len": 3, "loci_offset": 3, "location": [789, 792], "window": 3, "min_seqs": 2, "midfreq_high": 0.75, "midfreq_low": 0.15, "window_midpoint": [1969.5, 1970.5, 1971.5, 1972.5, 1973.5, 1974.5, 1975.5, 1976.5, 1977.5, 1978.5, 1979.5, 1980.5, 1981.5, 1982.5, 1983.5, 1984.5, 1985.5, 1986.5, 1987.5, 1988.5, 1989.5, 1990.5, 1991.5, 1992.5, 1993.5, 1994.5, 1995.5, 1996.5, 1997.5, 1998.5, 1999.5, 2000.5, 2001.5, 2002.5, 2003.5, 2004.5, 2005.5, 2006.5, 2007.5, 2008.5, 2009.5, 2010.5, 2011.5, 2012.5, 2013.5, 2014.5, 2015.5, 2016.5, 2017.5, 2018.5, 2019.5, 2020.5], "adaptive_substitutions": [0.0, 0.0, 0.0, 0.0, 0.0, 0.0, 0.0, 0.0, 0.0, 0.0, 0.0, 0.0, 0.0, 0.0, 0.0, 0.8823529411764706, 1.0, 1.0, 1.0, 1.0555555555555556, 1.0526315789473684, 1.074074074074074, 1.0769230769230769, 1.0076923076923077, 1.2692307692307692, 1.4793814432989691, 1.5, 1.5, 1.5, 1.5, 1.5, 1.5, 1.5, 1.5, 2.0, 2.0, 2.0, 2.0, 1.9942196531791907, 1.9941176470588236, 1.99438202247191, 1.4946236559139785, 1.9744897959183674, 1.9716981132075473, 1.983402489626556, 1.4981751824817517, 1.5, 1.5, 1.5, 1.5, 2.0, 2.0], "adaptive_substitutions_per_codon": [0.0, 0.0, 0.0, 0.0, 0.0, 0.0, 0.0, 0.0, 0.0, 0.0, 0.0, 0.0, 0.0, 0.0, 0.0, 0.29411764705882354, 0.3333333333333333, 0.3333333333333333, 0.3333333333333333, 0.35185185185185186, 0.3508771929824561, 0.35802469135802467, 0.358974358974359, 0.33589743589743587, 0.4230769230769231, 0.49312714776632305, 0.5, 0.5, 0.5, 0.5, 0.5, 0.5, 0.5, 0.5, 0.6666666666666666, 0.6666666666666666, 0.6666666666666666, 0.6666666666666666, 0.6647398843930635, 0.6647058823529411, 0.6647940074906367, 0.4982078853046595, 0.6581632653061225, 0.6572327044025158, 0.661134163208852, 0.49939172749391725, 0.5, 0.5, 0.5, 0.5, 0.6666666666666666, 0.6666666666666666], "rate_of_adaptation": 0.015246423580575682}