{"virus": "h3n2", "subtype": null, "gene": "ha", "loci_len": 3, "loci_offset": 3, "location": [516, 519], "window": 3, "min_seqs": 2, "midfreq_high": 0.75, "midfreq_low": 0.15, "window_midpoint": [1969.5, 1970.5, 1971.5, 1972.5, 1973.5, 1974.5, 1975.5, 1976.5, 1977.5, 1978.5, 1979.5, 1980.5, 1981.5, 1982.5, 1983.5, 1984.5, 1985.5, 1986.5, 1987.5, 1988.5, 1989.5, 1990.5, 1991.5, 1992.5, 1993.5, 1994.5, 1995.5, 1996.5, 1997.5, 1998.5, 1999.5, 2000.5, 2001.5, 2002.5, 2003.5, 2004.5, 2005.5, 2006.5, 2007.5, 2008.5, 2009.5, 2010.5, 2011.5, 2012.5, 2013.5, 2014.5, 2015.5, 2016.5, 2017.5, 2018.5, 2019.5, 2020.5], "adaptive_substitutions": [0.0, 0.0, 0.0, 0.0, 0.0, 0.0, 0.0, 0.0, 0.0, 0.0, 0.0, 0.0, 0.0, 0.0, 0.0, 0.0, 0.0, 0.0, 0.0, 0.0, 0.0, 0.0, 0.0, 0.0, 0.0, 0.9587628865979382, 0.9824561403508771, 0.9924812030075187, 0.993421052631579, 0.9938650306748467, 0.9942196531791907, 0.9943502824858758, 0.9943181818181818, 0.9943502824858758, 0.9942528735632183, 1.0, 0.9491525423728814, 0.9186046511627907, 0.861271676300578, 0.8823529411764706, 0.9044943820224719, 0.956989247311828, 0.9795918367346939, 0.9528301886792453, 0.8921161825726142, 0.8978102189781022, 0.9342105263157895, 0.9877675840978594, 0.9969788519637462, 0.9970149253731343, 1.0, 1.0], "adaptive_substitutions_per_codon": [0.0, 0.0, 0.0, 0.0, 0.0, 0.0, 0.0, 0.0, 0.0, 0.0, 0.0, 0.0, 0.0, 0.0, 0.0, 0.0, 0.0, 0.0, 0.0, 0.0, 0.0, 0.0, 0.0, 0.0, 0.0, 0.3195876288659794, 0.32748538011695905, 0.3308270676691729, 0.331140350877193, 0.33128834355828224, 0.3314065510597302, 0.3314500941619586, 0.3314393939393939, 0.3314500941619586, 0.33141762452107276, 0.3333333333333333, 0.3163841807909605, 0.3062015503875969, 0.28709055876685935, 0.29411764705882354, 0.301498127340824, 0.31899641577060933, 0.32653061224489793, 0.31761006289308175, 0.29737206085753803, 0.29927007299270075, 0.31140350877192985, 0.32925586136595314, 0.3323262839879154, 0.33233830845771145, 0.3333333333333333, 0.3333333333333333], "rate_of_adaptation": 0.009207235895254538}