{"virus": "h3n2", "subtype": null, "gene": "ha", "loci_len": 3, "loci_offset": 3, "location": [666, 669], "window": 3, "min_seqs": 2, "midfreq_high": 0.75, "midfreq_low": 0.15, "window_midpoint": [1969.5, 1970.5, 1971.5, 1972.5, 1973.5, 1974.5, 1975.5, 1976.5, 1977.5, 1978.5, 1979.5, 1980.5, 1981.5, 1982.5, 1983.5, 1984.5, 1985.5, 1986.5, 1987.5, 1988.5, 1989.5, 1990.5, 1991.5, 1992.5, 1993.5, 1994.5, 1995.5, 1996.5, 1997.5, 1998.5, 1999.5, 2000.5, 2001.5, 2002.5, 2003.5, 2004.5, 2005.5, 2006.5, 2007.5, 2008.5, 2009.5, 2010.5, 2011.5, 2012.5, 2013.5, 2014.5, 2015.5, 2016.5, 2017.5, 2018.5, 2019.5, 2020.5], "adaptive_substitutions": [0.0, 0.0, 0.0, 0.0, 0.9375, 1.0, 1.0, 0.9375, 0.9333333333333333, 0.9333333333333333, 1.0, 1.0, 1.0, 1.0, 1.0, 1.0, 1.0, 1.0, 1.0, 1.0, 1.0, 1.0, 1.0, 1.0, 1.0, 1.0, 0.9912280701754386, 0.9924812030075187, 0.9736842105263158, 0.9754601226993865, 0.976878612716763, 0.9774011299435028, 0.9829545454545454, 0.9830508474576272, 1.0, 1.0, 1.0, 1.0, 1.0, 1.0, 1.0, 1.0, 1.0, 1.0, 0.995850622406639, 0.9963503649635036, 0.9967105263157895, 1.0, 0.9969788519637462, 0.9641791044776119, 0.9368421052631579, 0.923728813559322], "adaptive_substitutions_per_codon": [0.0, 0.0, 0.0, 0.0, 0.3125, 0.3333333333333333, 0.3333333333333333, 0.3125, 0.3111111111111111, 0.3111111111111111, 0.3333333333333333, 0.3333333333333333, 0.3333333333333333, 0.3333333333333333, 0.3333333333333333, 0.3333333333333333, 0.3333333333333333, 0.3333333333333333, 0.3333333333333333, 0.3333333333333333, 0.3333333333333333, 0.3333333333333333, 0.3333333333333333, 0.3333333333333333, 0.3333333333333333, 0.3333333333333333, 0.3304093567251462, 0.3308270676691729, 0.32456140350877194, 0.32515337423312884, 0.325626204238921, 0.3258003766478343, 0.32765151515151514, 0.3276836158192091, 0.3333333333333333, 0.3333333333333333, 0.3333333333333333, 0.3333333333333333, 0.3333333333333333, 0.3333333333333333, 0.3333333333333333, 0.3333333333333333, 0.3333333333333333, 0.3333333333333333, 0.33195020746887965, 0.33211678832116787, 0.33223684210526316, 0.3333333333333333, 0.3323262839879154, 0.3213930348258706, 0.312280701754386, 0.307909604519774], "rate_of_adaptation": 0.002718223432802124}