{"virus": "h3n2", "subtype": null, "gene": "ha", "loci_len": 3, "loci_offset": 3, "location": [204, 207], "window": 3, "min_seqs": 2, "midfreq_high": 0.75, "midfreq_low": 0.15, "window_midpoint": [1969.5, 1970.5, 1971.5, 1972.5, 1973.5, 1974.5, 1975.5, 1976.5, 1977.5, 1978.5, 1979.5, 1980.5, 1981.5, 1982.5, 1983.5, 1984.5, 1985.5, 1986.5, 1987.5, 1988.5, 1989.5, 1990.5, 1991.5, 1992.5, 1993.5, 1994.5, 1995.5, 1996.5, 1997.5, 1998.5, 1999.5, 2000.5, 2001.5, 2002.5, 2003.5, 2004.5, 2005.5, 2006.5, 2007.5, 2008.5, 2009.5, 2010.5, 2011.5, 2012.5, 2013.5, 2014.5, 2015.5, 2016.5, 2017.5, 2018.5, 2019.5, 2020.5], "adaptive_substitutions": [0.0, 0.0, 0.0, 0.0, 0.0, 0.0, 0.0, 0.0, 0.8666666666666667, 0.9333333333333333, 1.0, 1.0, 1.0, 1.0, 1.0, 1.0, 1.0, 1.0, 1.0, 0.9444444444444444, 0.9473684210526315, 0.9629629629629629, 1.0, 0.5, 0.9871794871794872, 0.979381443298969, 0.9736842105263158, 0.9849624060150376, 0.9933774834437086, 0.9629629629629629, 0.9534883720930233, 0.9548022598870056, 0.9829545454545454, 0.9943502824858758, 0.9885057471264368, 0.9767441860465116, 0.9774011299435028, 0.9651162790697675, 0.976878612716763, 0.9705882352941176, 0.9101123595505618, 0.8064516129032258, 0.7602040816326531, 0.8254716981132075, 0.9253112033195021, 0.9598540145985401, 0.9572368421052632, 0.9388379204892966, 0.918429003021148, 0.9164179104477612, 0.9228070175438596, 0.885593220338983], "adaptive_substitutions_per_codon": [0.0, 0.0, 0.0, 0.0, 0.0, 0.0, 0.0, 0.0, 0.2888888888888889, 0.3111111111111111, 0.3333333333333333, 0.3333333333333333, 0.3333333333333333, 0.3333333333333333, 0.3333333333333333, 0.3333333333333333, 0.3333333333333333, 0.3333333333333333, 0.3333333333333333, 0.3148148148148148, 0.3157894736842105, 0.32098765432098764, 0.3333333333333333, 0.16666666666666666, 0.32905982905982906, 0.32646048109965636, 0.32456140350877194, 0.3283208020050125, 0.3311258278145695, 0.32098765432098764, 0.3178294573643411, 0.3182674199623352, 0.32765151515151514, 0.3314500941619586, 0.32950191570881227, 0.3255813953488372, 0.3258003766478343, 0.32170542635658916, 0.325626204238921, 0.3235294117647059, 0.30337078651685395, 0.26881720430107525, 0.2534013605442177, 0.2751572327044025, 0.3084370677731674, 0.3199513381995134, 0.3190789473684211, 0.3129459734964322, 0.30614300100704933, 0.3054726368159204, 0.30760233918128654, 0.2951977401129943], "rate_of_adaptation": 0.004405800188404617}