{"virus": "h3n2", "subtype": null, "gene": "ha", "loci_len": 3, "loci_offset": 3, "location": [522, 525], "window": 3, "min_seqs": 2, "midfreq_high": 0.75, "midfreq_low": 0.15, "window_midpoint": [1969.5, 1970.5, 1971.5, 1972.5, 1973.5, 1974.5, 1975.5, 1976.5, 1977.5, 1978.5, 1979.5, 1980.5, 1981.5, 1982.5, 1983.5, 1984.5, 1985.5, 1986.5, 1987.5, 1988.5, 1989.5, 1990.5, 1991.5, 1992.5, 1993.5, 1994.5, 1995.5, 1996.5, 1997.5, 1998.5, 1999.5, 2000.5, 2001.5, 2002.5, 2003.5, 2004.5, 2005.5, 2006.5, 2007.5, 2008.5, 2009.5, 2010.5, 2011.5, 2012.5, 2013.5, 2014.5, 2015.5, 2016.5, 2017.5, 2018.5, 2019.5, 2020.5], "adaptive_substitutions": [0.0, 0.0, 0.0, 0.0, 0.0, 0.0, 0.0, 0.0, 0.0, 0.0, 0.0, 0.0, 0.0, 0.0, 0.0, 0.0, 0.0, 1.75, 2.0, 2.0, 2.0, 2.0, 2.0, 1.5, 1.5, 1.0, 1.0, 1.0, 1.5, 1.9938650306748467, 1.9942196531791907, 1.9830508474576272, 1.9715909090909092, 1.4661016949152543, 1.4770114942528736, 1.494186046511628, 1.5, 1.5, 2.0, 1.5, 1.3333333333333333, 1.3333333333333333, 1.5, 1.5, 1.3333333333333333, 1.3333333333333333, 1.3333333333333333, 1.3333333333333333, 1.5, 1.5, 1.4649122807017543, 1.2711864406779663], "adaptive_substitutions_per_codon": [0.0, 0.0, 0.0, 0.0, 0.0, 0.0, 0.0, 0.0, 0.0, 0.0, 0.0, 0.0, 0.0, 0.0, 0.0, 0.0, 0.0, 0.5833333333333334, 0.6666666666666666, 0.6666666666666666, 0.6666666666666666, 0.6666666666666666, 0.6666666666666666, 0.5, 0.5, 0.3333333333333333, 0.3333333333333333, 0.3333333333333333, 0.5, 0.6646216768916156, 0.6647398843930635, 0.6610169491525424, 0.6571969696969697, 0.48870056497175146, 0.49233716475095785, 0.49806201550387597, 0.5, 0.5, 0.6666666666666666, 0.5, 0.4444444444444444, 0.4444444444444444, 0.5, 0.5, 0.4444444444444444, 0.4444444444444444, 0.4444444444444444, 0.4444444444444444, 0.5, 0.5, 0.4883040935672514, 0.42372881355932207], "rate_of_adaptation": 0.011953016200028409}