{"virus": "h3n2", "subtype": null, "gene": "ha", "loci_len": 3, "loci_offset": 3, "location": [195, 198], "window": 3, "min_seqs": 2, "midfreq_high": 0.75, "midfreq_low": 0.15, "window_midpoint": [1969.5, 1970.5, 1971.5, 1972.5, 1973.5, 1974.5, 1975.5, 1976.5, 1977.5, 1978.5, 1979.5, 1980.5, 1981.5, 1982.5, 1983.5, 1984.5, 1985.5, 1986.5, 1987.5, 1988.5, 1989.5, 1990.5, 1991.5, 1992.5, 1993.5, 1994.5, 1995.5, 1996.5, 1997.5, 1998.5, 1999.5, 2000.5, 2001.5, 2002.5, 2003.5, 2004.5, 2005.5, 2006.5, 2007.5, 2008.5, 2009.5, 2010.5, 2011.5, 2012.5, 2013.5, 2014.5, 2015.5, 2016.5, 2017.5, 2018.5, 2019.5, 2020.5], "adaptive_substitutions": [0.0, 0.0, 0.0, 0.0, 0.0, 0.0, 0.0, 0.0, 0.0, 0.0, 1.0, 1.0, 0.9375, 0.8666666666666667, 0.875, 0.9411764705882353, 1.0, 0.5, 0.5, 0.5, 1.0, 1.0, 0.9487179487179487, 0.9692307692307692, 0.9615384615384616, 0.9896907216494846, 0.9736842105263158, 0.9849624060150376, 0.9868421052631579, 1.0, 1.0, 0.9887005649717514, 0.9829545454545454, 0.9774011299435028, 1.7298850574712643, 1.8837209302325582, 1.8305084745762712, 0.9709302325581395, 0.9884393063583815, 0.9882352941176471, 0.9775280898876404, 0.9838709677419355, 0.9846938775510204, 0.9905660377358491, 0.991701244813278, 0.9890510948905109, 0.9901315789473685, 0.9938837920489296, 0.9969788519637462, 0.9582089552238806, 0.9368421052631579, 0.8983050847457628], "adaptive_substitutions_per_codon": [0.0, 0.0, 0.0, 0.0, 0.0, 0.0, 0.0, 0.0, 0.0, 0.0, 0.3333333333333333, 0.3333333333333333, 0.3125, 0.2888888888888889, 0.2916666666666667, 0.3137254901960784, 0.3333333333333333, 0.16666666666666666, 0.16666666666666666, 0.16666666666666666, 0.3333333333333333, 0.3333333333333333, 0.3162393162393162, 0.3230769230769231, 0.32051282051282054, 0.32989690721649484, 0.32456140350877194, 0.3283208020050125, 0.3289473684210526, 0.3333333333333333, 0.3333333333333333, 0.3295668549905838, 0.32765151515151514, 0.3258003766478343, 0.5766283524904214, 0.627906976744186, 0.6101694915254238, 0.32364341085271314, 0.32947976878612717, 0.32941176470588235, 0.32584269662921345, 0.3279569892473118, 0.32823129251700683, 0.330188679245283, 0.330567081604426, 0.32968369829683697, 0.3300438596491228, 0.3312945973496432, 0.3323262839879154, 0.3194029850746269, 0.312280701754386, 0.2994350282485876], "rate_of_adaptation": 0.006873299763623696}