{"virus": "h3n2", "subtype": null, "gene": "ha", "loci_len": 3, "loci_offset": 3, "location": [564, 567], "window": 3, "min_seqs": 2, "midfreq_high": 0.75, "midfreq_low": 0.15, "window_midpoint": [1969.5, 1970.5, 1971.5, 1972.5, 1973.5, 1974.5, 1975.5, 1976.5, 1977.5, 1978.5, 1979.5, 1980.5, 1981.5, 1982.5, 1983.5, 1984.5, 1985.5, 1986.5, 1987.5, 1988.5, 1989.5, 1990.5, 1991.5, 1992.5, 1993.5, 1994.5, 1995.5, 1996.5, 1997.5, 1998.5, 1999.5, 2000.5, 2001.5, 2002.5, 2003.5, 2004.5, 2005.5, 2006.5, 2007.5, 2008.5, 2009.5, 2010.5, 2011.5, 2012.5, 2013.5, 2014.5, 2015.5, 2016.5, 2017.5, 2018.5, 2019.5, 2020.5], "adaptive_substitutions": [0.0, 0.0, 0.0, 0.0, 0.0, 0.0, 0.0, 0.0, 0.0, 0.0, 0.0, 0.0, 0.0, 0.0, 0.0, 0.8823529411764706, 1.0, 1.0, 1.0, 1.0, 1.0, 1.0, 1.0, 1.0, 1.0, 1.0, 1.0, 1.0, 1.0, 0.3312883435582822, 0.3314065510597302, 0.3314500941619586, 0.5, 0.5, 0.33141762452107276, 0.49709302325581395, 0.3314500941619586, 0.5, 0.976878612716763, 0.9705882352941176, 1.8764044943820224, 1.9838709677419355, 2.0, 1.9952830188679245, 1.995850622406639, 1.9927007299270072, 1.9967105263157894, 1.496941896024465, 1.0, 1.5, 2.0, 2.0], "adaptive_substitutions_per_codon": [0.0, 0.0, 0.0, 0.0, 0.0, 0.0, 0.0, 0.0, 0.0, 0.0, 0.0, 0.0, 0.0, 0.0, 0.0, 0.29411764705882354, 0.3333333333333333, 0.3333333333333333, 0.3333333333333333, 0.3333333333333333, 0.3333333333333333, 0.3333333333333333, 0.3333333333333333, 0.3333333333333333, 0.3333333333333333, 0.3333333333333333, 0.3333333333333333, 0.3333333333333333, 0.3333333333333333, 0.11042944785276072, 0.1104688503532434, 0.11048336472065286, 0.16666666666666666, 0.16666666666666666, 0.11047254150702425, 0.16569767441860464, 0.11048336472065286, 0.16666666666666666, 0.325626204238921, 0.3235294117647059, 0.6254681647940075, 0.6612903225806451, 0.6666666666666666, 0.6650943396226415, 0.665283540802213, 0.6642335766423357, 0.6655701754385964, 0.49898063200815496, 0.3333333333333333, 0.5, 0.6666666666666666, 0.6666666666666666], "rate_of_adaptation": 0.012274558950797628}