{"virus": "h3n2", "subtype": null, "gene": "ha", "loci_len": 3, "loci_offset": 3, "location": [51, 54], "window": 3, "min_seqs": 2, "midfreq_high": 0.75, "midfreq_low": 0.15, "window_midpoint": [1969.5, 1970.5, 1971.5, 1972.5, 1973.5, 1974.5, 1975.5, 1976.5, 1977.5, 1978.5, 1979.5, 1980.5, 1981.5, 1982.5, 1983.5, 1984.5, 1985.5, 1986.5, 1987.5, 1988.5, 1989.5, 1990.5, 1991.5, 1992.5, 1993.5, 1994.5, 1995.5, 1996.5, 1997.5, 1998.5, 1999.5, 2000.5, 2001.5, 2002.5, 2003.5, 2004.5, 2005.5, 2006.5, 2007.5, 2008.5, 2009.5, 2010.5, 2011.5, 2012.5, 2013.5, 2014.5, 2015.5, 2016.5, 2017.5, 2018.5, 2019.5, 2020.5], "adaptive_substitutions": [0.0, 0.0, 0.0, 0.0, 0.0, 0.0, 0.0, 0.0, 0.0, 0.0, 1.0, 1.0, 1.0, 1.0, 1.0, 1.8742857142857143, 2.0, 2.0, 2.0, 2.0, 2.0, 2.0, 2.0, 2.0, 2.0, 2.0, 2.0, 2.0, 2.0, 2.0, 2.0, 1.5, 1.5, 1.5, 1.5, 1.5, 1.9940136054421769, 1.9938299737072742, 1.9939047619047618, 1.4939047619047618, 1.488373245251858, 1.466844583987441, 1.4484249084249083, 1.4571022342586324, 1.4789599521817096, 2.0, 2.0, 1.9969149868536373, 1.9878463530427277, 1.4759829424307036, 1.4611829573934836, 1.4659079903147698], "adaptive_substitutions_per_codon": [0.0, 0.0, 0.0, 0.0, 0.0, 0.0, 0.0, 0.0, 0.0, 0.0, 1.0, 1.0, 1.0, 1.0, 1.0, 1.8742857142857143, 2.0, 2.0, 2.0, 2.0, 2.0, 2.0, 2.0, 2.0, 2.0, 2.0, 2.0, 2.0, 2.0, 2.0, 2.0, 1.5, 1.5, 1.5, 1.5, 1.5, 1.9940136054421769, 1.9938299737072742, 1.9939047619047618, 1.4939047619047618, 1.488373245251858, 1.466844583987441, 1.4484249084249083, 1.4571022342586324, 1.4789599521817096, 2.0, 2.0, 1.9969149868536373, 1.9878463530427277, 1.4759829424307036, 1.4611829573934836, 1.4659079903147698], "rate_of_adaptation": 0.03241097278180308}