{"virus": "h3n2", "subtype": null, "gene": "ha", "loci_len": 3, "loci_offset": 3, "location": [711, 714], "window": 3, "min_seqs": 2, "midfreq_high": 0.75, "midfreq_low": 0.15, "window_midpoint": [1969.5, 1970.5, 1971.5, 1972.5, 1973.5, 1974.5, 1975.5, 1976.5, 1977.5, 1978.5, 1979.5, 1980.5, 1981.5, 1982.5, 1983.5, 1984.5, 1985.5, 1986.5, 1987.5, 1988.5, 1989.5, 1990.5, 1991.5, 1992.5, 1993.5, 1994.5, 1995.5, 1996.5, 1997.5, 1998.5, 1999.5, 2000.5, 2001.5, 2002.5, 2003.5, 2004.5, 2005.5, 2006.5, 2007.5, 2008.5, 2009.5, 2010.5, 2011.5, 2012.5, 2013.5, 2014.5, 2015.5, 2016.5, 2017.5, 2018.5, 2019.5, 2020.5], "adaptive_substitutions": [0.0, 0.0, 0.0, 0.0, 0.0, 0.0, 0.0, 0.0, 0.0, 0.0, 0.0, 0.0, 0.0, 0.0, 0.0, 0.0, 0.0, 0.0, 0.0, 0.0, 0.0, 0.0, 0.0, 0.0, 0.0, 0.0, 0.0, 0.0, 0.0, 0.0, 0.0, 0.0, 0.0, 0.0, 0.7816091954022989, 0.936046511627907, 0.9717514124293786, 1.7325581395348837, 1.4595375722543351, 1.4941176470588236, 1.49438202247191, 1.4946236559139785, 1.5, 1.4952830188679245, 1.995850622406639, 1.989051094890511, 1.493421052631579, 1.4847094801223242, 1.4909365558912386, 1.991044776119403, 2.0, 2.0], "adaptive_substitutions_per_codon": [0.0, 0.0, 0.0, 0.0, 0.0, 0.0, 0.0, 0.0, 0.0, 0.0, 0.0, 0.0, 0.0, 0.0, 0.0, 0.0, 0.0, 0.0, 0.0, 0.0, 0.0, 0.0, 0.0, 0.0, 0.0, 0.0, 0.0, 0.0, 0.0, 0.0, 0.0, 0.0, 0.0, 0.0, 0.260536398467433, 0.312015503875969, 0.3239171374764595, 0.5775193798449613, 0.48651252408477835, 0.4980392156862745, 0.49812734082397, 0.4982078853046595, 0.5, 0.49842767295597484, 0.665283540802213, 0.6630170316301703, 0.49780701754385964, 0.4949031600407747, 0.4969788519637462, 0.663681592039801, 0.6666666666666666, 0.6666666666666666], "rate_of_adaptation": 0.014184044457171223}