{"virus": "h3n2", "subtype": null, "gene": "ha", "loci_len": 3, "loci_offset": 3, "location": [1482, 1485], "window": 3, "min_seqs": 2, "midfreq_high": 0.75, "midfreq_low": 0.15, "window_midpoint": [1969.5, 1970.5, 1971.5, 1972.5, 1973.5, 1974.5, 1975.5, 1976.5, 1977.5, 1978.5, 1979.5, 1980.5, 1981.5, 1982.5, 1983.5, 1984.5, 1985.5, 1986.5, 1987.5, 1988.5, 1989.5, 1990.5, 1991.5, 1992.5, 1993.5, 1994.5, 1995.5, 1996.5, 1997.5, 1998.5, 1999.5, 2000.5, 2001.5, 2002.5, 2003.5, 2004.5, 2005.5, 2006.5, 2007.5, 2008.5, 2009.5, 2010.5, 2011.5, 2012.5, 2013.5, 2014.5, 2015.5, 2016.5, 2017.5, 2018.5, 2019.5, 2020.5], "adaptive_substitutions": [0.0, 0.0, 0.0, 0.7988571428571429, 0.932952380952381, 1.0, 1.0, 0.9281632653061225, 0.9226373626373627, 0.8882539682539682, 1.0, 1.0, 1.0, 1.0, 1.0, 1.0, 1.0, 1.0, 1.0, 1.0, 1.0, 1.0, 1.0, 1.0, 1.0, 1.0, 1.0, 1.0, 1.0, 0.9771428571428572, 0.9745388788426763, 0.9704201680672269, 1.0, 0.9255026455026455, 0.9179008746355686, 0.9125465838509316, 1.0, 1.0, 1.0, 0.9942857142857143, 0.9942857142857143, 0.9942857142857143, 0.9942857142857142, 0.994868804664723, 0.9955301587301587, 0.5058015267175573, 1.008015602145295, 1.0385624438454628, 1.1582945054945055, 1.1543543543543542, 1.1460250626566417, 1.0], "adaptive_substitutions_per_codon": [0.0, 0.0, 0.0, 0.7988571428571429, 0.932952380952381, 1.0, 1.0, 0.9281632653061225, 0.9226373626373627, 0.8882539682539682, 1.0, 1.0, 1.0, 1.0, 1.0, 1.0, 1.0, 1.0, 1.0, 1.0, 1.0, 1.0, 1.0, 1.0, 1.0, 1.0, 1.0, 1.0, 1.0, 0.9771428571428572, 0.9745388788426763, 0.9704201680672269, 1.0, 0.9255026455026455, 0.9179008746355686, 0.9125465838509316, 1.0, 1.0, 1.0, 0.9942857142857143, 0.9942857142857143, 0.9942857142857143, 0.9942857142857142, 0.994868804664723, 0.9955301587301587, 0.5058015267175573, 1.008015602145295, 1.0385624438454628, 1.1582945054945055, 1.1543543543543542, 1.1460250626566417, 1.0], "rate_of_adaptation": 0.00709954698498434}