{"virus": "h3n2", "subtype": null, "gene": "ha", "loci_len": 3, "loci_offset": 3, "location": [1086, 1089], "window": 3, "min_seqs": 2, "midfreq_high": 0.75, "midfreq_low": 0.15, "window_midpoint": [1969.5, 1970.5, 1971.5, 1972.5, 1973.5, 1974.5, 1975.5, 1976.5, 1977.5, 1978.5, 1979.5, 1980.5, 1981.5, 1982.5, 1983.5, 1984.5, 1985.5, 1986.5, 1987.5, 1988.5, 1989.5, 1990.5, 1991.5, 1992.5, 1993.5, 1994.5, 1995.5, 1996.5, 1997.5, 1998.5, 1999.5, 2000.5, 2001.5, 2002.5, 2003.5, 2004.5, 2005.5, 2006.5, 2007.5, 2008.5, 2009.5, 2010.5, 2011.5, 2012.5, 2013.5, 2014.5, 2015.5, 2016.5, 2017.5, 2018.5, 2019.5, 2020.5], "adaptive_substitutions": [0.0, 0.0, 0.0, 0.0, 0.0, 0.0, 0.0, 0.0, 0.0, 0.0, 0.7777777777777778, 1.0, 1.0, 1.0, 1.0, 1.0, 1.0, 1.0, 1.0, 1.0, 1.0, 1.0, 1.0, 1.0, 1.0, 0.9866666666666667, 0.9878048780487805, 0.9888888888888889, 1.0, 0.8333333333333334, 1.6296296296296298, 0.9878048780487805, 0.9868421052631579, 1.0, 0.4930555555555556, 1.9014084507042253, 1.9615384615384617, 1.9775280898876404, 2.0, 2.0, 1.9440559440559442, 1.9386503067484662, 1.9, 1.8324873096446699, 1.747787610619469, 1.78247177314022, 1.8775740804796495, 1.9687694704049843, 1.9602446483180427, 1.877245508982036, 1.8245490486780331, 1.8297872340425532], "adaptive_substitutions_per_codon": [0.0, 0.0, 0.0, 0.0, 0.0, 0.0, 0.0, 0.0, 0.0, 0.0, 0.25925925925925924, 0.3333333333333333, 0.3333333333333333, 0.3333333333333333, 0.3333333333333333, 0.3333333333333333, 0.3333333333333333, 0.3333333333333333, 0.3333333333333333, 0.3333333333333333, 0.3333333333333333, 0.3333333333333333, 0.3333333333333333, 0.3333333333333333, 0.3333333333333333, 0.3288888888888889, 0.32926829268292684, 0.32962962962962966, 0.3333333333333333, 0.2777777777777778, 0.54320987654321, 0.32926829268292684, 0.3289473684210526, 0.3333333333333333, 0.16435185185185186, 0.6338028169014084, 0.6538461538461539, 0.6591760299625468, 0.6666666666666666, 0.6666666666666666, 0.6480186480186481, 0.6462167689161554, 0.6333333333333333, 0.6108291032148899, 0.5825958702064896, 0.5941572577134067, 0.6258580268265498, 0.6562564901349948, 0.6534148827726809, 0.625748502994012, 0.608183016226011, 0.6099290780141844], "rate_of_adaptation": 0.013553804276959536}