{"virus": "h3n2", "subtype": null, "gene": "ha", "loci_len": 3, "loci_offset": 3, "location": [519, 522], "window": 3, "min_seqs": 2, "midfreq_high": 0.75, "midfreq_low": 0.15, "window_midpoint": [1969.5, 1970.5, 1971.5, 1972.5, 1973.5, 1974.5, 1975.5, 1976.5, 1977.5, 1978.5, 1979.5, 1980.5, 1981.5, 1982.5, 1983.5, 1984.5, 1985.5, 1986.5, 1987.5, 1988.5, 1989.5, 1990.5, 1991.5, 1992.5, 1993.5, 1994.5, 1995.5, 1996.5, 1997.5, 1998.5, 1999.5, 2000.5, 2001.5, 2002.5, 2003.5, 2004.5, 2005.5, 2006.5, 2007.5, 2008.5, 2009.5, 2010.5, 2011.5, 2012.5, 2013.5, 2014.5, 2015.5, 2016.5, 2017.5, 2018.5, 2019.5, 2020.5], "adaptive_substitutions": [0.0, 0.0, 0.0, 0.0, 0.0, 0.0, 0.0, 0.0, 0.0, 0.0, 1.0, 1.0, 1.0, 1.0, 1.0, 1.0, 1.0, 1.0, 1.0, 1.0, 1.0, 1.0, 1.0, 1.0, 1.0, 1.0, 1.0, 0.9774436090225563, 0.9473684210526315, 1.7177914110429446, 1.9248554913294798, 1.9830508474576272, 1.9886363636363635, 1.977401129943503, 1.9827586206896552, 1.9825581395348837, 1.9943502824858759, 1.9651162790697674, 1.930635838150289, 1.9176470588235293, 1.949438202247191, 1.989247311827957, 2.0, 2.0, 2.0, 1.9926739926739927, 1.993388411688851, 1.993846095584337, 2.0, 2.0, 2.0, 2.0], "adaptive_substitutions_per_codon": [0.0, 0.0, 0.0, 0.0, 0.0, 0.0, 0.0, 0.0, 0.0, 0.0, 0.3333333333333333, 0.3333333333333333, 0.3333333333333333, 0.3333333333333333, 0.3333333333333333, 0.3333333333333333, 0.3333333333333333, 0.3333333333333333, 0.3333333333333333, 0.3333333333333333, 0.3333333333333333, 0.3333333333333333, 0.3333333333333333, 0.3333333333333333, 0.3333333333333333, 0.3333333333333333, 0.3333333333333333, 0.3258145363408521, 0.3157894736842105, 0.5725971370143149, 0.6416184971098265, 0.6610169491525424, 0.6628787878787878, 0.6591337099811677, 0.6609195402298851, 0.6608527131782945, 0.664783427495292, 0.6550387596899224, 0.6435452793834296, 0.6392156862745098, 0.649812734082397, 0.6630824372759857, 0.6666666666666666, 0.6666666666666666, 0.6666666666666666, 0.6642246642246642, 0.6644628038962836, 0.6646153651947789, 0.6666666666666666, 0.6666666666666666, 0.6666666666666666, 0.6666666666666666], "rate_of_adaptation": 0.015299526545451409}