{"virus": "h3n2", "subtype": null, "gene": "ha", "loci_len": 3, "loci_offset": 3, "location": [516, 519], "window": 3, "min_seqs": 2, "midfreq_high": 0.75, "midfreq_low": 0.15, "window_midpoint": [1969.5, 1970.5, 1971.5, 1972.5, 1973.5, 1974.5, 1975.5, 1976.5, 1977.5, 1978.5, 1979.5, 1980.5, 1981.5, 1982.5, 1983.5, 1984.5, 1985.5, 1986.5, 1987.5, 1988.5, 1989.5, 1990.5, 1991.5, 1992.5, 1993.5, 1994.5, 1995.5, 1996.5, 1997.5, 1998.5, 1999.5, 2000.5, 2001.5, 2002.5, 2003.5, 2004.5, 2005.5, 2006.5, 2007.5, 2008.5, 2009.5, 2010.5, 2011.5, 2012.5, 2013.5, 2014.5, 2015.5, 2016.5, 2017.5, 2018.5, 2019.5, 2020.5], "adaptive_substitutions": [0.0, 0.0, 0.0, 0.0, 0.0, 0.0, 0.0, 0.0, 0.0, 0.0, 0.0, 0.0, 0.0, 0.0, 0.0, 0.0, 0.0, 0.0, 0.0, 0.0, 0.0, 0.0, 0.0, 0.0, 0.0, 0.9585272459499264, 0.9823558897243108, 0.992438238453276, 0.9933834586466166, 0.9938299737072743, 0.9941866226259289, 0.994317998385795, 0.9942857142857142, 0.994317998385795, 0.9942200328407225, 1.0, 0.948861985472155, 0.9181395348837209, 0.8604789430222956, 0.8816806722689076, 0.9039486356340288, 0.9567434715821813, 0.9794752186588921, 0.9525606469002695, 0.8914997036158863, 0.8972262773722628, 0.9338345864661655, 0.9876976845784186, 0.9969615882606819, 0.9969978678038379, 1.0, 1.0], "adaptive_substitutions_per_codon": [0.0, 0.0, 0.0, 0.0, 0.0, 0.0, 0.0, 0.0, 0.0, 0.0, 0.0, 0.0, 0.0, 0.0, 0.0, 0.0, 0.0, 0.0, 0.0, 0.0, 0.0, 0.0, 0.0, 0.0, 0.0, 0.9585272459499264, 0.9823558897243108, 0.992438238453276, 0.9933834586466166, 0.9938299737072743, 0.9941866226259289, 0.994317998385795, 0.9942857142857142, 0.994317998385795, 0.9942200328407225, 1.0, 0.948861985472155, 0.9181395348837209, 0.8604789430222956, 0.8816806722689076, 0.9039486356340288, 0.9567434715821813, 0.9794752186588921, 0.9525606469002695, 0.8914997036158863, 0.8972262773722628, 0.9338345864661655, 0.9876976845784186, 0.9969615882606819, 0.9969978678038379, 1.0, 1.0], "rate_of_adaptation": 0.0276148937974702}