{"virus": "h3n2", "subtype": null, "gene": "ha", "loci_len": 3, "loci_offset": 3, "location": [519, 522], "window": 3, "min_seqs": 2, "midfreq_high": 0.75, "midfreq_low": 0.15, "window_midpoint": [1969.5, 1970.5, 1971.5, 1972.5, 1973.5, 1974.5, 1975.5, 1976.5, 1977.5, 1978.5, 1979.5, 1980.5, 1981.5, 1982.5, 1983.5, 1984.5, 1985.5, 1986.5, 1987.5, 1988.5, 1989.5, 1990.5, 1991.5, 1992.5, 1993.5, 1994.5, 1995.5, 1996.5, 1997.5, 1998.5, 1999.5, 2000.5, 2001.5, 2002.5, 2003.5, 2004.5, 2005.5, 2006.5, 2007.5, 2008.5, 2009.5, 2010.5, 2011.5, 2012.5, 2013.5, 2014.5, 2015.5, 2016.5, 2017.5, 2018.5, 2019.5, 2020.5], "adaptive_substitutions": [0.0, 0.0, 0.0, 0.0, 0.0, 0.0, 0.0, 0.0, 0.0, 0.0, 1.0, 1.0, 1.0, 1.0, 1.0, 1.0, 1.0, 1.0, 1.0, 1.0, 1.0, 1.0, 1.0, 1.0, 1.0, 1.0, 1.0, 0.9773147153598281, 0.9470676691729323, 1.7161787905346186, 1.9244260941370768, 1.9829539951573851, 1.9885714285714284, 1.9772719935431802, 1.9826600985221674, 1.9824584717607974, 1.994317998385795, 1.9649169435215947, 1.9302394715111477, 1.9171764705882353, 1.9491492776886035, 1.9834715821812596, 2.0, 1.9942857142857142, 1.9942857142857142, 1.9869178440607012, 1.9876363454699302, 1.9880966447019617, 2.0, 2.0, 2.0, 2.0], "adaptive_substitutions_per_codon": [0.0, 0.0, 0.0, 0.0, 0.0, 0.0, 0.0, 0.0, 0.0, 0.0, 1.0, 1.0, 1.0, 1.0, 1.0, 1.0, 1.0, 1.0, 1.0, 1.0, 1.0, 1.0, 1.0, 1.0, 1.0, 1.0, 1.0, 0.9773147153598281, 0.9470676691729323, 1.7161787905346186, 1.9244260941370768, 1.9829539951573851, 1.9885714285714284, 1.9772719935431802, 1.9826600985221674, 1.9824584717607974, 1.994317998385795, 1.9649169435215947, 1.9302394715111477, 1.9171764705882353, 1.9491492776886035, 1.9834715821812596, 2.0, 1.9942857142857142, 1.9942857142857142, 1.9869178440607012, 1.9876363454699302, 1.9880966447019617, 2.0, 2.0, 2.0, 2.0], "rate_of_adaptation": 0.04584057817925799}