{"virus": "h3n2", "subtype": null, "gene": "ha", "loci_len": 3, "loci_offset": 3, "location": [204, 207], "window": 3, "min_seqs": 2, "midfreq_high": 0.75, "midfreq_low": 0.15, "window_midpoint": [1969.5, 1970.5, 1971.5, 1972.5, 1973.5, 1974.5, 1975.5, 1976.5, 1977.5, 1978.5, 1979.5, 1980.5, 1981.5, 1982.5, 1983.5, 1984.5, 1985.5, 1986.5, 1987.5, 1988.5, 1989.5, 1990.5, 1991.5, 1992.5, 1993.5, 1994.5, 1995.5, 1996.5, 1997.5, 1998.5, 1999.5, 2000.5, 2001.5, 2002.5, 2003.5, 2004.5, 2005.5, 2006.5, 2007.5, 2008.5, 2009.5, 2010.5, 2011.5, 2012.5, 2013.5, 2014.5, 2015.5, 2016.5, 2017.5, 2018.5, 2019.5, 2020.5], "adaptive_substitutions": [0.0, 0.0, 0.0, 0.0, 0.0, 0.0, 0.0, 0.0, 0.865904761904762, 0.932952380952381, 1.0, 1.0, 1.0, 1.0, 1.0, 1.0, 1.0, 1.0, 1.0, 0.9441269841269841, 0.9470676691729323, 0.9627513227513227, 1.0, 0.5, 0.9871062271062272, 0.9792636229749632, 0.9735338345864661, 0.9848764769065521, 0.9933396404919583, 0.9627513227513227, 0.9532225913621263, 0.9545439870863599, 0.9828571428571428, 0.994317998385795, 0.988440065681445, 0.9766112956810631, 0.97727199354318, 0.9649169435215947, 0.976746490503716, 0.9704201680672269, 0.9095987158908507, 0.8053456221198156, 0.7588338192419826, 0.8244743935309973, 0.9248844101956135, 0.9596246089676747, 0.9569924812030075, 0.9384884228920926, 0.9179628830384118, 0.9159402985074627, 0.9223659147869674, 0.8849394673123486], "adaptive_substitutions_per_codon": [0.0, 0.0, 0.0, 0.0, 0.0, 0.0, 0.0, 0.0, 0.865904761904762, 0.932952380952381, 1.0, 1.0, 1.0, 1.0, 1.0, 1.0, 1.0, 1.0, 1.0, 0.9441269841269841, 0.9470676691729323, 0.9627513227513227, 1.0, 0.5, 0.9871062271062272, 0.9792636229749632, 0.9735338345864661, 0.9848764769065521, 0.9933396404919583, 0.9627513227513227, 0.9532225913621263, 0.9545439870863599, 0.9828571428571428, 0.994317998385795, 0.988440065681445, 0.9766112956810631, 0.97727199354318, 0.9649169435215947, 0.976746490503716, 0.9704201680672269, 0.9095987158908507, 0.8053456221198156, 0.7588338192419826, 0.8244743935309973, 0.9248844101956135, 0.9596246089676747, 0.9569924812030075, 0.9384884228920926, 0.9179628830384118, 0.9159402985074627, 0.9223659147869674, 0.8849394673123486], "rate_of_adaptation": 0.01320645566288084}