{"virus": "measles", "subtype": null, "gene": "H", "loci_len": 3, "loci_offset": 3, "location": [9091, 9094], "window": 3, "min_seqs": 2, "midfreq_high": 0.75, "midfreq_low": 0.15, "window_midpoint": [2004.5, 2005.5, 2006.5, 2007.5, 2008.5, 2009.5, 2010.5, 2011.5, 2012.5, 2013.5, 2014.5, 2015.5, 2016.5, 2017.5, 2018.5], "adaptive_substitutions": [0.0, 0.0, 0.0, 0.0, 0.0, 0.0, 0.0, 0.0, 0.7617685779246663, 0.8967663837673554, 0.906151257970323, 0.927976546814434, 0.9311775891782369, 0.9622316038173251, 0.9768879963658259], "adaptive_substitutions_per_codon": [0.0, 0.0, 0.0, 0.0, 0.0, 0.0, 0.0, 0.0, 0.2539228593082221, 0.2989221279224518, 0.302050419323441, 0.3093255156048113, 0.31039252972607895, 0.32074386793910836, 0.32562933212194195], "rate_of_adaptation": 0.03125375577379047}