{"virus": "measles", "subtype": null, "gene": "H", "loci_len": 3, "loci_offset": 3, "location": [9091, 9094], "window": 3, "min_seqs": 2, "midfreq_high": 0.75, "midfreq_low": 0.15, "window_midpoint": [2004.5, 2005.5, 2006.5, 2007.5, 2008.5, 2009.5, 2010.5, 2011.5, 2012.5, 2013.5, 2014.5, 2015.5, 2016.5, 2017.5, 2018.5], "adaptive_substitutions": [0.0, 0.0, 0.0, 0.0, 0.0, 0.0, 0.0, 0.0, 0.7420186315844599, 0.8882080736865993, 0.8983709760787265, 0.9220056328046041, 0.9254720491243995, 0.95910051476339, 0.9749719567955073], "adaptive_substitutions_per_codon": [0.0, 0.0, 0.0, 0.0, 0.0, 0.0, 0.0, 0.0, 0.7420186315844599, 0.8882080736865993, 0.8983709760787265, 0.9220056328046041, 0.9254720491243995, 0.95910051476339, 0.9749719567955073], "rate_of_adaptation": 0.09324406167922551}