{"virus": "nl63", "subtype": null, "gene": "spike", "loci_len": 3, "loci_offset": 3, "location": [2238, 2241], "window": 3, "min_seqs": 2, "midfreq_high": 0.75, "midfreq_low": 0.15, "window_midpoint": [1988.5, 1989.5, 1990.5, 1991.5, 2000.5, 2001.5, 2002.5, 2003.5, 2004.5, 2005.5, 2006.5, 2007.5, 2008.5, 2009.5, 2010.5, 2011.5, 2012.5, 2013.5, 2014.5, 2015.5, 2016.5, 2017.5], "adaptive_substitutions": [0.0, 0.0, 0.0, 0.0, 0.0, 0.0, 0.0, 0.0, 0.0, 0.0, 0.0, 0.9521527920839453, 0.7697353119039866, 0.0, 0.0, 0.7607639604197263, 0.8245602376411327, 0.0, 0.0, 0.0, 0.0, 0.0], "adaptive_substitutions_per_codon": [0.0, 0.0, 0.0, 0.0, 0.0, 0.0, 0.0, 0.0, 0.0, 0.0, 0.0, 0.31738426402798176, 0.25657843730132884, 0.0, 0.0, 0.2535879868065754, 0.27485341254704426, 0.0, 0.0, 0.0, 0.0, 0.0], "rate_of_adaptation": 0.002872547541393018}