{"virus": "nl63", "subtype": null, "gene": "spike", "loci_len": 3, "loci_offset": 3, "location": [1713, 1716], "window": 3, "min_seqs": 2, "midfreq_high": 0.75, "midfreq_low": 0.15, "window_midpoint": [1988.5, 1989.5, 1990.5, 1991.5, 2000.5, 2001.5, 2002.5, 2003.5, 2004.5, 2005.5, 2006.5, 2007.5, 2008.5, 2009.5, 2010.5, 2011.5, 2012.5, 2013.5, 2014.5, 2015.5, 2016.5, 2017.5], "adaptive_substitutions": [0.0, 0.0, 0.0, 0.0, 0.0, 0.0, 0.0, 0.0, 0.0, 0.0, 0.0, 0.9542331054715999, 0.9671050445577124, 0.9818510590663241, 0.5, 1.0, 0.9578944570338718, 0.7822127087958889, 0.0, 0.0, 0.0, 0.7523203354933636], "adaptive_substitutions_per_codon": [0.0, 0.0, 0.0, 0.0, 0.0, 0.0, 0.0, 0.0, 0.0, 0.0, 0.0, 0.31807770182386663, 0.32236834818590415, 0.32728368635544136, 0.16666666666666666, 0.3333333333333333, 0.31929815234462394, 0.26073756959862965, 0.0, 0.0, 0.0, 0.25077344516445454], "rate_of_adaptation": 0.007762939145385215}