{"virus": "nl63", "subtype": null, "gene": "spike", "loci_len": 3, "loci_offset": 3, "location": [48, 51], "window": 3, "min_seqs": 2, "midfreq_high": 0.75, "midfreq_low": 0.15, "window_midpoint": [1988.5, 1989.5, 1990.5, 1991.5, 2000.5, 2001.5, 2002.5, 2003.5, 2004.5, 2005.5, 2006.5, 2007.5, 2008.5, 2009.5, 2010.5, 2011.5, 2012.5, 2013.5, 2014.5, 2015.5, 2016.5, 2017.5], "adaptive_substitutions": [0.0, 0.0, 0.0, 0.0, 0.0, 0.0, 0.0, 1.0, 0.7894722851693592, 0.7894722851693592, 0.8337939093442309, 0.9084662109431996, 0.736840356461699, 0.7822127087958889, 0.0, 0.7984309113323651, 0.0, 0.0, 0.0, 0.0, 0.7783918791256412, 0.0], "adaptive_substitutions_per_codon": [0.0, 0.0, 0.0, 0.0, 0.0, 0.0, 0.0, 0.3333333333333333, 0.2631574283897864, 0.2631574283897864, 0.2779313031147436, 0.30282207031439984, 0.24561345215389965, 0.26073756959862965, 0.0, 0.26614363711078837, 0.0, 0.0, 0.0, 0.0, 0.2594639597085471, 0.0], "rate_of_adaptation": 0.0036339273089396724}