{"virus": "oc43", "subtype": "a", "gene": "spike", "loci_len": 3, "loci_offset": 3, "location": [783, 786], "window": 3, "min_seqs": 2, "midfreq_high": 0.75, "midfreq_low": 0.15, "window_midpoint": [1991.5, 1992.5, 1995.5, 1996.5, 1997.5, 1998.5, 1999.5, 2000.5, 2001.5, 2002.5, 2003.5, 2004.5, 2005.5, 2006.5, 2007.5, 2008.5, 2009.5, 2010.5, 2011.5, 2012.5, 2013.5, 2014.5, 2015.5, 2016.5, 2017.5], "adaptive_substitutions": [0.0, 0.0, 0.0, 0.0, 0.0, 0.0, 0.0, 0.0, 0.0, 0.0, 0.7433004231311706, 1.0, 1.0, 1.0, 0.9698000497801377, 0.9522419391871946, 0.8675098958096364, 0.0, 0.0, 0.0, 0.0, 0.9459579838170885, 0.5, 0.9922797119738698, 0.9736718382698636], "adaptive_substitutions_per_codon": [0.0, 0.0, 0.0, 0.0, 0.0, 0.0, 0.0, 0.0, 0.0, 0.0, 0.2477668077103902, 0.3333333333333333, 0.3333333333333333, 0.3333333333333333, 0.3232666832600459, 0.3174139797290649, 0.2891699652698788, 0.0, 0.0, 0.0, 0.0, 0.3153193279390295, 0.16666666666666666, 0.3307599039912899, 0.3245572794232879], "rate_of_adaptation": 0.010596198093918605}