{"virus": "rsv", "subtype": "B", "gene": "g", "loci_len": 3, "loci_offset": 3, "location": [5307, 5310], "window": 3, "min_seqs": 2, "midfreq_high": 0.75, "midfreq_low": 0.15, "window_midpoint": [1977.5, 1978.5, 1979.5, 1980.5, 1981.5, 1982.5, 1983.5, 1984.5, 1985.5, 1986.5, 1987.5, 1988.5, 1989.5, 1990.5, 1991.5, 1992.5, 1993.5, 1994.5, 1995.5, 1996.5, 1997.5, 1998.5, 2001.5, 2002.5, 2003.5, 2004.5, 2005.5, 2006.5, 2007.5, 2008.5, 2009.5, 2010.5, 2011.5, 2012.5, 2013.5, 2014.5, 2015.5, 2016.5, 2017.5, 2018.5], "adaptive_substitutions": [0.0, 0.0, 0.0, 0.0, 0.0, 0.0, 0.0, 0.0, 0.0, 0.0, 0.0, 0.0, 0.0, 0.0, 0.0, 0.0, 0.0, 0.0, 0.0, 0.0, 0.0, 0.0, 0.8455057007335827, 0.879837767237231, 0.9016854459213708, 1.0, 1.0, 1.0, 1.0, 1.0, 1.0, 0.5, 0.5, 0.0, 0.0, 0.0, 0.933334651686409, 0.9117807795421736, 0.9138984455004661, 1.0], "adaptive_substitutions_per_codon": [0.0, 0.0, 0.0, 0.0, 0.0, 0.0, 0.0, 0.0, 0.0, 0.0, 0.0, 0.0, 0.0, 0.0, 0.0, 0.0, 0.0, 0.0, 0.0, 0.0, 0.0, 0.0, 0.2818352335778609, 0.29327925574574365, 0.3005618153071236, 0.3333333333333333, 0.3333333333333333, 0.3333333333333333, 0.3333333333333333, 0.3333333333333333, 0.3333333333333333, 0.16666666666666666, 0.16666666666666666, 0.0, 0.0, 0.0, 0.3111115505621363, 0.3039269265140579, 0.304632815166822, 0.3333333333333333], "rate_of_adaptation": 0.008208838323923778}