{"virus": "rsv", "subtype": "A", "gene": "g", "loci_len": 3, "loci_offset": 3, "location": [5355, 5358], "window": 3, "min_seqs": 2, "midfreq_high": 0.75, "midfreq_low": 0.15, "window_midpoint": [1978.5, 1979.5, 1980.5, 1981.5, 1982.5, 1983.5, 1984.5, 1985.5, 1986.5, 1987.5, 1988.5, 1989.5, 1990.5, 1991.5, 1992.5, 1993.5, 1994.5, 1995.5, 1996.5, 1997.5, 1998.5, 1999.5, 2000.5, 2001.5, 2002.5, 2003.5, 2004.5, 2005.5, 2006.5, 2007.5, 2008.5, 2009.5, 2010.5, 2011.5, 2012.5, 2013.5, 2014.5, 2015.5, 2016.5, 2017.5, 2018.5], "adaptive_substitutions": [0.0, 0.0, 0.0, 0.0, 0.0, 0.0, 0.0, 0.0, 0.0, 0.0, 0.0, 0.0, 0.0, 0.0, 0.0, 0.0, 0.0, 0.0, 0.0, 0.0, 0.0, 0.0, 0.0, 0.0, 0.0, 0.0, 0.0, 0.0, 0.0, 0.7917737789203085, 0.8782687209215393, 0.8866931663325897, 0.9272757850227038, 0.9347265968865064, 0.9494888703562002, 0.9452796095525502, 0.950278756334169, 0.9931448157669237, 0.9931448157669237, 0.981703279582457, 0.9566645554686238], "adaptive_substitutions_per_codon": [0.0, 0.0, 0.0, 0.0, 0.0, 0.0, 0.0, 0.0, 0.0, 0.0, 0.0, 0.0, 0.0, 0.0, 0.0, 0.0, 0.0, 0.0, 0.0, 0.0, 0.0, 0.0, 0.0, 0.0, 0.0, 0.0, 0.0, 0.0, 0.0, 0.2639245929734362, 0.2927562403071798, 0.2955643887775299, 0.30909192834090127, 0.3115755322955021, 0.3164962901187334, 0.3150932031841834, 0.316759585444723, 0.3310482719223079, 0.3310482719223079, 0.32723442652748563, 0.3188881851562079], "rate_of_adaptation": 0.009533289874091577}