{"virus": "rsv", "subtype": "A", "gene": "g", "loci_len": 3, "loci_offset": 3, "location": [5463, 5466], "window": 3, "min_seqs": 2, "midfreq_high": 0.75, "midfreq_low": 0.15, "window_midpoint": [1978.5, 1979.5, 1980.5, 1981.5, 1982.5, 1983.5, 1984.5, 1985.5, 1986.5, 1987.5, 1988.5, 1989.5, 1990.5, 1991.5, 1992.5, 1993.5, 1994.5, 1995.5, 1996.5, 1997.5, 1998.5, 1999.5, 2000.5, 2001.5, 2002.5, 2003.5, 2004.5, 2005.5, 2006.5, 2007.5, 2008.5, 2009.5, 2010.5, 2011.5, 2012.5, 2013.5, 2014.5, 2015.5, 2016.5, 2017.5, 2018.5], "adaptive_substitutions": [0.0, 0.0, 0.0, 0.0, 0.0, 0.0, 0.0, 0.0, 0.0, 0.0, 0.0, 0.0, 0.0, 0.8713523704016481, 0.931387930880879, 0.0, 0.0, 0.0, 0.0, 0.0, 0.0, 0.0, 0.8456228444819777, 0.9195952315010301, 0.9171923303734746, 0.9656939654404395, 0.8713523704016481, 0.8353310341141096, 0.0, 0.7827284477894502, 0.8065968521474441, 0.8957217451713799, 0.9374796566437916, 0.9789246204070959, 0.9690213065850123, 0.9552529984005733, 0.9301173370083027, 0.7724968234471251, 0.0, 0.0, 0.7501625744032007], "adaptive_substitutions_per_codon": [0.0, 0.0, 0.0, 0.0, 0.0, 0.0, 0.0, 0.0, 0.0, 0.0, 0.0, 0.0, 0.0, 0.8713523704016481, 0.931387930880879, 0.0, 0.0, 0.0, 0.0, 0.0, 0.0, 0.0, 0.8456228444819777, 0.9195952315010301, 0.9171923303734746, 0.9656939654404395, 0.8713523704016481, 0.8353310341141096, 0.0, 0.7827284477894502, 0.8065968521474441, 0.8957217451713799, 0.9374796566437916, 0.9789246204070959, 0.9690213065850123, 0.9552529984005733, 0.9301173370083027, 0.7724968234471251, 0.0, 0.0, 0.7501625744032007], "rate_of_adaptation": 0.02302906196093278}