{"virus": "rsv", "subtype": "B", "gene": "g", "loci_len": 3, "loci_offset": 3, "location": [5343, 5346], "window": 3, "min_seqs": 2, "midfreq_high": 0.75, "midfreq_low": 0.15, "window_midpoint": [1977.5, 1978.5, 1979.5, 1980.5, 1981.5, 1982.5, 1983.5, 1984.5, 1985.5, 1986.5, 1987.5, 1988.5, 1989.5, 1990.5, 1991.5, 1992.5, 1993.5, 1994.5, 1995.5, 1996.5, 1997.5, 1998.5, 2001.5, 2002.5, 2003.5, 2004.5, 2005.5, 2006.5, 2007.5, 2008.5, 2009.5, 2010.5, 2011.5, 2012.5, 2013.5, 2014.5, 2015.5, 2016.5, 2017.5, 2018.5], "adaptive_substitutions": [0.0, 0.0, 0.0, 0.0, 0.0, 0.0, 0.0, 0.0, 0.0, 0.0, 0.0, 0.0, 0.0, 0.0, 0.0, 0.0, 0.0, 0.0, 0.0, 0.0, 0.0, 0.0, 0.0, 0.0, 0.0, 0.7455388012082539, 0.8377809857702618, 0.8197566508558466, 0.7773464510572222, 0.8697036030283227, 0.9075675132594084, 0.8305174478196766, 0.7296349762837698, 0.7569195199615546, 0.7978139822643844, 0.8642322824628454, 0.8592620424490857, 0.8580583625489792, 0.846831832057758, 0.8479196741596206], "adaptive_substitutions_per_codon": [0.0, 0.0, 0.0, 0.0, 0.0, 0.0, 0.0, 0.0, 0.0, 0.0, 0.0, 0.0, 0.0, 0.0, 0.0, 0.0, 0.0, 0.0, 0.0, 0.0, 0.0, 0.0, 0.0, 0.0, 0.0, 0.24851293373608463, 0.27926032859008726, 0.27325221695194885, 0.2591154836857407, 0.2899012010094409, 0.30252250441980283, 0.27683914927322556, 0.2432116587612566, 0.2523065066538515, 0.2659379940881281, 0.28807742748761517, 0.2864206808163619, 0.28601945418299307, 0.282277277352586, 0.28263989138654017], "rate_of_adaptation": 0.009138613740122486}