{"virus": "rsv", "subtype": "B", "gene": "g", "loci_len": 3, "loci_offset": 3, "location": [5013, 5016], "window": 3, "min_seqs": 2, "midfreq_high": 0.75, "midfreq_low": 0.15, "window_midpoint": [1977.5, 1978.5, 1979.5, 1980.5, 1981.5, 1982.5, 1983.5, 1984.5, 1985.5, 1986.5, 1987.5, 1988.5, 1989.5, 1990.5, 1991.5, 1992.5, 1993.5, 1994.5, 1995.5, 1996.5, 1997.5, 1998.5, 2001.5, 2002.5, 2003.5, 2004.5, 2005.5, 2006.5, 2007.5, 2008.5, 2009.5, 2010.5, 2011.5, 2012.5, 2013.5, 2014.5, 2015.5, 2016.5, 2017.5, 2018.5], "adaptive_substitutions": [0.0, 0.0, 0.0, 0.0, 0.0, 0.0, 0.0, 0.0, 0.0, 0.0, 0.0, 0.0, 0.0, 0.0, 0.0, 0.0, 0.0, 0.0, 0.0, 0.0, 0.0, 0.0, 1.0, 1.0, 1.0, 1.0, 1.0, 0.9639513301711693, 0.9681923501510318, 0.9869703603028323, 1.0, 0.5, 0.5, 0.5, 1.0, 1.0, 0.9925927390762677, 0.9932408744070943, 0.9814341614615464, 0.9831021860177356], "adaptive_substitutions_per_codon": [0.0, 0.0, 0.0, 0.0, 0.0, 0.0, 0.0, 0.0, 0.0, 0.0, 0.0, 0.0, 0.0, 0.0, 0.0, 0.0, 0.0, 0.0, 0.0, 0.0, 0.0, 0.0, 0.3333333333333333, 0.3333333333333333, 0.3333333333333333, 0.3333333333333333, 0.3333333333333333, 0.32131711005705643, 0.3227307833836773, 0.3289901201009441, 0.3333333333333333, 0.16666666666666666, 0.16666666666666666, 0.16666666666666666, 0.3333333333333333, 0.3333333333333333, 0.3308642463587559, 0.33108029146903145, 0.32714472048718213, 0.32770072867257855], "rate_of_adaptation": 0.010585910634059224}