{"virus": "rsv", "subtype": "B", "gene": "g", "loci_len": 3, "loci_offset": 3, "location": [5631, 5634], "window": 3, "min_seqs": 2, "midfreq_high": 0.75, "midfreq_low": 0.15, "window_midpoint": [1977.5, 1978.5, 1979.5, 1980.5, 1981.5, 1982.5, 1983.5, 1984.5, 1985.5, 1986.5, 1987.5, 1988.5, 1989.5, 1990.5, 1991.5, 1992.5, 1993.5, 1994.5, 1995.5, 1996.5, 1997.5, 1998.5, 2001.5, 2002.5, 2003.5, 2004.5, 2005.5, 2006.5, 2007.5, 2008.5, 2009.5, 2010.5, 2011.5, 2012.5, 2013.5, 2014.5, 2015.5, 2016.5, 2017.5, 2018.5], "adaptive_substitutions": [0.0, 0.0, 0.0, 0.0, 0.0, 0.0, 0.0, 0.0, 0.0, 0.0, 0.0, 0.0, 0.0, 0.0, 0.0, 0.0, 0.5, 0.5, 0.5, 0.5, 0.5, 0.5, 1.178839034066916, 1.2131711005705643, 1.235018779254704, 2.0, 2.0, 2.0, 1.9681923501510319, 1.4869703603028324, 1.4815135026518815, 1.483858804554255, 1.9738356428661712, 1.9900783477535329, 1.9952979995875437, 1.5, 1.5, 2.0, 1.5, 1.5], "adaptive_substitutions_per_codon": [0.0, 0.0, 0.0, 0.0, 0.0, 0.0, 0.0, 0.0, 0.0, 0.0, 0.0, 0.0, 0.0, 0.0, 0.0, 0.0, 0.16666666666666666, 0.16666666666666666, 0.16666666666666666, 0.16666666666666666, 0.16666666666666666, 0.16666666666666666, 0.392946344688972, 0.40439036685685475, 0.41167292641823466, 0.6666666666666666, 0.6666666666666666, 0.6666666666666666, 0.6560641167170106, 0.49565678676761077, 0.4938378342172938, 0.494619601518085, 0.6579452142887238, 0.6633594492511776, 0.6650993331958479, 0.5, 0.5, 0.6666666666666666, 0.5, 0.5], "rate_of_adaptation": 0.019638036663185126}