{"virus": "rsv", "subtype": "A", "gene": "g", "loci_len": 3, "loci_offset": 3, "location": [5640, 5643], "window": 3, "min_seqs": 2, "midfreq_high": 0.75, "midfreq_low": 0.15, "window_midpoint": [1978.5, 1979.5, 1980.5, 1981.5, 1982.5, 1983.5, 1984.5, 1985.5, 1986.5, 1987.5, 1988.5, 1989.5, 1990.5, 1991.5, 1992.5, 1993.5, 1994.5, 1995.5, 1996.5, 1997.5, 1998.5, 1999.5, 2000.5, 2001.5, 2002.5, 2003.5, 2004.5, 2005.5, 2006.5, 2007.5, 2008.5, 2009.5, 2010.5, 2011.5, 2012.5, 2013.5, 2014.5, 2015.5, 2016.5, 2017.5, 2018.5], "adaptive_substitutions": [0.0, 0.0, 0.0, 0.0, 0.0, 0.0, 0.0, 0.0, 0.0, 0.0, 0.0, 0.0, 0.0, 0.0, 0.0, 0.0, 0.0, 0.0, 0.0, 0.0, 0.0, 0.0, 0.7734575835475579, 0.8584109897172236, 0.8726964709590364, 0.9496572407883461, 0.8741431019708654, 0.7583547557840618, 0.0, 0.8321908026278206, 0.9121535745300001, 0.9245967483173467, 0.9482457615581129, 0.951890878569068, 0.9494888703562002, 0.9452796095525502, 0.950278756334169, 1.0, 0.4955839684902058, 0.4971232709021912, 0.4981693542104853], "adaptive_substitutions_per_codon": [0.0, 0.0, 0.0, 0.0, 0.0, 0.0, 0.0, 0.0, 0.0, 0.0, 0.0, 0.0, 0.0, 0.0, 0.0, 0.0, 0.0, 0.0, 0.0, 0.0, 0.0, 0.0, 0.2578191945158526, 0.2861369965724079, 0.2908988236530121, 0.31655241359611536, 0.2913810339902885, 0.25278491859468727, 0.0, 0.2773969342092735, 0.30405119151000004, 0.30819891610578226, 0.31608192051937095, 0.31729695952302267, 0.3164962901187334, 0.3150932031841834, 0.316759585444723, 0.3333333333333333, 0.16519465616340193, 0.16570775696739706, 0.1660564514034951], "rate_of_adaptation": 0.00937605394777419}