{"virus": "rsv", "subtype": "B", "gene": "g", "loci_len": 3, "loci_offset": 3, "location": [5343, 5346], "window": 3, "min_seqs": 2, "midfreq_high": 0.75, "midfreq_low": 0.15, "window_midpoint": [1977.5, 1978.5, 1979.5, 1980.5, 1981.5, 1982.5, 1983.5, 1984.5, 1985.5, 1986.5, 1987.5, 1988.5, 1989.5, 1990.5, 1991.5, 1992.5, 1993.5, 1994.5, 1995.5, 1996.5, 1997.5, 1998.5, 2001.5, 2002.5, 2003.5, 2004.5, 2005.5, 2006.5, 2007.5, 2008.5, 2009.5, 2010.5, 2011.5, 2012.5, 2013.5, 2014.5, 2015.5, 2016.5, 2017.5, 2018.5], "adaptive_substitutions": [0.0, 0.0, 0.0, 0.0, 0.0, 0.0, 0.0, 0.0, 0.0, 0.0, 0.0, 0.0, 0.0, 0.0, 0.0, 0.0, 0.0, 0.0, 0.0, 0.0, 0.0, 0.0, 0.0, 0.0, 0.0, 0.7588593313253605, 0.8462728237199173, 0.8291920263554637, 0.7890019149096904, 0.87652435640154, 0.9124061673617763, 0.8393895173193167, 0.7437880395331956, 0.769644292424341, 0.8083980121726506, 0.8713394484235961, 0.8666293904419374, 0.8654887207549277, 0.8548498764737418, 0.8558807722374225], "adaptive_substitutions_per_codon": [0.0, 0.0, 0.0, 0.0, 0.0, 0.0, 0.0, 0.0, 0.0, 0.0, 0.0, 0.0, 0.0, 0.0, 0.0, 0.0, 0.0, 0.0, 0.0, 0.0, 0.0, 0.0, 0.0, 0.0, 0.0, 0.7588593313253605, 0.8462728237199173, 0.8291920263554637, 0.7890019149096904, 0.87652435640154, 0.9124061673617763, 0.8393895173193167, 0.7437880395331956, 0.769644292424341, 0.8083980121726506, 0.8713394484235961, 0.8666293904419374, 0.8654887207549277, 0.8548498764737418, 0.8558807722374225], "rate_of_adaptation": 0.02771382908657702}