{"virus": "rsv", "subtype": "B", "gene": "g", "loci_len": 3, "loci_offset": 3, "location": [5373, 5376], "window": 3, "min_seqs": 2, "midfreq_high": 0.75, "midfreq_low": 0.15, "window_midpoint": [1977.5, 1978.5, 1979.5, 1980.5, 1981.5, 1982.5, 1983.5, 1984.5, 1985.5, 1986.5, 1987.5, 1988.5, 1989.5, 1990.5, 1991.5, 1992.5, 1993.5, 1994.5, 1995.5, 1996.5, 1997.5, 1998.5, 2001.5, 2002.5, 2003.5, 2004.5, 2005.5, 2006.5, 2007.5, 2008.5, 2009.5, 2010.5, 2011.5, 2012.5, 2013.5, 2014.5, 2015.5, 2016.5, 2017.5, 2018.5], "adaptive_substitutions": [0.0, 0.0, 0.0, 0.0, 0.0, 0.0, 0.0, 0.0, 0.0, 0.0, 0.0, 0.0, 0.0, 0.0, 0.0, 0.0, 0.0, 0.0, 0.0, 0.0, 0.0, 0.0, 0.0, 0.0, 0.0, 0.9363847003020634, 1.0, 1.0, 0.9681923501510318, 0.9478814412113291, 0.9537837566297043, 0.9677176091085099, 0.8953425714646851, 0.7895584259310063, 0.7586718911115693, 0.810862060191819, 0.8296527740502914, 0.8712260259847392, 0.8860496876927856, 0.8720709166838523], "adaptive_substitutions_per_codon": [0.0, 0.0, 0.0, 0.0, 0.0, 0.0, 0.0, 0.0, 0.0, 0.0, 0.0, 0.0, 0.0, 0.0, 0.0, 0.0, 0.0, 0.0, 0.0, 0.0, 0.0, 0.0, 0.0, 0.0, 0.0, 0.31212823343402113, 0.3333333333333333, 0.3333333333333333, 0.3227307833836773, 0.3159604804037764, 0.31792791887656807, 0.3225725363695033, 0.2984475238215617, 0.26318614197700213, 0.2528906303705231, 0.270287353397273, 0.27655092468343045, 0.2904086753282464, 0.2953498958975952, 0.2906903055612841], "rate_of_adaptation": 0.009744070461788051}