{"virus": "rsv", "subtype": "B", "gene": "g", "loci_len": 3, "loci_offset": 3, "location": [5352, 5355], "window": 3, "min_seqs": 2, "midfreq_high": 0.75, "midfreq_low": 0.15, "window_midpoint": [1977.5, 1978.5, 1979.5, 1980.5, 1981.5, 1982.5, 1983.5, 1984.5, 1985.5, 1986.5, 1987.5, 1988.5, 1989.5, 1990.5, 1991.5, 1992.5, 1993.5, 1994.5, 1995.5, 1996.5, 1997.5, 1998.5, 2001.5, 2002.5, 2003.5, 2004.5, 2005.5, 2006.5, 2007.5, 2008.5, 2009.5, 2010.5, 2011.5, 2012.5, 2013.5, 2014.5, 2015.5, 2016.5, 2017.5, 2018.5], "adaptive_substitutions": [0.0, 0.0, 0.0, 0.0, 0.0, 0.0, 0.0, 0.7596755344744621, 0.879837767237231, 0.864817488141885, 0.0, 0.891853990513508, 1.0, 1.0, 1.0, 1.0, 0.9399188836186155, 0.9459269952567539, 0.9324087440709424, 1.0, 1.0, 1.0, 1.8455057007335827, 1.8798377672372308, 1.9016854459213708, 2.0, 2.0, 2.0, 2.0, 2.0, 2.0, 2.0, 2.0, 2.0, 1.9905959991750877, 1.9906367091353685, 1.9851854781525353, 1.9932408744070944, 1.9953585403653866, 1.9957755465044338], "adaptive_substitutions_per_codon": [0.0, 0.0, 0.0, 0.0, 0.0, 0.0, 0.0, 0.25322517815815404, 0.29327925574574365, 0.288272496047295, 0.0, 0.29728466350450267, 0.3333333333333333, 0.3333333333333333, 0.3333333333333333, 0.3333333333333333, 0.3133062945395385, 0.31530899841891796, 0.3108029146903141, 0.3333333333333333, 0.3333333333333333, 0.3333333333333333, 0.6151685669111943, 0.6266125890790769, 0.6338951486404569, 0.6666666666666666, 0.6666666666666666, 0.6666666666666666, 0.6666666666666666, 0.6666666666666666, 0.6666666666666666, 0.6666666666666666, 0.6666666666666666, 0.6666666666666666, 0.6635319997250292, 0.6635455697117895, 0.6617284927175118, 0.6644136248023648, 0.6651195134551289, 0.665258515501478], "rate_of_adaptation": 0.019224030815998595}