{"virus": "rsv", "subtype": "A", "gene": "g", "loci_len": 3, "loci_offset": 3, "location": [5463, 5466], "window": 3, "min_seqs": 2, "midfreq_high": 0.75, "midfreq_low": 0.15, "window_midpoint": [1978.5, 1979.5, 1980.5, 1981.5, 1982.5, 1983.5, 1984.5, 1985.5, 1986.5, 1987.5, 1988.5, 1989.5, 1990.5, 1991.5, 1992.5, 1993.5, 1994.5, 1995.5, 1996.5, 1997.5, 1998.5, 1999.5, 2000.5, 2001.5, 2002.5, 2003.5, 2004.5, 2005.5, 2006.5, 2007.5, 2008.5, 2009.5, 2010.5, 2011.5, 2012.5, 2013.5, 2014.5, 2015.5, 2016.5, 2017.5, 2018.5], "adaptive_substitutions": [0.0, 0.0, 0.0, 0.0, 0.0, 0.0, 0.0, 0.0, 0.0, 0.0, 0.0, 0.0, 0.0, 0.8741431019708654, 0.9328763210511283, 0.0, 0.0, 0.0, 0.0, 0.0, 0.0, 0.0, 0.8489717223650385, 0.9213394387317909, 0.9189886633375686, 0.9664381605255641, 0.8741431019708654, 0.8389031705227078, 0.0, 0.7874416833285728, 0.8107923143723079, 0.8979838359587632, 0.9388359000232244, 0.9793818051010292, 0.9696933222137202, 0.9562236876420402, 0.9316332899594825, 0.7774320119063726, 0.0, 0.0, 0.755582256001391], "adaptive_substitutions_per_codon": [0.0, 0.0, 0.0, 0.0, 0.0, 0.0, 0.0, 0.0, 0.0, 0.0, 0.0, 0.0, 0.0, 0.2913810339902885, 0.31095877368370944, 0.0, 0.0, 0.0, 0.0, 0.0, 0.0, 0.0, 0.2829905741216795, 0.3071131462439303, 0.3063295544458562, 0.3221460535085214, 0.2913810339902885, 0.2796343901742359, 0.0, 0.2624805611095243, 0.2702641047907693, 0.29932794531958773, 0.31294530000774146, 0.3264606017003431, 0.3232311074045734, 0.31874122921401343, 0.3105444299864942, 0.25914400396879084, 0.0, 0.0, 0.25186075200046365], "rate_of_adaptation": 0.00770005382842707}