{"virus": "vic", "subtype": null, "gene": "ha", "loci_len": 3, "loci_offset": 3, "location": [221, 224], "window": 3, "min_seqs": 2, "midfreq_high": 0.75, "midfreq_low": 0.15, "window_midpoint": [1970.5, 1971.5, 1972.5, 1973.5, 1974.5, 1975.5, 1976.5, 1977.5, 1978.5, 1979.5, 1980.5, 1981.5, 1982.5, 1983.5, 1984.5, 1985.5, 1986.5, 1987.5, 1988.5, 1989.5, 1990.5, 1991.5, 1992.5, 1993.5, 1994.5, 1995.5, 1996.5, 1997.5, 1998.5, 1999.5, 2000.5, 2001.5, 2002.5, 2003.5, 2004.5, 2005.5, 2006.5, 2007.5, 2008.5, 2009.5, 2010.5, 2011.5, 2012.5, 2013.5, 2014.5, 2015.5, 2016.5, 2017.5, 2018.5, 2019.5, 2020.5], "adaptive_substitutions": [0.0, 0.0, 0.0, 0.0, 0.0, 0.0, 0.0, 0.0, 0.0, 0.0, 0.0, 0.0, 0.0, 0.0, 0.8332135154565061, 0.8332135154565061, 1.0, 0.8999281092739037, 0.785560234158365, 0.0, 0.0, 0.0, 0.0, 0.0, 0.0, 0.0, 0.0, 0.9332854061826025, 0.841991751485111, 0.0, 0.8570401561055766, 0.9718107350067334, 0.5, 1.0, 1.0, 1.0, 1.0, 1.0, 0.9883637336365004, 0.9886281942356708, 0.9890030889311983, 1.0, 1.0, 0.9787081083561496, 0.9623385357482434, 0.9615108112591938, 0.9829664866849197, 0.996180462186027, 0.5, 0.5, 0.9963208863703641], "adaptive_substitutions_per_codon": [0.0, 0.0, 0.0, 0.0, 0.0, 0.0, 0.0, 0.0, 0.0, 0.0, 0.0, 0.0, 0.0, 0.0, 0.27773783848550204, 0.27773783848550204, 0.3333333333333333, 0.29997603642463455, 0.26185341138612167, 0.0, 0.0, 0.0, 0.0, 0.0, 0.0, 0.0, 0.0, 0.3110951353942008, 0.28066391716170364, 0.0, 0.2856800520351922, 0.32393691166891114, 0.16666666666666666, 0.3333333333333333, 0.3333333333333333, 0.3333333333333333, 0.3333333333333333, 0.3333333333333333, 0.3294545778788335, 0.3295427314118903, 0.32966769631039944, 0.3333333333333333, 0.3333333333333333, 0.32623603611871654, 0.3207795119160811, 0.3205036037530646, 0.3276554955616399, 0.332060154062009, 0.16666666666666666, 0.16666666666666666, 0.3321069621234547], "rate_of_adaptation": 0.007524435397061553}