{"virus": "vic", "subtype": null, "gene": "ha", "loci_len": 3, "loci_offset": 3, "location": [317, 320], "window": 3, "min_seqs": 2, "midfreq_high": 0.75, "midfreq_low": 0.15, "window_midpoint": [1970.5, 1971.5, 1972.5, 1973.5, 1974.5, 1975.5, 1976.5, 1977.5, 1978.5, 1979.5, 1980.5, 1981.5, 1982.5, 1983.5, 1984.5, 1985.5, 1986.5, 1987.5, 1988.5, 1989.5, 1990.5, 1991.5, 1992.5, 1993.5, 1994.5, 1995.5, 1996.5, 1997.5, 1998.5, 1999.5, 2000.5, 2001.5, 2002.5, 2003.5, 2004.5, 2005.5, 2006.5, 2007.5, 2008.5, 2009.5, 2010.5, 2011.5, 2012.5, 2013.5, 2014.5, 2015.5, 2016.5, 2017.5, 2018.5, 2019.5, 2020.5], "adaptive_substitutions": [0.0, 0.0, 0.0, 0.0, 0.0, 0.0, 0.0, 0.0, 0.0, 0.0, 0.0, 0.0, 0.0, 0.0, 0.0, 0.0, 0.0, 0.0, 0.0, 0.0, 0.0, 0.8234025457774771, 0.8498921639108554, 0.8498921639108554, 0.7998562185478074, 0.8749101365923796, 0.866570812365205, 0.9332854061826025, 1.0, 0.9473305838283703, 0.9714080312211153, 0.9859053675033668, 1.0, 1.0, 0.9928005834010003, 0.9938980554435307, 0.9941478426475967, 0.9882956852951934, 0.9883637336365004, 0.9886281942356708, 0.9945015444655991, 0.9789322335313482, 0.9633244379537867, 0.9574162167122995, 0.9730989541058881, 0.9903777028147984, 1.0, 0.996180462186027, 0.996892177306643, 0.9966972973357724, 1.0], "adaptive_substitutions_per_codon": [0.0, 0.0, 0.0, 0.0, 0.0, 0.0, 0.0, 0.0, 0.0, 0.0, 0.0, 0.0, 0.0, 0.0, 0.0, 0.0, 0.0, 0.0, 0.0, 0.0, 0.0, 0.274467515259159, 0.28329738797028514, 0.28329738797028514, 0.2666187395159358, 0.29163671219745985, 0.2888569374550683, 0.3110951353942008, 0.3333333333333333, 0.3157768612761234, 0.3238026770737051, 0.32863512250112226, 0.3333333333333333, 0.3333333333333333, 0.3309335278003334, 0.33129935181451026, 0.33138261421586557, 0.3294318950983978, 0.3294545778788335, 0.3295427314118903, 0.3315005148218664, 0.3263107445104494, 0.3211081459845956, 0.31913873890409983, 0.32436631803529603, 0.33012590093826616, 0.3333333333333333, 0.332060154062009, 0.3322973924355477, 0.33223243244525746, 0.3333333333333333], "rate_of_adaptation": 0.009428748068484913}