{"virus": "vic", "subtype": null, "gene": "ha", "loci_len": 3, "loci_offset": 3, "location": [293, 296], "window": 3, "min_seqs": 2, "midfreq_high": 0.75, "midfreq_low": 0.15, "window_midpoint": [1970.5, 1971.5, 1972.5, 1973.5, 1974.5, 1975.5, 1976.5, 1977.5, 1978.5, 1979.5, 1980.5, 1981.5, 1982.5, 1983.5, 1984.5, 1985.5, 1986.5, 1987.5, 1988.5, 1989.5, 1990.5, 1991.5, 1992.5, 1993.5, 1994.5, 1995.5, 1996.5, 1997.5, 1998.5, 1999.5, 2000.5, 2001.5, 2002.5, 2003.5, 2004.5, 2005.5, 2006.5, 2007.5, 2008.5, 2009.5, 2010.5, 2011.5, 2012.5, 2013.5, 2014.5, 2015.5, 2016.5, 2017.5, 2018.5, 2019.5, 2020.5], "adaptive_substitutions": [0.0, 0.0, 0.0, 0.0, 0.0, 0.0, 0.0, 0.0, 0.0, 0.0, 0.0, 0.0, 0.0, 0.0, 0.0, 0.0, 0.0, 0.0, 0.0, 0.0, 0.0, 0.0, 0.0, 0.0, 0.0, 0.0, 0.0, 0.0, 0.0, 0.0, 0.0, 0.0, 0.0, 0.0, 0.0, 0.0, 0.801026650018288, 0.9882956852951934, 1.0, 1.0, 1.0, 0.994733058382837, 0.9895212679867962, 0.9893540541780749, 0.9892395816423553, 0.9951888514073992, 0.9950227144102666, 1.0, 0.9961732700456797, 0.995978390074809, 0.9956019791094007], "adaptive_substitutions_per_codon": [0.0, 0.0, 0.0, 0.0, 0.0, 0.0, 0.0, 0.0, 0.0, 0.0, 0.0, 0.0, 0.0, 0.0, 0.0, 0.0, 0.0, 0.0, 0.0, 0.0, 0.0, 0.0, 0.0, 0.0, 0.0, 0.0, 0.0, 0.0, 0.0, 0.0, 0.0, 0.0, 0.0, 0.0, 0.0, 0.0, 0.26700888333942935, 0.3294318950983978, 0.3333333333333333, 0.3333333333333333, 0.3333333333333333, 0.33157768612761235, 0.3298404226622654, 0.32978468472602496, 0.3297465272141184, 0.33172961713579974, 0.3316742381367555, 0.3333333333333333, 0.33205775668189325, 0.33199279669160303, 0.33186732636980026], "rate_of_adaptation": 0.00803973233699545}