{"virus": "vic", "subtype": null, "gene": "ha", "loci_len": 3, "loci_offset": 3, "location": [659, 662], "window": 3, "min_seqs": 2, "midfreq_high": 0.75, "midfreq_low": 0.15, "window_midpoint": [1970.5, 1971.5, 1972.5, 1973.5, 1974.5, 1975.5, 1976.5, 1977.5, 1978.5, 1979.5, 1980.5, 1981.5, 1982.5, 1983.5, 1984.5, 1985.5, 1986.5, 1987.5, 1988.5, 1989.5, 1990.5, 1991.5, 1992.5, 1993.5, 1994.5, 1995.5, 1996.5, 1997.5, 1998.5, 1999.5, 2000.5, 2001.5, 2002.5, 2003.5, 2004.5, 2005.5, 2006.5, 2007.5, 2008.5, 2009.5, 2010.5, 2011.5, 2012.5, 2013.5, 2014.5, 2015.5, 2016.5, 2017.5, 2018.5, 2019.5, 2020.5], "adaptive_substitutions": [0.0, 0.0, 0.0, 0.0, 0.0, 0.0, 0.0, 0.0, 0.0, 0.0, 0.0, 0.0, 0.0, 0.0, 0.0, 0.0, 0.0, 0.0, 0.0, 0.0, 0.0, 1.7056709096291283, 1.3999281092739038, 1.2498202731847592, 0.5, 0.5, 0.5, 0.5, 0.5, 0.5, 0.9714080312211153, 0.9859053675033668, 0.9898917282094852, 1.0, 1.0, 1.0, 1.0, 1.0, 0.9767274672730009, 0.9715704855891771, 0.9725077223279955, 0.994733058382837, 0.9947606339933982, 0.9787081083561496, 0.9783628344376007, 0.9806624365746675, 0.9957234234732437, 0.996180462186027, 1.0, 0.9966972973357724, 0.9558506364443693], "adaptive_substitutions_per_codon": [0.0, 0.0, 0.0, 0.0, 0.0, 0.0, 0.0, 0.0, 0.0, 0.0, 0.0, 0.0, 0.0, 0.0, 0.0, 0.0, 0.0, 0.0, 0.0, 0.0, 0.0, 0.568556969876376, 0.46664270309130124, 0.41660675772825306, 0.16666666666666666, 0.16666666666666666, 0.16666666666666666, 0.16666666666666666, 0.16666666666666666, 0.16666666666666666, 0.3238026770737051, 0.32863512250112226, 0.3299639094031617, 0.3333333333333333, 0.3333333333333333, 0.3333333333333333, 0.3333333333333333, 0.3333333333333333, 0.32557582242433364, 0.3238568285297257, 0.3241692407759985, 0.33157768612761235, 0.3315868779977994, 0.32623603611871654, 0.32612094481253356, 0.3268874788582225, 0.3319078078244146, 0.332060154062009, 0.3333333333333333, 0.33223243244525746, 0.3186168788147898], "rate_of_adaptation": 0.009105742896230225}