{"virus": "vic", "subtype": null, "gene": "ha", "loci_len": 3, "loci_offset": 3, "location": [401, 404], "window": 3, "min_seqs": 2, "midfreq_high": 0.75, "midfreq_low": 0.15, "window_midpoint": [1970.5, 1971.5, 1972.5, 1973.5, 1974.5, 1975.5, 1976.5, 1977.5, 1978.5, 1979.5, 1980.5, 1981.5, 1982.5, 1983.5, 1984.5, 1985.5, 1986.5, 1987.5, 1988.5, 1989.5, 1990.5, 1991.5, 1992.5, 1993.5, 1994.5, 1995.5, 1996.5, 1997.5, 1998.5, 1999.5, 2000.5, 2001.5, 2002.5, 2003.5, 2004.5, 2005.5, 2006.5, 2007.5, 2008.5, 2009.5, 2010.5, 2011.5, 2012.5, 2013.5, 2014.5, 2015.5, 2016.5, 2017.5, 2018.5, 2019.5, 2020.5], "adaptive_substitutions": [0.0, 0.0, 0.0, 0.0, 0.744632332304238, 0.0, 0.0, 0.0, 0.0, 0.0, 0.0, 0.0, 0.0, 0.0, 0.0, 0.0, 0.0, 0.0, 0.0, 0.0, 0.0, 0.0, 0.0, 0.7957058658433904, 0.744632332304238, 0.744632332304238, 0.7957058658433904, 0.9319019552811302, 0.8924767714965213, 0.7849535429930425, 0.8832604947676517, 0.9712261782878016, 1.0, 1.0, 1.0, 1.0, 1.0, 1.0, 1.0, 1.0, 1.0, 0.9946238385748261, 0.9946519860168427, 0.9945666453681753, 1.0, 1.0, 0.9956533162945402, 0.9883037709452324, 0.9904831925082325, 0.9932576193347654, 1.0], "adaptive_substitutions_per_codon": [0.0, 0.0, 0.0, 0.0, 0.744632332304238, 0.0, 0.0, 0.0, 0.0, 0.0, 0.0, 0.0, 0.0, 0.0, 0.0, 0.0, 0.0, 0.0, 0.0, 0.0, 0.0, 0.0, 0.0, 0.7957058658433904, 0.744632332304238, 0.744632332304238, 0.7957058658433904, 0.9319019552811302, 0.8924767714965213, 0.7849535429930425, 0.8832604947676517, 0.9712261782878016, 1.0, 1.0, 1.0, 1.0, 1.0, 1.0, 1.0, 1.0, 1.0, 0.9946238385748261, 0.9946519860168427, 0.9945666453681753, 1.0, 1.0, 0.9956533162945402, 0.9883037709452324, 0.9904831925082325, 0.9932576193347654, 1.0], "rate_of_adaptation": 0.027488059226684833}