{"virus": "vic", "subtype": null, "gene": "ha", "loci_len": 3, "loci_offset": 3, "location": [818, 821], "window": 3, "min_seqs": 2, "midfreq_high": 0.75, "midfreq_low": 0.15, "window_midpoint": [1970.5, 1971.5, 1972.5, 1973.5, 1974.5, 1975.5, 1976.5, 1977.5, 1978.5, 1979.5, 1980.5, 1981.5, 1982.5, 1983.5, 1984.5, 1985.5, 1986.5, 1987.5, 1988.5, 1989.5, 1990.5, 1991.5, 1992.5, 1993.5, 1994.5, 1995.5, 1996.5, 1997.5, 1998.5, 1999.5, 2000.5, 2001.5, 2002.5, 2003.5, 2004.5, 2005.5, 2006.5, 2007.5, 2008.5, 2009.5, 2010.5, 2011.5, 2012.5, 2013.5, 2014.5, 2015.5, 2016.5, 2017.5, 2018.5, 2019.5, 2020.5], "adaptive_substitutions": [0.0, 0.0, 0.0, 0.0, 0.0, 0.0, 0.0, 0.0, 0.0, 0.0, 0.0, 0.0, 0.0, 0.0, 0.8332135154565061, 0.8332135154565061, 1.0, 0.8999281092739037, 0.785560234158365, 0.0, 0.0, 0.0, 0.0, 0.0, 0.0, 0.0, 0.0, 0.9332854061826025, 0.841991751485111, 0.0, 0.8570401561055766, 0.9436214700134669, 0.9797834564189705, 0.9759827462257369, 0.9784017502030008, 0.9816941663305921, 0.9882956852951934, 1.0, 0.9941818668182502, 0.9943462208629325, 0.9945315906707051, 0.9947606339933982, 0.9947606339933982, 0.9946770270890374, 1.0, 0.9951888514073992, 0.9957416216712299, 0.996180462186027, 1.0, 1.0, 1.0], "adaptive_substitutions_per_codon": [0.0, 0.0, 0.0, 0.0, 0.0, 0.0, 0.0, 0.0, 0.0, 0.0, 0.0, 0.0, 0.0, 0.0, 0.27773783848550204, 0.27773783848550204, 0.3333333333333333, 0.29997603642463455, 0.26185341138612167, 0.0, 0.0, 0.0, 0.0, 0.0, 0.0, 0.0, 0.0, 0.3110951353942008, 0.28066391716170364, 0.0, 0.2856800520351922, 0.31454049000448897, 0.32659448547299014, 0.32532758207524565, 0.3261339167343336, 0.32723138877686403, 0.3294318950983978, 0.3333333333333333, 0.33139395560608337, 0.33144874028764415, 0.33151053022356836, 0.3315868779977994, 0.3315868779977994, 0.3315590090296791, 0.3333333333333333, 0.33172961713579974, 0.33191387389041, 0.332060154062009, 0.3333333333333333, 0.3333333333333333, 0.3333333333333333], "rate_of_adaptation": 0.00837190332817984}