{"virus": "vic", "subtype": null, "gene": "ha", "loci_len": 3, "loci_offset": 3, "location": [839, 842], "window": 3, "min_seqs": 2, "midfreq_high": 0.75, "midfreq_low": 0.15, "window_midpoint": [1970.5, 1971.5, 1972.5, 1973.5, 1974.5, 1975.5, 1976.5, 1977.5, 1978.5, 1979.5, 1980.5, 1981.5, 1982.5, 1983.5, 1984.5, 1985.5, 1986.5, 1987.5, 1988.5, 1989.5, 1990.5, 1991.5, 1992.5, 1993.5, 1994.5, 1995.5, 1996.5, 1997.5, 1998.5, 1999.5, 2000.5, 2001.5, 2002.5, 2003.5, 2004.5, 2005.5, 2006.5, 2007.5, 2008.5, 2009.5, 2010.5, 2011.5, 2012.5, 2013.5, 2014.5, 2015.5, 2016.5, 2017.5, 2018.5, 2019.5, 2020.5], "adaptive_substitutions": [0.0, 0.0, 1.0, 1.0, 1.0, 0.0, 0.0, 0.0, 0.0, 0.0, 0.0, 0.0, 0.0, 0.0, 1.6664270309130123, 1.6664270309130123, 2.0, 1.7998562185478073, 1.57112046831673, 0.0, 0.0, 0.0, 0.0, 0.0, 0.0, 0.0, 0.0, 1.866570812365205, 1.683983502970222, 0.0, 1.7140803122111532, 1.9436214700134669, 2.0, 2.0, 2.0, 2.0, 2.0, 2.0, 1.9883637336365005, 1.9660773251775945, 1.9671895440242306, 1.9738031699669905, 1.994760633993398, 1.9946770270890375, 2.0, 2.0, 2.0, 2.0, 2.0, 2.0, 2.0], "adaptive_substitutions_per_codon": [0.0, 0.0, 0.3333333333333333, 0.3333333333333333, 0.3333333333333333, 0.0, 0.0, 0.0, 0.0, 0.0, 0.0, 0.0, 0.0, 0.0, 0.5554756769710041, 0.5554756769710041, 0.6666666666666666, 0.5999520728492691, 0.5237068227722433, 0.0, 0.0, 0.0, 0.0, 0.0, 0.0, 0.0, 0.0, 0.6221902707884016, 0.5613278343234073, 0.0, 0.5713601040703844, 0.6478738233378223, 0.6666666666666666, 0.6666666666666666, 0.6666666666666666, 0.6666666666666666, 0.6666666666666666, 0.6666666666666666, 0.6627879112121668, 0.6553591083925315, 0.6557298480080769, 0.6579343899889968, 0.6649202113311327, 0.6648923423630125, 0.6666666666666666, 0.6666666666666666, 0.6666666666666666, 0.6666666666666666, 0.6666666666666666, 0.6666666666666666, 0.6666666666666666], "rate_of_adaptation": 0.01480854250600577}