{"virus": "yam", "subtype": null, "gene": "ha", "loci_len": 3, "loci_offset": 3, "location": [431, 434], "window": 3, "min_seqs": 2, "midfreq_high": 0.75, "midfreq_low": 0.15, "window_midpoint": [1991.5, 1992.5, 1993.5, 1994.5, 1995.5, 1996.5, 1997.5, 1998.5, 1999.5, 2000.5, 2001.5, 2002.5, 2003.5, 2004.5, 2005.5, 2006.5, 2007.5, 2008.5, 2009.5, 2010.5, 2011.5, 2012.5, 2013.5, 2014.5, 2015.5, 2016.5, 2017.5, 2018.5], "adaptive_substitutions": [0.0, 0.0, 0.0, 0.0, 0.0, 0.0, 0.0, 0.0, 0.0, 0.0, 0.0, 0.7666666666666667, 0.952, 0.9867549668874173, 0.9819277108433735, 0.9821428571428571, 0.9940119760479041, 0.5, 1.0, 1.0, 1.0, 1.0, 0.9948186528497409, 0.9953271028037384, 0.9953488372093023, 1.002145922746781, 1.0021929824561404, 1.0022522522522523], "adaptive_substitutions_per_codon": [0.0, 0.0, 0.0, 0.0, 0.0, 0.0, 0.0, 0.0, 0.0, 0.0, 0.0, 0.2555555555555556, 0.3173333333333333, 0.32891832229580575, 0.3273092369477912, 0.3273809523809524, 0.3313373253493014, 0.16666666666666666, 0.3333333333333333, 0.3333333333333333, 0.3333333333333333, 0.3333333333333333, 0.3316062176165803, 0.3317757009345795, 0.33178294573643413, 0.33404864091559366, 0.3340643274853801, 0.33408408408408413], "rate_of_adaptation": 0.016841158282320103}