{"virus": "yam", "subtype": null, "gene": "ha", "loci_len": 3, "loci_offset": 3, "location": [197, 200], "window": 3, "min_seqs": 2, "midfreq_high": 0.75, "midfreq_low": 0.15, "window_midpoint": [1991.5, 1992.5, 1993.5, 1994.5, 1995.5, 1996.5, 1997.5, 1998.5, 1999.5, 2000.5, 2001.5, 2002.5, 2003.5, 2004.5, 2005.5, 2006.5, 2007.5, 2008.5, 2009.5, 2010.5, 2011.5, 2012.5, 2013.5, 2014.5, 2015.5, 2016.5, 2017.5, 2018.5], "adaptive_substitutions": [0.0, 0.0, 0.0, 0.0, 0.0, 0.0, 0.0, 0.0, 0.0, 0.0, 0.0, 0.0, 0.856, 0.9668874172185431, 0.9698795180722891, 0.9047619047619048, 0.8862275449101796, 0.8850574712643678, 0.9425287356321839, 0.936046511627907, 0.788235294117647, 0.0, 0.0, 0.0, 0.9209302325581395, 0.9656652360515021, 0.9868421052631579, 0.9684684684684685], "adaptive_substitutions_per_codon": [0.0, 0.0, 0.0, 0.0, 0.0, 0.0, 0.0, 0.0, 0.0, 0.0, 0.0, 0.0, 0.2853333333333333, 0.3222958057395144, 0.323293172690763, 0.30158730158730157, 0.2954091816367265, 0.2950191570881226, 0.31417624521072796, 0.312015503875969, 0.2627450980392157, 0.0, 0.0, 0.0, 0.30697674418604654, 0.3218884120171674, 0.3289473684210526, 0.3228228228228228], "rate_of_adaptation": 0.012057259943787632}