{"virus": "yam", "subtype": null, "gene": "ha", "loci_len": 3, "loci_offset": 3, "location": [431, 434], "window": 3, "min_seqs": 2, "midfreq_high": 0.75, "midfreq_low": 0.15, "window_midpoint": [1991.5, 1992.5, 1993.5, 1994.5, 1995.5, 1996.5, 1997.5, 1998.5, 1999.5, 2000.5, 2001.5, 2002.5, 2003.5, 2004.5, 2005.5, 2006.5, 2007.5, 2008.5, 2009.5, 2010.5, 2011.5, 2012.5, 2013.5, 2014.5, 2015.5, 2016.5, 2017.5, 2018.5], "adaptive_substitutions": [0.0, 0.0, 0.0, 0.0, 0.0, 0.0, 0.0, 0.0, 0.0, 0.0, 0.0, 0.7602343211578222, 0.9231095796002756, 0.9863898384763192, 0.9814295085234114, 0.9816505858028945, 0.993846903023725, 0.4724328049620951, 0.972432804962095, 0.972432804962095, 0.972432804962095, 0.972432804962095, 0.9946758176422906, 0.995198284135337, 0.9952206176974981, 0.9884214822987254, 0.9884698393122711, 0.9885307430104123], "adaptive_substitutions_per_codon": [0.0, 0.0, 0.0, 0.0, 0.0, 0.0, 0.0, 0.0, 0.0, 0.0, 0.0, 0.7602343211578222, 0.9231095796002756, 0.9863898384763192, 0.9814295085234114, 0.9816505858028945, 0.993846903023725, 0.4724328049620951, 0.972432804962095, 0.972432804962095, 0.972432804962095, 0.972432804962095, 0.9946758176422906, 0.995198284135337, 0.9952206176974981, 0.9884214822987254, 0.9884698393122711, 0.9885307430104123], "rate_of_adaptation": 0.04985664731198579}