{"virus": "yam", "subtype": null, "gene": "ha", "loci_len": 3, "loci_offset": 3, "location": [221, 224], "window": 3, "min_seqs": 2, "midfreq_high": 0.75, "midfreq_low": 0.15, "window_midpoint": [1991.5, 1992.5, 1993.5, 1994.5, 1995.5, 1996.5, 1997.5, 1998.5, 1999.5, 2000.5, 2001.5, 2002.5, 2003.5, 2004.5, 2005.5, 2006.5, 2007.5, 2008.5, 2009.5, 2010.5, 2011.5, 2012.5, 2013.5, 2014.5, 2015.5, 2016.5, 2017.5, 2018.5], "adaptive_substitutions": [0.0, 0.0, 0.0, 0.0, 0.0, 0.8166666666666667, 0.9285714285714286, 0.9714285714285714, 0.8811881188118812, 0.7714285714285715, 0.0, 0.0, 0.888, 1.0, 1.0, 0.9940476190476191, 0.9940119760479041, 0.9942528735632183, 0.5, 1.0, 1.0, 1.0, 0.9947643979057592, 0.9953051643192489, 0.9953488372093023, 1.0, 1.0, 1.0], "adaptive_substitutions_per_codon": [0.0, 0.0, 0.0, 0.0, 0.0, 0.2722222222222222, 0.30952380952380953, 0.3238095238095238, 0.29372937293729373, 0.2571428571428572, 0.0, 0.0, 0.296, 0.3333333333333333, 0.3333333333333333, 0.33134920634920634, 0.3313373253493014, 0.33141762452107276, 0.16666666666666666, 0.3333333333333333, 0.3333333333333333, 0.3333333333333333, 0.33158813263525305, 0.3317683881064163, 0.33178294573643413, 0.3333333333333333, 0.3333333333333333, 0.3333333333333333], "rate_of_adaptation": 0.011895246184995423}