{"virus": "sars2", "subtype": null, "gene": "M", "window": 0.2, "min_seqs": 3, "midfreq_high": 0.75, "midfreq_low": 0.15, "window_midpoint": [2020.08, 2020.13, 2020.18, 2020.23, 2020.28, 2020.33, 2020.38, 2020.43, 2020.48, 2020.53, 2020.58, 2020.63, 2020.68, 2020.73, 2020.78, 2020.83, 2020.88, 2020.93, 2020.98, 2021.03, 2021.08, 2021.13, 2021.18, 2021.23, 2021.28, 2021.33, 2021.38, 2021.43, 2021.48, 2021.53, 2021.58, 2021.63, 2021.68, 2021.73, 2021.78, 2021.83, 2021.88, 2021.93, 2021.98, 2022.03, 2022.08, 2022.13, 2022.18, 2022.23, 2022.28, 2022.33, 2022.38, 2022.43, 2022.48, 2022.53, 2022.58, 2022.63, 2022.68, 2022.73, 2022.78, 2022.83, 2022.88, 2022.93, 2022.98], "adaptive_substitutions": [0.0, 0.0, 0.0, 0.0, 0.0, 0.0, 0.0, 0.0, 0.0, 0.0, 0.0, 0.0, 0.0, 0.0, 0.0, 0.0, 0.0, 0.0, 0.0, 0.0, 0.0, 0.0, 0.0, 0.0, 0.0, 0.0, 0.0, 0.0, 0.0, 0.0, 0.7950491239559885, 0.8803717501983109, 0.9066899651546825, 0.930860970031626, 0.9547624265455797, 0.9485725116593268, 0.8564951617211453, 0.0, 0.0, 1.5231067688888762, 1.803097191209708, 1.89410954717757, 1.9359623960190673, 1.9608620751880328, 1.8667251660200734, 1.8546111578137536, 1.8307013177278506, 1.9319897705209057, 1.9406836348070682, 1.9568608253142314, 1.9729064939473526, 2.7170049031334105, 2.712190701575558, 2.6954812807293336, 1.9666186113331194, 1.9660803252472356, 1.9719184639768998, 1.982996561896874, 1.9806992265088732], "adaptive_substitutions_per_codon": [0.0, 0.0, 0.0, 0.0, 0.0, 0.0, 0.0, 0.0, 0.0, 0.0, 0.0, 0.0, 0.0, 0.0, 0.0, 0.0, 0.0, 0.0, 0.0, 0.0, 0.0, 0.0, 0.0, 0.0, 0.0, 0.0, 0.0, 0.0, 0.0, 0.0, 0.003565242708322818, 0.003947855382055206, 0.004065874283204854, 0.004174264439603705, 0.004281445858948788, 0.004253688393091151, 0.003840785478570158, 0.0, 0.0, 0.006830075196811104, 0.008085637628743085, 0.008493764785549642, 0.008681445722058598, 0.00879310347617952, 0.008370964870045173, 0.008316641963290374, 0.008209422949452245, 0.008663631257941281, 0.008702617196444253, 0.008775160651633324, 0.008847114322633869, 0.012183878489387491, 0.012162290141594432, 0.012087360003270554, 0.0088189175396104, 0.00881650370066025, 0.008842683694963676, 0.008892361264111541, 0.008882059311698984], "rate_of_adaptation": 0.004351810971645585}