{"virus": "sars2", "subtype": null, "gene": "S1", "window": 0.3, "min_seqs": 3, "midfreq_high": 0.75, "midfreq_low": 0.15, "window_midpoint": [2020.13, 2020.18, 2020.23, 2020.28, 2020.33, 2020.38, 2020.43, 2020.48, 2020.53, 2020.58, 2020.63, 2020.68, 2020.73, 2020.78, 2020.83, 2020.88, 2020.93, 2020.98, 2021.03, 2021.08, 2021.13, 2021.18, 2021.23, 2021.28, 2021.33, 2021.38, 2021.43, 2021.48, 2021.53, 2021.58, 2021.63, 2021.68, 2021.73, 2021.78, 2021.83, 2021.88, 2021.93, 2021.98, 2022.03, 2022.08, 2022.13, 2022.18, 2022.23, 2022.28, 2022.33, 2022.38, 2022.43, 2022.48, 2022.53, 2022.58, 2022.63, 2022.68, 2022.73, 2022.78, 2022.83, 2022.88, 2022.93], "adaptive_substitutions": [0.0, 0.0, 0.0, 0.0, 0.0, 0.0, 0.0, 0.0, 0.0, 0.0, 0.0, 0.0, 0.0, 0.0, 0.0, 0.0, 0.0, 0.0, 0.0, 0.0, 0.0, 0.0, 0.0, 0.0, 0.0, 0.0, 0.7188319842594709, 0.773457815576742, 0.8382992461303761, 3.1008347420637454, 3.3443717195331075, 3.5683256431495556, 3.710071473394449, 3.757653679726674, 3.664111874899299, 2.656597973169757, 1.9807470424734326, 1.9816801153878985, 1.981609705020016, 13.10129543239753, 14.786572151569475, 15.3175609684009, 15.484020359511788, 18.851252092981067, 19.746595209537563, 19.44045658932319, 19.57676621769131, 19.622489423140337, 20.421334578176737, 21.413376011215384, 20.53360772361102, 20.55386363817901, 20.530979911410665, 20.93899072769201, 20.829214487477117, 20.51669617222172, 19.80795414834043], "adaptive_substitutions_per_codon": [0.0, 0.0, 0.0, 0.0, 0.0, 0.0, 0.0, 0.0, 0.0, 0.0, 0.0, 0.0, 0.0, 0.0, 0.0, 0.0, 0.0, 0.0, 0.0, 0.0, 0.0, 0.0, 0.0, 0.0, 0.0, 0.0, 0.0010681010167302688, 0.0011492686709907013, 0.0012456155217390433, 0.004607481043185357, 0.004969348766022448, 0.005302118340489681, 0.0055127362160393, 0.005583437859920764, 0.005444445579345169, 0.003947396691188346, 0.0029431605385935107, 0.0029445469768022265, 0.002944442355156042, 0.01946700658602902, 0.021971132468899666, 0.022760120309659584, 0.023007459672380073, 0.02801077576965983, 0.02934115187152684, 0.028886265363035943, 0.029088805672646822, 0.02915674505667212, 0.030343736371733637, 0.031817794964658815, 0.030510561253508203, 0.030540659194916806, 0.030506656629139175, 0.031112913414104024, 0.030949798644096756, 0.03048543264817492, 0.02943232414315071], "rate_of_adaptation": 0.013458088181020858}