{"virus": "sars2", "subtype": null, "gene": "M", "window": 0.3, "min_seqs": 3, "midfreq_high": 0.75, "midfreq_low": 0.15, "window_midpoint": [2020.13, 2020.18, 2020.23, 2020.28, 2020.33, 2020.38, 2020.43, 2020.48, 2020.53, 2020.58, 2020.63, 2020.68, 2020.73, 2020.78, 2020.83, 2020.88, 2020.93, 2020.98, 2021.03, 2021.08, 2021.13, 2021.18, 2021.23, 2021.28, 2021.33, 2021.38, 2021.43, 2021.48, 2021.53, 2021.58, 2021.63, 2021.68, 2021.73, 2021.78, 2021.83, 2021.88, 2021.93, 2021.98, 2022.03, 2022.08, 2022.13, 2022.18, 2022.23, 2022.28, 2022.33, 2022.38, 2022.43, 2022.48, 2022.53, 2022.58, 2022.63, 2022.68, 2022.73, 2022.78, 2022.83, 2022.88, 2022.93], "adaptive_substitutions": [0.0, 0.0, 0.0, 0.0, 0.0, 0.0, 0.0, 0.0, 0.0, 0.0, 0.0, 0.0, 0.0, 0.0, 0.0, 0.0, 0.0, 0.0, 0.0, 0.0, 0.0, 0.0, 0.0, 0.0, 0.0, 0.0, 0.0, 0.0, 0.0, 0.7701723279671983, 0.8351106155077165, 0.8963221835052028, 0.9286335860121607, 0.9415350658863925, 0.8827069955360546, 0.0, 0.0, 0.0, 0.0, 1.6498776688194838, 1.8603413188737805, 1.9237274662092414, 1.9448711438878437, 1.9514108993515291, 1.8471114913145588, 1.9503751246527112, 1.9486743482699023, 1.9490109099205917, 1.9515408096440905, 1.9632773320306973, 1.974384941144472, 1.9671848893828958, 2.696661342319277, 1.9696690155769372, 1.973741983278606, 1.9698746634522133, 1.9716345992820228], "adaptive_substitutions_per_codon": [0.0, 0.0, 0.0, 0.0, 0.0, 0.0, 0.0, 0.0, 0.0, 0.0, 0.0, 0.0, 0.0, 0.0, 0.0, 0.0, 0.0, 0.0, 0.0, 0.0, 0.0, 0.0, 0.0, 0.0, 0.0, 0.0, 0.0, 0.0, 0.0, 0.0034536875693596336, 0.0037448906525009706, 0.004019381988812568, 0.00416427617045812, 0.004222130340297724, 0.003958327334242397, 0.0, 0.0, 0.0, 0.0, 0.007398554568697237, 0.008342337752797222, 0.008626580565960724, 0.008721395264071048, 0.008750721521755735, 0.008283011171814165, 0.008746076792164624, 0.008738449992241715, 0.00873995923731207, 0.008751304079121482, 0.008803934224352902, 0.0088537441306927, 0.008821456903062313, 0.012092651759279269, 0.00883259648240779, 0.008850860911563256, 0.008833518670189297, 0.00884141075911221], "rate_of_adaptation": 0.0041753827135831605}