{"virus": "sars2", "subtype": null, "gene": "ORF1b", "window": 0.3, "min_seqs": 3, "midfreq_high": 0.75, "midfreq_low": 0.15, "window_midpoint": [2020.13, 2020.18, 2020.23, 2020.28, 2020.33, 2020.38, 2020.43, 2020.48, 2020.53, 2020.58, 2020.63, 2020.68, 2020.73, 2020.78, 2020.83, 2020.88, 2020.93, 2020.98, 2021.03, 2021.08, 2021.13, 2021.18, 2021.23, 2021.28, 2021.33, 2021.38, 2021.43, 2021.48, 2021.53, 2021.58, 2021.63, 2021.68, 2021.73, 2021.78, 2021.83, 2021.88, 2021.93, 2021.98, 2022.03, 2022.08, 2022.13, 2022.18, 2022.23, 2022.28, 2022.33, 2022.38, 2022.43, 2022.48, 2022.53, 2022.58, 2022.63, 2022.68, 2022.73, 2022.78, 2022.83, 2022.88, 2022.93], "adaptive_substitutions": [0.0, 0.0, 0.0, 0.0, 0.0, 0.0, 0.0, 0.0, 0.0, 0.0, 0.0, 0.0, 0.0, 0.0, 0.0, 0.0, 0.0, 0.0, 0.0, 0.0, 0.0, 0.0, 0.0, 0.0, 0.0, 0.0, 0.0, 0.0, 0.0, 1.4651987872318242, 1.6037846273615333, 1.7430294191677347, 2.550221698323036, 2.6130943381805523, 2.441051401084623, 0.0, 0.0, 0.0, 0.0, 0.8169519580703328, 0.9333111458050835, 0.9637134175704131, 0.9770109850446095, 1.9898872820806437, 2.1769113937900477, 2.3898625161148943, 2.457766648937603, 2.4895968475297336, 2.4964553172388233, 2.520467291877714, 2.528467333140198, 2.528467333140198, 2.5282727253633235, 2.5241195798043723, 2.524204355713299, 2.515935258239842, 2.514662019955839], "adaptive_substitutions_per_codon": [0.0, 0.0, 0.0, 0.0, 0.0, 0.0, 0.0, 0.0, 0.0, 0.0, 0.0, 0.0, 0.0, 0.0, 0.0, 0.0, 0.0, 0.0, 0.0, 0.0, 0.0, 0.0, 0.0, 0.0, 0.0, 0.0, 0.0, 0.0, 0.0, 0.0005434713602491929, 0.0005948756036207467, 0.0006465242652699312, 0.000945927929645043, 0.0009692486417583651, 0.0009054344959512697, 0.0, 0.0, 0.0, 0.0, 0.0003030237233198564, 0.00034618365942325056, 0.00035746046645786835, 0.000362392798607051, 0.0007380887544809509, 0.0008074597157974954, 0.00088644752081413, 0.0009116345137008913, 0.0009234409671846193, 0.0009259849099550532, 0.0009348914287380244, 0.0009378588030935453, 0.0009378588030935453, 0.0009377866192000458, 0.0009362461349422745, 0.0009362775800123512, 0.0009332104073589919, 0.0009327381379658158], "rate_of_adaptation": 0.0004017164430199502}