{"virus": "sars2", "subtype": null, "gene": "ORF9b", "window": 0.2, "min_seqs": 3, "midfreq_high": 0.75, "midfreq_low": 0.15, "window_midpoint": [2020.08, 2020.13, 2020.18, 2020.23, 2020.28, 2020.33, 2020.38, 2020.43, 2020.48, 2020.53, 2020.58, 2020.63, 2020.68, 2020.73, 2020.78, 2020.83, 2020.88, 2020.93, 2020.98, 2021.03, 2021.08, 2021.13, 2021.18, 2021.23, 2021.28, 2021.33, 2021.38, 2021.43, 2021.48, 2021.53, 2021.58, 2021.63, 2021.68, 2021.73, 2021.78, 2021.83, 2021.88, 2021.93, 2021.98, 2022.03, 2022.08, 2022.13, 2022.18, 2022.23, 2022.28, 2022.33, 2022.38, 2022.43, 2022.48, 2022.53, 2022.58, 2022.63, 2022.68, 2022.73, 2022.78, 2022.83, 2022.88, 2022.93, 2022.98], "adaptive_substitutions": [0.0, 0.0, 0.0, 0.0, 0.0, 0.0, 0.0, 0.0, 0.0, 0.0, 0.0, 0.0, 0.0, 0.0, 0.0, 0.0, 0.0, 0.0, 0.0, 0.0, 0.0, 0.0, 0.0, 0.0, 0.0, 0.0, 0.0, 0.0, 0.0, 0.0, 0.7544182327069173, 0.8435482949677272, 0.8712676219834646, 0.9023838163479377, 0.9046828757081642, 0.9139316236122375, 0.8228977639713345, 0.0, 0.0, 0.7055241251915523, 0.8766484273870361, 0.9386045581767293, 0.965891421209294, 0.9874060632157394, 0.9937351589976255, 0.9937669602209878, 0.993637778049402, 1.6870036299205808, 1.0, 1.7484863059607076, 1.6870329916813762, 0.9938910008136049, 1.686525918733036, 2.0, 2.0, 1.0, 1.0, 0.9937669602209878, 0.9929430526639919], "adaptive_substitutions_per_codon": [0.0, 0.0, 0.0, 0.0, 0.0, 0.0, 0.0, 0.0, 0.0, 0.0, 0.0, 0.0, 0.0, 0.0, 0.0, 0.0, 0.0, 0.0, 0.0, 0.0, 0.0, 0.0, 0.0, 0.0, 0.0, 0.0, 0.0, 0.0, 0.0, 0.0, 0.007698145231703238, 0.008607635662935991, 0.008890485938606783, 0.009207998125999364, 0.009231457915389431, 0.009325832894002423, 0.00839691595889117, 0.0, 0.0, 0.007199225767260738, 0.008945392116194245, 0.009577597532415605, 0.00985603491029892, 0.010075572073629994, 0.01014015468364924, 0.010140479185928447, 0.010139161000504103, 0.01721432275429164, 0.01020408163265306, 0.017841696999599057, 0.017214622364095676, 0.010141744906261276, 0.017209448150337103, 0.02040816326530612, 0.02040816326530612, 0.01020408163265306, 0.01020408163265306, 0.010140479185928447, 0.0101320719659591], "rate_of_adaptation": 0.006136907528175019}