{"virus": "sars2", "subtype": null, "gene": "N", "window": 0.3, "min_seqs": 3, "midfreq_high": 0.75, "midfreq_low": 0.15, "window_midpoint": [2020.13, 2020.18, 2020.23, 2020.28, 2020.33, 2020.38, 2020.43, 2020.48, 2020.53, 2020.58, 2020.63, 2020.68, 2020.73, 2020.78, 2020.83, 2020.88, 2020.93, 2020.98, 2021.03, 2021.08, 2021.13, 2021.18, 2021.23, 2021.28, 2021.33, 2021.38, 2021.43, 2021.48, 2021.53, 2021.58, 2021.63, 2021.68, 2021.73, 2021.78, 2021.83, 2021.88, 2021.93, 2021.98, 2022.03, 2022.08, 2022.13, 2022.18, 2022.23, 2022.28, 2022.33, 2022.38, 2022.43, 2022.48, 2022.53, 2022.58, 2022.63, 2022.68, 2022.73, 2022.78, 2022.83, 2022.88, 2022.93], "adaptive_substitutions": [0.0, 0.0, 0.0, 0.0, 0.0, 0.0, 0.0, 0.0, 0.0, 0.0, 0.0, 0.0, 0.0, 0.0, 0.0, 0.0, 0.0, 0.0, 0.0, 0.0, 0.0, 0.0, 0.0, 0.0, 0.714748226707614, 0.7403266056674322, 0.7959414162183319, 0.847402091855075, 0.887280636412381, 2.3741563355413553, 2.5448694757912804, 2.7162959670311966, 3.5159828426128317, 3.579284676578217, 3.4158500161502015, 0.989318340995593, 0.9923638454496797, 0.9856737631445318, 0.978636681991186, 2.366663465798295, 2.6103499987737, 2.6907316889140684, 2.7182615652679876, 3.487651826770564, 3.5971241767139306, 3.4826517552828475, 3.5127380039198073, 3.7354589924557438, 3.7418919691716406, 3.547856733017723, 3.5558311179557704, 3.5598248615707866, 3.5552534413448935, 3.7776199107465263, 3.777702778354773, 3.2655884556856605, 3.264029875849784], "adaptive_substitutions_per_codon": [0.0, 0.0, 0.0, 0.0, 0.0, 0.0, 0.0, 0.0, 0.0, 0.0, 0.0, 0.0, 0.0, 0.0, 0.0, 0.0, 0.0, 0.0, 0.0, 0.0, 0.0, 0.0, 0.0, 0.0, 0.0017017814921609857, 0.0017626823944462673, 0.0018950986100436473, 0.002017624028226369, 0.0021125729438390022, 0.00565275317986037, 0.006059213037598286, 0.006467371350074277, 0.008371387720506742, 0.008522106372805278, 0.008132976228929051, 0.002355519859513317, 0.0023627710605944757, 0.0023468422932012662, 0.0023300873380742524, 0.005634913013805465, 0.006215119044699286, 0.006406504021223973, 0.0064720513458761605, 0.008303932920882296, 0.008564581373128407, 0.008292027988768685, 0.008363661914094779, 0.008893949982037484, 0.00890926659326581, 0.008447277935756482, 0.008466264566561358, 0.008475773479930445, 0.00846488914605927, 0.008994333120825062, 0.008994530424654222, 0.007775210608775382, 0.007771499704404248], "rate_of_adaptation": 0.0039962521322309775}