{"virus": "sars2", "subtype": null, "gene": "ORF9b", "window": 0.3, "min_seqs": 3, "midfreq_high": 0.75, "midfreq_low": 0.15, "window_midpoint": [2020.13, 2020.18, 2020.23, 2020.28, 2020.33, 2020.38, 2020.43, 2020.48, 2020.53, 2020.58, 2020.63, 2020.68, 2020.73, 2020.78, 2020.83, 2020.88, 2020.93, 2020.98, 2021.03, 2021.08, 2021.13, 2021.18, 2021.23, 2021.28, 2021.33, 2021.38, 2021.43, 2021.48, 2021.53, 2021.58, 2021.63, 2021.68, 2021.73, 2021.78, 2021.83, 2021.88, 2021.93, 2021.98, 2022.03, 2022.08, 2022.13, 2022.18, 2022.23, 2022.28, 2022.33, 2022.38, 2022.43, 2022.48, 2022.53, 2022.58, 2022.63, 2022.68, 2022.73, 2022.78, 2022.83, 2022.88, 2022.93], "adaptive_substitutions": [0.0, 0.0, 0.0, 0.0, 0.0, 0.0, 0.0, 0.0, 0.0, 0.0, 0.0, 0.0, 0.0, 0.0, 0.0, 0.0, 0.0, 0.0, 0.0, 0.0, 0.0, 0.0, 0.0, 0.0, 0.0, 0.0, 0.0, 0.0, 0.0, 0.7143634524799706, 0.7910626325386075, 0.8646659615723603, 0.8893152598115683, 0.9061010889761743, 0.8426741803278688, 0.0, 0.0, 0.0, 0.0, 0.7896106354965802, 0.9153166319679025, 0.9583759716452401, 0.9724507632844298, 0.9875968804397434, 0.9958091848584798, 1.6889160723670398, 1.6890230878332706, 0.992052369990515, 0.9959340767004456, 1.7503657282961405, 1.7503657282961405, 1.7503790589027548, 1.7502274175653971, 1.0, 1.0, 0.9959069705451153, 0.9955830617393331], "adaptive_substitutions_per_codon": [0.0, 0.0, 0.0, 0.0, 0.0, 0.0, 0.0, 0.0, 0.0, 0.0, 0.0, 0.0, 0.0, 0.0, 0.0, 0.0, 0.0, 0.0, 0.0, 0.0, 0.0, 0.0, 0.0, 0.0, 0.0, 0.0, 0.0, 0.0, 0.0, 0.007289422984489495, 0.008072067678965383, 0.008823122056860819, 0.00907464550828131, 0.009245929479348717, 0.008598716125794579, 0.0, 0.0, 0.0, 0.0, 0.008057251382618164, 0.009339965632325536, 0.009779346649441226, 0.009922966972290101, 0.010077519188160647, 0.01016131821284163, 0.01723383747313306, 0.017234929467686434, 0.010122983367250154, 0.010162592619392303, 0.017860874778532047, 0.017860874778532047, 0.01786101080513015, 0.01785946344454487, 0.01020408163265306, 0.01020408163265306, 0.010162316025970565, 0.010159010834074828], "rate_of_adaptation": 0.006028018170325142}