{"virus": "sars221L", "subtype": null, "gene": "ORF1a", "window": 0.4, "min_seqs": 3, "midfreq_high": 0.75, "midfreq_low": 0.15, "window_midpoint": [2022.03, 2022.08, 2022.13, 2022.18, 2022.23, 2022.28, 2022.33, 2022.38, 2022.43, 2022.48, 2022.53, 2022.58, 2022.63, 2022.68, 2022.73, 2022.78, 2022.83, 2022.88, 2022.93, 2022.98, 2023.03], "adaptive_substitutions": [0.0, 0.0, 0.0, 0.0, 0.0, 0.0, 0.0, 0.0, 0.0, 0.0, 0.0, 0.7992957746478874, 0.8745562130177514, 0.9024096385542169, 0.883578431372549, 0.8617157490396927, 0.8025641025641026, 0.0, 0.0, 0.0, 0.0], "adaptive_substitutions_per_codon": [0.0, 0.0, 0.0, 0.0, 0.0, 0.0, 0.0, 0.0, 0.0, 0.0, 0.0, 0.0001816168540440553, 0.00019871761259208166, 0.00020504649819455052, 0.00020076765084584163, 0.00019579998842074364, 0.00018235948706296355, 0.0, 0.0, 0.0, 0.0], "rate_of_adaptation": 0.00010572516991367267}