{"virus": "sars2", "subtype": null, "gene": "ORF9b", "window": 0.3, "min_seqs": 3, "midfreq_high": 0.75, "midfreq_low": 0.15, "window_midpoint": [2020.13, 2020.18, 2020.23, 2020.28, 2020.33, 2020.38, 2020.43, 2020.48, 2020.53, 2020.58, 2020.63, 2020.68, 2020.73, 2020.78, 2020.83, 2020.88, 2020.93, 2020.98, 2021.03, 2021.08, 2021.13, 2021.18, 2021.23, 2021.28, 2021.33, 2021.38, 2021.43, 2021.48, 2021.53, 2021.58, 2021.63, 2021.68, 2021.73, 2021.78, 2021.83, 2021.88, 2021.93, 2021.98, 2022.03, 2022.08, 2022.13, 2022.18, 2022.23, 2022.28, 2022.33, 2022.38, 2022.43, 2022.48, 2022.53, 2022.58, 2022.63, 2022.68, 2022.73, 2022.78, 2022.83, 2022.88, 2022.93], "adaptive_substitutions": [0.0, 0.0, 0.0, 0.0, 0.0, 0.0, 0.0, 0.0, 0.0, 0.0, 0.0, 0.0, 0.0, 0.0, 0.0, 0.0, 0.0, 0.0, 0.0, 0.0, 0.0, 0.0, 0.0, 0.0, 0.0, 0.0, 0.0, 0.0, 0.0, 0.7141719813563832, 0.7909225752775373, 0.8645752429279069, 0.8892410643637103, 0.9060381455953168, 0.8425687199036918, 0.0, 0.0, 0.0, 0.0, 0.7894696049164178, 0.9152598660541318, 0.9583480697554208, 0.9724322961682512, 0.9875885662402517, 0.9958063756238392, 1.6887075430675822, 1.6888146302696316, 0.9920470424452097, 0.9959313511847182, 1.7501983906255796, 1.7501983906255796, 1.750211730168117, 1.7500599871808216, 1.0, 1.0, 1.0, 1.0], "adaptive_substitutions_per_codon": [0.0, 0.0, 0.0, 0.0, 0.0, 0.0, 0.0, 0.0, 0.0, 0.0, 0.0, 0.0, 0.0, 0.0, 0.0, 0.0, 0.0, 0.0, 0.0, 0.0, 0.0, 0.0, 0.0, 0.0, 0.0, 0.0, 0.0, 0.0, 0.0, 0.007287469197514114, 0.008070638523240177, 0.008822196356407214, 0.009073888411874596, 0.009245287199952212, 0.008597639999017262, 0.0, 0.0, 0.0, 0.0, 0.008055812295065488, 0.009339386388307468, 0.009779061936279804, 0.009922778532329094, 0.010077434349390324, 0.010161289547182033, 0.017231709623138594, 0.01723280234969012, 0.010122929004542956, 0.010162564808007328, 0.017859167251281425, 0.017859167251281425, 0.01785930336906242, 0.017857754971232872, 0.01020408163265306, 0.01020408163265306, 0.01020408163265306, 0.01020408163265306], "rate_of_adaptation": 0.006030751859318923}