{"virus": "sars2", "subtype": null, "gene": "N", "window": 0.2, "min_seqs": 3, "midfreq_high": 0.75, "midfreq_low": 0.15, "window_midpoint": [2020.08, 2020.13, 2020.18, 2020.23, 2020.28, 2020.33, 2020.38, 2020.43, 2020.48, 2020.53, 2020.58, 2020.63, 2020.68, 2020.73, 2020.78, 2020.83, 2020.88, 2020.93, 2020.98, 2021.03, 2021.08, 2021.13, 2021.18, 2021.23, 2021.28, 2021.33, 2021.38, 2021.43, 2021.48, 2021.53, 2021.58, 2021.63, 2021.68, 2021.73, 2021.78, 2021.83, 2021.88, 2021.93, 2021.98, 2022.03, 2022.08, 2022.13, 2022.18, 2022.23, 2022.28, 2022.33, 2022.38, 2022.43, 2022.48, 2022.53, 2022.58, 2022.63, 2022.68, 2022.73, 2022.78, 2022.83, 2022.88, 2022.93, 2022.98], "adaptive_substitutions": [0.0, 0.0, 0.0, 0.0, 0.0, 0.0, 0.0, 0.0, 0.0, 0.0, 0.0, 0.0, 0.0, 0.0, 0.0, 0.0, 0.0, 0.0, 0.0, 0.0, 0.0, 0.0, 0.0, 0.0, 0.0, 0.7030771139683739, 0.7332021377193405, 0.7801874755347769, 0.8431655083379083, 0.8935758750834283, 2.4637324748066667, 2.6769882555669904, 3.426307646363269, 3.5243553664965095, 3.581980365335605, 3.6285053026206207, 3.399365703785857, 0.9893491007360209, 0.9886523129337046, 2.2163539019337497, 2.5316484413243363, 2.6462844644000225, 2.6944090636990867, 2.743525619047192, 3.5511882383993107, 3.889586824473567, 3.9237809016563867, 3.731758282428137, 3.9537446660535767, 3.7571606321117255, 3.7684517336764776, 3.9881541217942087, 3.7794069443479987, 3.785797483906386, 3.785797483906386, 3.785797483906386, 3.785797483906386, 3.785797483906386, 3.785797483906386], "adaptive_substitutions_per_codon": [0.0, 0.0, 0.0, 0.0, 0.0, 0.0, 0.0, 0.0, 0.0, 0.0, 0.0, 0.0, 0.0, 0.0, 0.0, 0.0, 0.0, 0.0, 0.0, 0.0, 0.0, 0.0, 0.0, 0.0, 0.0, 0.0016739931284961284, 0.0017457193755222393, 0.0018575892274637544, 0.0020075369246140675, 0.0021275616073414957, 0.005866029701920635, 0.006373781560873787, 0.008157875348483975, 0.008391322301182166, 0.008528524679370488, 0.008639298339572906, 0.008093727866156803, 0.002355593096990526, 0.0023539340784135823, 0.005277033099842262, 0.006027734384105562, 0.00630067729619053, 0.006415259675474016, 0.006532203854874267, 0.00845521009142693, 0.00926092101065135, 0.009342335480134254, 0.00888513876768604, 0.00941367777631804, 0.008945620552646966, 0.008972504127801137, 0.009495605051890973, 0.008998587962733331, 0.009013803533110444, 0.009013803533110444, 0.009013803533110444, 0.009013803533110444, 0.009013803533110444, 0.009013803533110444], "rate_of_adaptation": 0.0042182462286596625}