{"virus": "sars2", "subtype": null, "gene": "S1", "window": 0.3, "min_seqs": 3, "midfreq_high": 0.75, "midfreq_low": 0.15, "window_midpoint": [2020.13, 2020.18, 2020.23, 2020.28, 2020.33, 2020.38, 2020.43, 2020.48, 2020.53, 2020.58, 2020.63, 2020.68, 2020.73, 2020.78, 2020.83, 2020.88, 2020.93, 2020.98, 2021.03, 2021.08, 2021.13, 2021.18, 2021.23, 2021.28, 2021.33, 2021.38, 2021.43, 2021.48, 2021.53, 2021.58, 2021.63, 2021.68, 2021.73, 2021.78, 2021.83, 2021.88, 2021.93, 2021.98, 2022.03, 2022.08, 2022.13, 2022.18, 2022.23, 2022.28, 2022.33, 2022.38, 2022.43, 2022.48, 2022.53, 2022.58, 2022.63, 2022.68, 2022.73, 2022.78, 2022.83, 2022.88, 2022.93], "adaptive_substitutions": [0.0, 0.0, 0.0, 0.0, 0.0, 0.0, 0.0, 0.0, 0.0, 0.0, 0.0, 0.0, 0.0, 0.0, 0.0, 0.0, 0.0, 0.0, 0.0, 0.0, 0.0, 0.0, 0.0, 0.0, 0.0, 0.0, 0.7188815932565946, 0.7734977864480583, 0.8383277764460042, 3.1009933898622055, 3.3444873979163483, 3.5684018073315698, 3.71012262808715, 3.7576964390635554, 3.664171138656551, 2.656658562672145, 1.980750439445567, 1.985216952297576, 1.985146554352827, 12.605459697761264, 14.792308908071684, 15.324434343523704, 15.490734861080366, 19.358925293331655, 19.7598557069948, 19.459828403758486, 19.595785298161395, 19.649452958917294, 20.44892721668834, 21.442285391889875, 21.05565009502294, 21.564005485572025, 21.541999134588455, 21.457541044426875, 21.34897708912818, 20.552216668413326, 19.842854569030727], "adaptive_substitutions_per_codon": [0.0, 0.0, 0.0, 0.0, 0.0, 0.0, 0.0, 0.0, 0.0, 0.0, 0.0, 0.0, 0.0, 0.0, 0.0, 0.0, 0.0, 0.0, 0.0, 0.0, 0.0, 0.0, 0.0, 0.0, 0.0, 0.0, 0.0010681747299503635, 0.001149328063072895, 0.0012456579144814327, 0.0046077167754267545, 0.0049695206506929395, 0.005302231511636805, 0.005512812225983878, 0.005583501395339607, 0.005444533638419838, 0.003947486720166635, 0.0029431655861003967, 0.0029498023065342885, 0.00294969770334744, 0.018730252151205443, 0.021979656624177835, 0.022770333348475044, 0.02301743664350723, 0.028765119306584926, 0.029360855433870427, 0.02891504963411365, 0.029117065821933723, 0.029196809745790926, 0.030384735834603775, 0.03186075095377396, 0.03128625571325846, 0.03204161290575338, 0.03200891401870498, 0.031883419085329684, 0.03172210563020532, 0.030538211988727082, 0.029484182123374038], "rate_of_adaptation": 0.013636135396244836}