{"virus": "sars2", "subtype": null, "gene": "S1", "window": 0.2, "min_seqs": 3, "midfreq_high": 0.75, "midfreq_low": 0.15, "window_midpoint": [2020.08, 2020.13, 2020.18, 2020.23, 2020.28, 2020.33, 2020.38, 2020.43, 2020.48, 2020.53, 2020.58, 2020.63, 2020.68, 2020.73, 2020.78, 2020.83, 2020.88, 2020.93, 2020.98, 2021.03, 2021.08, 2021.13, 2021.18, 2021.23, 2021.28, 2021.33, 2021.38, 2021.43, 2021.48, 2021.53, 2021.58, 2021.63, 2021.68, 2021.73, 2021.78, 2021.83, 2021.88, 2021.93, 2021.98, 2022.03, 2022.08, 2022.13, 2022.18, 2022.23, 2022.28, 2022.33, 2022.38, 2022.43, 2022.48, 2022.53, 2022.58, 2022.63, 2022.68, 2022.73, 2022.78, 2022.83, 2022.88, 2022.93, 2022.98], "adaptive_substitutions": [0.0, 0.0, 0.0, 0.0, 0.0, 0.0, 0.0, 0.0, 0.0, 0.0, 0.0, 0.0, 0.0, 0.0, 0.0, 0.0, 0.0, 0.0, 0.0, 0.0, 0.0, 0.0, 0.0, 0.0, 0.0, 0.0, 0.0, 0.7099956666066594, 0.7815551774439773, 0.8468275347814342, 3.225940436677865, 3.4929052500235027, 3.6133037865768167, 3.6972790288655757, 3.7751434910913373, 3.814223976159698, 3.6853325951338927, 1.9837080525266544, 1.9823781076331473, 10.178588520252909, 14.311778385972381, 15.116910078315174, 15.389183483454625, 15.632184071630002, 19.64101251887154, 20.17722558980254, 19.52154548657741, 19.61668523699379, 19.64043441373829, 21.324992451049695, 21.077607366536267, 21.640414700276672, 21.606835440323714, 21.562229273349903, 21.47100543770073, 21.33123343518955, 20.569443940254363, 19.84238286200445, 20.68905716253151], "adaptive_substitutions_per_codon": [0.0, 0.0, 0.0, 0.0, 0.0, 0.0, 0.0, 0.0, 0.0, 0.0, 0.0, 0.0, 0.0, 0.0, 0.0, 0.0, 0.0, 0.0, 0.0, 0.0, 0.0, 0.0, 0.0, 0.0, 0.0, 0.0, 0.0, 0.001054971272818216, 0.0011613004122495948, 0.0012582875702547313, 0.004793373605762058, 0.005190052377449484, 0.005368950648702551, 0.0054937281261004094, 0.005609425692557708, 0.005667494763981721, 0.0054759771101543725, 0.0029475602563546126, 0.002945584112382091, 0.015124202853273268, 0.021265643961325974, 0.022461976342221655, 0.022866543066054422, 0.02322761377656761, 0.02918426823012116, 0.02998101870698743, 0.029006754066236862, 0.029148120708757486, 0.029183409232894933, 0.0316864672378153, 0.03131888167390233, 0.03215514814305598, 0.03210525325456718, 0.032038973660252455, 0.03190342561322545, 0.03169574061692355, 0.030563809718059973, 0.029483481221403342, 0.030741541103315763], "rate_of_adaptation": 0.013603132067165983}