{"virus": "sars2", "subtype": null, "gene": "M", "window": 0.2, "min_seqs": 3, "midfreq_high": 0.75, "midfreq_low": 0.15, "window_midpoint": [2020.08, 2020.13, 2020.18, 2020.23, 2020.28, 2020.33, 2020.38, 2020.43, 2020.48, 2020.53, 2020.58, 2020.63, 2020.68, 2020.73, 2020.78, 2020.83, 2020.88, 2020.93, 2020.98, 2021.03, 2021.08, 2021.13, 2021.18, 2021.23, 2021.28, 2021.33, 2021.38, 2021.43, 2021.48, 2021.53, 2021.58, 2021.63, 2021.68, 2021.73, 2021.78, 2021.83, 2021.88, 2021.93, 2021.98, 2022.03, 2022.08, 2022.13, 2022.18, 2022.23, 2022.28, 2022.33, 2022.38, 2022.43, 2022.48, 2022.53, 2022.58, 2022.63, 2022.68, 2022.73, 2022.78, 2022.83, 2022.88, 2022.93, 2022.98], "adaptive_substitutions": [0.0, 0.0, 0.0, 0.0, 0.0, 0.0, 0.0, 0.0, 0.0, 0.0, 0.0, 0.0, 0.0, 0.0, 0.0, 0.0, 0.0, 0.0, 0.0, 0.0, 0.0, 0.0, 0.0, 0.0, 0.0, 0.0, 0.0, 0.0, 0.0, 0.0, 0.7983898528664709, 0.8841905308798812, 0.9107700356920697, 0.9351967384213656, 0.9547591968293956, 0.9485688400169568, 0.8564849162578433, 0.0, 0.0, 1.5230727213114081, 1.803083133422349, 1.894101987176378, 1.93595782408317, 1.9608592809535164, 1.8666442563736674, 1.8545293832931873, 1.8306178361750192, 1.9319849149612, 1.940679399941888, 1.9568577454122824, 1.9729045596186894, 2.7223514285632766, 2.7179561590584034, 2.706737844885848, 1.9776700893339954, 1.9716603812338334, 1.9774433897333252, 1.9886060199422182, 1.9870824063298405], "adaptive_substitutions_per_codon": [0.0, 0.0, 0.0, 0.0, 0.0, 0.0, 0.0, 0.0, 0.0, 0.0, 0.0, 0.0, 0.0, 0.0, 0.0, 0.0, 0.0, 0.0, 0.0, 0.0, 0.0, 0.0, 0.0, 0.0, 0.0, 0.0, 0.0, 0.0, 0.0, 0.0, 0.0035802235554550266, 0.003964979959102606, 0.004084170563641568, 0.004193707347181012, 0.004281431375916572, 0.0042536719283271605, 0.0038407395347885348, 0.0, 0.0, 0.006829922517091517, 0.008085574589337887, 0.008493730884199005, 0.008681425220103902, 0.008793090945979893, 0.008370602046518688, 0.008316275261404427, 0.00820904859271309, 0.008663609484130941, 0.008702598206017435, 0.008775146840413823, 0.008847105648514302, 0.012207853939745635, 0.01218814421102423, 0.012137837869443264, 0.008868475736923747, 0.00884152637324589, 0.008867459146786211, 0.008917515784494252, 0.008910683436456684], "rate_of_adaptation": 0.004359509304776147}