{"virus": "sars2", "subtype": null, "gene": "M", "window": 0.3, "min_seqs": 3, "midfreq_high": 0.75, "midfreq_low": 0.15, "window_midpoint": [2020.13, 2020.18, 2020.23, 2020.28, 2020.33, 2020.38, 2020.43, 2020.48, 2020.53, 2020.58, 2020.63, 2020.68, 2020.73, 2020.78, 2020.83, 2020.88, 2020.93, 2020.98, 2021.03, 2021.08, 2021.13, 2021.18, 2021.23, 2021.28, 2021.33, 2021.38, 2021.43, 2021.48, 2021.53, 2021.58, 2021.63, 2021.68, 2021.73, 2021.78, 2021.83, 2021.88, 2021.93, 2021.98, 2022.03, 2022.08, 2022.13, 2022.18, 2022.23, 2022.28, 2022.33, 2022.38, 2022.43, 2022.48, 2022.53, 2022.58, 2022.63, 2022.68, 2022.73, 2022.78, 2022.83, 2022.88, 2022.93], "adaptive_substitutions": [0.0, 0.0, 0.0, 0.0, 0.0, 0.0, 0.0, 0.0, 0.0, 0.0, 0.0, 0.0, 0.0, 0.0, 0.0, 0.0, 0.0, 0.0, 0.0, 0.0, 0.0, 0.0, 0.0, 0.0, 0.0, 0.0, 0.0, 0.0, 0.0, 0.7724991880750071, 0.8375688482624309, 0.8990079040332971, 0.9315403719217308, 0.9446172376956791, 0.8826986214548234, 0.0, 0.0, 0.0, 0.0, 1.6498526719933255, 1.8603313480051362, 1.9237220207660404, 1.9448672079879885, 1.95140743035457, 1.84702918135868, 1.9503715817070844, 1.9486706838981114, 1.949007269577468, 1.9515373499220185, 1.966893319534094, 1.9780017216706192, 1.9744197651663287, 2.7041712995289195, 1.9771730194047863, 1.9811709651587504, 1.9773283049870667, 1.9796536070396753], "adaptive_substitutions_per_codon": [0.0, 0.0, 0.0, 0.0, 0.0, 0.0, 0.0, 0.0, 0.0, 0.0, 0.0, 0.0, 0.0, 0.0, 0.0, 0.0, 0.0, 0.0, 0.0, 0.0, 0.0, 0.0, 0.0, 0.0, 0.0, 0.0, 0.0, 0.0, 0.0, 0.0034641219196188656, 0.0037559141177687487, 0.004031425578624651, 0.004177311084850811, 0.0042359517385456465, 0.003958289782308625, 0.0, 0.0, 0.0, 0.0, 0.007398442475306392, 0.008342293040381777, 0.008626556146932916, 0.008721377614295913, 0.00875070596571556, 0.008282642068873004, 0.008746060904516073, 0.008738433560081216, 0.008739942912903444, 0.008751288564672728, 0.008820149414951094, 0.008869962877446723, 0.00885390029222569, 0.012126328697439102, 0.008866246723788279, 0.008884174731653588, 0.008866943071690883, 0.008877370435155494], "rate_of_adaptation": 0.004183223645631367}