{"virus": "sars221L", "subtype": null, "gene": "S1", "window": 0.1, "min_seqs": 3, "midfreq_high": 0.75, "midfreq_low": 0.15, "window_midpoint": [2021.98, 2022.03, 2022.08, 2022.13, 2022.18, 2022.23, 2022.28, 2022.33, 2022.38, 2022.43, 2022.48, 2022.53, 2022.58, 2022.63, 2022.68, 2022.73, 2022.78, 2022.83, 2022.88, 2022.93, 2022.98, 2023.03, 2023.08, 2023.13, 2023.18], "adaptive_substitutions": [0.0, 0.0, 0.0, 0.0, 0.0, 0.0, 0.0, 0.0, 0.0, 0.0, 0.757919039316268, 1.7355731758228976, 1.8795373203020342, 1.9109076589997567, 1.8980598791447052, 1.8769343893564037, 1.8057787234974199, 1.5558504390170669, 0.0, 1.4452689096941447, 2.3039602158806765, 1.7198197851687564, 1.7938895194627813, 4.878613597755836, 5.768515778468658], "adaptive_substitutions_per_codon": [0.0, 0.0, 0.0, 0.0, 0.0, 0.0, 0.0, 0.0, 0.0, 0.0, 0.0011261798503956434, 0.0025788605881469505, 0.002792774621548342, 0.0028393873090635314, 0.002820296997243247, 0.0027889069678401243, 0.002683177895241337, 0.002311813430931749, 0.0, 0.002147502094642117, 0.0034234178542060572, 0.002555452875436488, 0.0026655119159922458, 0.00724905438002353, 0.008571345881825643], "rate_of_adaptation": 0.004753493260783315}