{"virus": "sars221L", "subtype": null, "gene": "ORF1a", "window": 0.3, "min_seqs": 3, "midfreq_high": 0.75, "midfreq_low": 0.15, "window_midpoint": [2021.98, 2022.03, 2022.08, 2022.13, 2022.18, 2022.23, 2022.28, 2022.33, 2022.38, 2022.43, 2022.48, 2022.53, 2022.58, 2022.63, 2022.68, 2022.73, 2022.78, 2022.83, 2022.88, 2022.93, 2022.98, 2023.03, 2023.08], "adaptive_substitutions": [0.0, 0.0, 0.0, 0.0, 0.0, 0.0, 0.0, 0.0, 0.0, 0.0, 0.0, 0.7537993920972644, 0.8610271903323263, 0.9295774647887324, 0.9373970345963756, 0.9110738255033557, 0.865874363327674, 0.8245614035087719, 0.0, 0.0, 0.0, 0.0, 0.0], "adaptive_substitutions_per_codon": [0.0, 0.0, 0.0, 0.0, 0.0, 0.0, 0.0, 0.0, 0.0, 0.0, 0.0, 0.00017127911658651771, 0.00019564353336340066, 0.00021121960117898941, 0.00021299637232364817, 0.00020701518416345278, 0.00019674491327599953, 0.00018735773767524926, 0.0, 0.0, 0.0, 0.0, 0.0], "rate_of_adaptation": 8.286568343433655e-05}