{"virus": "sars221L", "subtype": null, "gene": "S1", "window": 0.2, "min_seqs": 3, "midfreq_high": 0.75, "midfreq_low": 0.15, "window_midpoint": [2021.93, 2021.98, 2022.03, 2022.08, 2022.13, 2022.18, 2022.23, 2022.28, 2022.33, 2022.38, 2022.43, 2022.48, 2022.53, 2022.58, 2022.63, 2022.68, 2022.73, 2022.78, 2022.83, 2022.88, 2022.93, 2022.98, 2023.03, 2023.08, 2023.13], "adaptive_substitutions": [0.0, 0.0, 0.0, 0.0, 0.0, 0.0, 0.0, 0.0, 0.0, 0.0, 0.0, 0.7107385272572575, 2.411521625516421, 2.7291074181114063, 2.841195320839769, 2.87304537128399, 2.8406526931976366, 2.711826970845507, 2.5719898459206165, 2.4685800112422505, 1.0, 2.570296823700277, 2.680434792430755, 2.7926366638196276, 4.989985262772027], "adaptive_substitutions_per_codon": [0.0, 0.0, 0.0, 0.0, 0.0, 0.0, 0.0, 0.0, 0.0, 0.0, 0.0, 0.0010560750776482282, 0.0035832416426692733, 0.004055137322602387, 0.004221686955185392, 0.004269012438757786, 0.004220880673399163, 0.004029460580751125, 0.003821678820090069, 0.003668023790850298, 0.0014858841010401188, 0.0038191631852901586, 0.00398281544194763, 0.004149534418751304, 0.007414539766377455], "rate_of_adaptation": 0.00508605523420994}