{"virus": "sars2", "subtype": null, "gene": "ORF9b", "window": 0.2, "min_seqs": 3, "midfreq_high": 0.75, "midfreq_low": 0.15, "window_midpoint": [2020.08, 2020.13, 2020.18, 2020.23, 2020.28, 2020.33, 2020.38, 2020.43, 2020.48, 2020.53, 2020.58, 2020.63, 2020.68, 2020.73, 2020.78, 2020.83, 2020.88, 2020.93, 2020.98, 2021.03, 2021.08, 2021.13, 2021.18, 2021.23, 2021.28, 2021.33, 2021.38, 2021.43, 2021.48, 2021.53, 2021.58, 2021.63, 2021.68, 2021.73, 2021.78, 2021.83, 2021.88, 2021.93, 2021.98, 2022.03, 2022.08, 2022.13, 2022.18, 2022.23, 2022.28, 2022.33, 2022.38, 2022.43, 2022.48, 2022.53, 2022.58, 2022.63, 2022.68, 2022.73, 2022.78, 2022.83, 2022.88, 2022.93, 2022.98], "adaptive_substitutions": [0.0, 0.0, 0.0, 0.0, 0.0, 0.0, 0.0, 0.0, 0.0, 0.0, 0.0, 0.0, 0.0, 0.0, 0.0, 0.0, 0.0, 0.0, 0.0, 0.0, 0.0, 0.0, 0.0, 0.0, 0.0, 0.0, 0.0, 0.0, 0.0, 0.0, 0.7542536115569825, 0.8434434204899695, 0.8711813286387408, 0.9023183811628172, 0.9046189816545365, 0.9138739292839893, 0.8227790467959006, 0.0, 0.0, 0.7053267287900467, 0.8765657409646943, 0.9385634028892456, 0.965868557160692, 0.9873976211054863, 0.9937309594784945, 0.9937627820192128, 0.9936335132527715, 1.686793818651056, 1.0, 1.7542536115569825, 1.692817014446228, 1.0, 1.692817014446228, 2.0, 2.0, 2.0, 2.0, 2.7542536115569822, 2.846408507223114], "adaptive_substitutions_per_codon": [0.0, 0.0, 0.0, 0.0, 0.0, 0.0, 0.0, 0.0, 0.0, 0.0, 0.0, 0.0, 0.0, 0.0, 0.0, 0.0, 0.0, 0.0, 0.0, 0.0, 0.0, 0.0, 0.0, 0.0, 0.0, 0.0, 0.0, 0.0, 0.0, 0.0, 0.007696465424050842, 0.00860656551520377, 0.008889605394272864, 0.009207330420028746, 0.009230805935250372, 0.009325244176367237, 0.008395704559141843, 0.0, 0.0, 0.007197211518265782, 0.008944548377190758, 0.009577177580502506, 0.00985580160368053, 0.01007548592964782, 0.01014011183141321, 0.010140436551216457, 0.010139117482171138, 0.01721218182296996, 0.01020408163265306, 0.0179005470567039, 0.017273643004553346, 0.01020408163265306, 0.017273643004553346, 0.02040816326530612, 0.02040816326530612, 0.02040816326530612, 0.02040816326530612, 0.02810462868935696, 0.029044984767582795], "rate_of_adaptation": 0.008004175324750283}