{"virus": "sars221L", "subtype": null, "gene": "S1", "window": 0.4, "min_seqs": 3, "midfreq_high": 0.75, "midfreq_low": 0.15, "window_midpoint": [2022.03, 2022.08, 2022.13, 2022.18, 2022.23, 2022.28, 2022.33, 2022.38, 2022.43, 2022.48, 2022.53, 2022.58, 2022.63, 2022.68, 2022.73, 2022.78, 2022.83, 2022.88, 2022.93, 2022.98, 2023.03], "adaptive_substitutions": [0.0, 0.0, 0.0, 0.0, 0.0, 0.0, 0.0, 0.0, 0.0, 0.0, 0.7164949914322799, 2.3450306038836377, 2.602659502334852, 2.7212314747255015, 2.7124271448047548, 2.678488588200822, 2.591036083555715, 2.4947842071575295, 1.7337109432478948, 2.4180684262060677, 3.269653012868308], "adaptive_substitutions_per_codon": [0.0, 0.0, 0.0, 0.0, 0.0, 0.0, 0.0, 0.0, 0.0, 0.0, 0.0010646285162441008, 0.003484443690763206, 0.003867250374940345, 0.004043434583544578, 0.004030352369695029, 0.003979923608024996, 0.003849979321776694, 0.0037069601889413513, 0.002576093526371315, 0.003592969429726698, 0.0048583254277389425], "rate_of_adaptation": 0.005453184423878617}