{"virus": "sars221L", "subtype": null, "gene": "E", "window": 0.1, "min_seqs": 3, "midfreq_high": 0.75, "midfreq_low": 0.15, "window_midpoint": [2021.98, 2022.03, 2022.08, 2022.13, 2022.18, 2022.23, 2022.28, 2022.33, 2022.38, 2022.43, 2022.48, 2022.53, 2022.58, 2022.63, 2022.68, 2022.73, 2022.78, 2022.83, 2022.88, 2022.93, 2022.98, 2023.03, 2023.08, 2023.13, 2023.18], "adaptive_substitutions": [0.0, 0.0, 0.0, 0.0, 0.0, 0.0, 0.0, 0.0, 0.0, 0.0, 0.0, 0.0, 0.0, 0.0, 0.0, 0.0, 0.0, 0.0, 0.0, 0.0, 0.0, 0.0, 0.0, 0.7876813245234298, 0.8297421405863652], "adaptive_substitutions_per_codon": [0.0, 0.0, 0.0, 0.0, 0.0, 0.0, 0.0, 0.0, 0.0, 0.0, 0.0, 0.0, 0.0, 0.0, 0.0, 0.0, 0.0, 0.0, 0.0, 0.0, 0.0, 0.0, 0.0, 0.010364227954255656, 0.010917659744557436], "rate_of_adaptation": 0.00376951422202341}