{"virus": "sars221L", "subtype": null, "gene": "S1", "window": 0.3, "min_seqs": 3, "midfreq_high": 0.75, "midfreq_low": 0.15, "window_midpoint": [2021.98, 2022.03, 2022.08, 2022.13, 2022.18, 2022.23, 2022.28, 2022.33, 2022.38, 2022.43, 2022.48, 2022.53, 2022.58, 2022.63, 2022.68, 2022.73, 2022.78, 2022.83, 2022.88, 2022.93, 2022.98, 2023.03, 2023.08], "adaptive_substitutions": [0.0, 0.0, 0.0, 0.0, 0.0, 0.0, 0.0, 0.0, 0.0, 0.0, 0.0, 1.499341575199311, 2.5477718809445893, 2.769861462546856, 2.830532307334742, 2.772060586174386, 2.6729493135735263, 2.6032827458485377, 2.4947875603122114, 1.7052731798367202, 2.4834246628187033, 2.662710262012947, 3.454507498012191], "adaptive_substitutions_per_codon": [0.0, 0.0, 0.0, 0.0, 0.0, 0.0, 0.0, 0.0, 0.0, 0.0, 0.0, 0.002227847808617104, 0.0037856937309726437, 0.004115693109282104, 0.004205842952949097, 0.004118960752116473, 0.0039716928879250015, 0.0038681764425684065, 0.0037069651713405815, 0.00253383830584951, 0.0036900812226132295, 0.003956478844001407, 0.005132997768220194], "rate_of_adaptation": 0.005131144910118968}