{"virus": "sars2", "subtype": null, "gene": "N", "window": 0.3, "min_seqs": 3, "midfreq_high": 0.75, "midfreq_low": 0.15, "window_midpoint": [2020.13, 2020.18, 2020.23, 2020.28, 2020.33, 2020.38, 2020.43, 2020.48, 2020.53, 2020.58, 2020.63, 2020.68, 2020.73, 2020.78, 2020.83, 2020.88, 2020.93, 2020.98, 2021.03, 2021.08, 2021.13, 2021.18, 2021.23, 2021.28, 2021.33, 2021.38, 2021.43, 2021.48, 2021.53, 2021.58, 2021.63, 2021.68, 2021.73, 2021.78, 2021.83, 2021.88, 2021.93, 2021.98, 2022.03, 2022.08, 2022.13, 2022.18, 2022.23, 2022.28, 2022.33, 2022.38, 2022.43, 2022.48, 2022.53, 2022.58, 2022.63, 2022.68, 2022.73, 2022.78, 2022.83, 2022.88, 2022.93], "adaptive_substitutions": [0.0, 0.0, 0.0, 0.0, 0.0, 0.0, 0.0, 0.0, 0.0, 0.0, 0.0, 0.0, 0.0, 0.0, 0.0, 0.0, 0.0, 0.0, 0.0, 0.0, 0.0, 0.0, 0.0, 0.0, 0.7147355534478859, 0.7403150688123485, 0.7959323502363675, 0.8473953121849556, 0.8872756284793727, 2.3741285303529165, 2.5448492551024593, 2.7162833625349854, 3.515961338539158, 3.5792659848992705, 3.415824063342336, 0.9893178664273289, 0.9923635061880904, 0.9856731266537626, 0.9785728967748185, 2.366539744914152, 2.610247096747799, 2.690624416983445, 2.7181601557034467, 3.490718838210982, 3.6005520557843695, 3.700519046321216, 3.7305936193532494, 3.9533486713834813, 3.9599140405971323, 3.7619503044826876, 3.7699250437093355, 3.7739189647597087, 3.769347341433252, 3.9917681185349583, 3.991850989824875, 3.9878173660592613, 3.986897095150069], "adaptive_substitutions_per_codon": [0.0, 0.0, 0.0, 0.0, 0.0, 0.0, 0.0, 0.0, 0.0, 0.0, 0.0, 0.0, 0.0, 0.0, 0.0, 0.0, 0.0, 0.0, 0.0, 0.0, 0.0, 0.0, 0.0, 0.0, 0.0017017513177330615, 0.001762654925743687, 0.0018950770243723037, 0.002017607886154656, 0.0021125610201889826, 0.005652686977030754, 0.006059164893101094, 0.006467341339369013, 0.008371336520331328, 0.008522061868807787, 0.008132914436529371, 0.0023555187295888785, 0.0023627702528287867, 0.002346840777747054, 0.0023299354685114727, 0.0056346184402717905, 0.006214874039875712, 0.006406248611865345, 0.006471809894532016, 0.008311235329073767, 0.008572742989962785, 0.008810759634098133, 0.00888236576036488, 0.009412734931865431, 0.009428366763326505, 0.00895702453448259, 0.008976012008831752, 0.008985521344665973, 0.00897463652722203, 0.009504209806035615, 0.009504407118630655, 0.009494803252522051, 0.009492612131309688], "rate_of_adaptation": 0.004262158343789804}