{"virus": "sars2", "subtype": null, "gene": "ORF1b", "window": 0.3, "min_seqs": 3, "midfreq_high": 0.75, "midfreq_low": 0.15, "window_midpoint": [2020.13, 2020.18, 2020.23, 2020.28, 2020.33, 2020.38, 2020.43, 2020.48, 2020.53, 2020.58, 2020.63, 2020.68, 2020.73, 2020.78, 2020.83, 2020.88, 2020.93, 2020.98, 2021.03, 2021.08, 2021.13, 2021.18, 2021.23, 2021.28, 2021.33, 2021.38, 2021.43, 2021.48, 2021.53, 2021.58, 2021.63, 2021.68, 2021.73, 2021.78, 2021.83, 2021.88, 2021.93, 2021.98, 2022.03, 2022.08, 2022.13, 2022.18, 2022.23, 2022.28, 2022.33, 2022.38, 2022.43, 2022.48, 2022.53, 2022.58, 2022.63, 2022.68, 2022.73, 2022.78, 2022.83, 2022.88, 2022.93], "adaptive_substitutions": [0.0, 0.0, 0.0, 0.0, 0.0, 0.0, 0.0, 0.0, 0.0, 0.0, 0.0, 0.0, 0.0, 0.0, 0.0, 0.0, 0.0, 0.0, 0.0, 0.0, 0.0, 0.0, 0.0, 0.0, 0.0, 0.0, 0.0, 0.0, 0.0, 1.4651828664660256, 1.603772832227186, 1.7430217692815024, 2.550208308646963, 2.6130828201916603, 2.441034761463163, 0.0, 0.0, 0.0, 0.0, 0.8169465088212737, 0.9333091605111019, 0.9637123373369231, 0.9770103006730817, 1.9897976725239233, 2.176827351848004, 2.3897848136217226, 2.4576909679166525, 2.4895221140779453, 2.4963807879602626, 2.520393477423682, 2.5283937568434105, 2.5283937568434105, 2.5281991432731594, 2.524045874077133, 2.524130652509796, 2.524130652509796, 2.5234659895977183], "adaptive_substitutions_per_codon": [0.0, 0.0, 0.0, 0.0, 0.0, 0.0, 0.0, 0.0, 0.0, 0.0, 0.0, 0.0, 0.0, 0.0, 0.0, 0.0, 0.0, 0.0, 0.0, 0.0, 0.0, 0.0, 0.0, 0.0, 0.0, 0.0, 0.0, 0.0, 0.0, 0.0005434654549206327, 0.0005948712285709147, 0.000646521427775038, 0.0009459229631479833, 0.0009692443695072924, 0.0009054283239848527, 0.0, 0.0, 0.0, 0.0, 0.0003030217020850422, 0.0003461829230382426, 0.0003574600657777905, 0.00036239254476004513, 0.0007380555165148083, 0.0008074285429703279, 0.0008864186994145855, 0.0009116064421055833, 0.0009234132470615524, 0.0009259572655638957, 0.0009348640494894963, 0.0009378315121822739, 0.0009378315121822739, 0.0009377593261398959, 0.0009362187960226755, 0.0009362502420288561, 0.0009362502420288561, 0.0009360037053403999], "rate_of_adaptation": 0.0004019322138989892}