{"virus": "sars2", "subtype": null, "gene": "ORF1b", "window": 0.2, "min_seqs": 3, "midfreq_high": 0.75, "midfreq_low": 0.15, "window_midpoint": [2020.08, 2020.13, 2020.18, 2020.23, 2020.28, 2020.33, 2020.38, 2020.43, 2020.48, 2020.53, 2020.58, 2020.63, 2020.68, 2020.73, 2020.78, 2020.83, 2020.88, 2020.93, 2020.98, 2021.03, 2021.08, 2021.13, 2021.18, 2021.23, 2021.28, 2021.33, 2021.38, 2021.43, 2021.48, 2021.53, 2021.58, 2021.63, 2021.68, 2021.73, 2021.78, 2021.83, 2021.88, 2021.93, 2021.98, 2022.03, 2022.08, 2022.13, 2022.18, 2022.23, 2022.28, 2022.33, 2022.38, 2022.43, 2022.48, 2022.53, 2022.58, 2022.63, 2022.68, 2022.73, 2022.78, 2022.83, 2022.88, 2022.93, 2022.98], "adaptive_substitutions": [0.0, 0.0, 0.0, 0.0, 0.7722251328225326, 0.8028495028511182, 0.83967823614392, 0.8812403767390209, 0.8971849557879487, 0.9258383287650779, 0.9254308470549958, 0.9228887168409615, 0.9310309020192451, 0.953733230104577, 0.9713074295222182, 0.978354727534305, 0.9670112157608391, 0.9557104424932702, 0.9460969671121285, 0.9380292884201334, 0.9404755007193387, 0.9508671470137101, 0.9609209786705326, 0.9555394403407347, 0.9517216314134715, 0.9579989606623109, 0.9565187478222161, 0.9683646017809073, 0.9745086667242847, 0.9753243893891077, 2.5211407231524325, 2.696245212119109, 3.4504573048930034, 3.5439448868768344, 3.607763355396378, 3.6617199075059306, 3.4230269904436494, 1.0, 1.0, 1.749061587007875, 1.9054976614901997, 1.947868428286847, 1.9670991858521436, 1.987280613087169, 3.059782969173016, 3.335495716440395, 3.4185395237925036, 3.4723977579344227, 3.486848653049205, 3.5209072725263995, 3.53243893891077, 3.53243893891077, 3.53243893891077, 3.53243893891077, 3.53243893891077, 3.53243893891077, 3.53243893891077, 3.53243893891077, 3.53243893891077], "adaptive_substitutions_per_codon": [0.0, 0.0, 0.0, 0.0, 0.0002864336546077643, 0.00029779284230382723, 0.0003114533516854303, 0.0003268695759417733, 0.00033278373731007, 0.00034341184301375294, 0.00034326069994621505, 0.00034231777330896197, 0.00034533787166885947, 0.0003537586165076324, 0.0003602772364696655, 0.0003628912194118342, 0.0003586836853712311, 0.00035449200389216256, 0.0003509261747448548, 0.00034793371232200794, 0.00034884106109767755, 0.000352695529307756, 0.00035642469535257146, 0.00035442857579404103, 0.000353012474559893, 0.0003553408607797889, 0.0003547918204088339, 0.00035918568315315556, 0.0003614646389926872, 0.00036176720674670166, 0.0009351412177865106, 0.0010000909540501147, 0.0012798432139810843, 0.001314519616794078, 0.0013381911555624547, 0.0013582047134665914, 0.0012696687650013536, 0.000370919881305638, 0.000370919881305638, 0.0006487617162492118, 0.0007067869664281156, 0.0007225031262191569, 0.0007296361965326942, 0.0007371218891272882, 0.0011349343357466677, 0.0012372016752375352, 0.0012680042744037476, 0.0012879813642189995, 0.0012933414885197348, 0.0013059745076136496, 0.0013102518319401965, 0.0013102518319401965, 0.0013102518319401965, 0.0013102518319401965, 0.0013102518319401965, 0.0013102518319401965, 0.0013102518319401965, 0.0013102518319401965, 0.0013102518319401965], "rate_of_adaptation": 0.0004704551689401476}