{"virus": "sars221L", "subtype": null, "gene": "M", "window": 0.3, "min_seqs": 3, "midfreq_high": 0.75, "midfreq_low": 0.15, "window_midpoint": [2021.98, 2022.03, 2022.08, 2022.13, 2022.18, 2022.23, 2022.28, 2022.33, 2022.38, 2022.43, 2022.48, 2022.53, 2022.58, 2022.63, 2022.68, 2022.73, 2022.78, 2022.83, 2022.88, 2022.93, 2022.98, 2023.03, 2023.08], "adaptive_substitutions": [0.0, 0.0, 0.0, 0.0, 0.0, 0.0, 0.0, 0.0, 0.0, 0.0, 0.0, 0.0, 0.0, 0.7693548387096775, 0.8101694915254237, 0.8068376068376069, 0.7717770034843205, 0.7620751341681574, 0.0, 0.0, 0.0, 0.0, 0.0], "adaptive_substitutions_per_codon": [0.0, 0.0, 0.0, 0.0, 0.0, 0.0, 0.0, 0.0, 0.0, 0.0, 0.0, 0.0, 0.0, 0.003450021698249675, 0.0036330470471992093, 0.0036181058602583267, 0.0034608834236965046, 0.00341737728326528, 0.0, 0.0, 0.0, 0.0, 0.0], "rate_of_adaptation": 0.0013849859446088595}