{"virus": "sars2", "subtype": null, "gene": "ORF1a", "window": 0.3, "min_seqs": 3, "midfreq_high": 0.75, "midfreq_low": 0.15, "window_midpoint": [2020.13, 2020.18, 2020.23, 2020.28, 2020.33, 2020.38, 2020.43, 2020.48, 2020.53, 2020.58, 2020.63, 2020.68, 2020.73, 2020.78, 2020.83, 2020.88, 2020.93, 2020.98, 2021.03, 2021.08, 2021.13, 2021.18, 2021.23, 2021.28, 2021.33, 2021.38, 2021.43, 2021.48, 2021.53, 2021.58, 2021.63, 2021.68, 2021.73, 2021.78, 2021.83, 2021.88, 2021.93, 2021.98, 2022.03, 2022.08, 2022.13, 2022.18, 2022.23, 2022.28, 2022.33, 2022.38, 2022.43, 2022.48, 2022.53, 2022.58, 2022.63, 2022.68, 2022.73, 2022.78, 2022.83, 2022.88, 2022.93], "adaptive_substitutions": [0.0, 0.0, 0.0, 0.0, 0.0, 0.0, 0.0, 0.0, 0.0, 0.0, 0.0, 0.0, 0.0, 0.0, 0.0, 0.0, 0.0, 0.0, 0.0, 0.0, 0.0, 0.0, 0.0, 0.0, 0.0, 0.0, 0.0, 0.0, 0.0, 0.0, 0.0, 1.4850449170785298, 4.392813830356639, 4.568382711342644, 4.461941031211441, 0.900942416725445, 0.9351262918098407, 0.9580931912883074, 0.980715116225614, 1.820424174748258, 1.9241393580427046, 1.9619015468630958, 1.9735483036176107, 5.355852916991231, 6.666484677813257, 8.136492842857809, 8.304606925088597, 8.373607880623231, 8.391056656463615, 8.370475011981558, 9.399184837239613, 9.402708446462812, 9.398045919898085, 9.398071194295131, 9.394662510997552, 9.490759245179095, 9.49234962683202], "adaptive_substitutions_per_codon": [0.0, 0.0, 0.0, 0.0, 0.0, 0.0, 0.0, 0.0, 0.0, 0.0, 0.0, 0.0, 0.0, 0.0, 0.0, 0.0, 0.0, 0.0, 0.0, 0.0, 0.0, 0.0, 0.0, 0.0, 0.0, 0.0, 0.0, 0.0, 0.0, 0.0, 0.0, 0.0003374335189908043, 0.0009981399296424991, 0.001038032881468449, 0.001013847087300941, 0.0002047131144570427, 0.00021248041168139985, 0.00021769897552563223, 0.00022283915387993956, 0.00041363875817956327, 0.0004372050347745296, 0.0004457854003324462, 0.00044843178905194515, 0.0012169627168805341, 0.001514765889073678, 0.001848782740935653, 0.0018869818052916604, 0.0019026602773513364, 0.0019066250071491967, 0.0019019484235359141, 0.0021356929873300643, 0.002136493625644811, 0.002135434201294725, 0.002135439944170673, 0.002134665419449569, 0.0021565006237625754, 0.0021568619920090933], "rate_of_adaptation": 0.0008328467397907854}