{"virus": "sars221L", "subtype": null, "gene": "ORF6", "window": 0.3, "min_seqs": 3, "midfreq_high": 0.75, "midfreq_low": 0.15, "window_midpoint": [2021.98, 2022.03, 2022.08, 2022.13, 2022.18, 2022.23, 2022.28, 2022.33, 2022.38, 2022.43, 2022.48, 2022.53, 2022.58, 2022.63, 2022.68, 2022.73, 2022.78, 2022.83, 2022.88, 2022.93, 2022.98, 2023.03, 2023.08], "adaptive_substitutions": [0.0, 0.0, 0.0, 0.0, 0.0, 0.0, 0.0, 0.0, 0.0, 0.0, 0.0, 0.0, 0.0, 1.5875, 1.6650246305418719, 1.653910149750416, 1.5844594594594594, 1.5625, 0.0, 0.0, 0.0, 0.0, 0.0], "adaptive_substitutions_per_codon": [0.0, 0.0, 0.0, 0.0, 0.0, 0.0, 0.0, 0.0, 0.0, 0.0, 0.0, 0.0, 0.0, 0.02560483870967742, 0.026855235976481803, 0.026675970157264774, 0.025555797733217086, 0.025201612903225805, 0.0, 0.0, 0.0, 0.0, 0.0], "rate_of_adaptation": 0.010226638973583559}