{"virus": "sars2", "subtype": null, "gene": "ORF1a", "window": 0.2, "min_seqs": 3, "midfreq_high": 0.75, "midfreq_low": 0.15, "window_midpoint": [2020.08, 2020.13, 2020.18, 2020.23, 2020.28, 2020.33, 2020.38, 2020.43, 2020.48, 2020.53, 2020.58, 2020.63, 2020.68, 2020.73, 2020.78, 2020.83, 2020.88, 2020.93, 2020.98, 2021.03, 2021.08, 2021.13, 2021.18, 2021.23, 2021.28, 2021.33, 2021.38, 2021.43, 2021.48, 2021.53, 2021.58, 2021.63, 2021.68, 2021.73, 2021.78, 2021.83, 2021.88, 2021.93, 2021.98, 2022.03, 2022.08, 2022.13, 2022.18, 2022.23, 2022.28, 2022.33, 2022.38, 2022.43, 2022.48, 2022.53, 2022.58, 2022.63, 2022.68, 2022.73, 2022.78, 2022.83, 2022.88, 2022.93, 2022.98], "adaptive_substitutions": [0.0, 0.0, 0.0, 0.0, 0.0, 0.0, 0.0, 0.0, 0.0, 0.0, 0.0, 0.0, 0.0, 0.0, 0.0, 0.0, 0.0, 0.0, 0.0, 0.0, 0.0, 0.0, 0.0, 0.0, 0.0, 0.0, 0.0, 0.0, 0.0, 0.0, 0.0, 0.7333995121459884, 3.4996091598815795, 4.4076545073970355, 4.539715371216705, 4.728582698209129, 4.557732158027936, 0.9425664160081605, 0.9795135658346865, 1.7553571265534933, 1.890738187880314, 1.9446496875592958, 1.9624888813844428, 1.9839079465766465, 6.439205775640296, 7.771049905813729, 7.190194607736814, 8.298149696728512, 8.339545190170885, 8.351639144747722, 9.45128413224911, 9.418635469944643, 9.418205023512503, 9.41837451179516, 9.41310929736728, 9.407577045392138, 9.503601273236407, 9.50327243308404, 9.507280881148256], "adaptive_substitutions_per_codon": [0.0, 0.0, 0.0, 0.0, 0.0, 0.0, 0.0, 0.0, 0.0, 0.0, 0.0, 0.0, 0.0, 0.0, 0.0, 0.0, 0.0, 0.0, 0.0, 0.0, 0.0, 0.0, 0.0, 0.0, 0.0, 0.0, 0.0, 0.0, 0.0, 0.0, 0.0, 0.0001666438337073366, 0.0007951849942925652, 0.0010015120443983266, 0.0010315190573089536, 0.0010744336964801475, 0.0010356128511765364, 0.0002141709647825859, 0.00022256613629508895, 0.0003988541528183352, 0.0004296155846126594, 0.0004418654141239027, 0.0004459188551203006, 0.00045078571837687945, 0.0014631233300705059, 0.0017657463998667867, 0.0016337638281610574, 0.0018855145868503776, 0.0018949205158306942, 0.0018976685173250902, 0.0021475310457280414, 0.00214011258121896, 0.002140014774713134, 0.002140053286024803, 0.0021388569182838628, 0.0021375998739813994, 0.0021594186033257004, 0.0021593438839091206, 0.0021602546878319146], "rate_of_adaptation": 0.0008468883325938723}