{"virus": "229e", "subtype": null, "gene": "spike", "loci_len": 99, "loci_offset": 9, "location": [936, 1035], "window": 3, "min_seqs": 2, "midfreq_high": 0.75, "midfreq_low": 0.15, "window_midpoint": [1992.5, 1993.5, 1994.5, 2004.5, 2005.5, 2006.5, 2007.5, 2008.5, 2009.5, 2010.5, 2011.5, 2012.5, 2014.5, 2015.5, 2016.5, 2017.5], "adaptive_substitutions": [0.0, 0.0, 0.0, 1.842857142857143, 1.842857142857143, 1.842857142857143, 2.6114285714285717, 1.842857142857143, 1.842857142857143, 1.842857142857143, 1.842857142857143, 3.38, 3.842857142857143, 3.6885714285714286, 3.6885714285714286, 3.664835164835165], "adaptive_substitutions_per_codon": [0.0, 0.0, 0.0, 0.018614718614718615, 0.018614718614718615, 0.018614718614718615, 0.02637806637806638, 0.018614718614718615, 0.018614718614718615, 0.018614718614718615, 0.018614718614718615, 0.03414141414141414, 0.03881673881673882, 0.03725829725829726, 0.03725829725829726, 0.03701853701853702], "rate_of_adaptation": 0.001573173625380617}