{"virus": "229e", "subtype": null, "gene": "spike", "loci_len": 99, "loci_offset": 9, "location": [972, 1071], "window": 3, "min_seqs": 2, "midfreq_high": 0.75, "midfreq_low": 0.15, "window_midpoint": [1992.5, 1993.5, 1994.5, 2004.5, 2005.5, 2006.5, 2007.5, 2008.5, 2009.5, 2010.5, 2011.5, 2012.5, 2014.5, 2015.5, 2016.5, 2017.5], "adaptive_substitutions": [0.0, 0.0, 0.0, 0.8428571428571429, 0.8428571428571429, 0.8428571428571429, 1.6114285714285714, 0.8428571428571429, 0.8428571428571429, 0.8428571428571429, 1.842857142857143, 3.38, 3.842857142857143, 3.611428571428571, 3.611428571428571, 3.575824175824176], "adaptive_substitutions_per_codon": [0.0, 0.0, 0.0, 0.008513708513708513, 0.008513708513708513, 0.008513708513708513, 0.01627705627705628, 0.008513708513708513, 0.008513708513708513, 0.008513708513708513, 0.018614718614718615, 0.03414141414141414, 0.03881673881673882, 0.03647907647907648, 0.03647907647907648, 0.03611943611943612], "rate_of_adaptation": 0.0015546362355570724}