{"virus": "229e", "subtype": null, "gene": "spike", "loci_len": 99, "loci_offset": 9, "location": [927, 1026], "window": 3, "min_seqs": 2, "midfreq_high": 0.75, "midfreq_low": 0.15, "window_midpoint": [1992.5, 1993.5, 1994.5, 2004.5, 2005.5, 2006.5, 2007.5, 2008.5, 2009.5, 2010.5, 2011.5, 2012.5, 2014.5, 2015.5, 2016.5, 2017.5], "adaptive_substitutions": [0.0, 0.0, 0.0, 2.842857142857143, 2.842857142857143, 2.842857142857143, 3.6114285714285717, 2.842857142857143, 2.842857142857143, 2.842857142857143, 2.842857142857143, 4.38, 5.8428571428571425, 6.380000000000001, 6.380000000000001, 6.397802197802198], "adaptive_substitutions_per_codon": [0.0, 0.0, 0.0, 0.028715728715728715, 0.028715728715728715, 0.028715728715728715, 0.03647907647907648, 0.028715728715728715, 0.028715728715728715, 0.028715728715728715, 0.028715728715728715, 0.04424242424242424, 0.05901875901875901, 0.06444444444444446, 0.06444444444444446, 0.06462426462426463], "rate_of_adaptation": 0.00257898664011342}