{"virus": "229e", "subtype": null, "gene": "spike", "loci_len": 99, "loci_offset": 9, "location": [603, 702], "window": 3, "min_seqs": 2, "midfreq_high": 0.75, "midfreq_low": 0.15, "window_midpoint": [1992.5, 1993.5, 1994.5, 2004.5, 2005.5, 2006.5, 2007.5, 2008.5, 2009.5, 2010.5, 2011.5, 2012.5, 2014.5, 2015.5, 2016.5, 2017.5], "adaptive_substitutions": [0.0, 0.0, 0.0, 0.8428571428571429, 0.8428571428571429, 0.8428571428571429, 0.8428571428571429, 0.8428571428571429, 0.8428571428571429, 0.8428571428571429, 0.8428571428571429, 0.8428571428571429, 1.842857142857143, 0.8428571428571429, 0.8428571428571429, 0.8428571428571429], "adaptive_substitutions_per_codon": [0.0, 0.0, 0.0, 0.008513708513708513, 0.008513708513708513, 0.008513708513708513, 0.008513708513708513, 0.008513708513708513, 0.008513708513708513, 0.008513708513708513, 0.008513708513708513, 0.008513708513708513, 0.018614718614718615, 0.008513708513708513, 0.008513708513708513, 0.008513708513708513], "rate_of_adaptation": 0.00045044699730867506}