virus,gene,codon,adaptive_subs_per_year,adaptive_subs_at_residue
229e,A,22,37.497657929489634,1.0499344220257099
229e,A,51,44.27100413196038,1.2395881156948907
229e,A,104,41.610394635184136,1.1650910497851559
229e,A,213,7.28012067947793,0.20384337902538202
229e,A,225,44.27100413196038,1.2395881156948907
229e,A,283,41.610394635184136,1.1650910497851559
229e,A,305,4.109344291584777,0.11506164016437376
229e,A,309,44.27100413196038,1.2395881156948907
229e,A,310,33.365697543839985,0.9342395312275196
229e,A,311,22.81320202313139,0.6387696566476789
229e,A,312,44.27100413196038,1.2395881156948907
229e,A,314,88.54200826392076,2.4791762313897814
229e,A,316,37.47504183542477,1.0493011713918936
229e,A,325,37.4230248190756,1.0478446949341167
229e,A,352,37.47504183542477,1.0493011713918936
229e,A,355,44.27100413196038,1.2395881156948907
229e,A,357,42.6790050797487,1.1950121422329636
229e,A,358,37.47504183542477,1.0493011713918936
229e,A,405,41.944355679847085,1.1744419590357182
229e,A,407,43.97075770805841,1.2311812158256354
229e,A,408,47.61081804779737,1.3331029053383265
229e,A,792,4.109344291584777,0.11506164016437376
229e,A,971,47.61081804779737,1.3331029053383265
