{"virus": "sars2", "subtype": null, "gene": "ORF1a", "window": 0.2, "min_seqs": 3, "midfreq_high": 0.9, "midfreq_low": 0.15, "window_midpoint": [2020.08, 2020.13, 2020.18, 2020.23, 2020.28, 2020.33, 2020.38, 2020.43, 2020.48, 2020.53, 2020.58, 2020.63, 2020.68, 2020.73, 2020.78, 2020.83, 2020.88, 2020.93, 2020.98, 2021.03, 2021.08, 2021.13, 2021.18, 2021.23, 2021.28, 2021.33, 2021.38, 2021.43, 2021.48, 2021.53, 2021.58, 2021.63, 2021.68, 2021.73, 2021.78, 2021.83, 2021.88, 2021.93, 2021.98, 2022.03, 2022.08, 2022.13, 2022.18, 2022.23, 2022.28, 2022.33, 2022.38, 2022.43, 2022.48, 2022.53, 2022.58, 2022.63, 2022.68, 2022.73, 2022.78, 2022.83, 2022.88, 2022.93, 2022.98], "adaptive_substitutions": [0.0, 0.0, 0.0, 0.0, 0.0, 0.0, 0.0, 0.0, 0.0, 0.0, 0.0, 0.0, 0.0, 0.0, 0.0, 0.0, 0.0, 0.0, 0.0, 0.0, 0.0, 0.0, 0.0, 0.0, 0.0, 0.0, 0.0, 0.0, 0.0, 0.0, 0.0, 0.0, 0.0, 0.0, 0.0, 0.0, 0.9056062933023841, 0.9425668567691362, 0.9795137230531654, 0.9908665348612029, 1.8907390263852366, 1.9446501123326778, 1.9624891692549897, 1.98390807007145, 4.0, 8.207924752612243, 8.190239193766711, 8.298193454281638, 8.33958863004371, 8.44263183543709, 9.54222479916205, 6.408146389063784, 6.395539875367337, 6.48684628057276, 6.482204569812902, 9.481911830668716, 9.487336301435572, 6.469957199414089, 6.463006010573726], "adaptive_substitutions_per_codon": [0.0, 0.0, 0.0, 0.0, 0.0, 0.0, 0.0, 0.0, 0.0, 0.0, 0.0, 0.0, 0.0, 0.0, 0.0, 0.0, 0.0, 0.0, 0.0, 0.0, 0.0, 0.0, 0.0, 0.0, 0.0, 0.0, 0.0, 0.0, 0.0, 0.0, 0.0, 0.0, 0.0, 0.0, 0.0, 0.0, 0.00020577284555836948, 0.00021417106493277352, 0.00022256617201844248, 0.0002251457702479443, 0.0004296157751386586, 0.0004418655106413719, 0.0004459189205305589, 0.00045078574643750283, 0.0009088843444671666, 0.0018650135770534521, 0.001860995045163988, 0.0018855245294891246, 0.0018949303862857783, 0.0019183439753322179, 0.0021681946828361848, 0.0014560659825184695, 0.0014532015167842167, 0.0014739482573444126, 0.0014728935627841178, 0.002154490304628202, 0.0021557228587674557, 0.0014701107019800246, 0.0014685312453019145], "rate_of_adaptation": 0.0006944744328087778}