{"virus": "sars2", "subtype": null, "gene": "N", "window": 0.2, "min_seqs": 3, "midfreq_high": 0.9, "midfreq_low": 0.15, "window_midpoint": [2020.08, 2020.13, 2020.18, 2020.23, 2020.28, 2020.33, 2020.38, 2020.43, 2020.48, 2020.53, 2020.58, 2020.63, 2020.68, 2020.73, 2020.78, 2020.83, 2020.88, 2020.93, 2020.98, 2021.03, 2021.08, 2021.13, 2021.18, 2021.23, 2021.28, 2021.33, 2021.38, 2021.43, 2021.48, 2021.53, 2021.58, 2021.63, 2021.68, 2021.73, 2021.78, 2021.83, 2021.88, 2021.93, 2021.98, 2022.03, 2022.08, 2022.13, 2022.18, 2022.23, 2022.28, 2022.33, 2022.38, 2022.43, 2022.48, 2022.53, 2022.58, 2022.63, 2022.68, 2022.73, 2022.78, 2022.83, 2022.88, 2022.93, 2022.98], "adaptive_substitutions": [0.0, 0.0, 0.0, 0.0, 0.0, 0.0, 0.0, 0.0, 0.0, 0.0, 0.0, 0.0, 0.0, 0.0, 0.0, 0.0, 0.0, 0.0, 0.0, 0.0, 0.0, 0.0, 0.0, 0.0, 0.0, 0.0, 0.0, 0.0, 0.0, 0.8935806031194408, 0.932796204418768, 0.9719811867653633, 1.8559410219293058, 2.789652656570281, 2.8214869578031445, 2.8337300163819212, 0.9882121497718357, 0.9893495739166586, 0.9886528170700848, 0.9848231428312385, 1.653768318084748, 2.6464491828748944, 2.6945576879743403, 2.743640077148854, 2.7796567909199883, 3.6698657517353843, 3.703676215403967, 3.7260704707044168, 3.7340630987194143, 3.7513503948894753, 3.7625837709093357, 3.7679655343958087, 3.7730371043226096, 3.5717028529981496, 3.5597407980868105, 3.7737703461657324, 3.7737703461657324, 3.2549411383049534, 3.264796357952993], "adaptive_substitutions_per_codon": [0.0, 0.0, 0.0, 0.0, 0.0, 0.0, 0.0, 0.0, 0.0, 0.0, 0.0, 0.0, 0.0, 0.0, 0.0, 0.0, 0.0, 0.0, 0.0, 0.0, 0.0, 0.0, 0.0, 0.0, 0.0, 0.0, 0.0, 0.0, 0.0, 0.0021275728645700973, 0.0022209433438542094, 0.0023142409208699124, 0.004418907195069776, 0.0066420301346911455, 0.006717826090007487, 0.006746976229480765, 0.002352886070885323, 0.002355594223611092, 0.002353935278738297, 0.0023448170067410443, 0.0039375436144874956, 0.006301069483035463, 0.006415613542796048, 0.006532476374163938, 0.006618230454571401, 0.008737775599369963, 0.008818276703342778, 0.00887159635882004, 0.008890626425522415, 0.008931786654498751, 0.008958532787879371, 0.00897134651046621, 0.008983421676958595, 0.008504054411900356, 0.008475573328778121, 0.00898516749087079, 0.00898516749087079, 0.007749859853107032, 0.007773324661792841], "rate_of_adaptation": 0.003877793939676214}