{"virus": "sars221L", "subtype": null, "gene": "S1", "window": 0.2, "min_seqs": 3, "midfreq_high": 0.9, "midfreq_low": 0.15, "window_midpoint": [2021.93, 2021.98, 2022.03, 2022.08, 2022.13, 2022.18, 2022.23, 2022.28, 2022.33, 2022.38, 2022.43, 2022.48, 2022.53, 2022.58, 2022.63, 2022.68, 2022.73, 2022.78, 2022.83, 2022.88, 2022.93, 2022.98, 2023.03, 2023.08, 2023.13], "adaptive_substitutions": [0.0, 0.0, 0.0, 0.0, 0.0, 0.0, 0.0, 0.0, 0.0, 0.0, 0.0, 0.0, 0.0, 2.7293983959302293, 2.841224407694124, 2.873068624445136, 2.83759047164681, 0.9935110825510356, 1.0, 1.0, 1.0, 1.0, 1.0, 2.7926746447354924, 2.8458074394468205], "adaptive_substitutions_per_codon": [0.0, 0.0, 0.0, 0.0, 0.0, 0.0, 0.0, 0.0, 0.0, 0.0, 0.0, 0.0, 0.0, 0.0040555696819171315, 0.0042217301748798276, 0.004269046990260232, 0.004216330567082927, 0.0014762423217697408, 0.0014858841010401188, 0.0014858841010401188, 0.0014858841010401188, 0.0014858841010401188, 0.0014858841010401188, 0.004149590853990331, 0.004228540028895721], "rate_of_adaptation": 0.0031596315178751976}