{"virus": "sars2", "subtype": null, "gene": "N", "window": 0.1, "min_seqs": 3, "midfreq_high": 0.9, "midfreq_low": 0.15, "window_midpoint": [2020.03, 2020.08, 2020.13, 2020.18, 2020.23, 2020.28, 2020.33, 2020.38, 2020.43, 2020.48, 2020.53, 2020.58, 2020.63, 2020.68, 2020.73, 2020.78, 2020.83, 2020.88, 2020.93, 2020.98, 2021.03, 2021.08, 2021.13, 2021.18, 2021.23, 2021.28, 2021.33, 2021.38, 2021.43, 2021.48, 2021.53, 2021.58, 2021.63, 2021.68, 2021.73, 2021.78, 2021.83, 2021.88, 2021.93, 2021.98, 2022.03, 2022.08, 2022.13, 2022.18, 2022.23, 2022.28, 2022.33, 2022.38, 2022.43, 2022.48, 2022.53, 2022.58, 2022.63, 2022.68, 2022.73, 2022.78, 2022.83, 2022.88, 2022.93, 2022.98, 2023.03], "adaptive_substitutions": [0.0, 0.0, 0.0, 0.0, 0.0, 0.0, 0.0, 0.0, 0.0, 0.0, 0.0, 0.0, 0.0, 0.0, 0.0, 0.0, 0.0, 0.0, 0.0, 0.0, 0.0, 0.0, 0.0, 0.0, 0.0, 0.0, 0.0, 0.0, 0.0, 0.0, 0.9003310872499241, 0.9637567589999724, 1.8541732635675732, 2.7752103278569065, 2.7389428800129876, 2.8057323908549803, 2.408790262925253, 2.8660359751509157, 0.9761931652254721, 0.9905879955542564, 0.5, 2.590275061686494, 2.6178881633443853, 2.7037518562909173, 2.785851426499075, 2.785851426499075, 3.497109116233318, 3.702527504788227, 3.6954361071958144, 3.5356390339832706, 3.550948176528048, 3.7524115558775564, 3.759453773477195, 3.785851426499075, 3.5717028529981496, 3.5717028529981496, 3.5487943893471887, 3.7610728841827292, 3.785851426499075, 3.2491791838708837, 3.2385469366224156], "adaptive_substitutions_per_codon": [0.0, 0.0, 0.0, 0.0, 0.0, 0.0, 0.0, 0.0, 0.0, 0.0, 0.0, 0.0, 0.0, 0.0, 0.0, 0.0, 0.0, 0.0, 0.0, 0.0, 0.0, 0.0, 0.0, 0.0, 0.0, 0.0, 0.0, 0.0, 0.0, 0.0, 0.0021436454458331525, 0.0022946589499999344, 0.00441469824658946, 0.006607643637754539, 0.006521292571459494, 0.006680315216321382, 0.005735214911726793, 0.006823895178930751, 0.0023242694410130285, 0.002358542846557753, 0.0011904761904761906, 0.006167321575444033, 0.00623306705558187, 0.006437504419740279, 0.006632979586902559, 0.006632979586902559, 0.008326450276745995, 0.008815541678067208, 0.008798657398085273, 0.008418188176150644, 0.008454638515542972, 0.008934313228279896, 0.00895108041304094, 0.00901393196785494, 0.008504054411900356, 0.008504054411900356, 0.00844951045082664, 0.008954935438530308, 0.00901393196785494, 0.007736140913978295, 0.00771082603957718], "rate_of_adaptation": 0.003798644030068371}