{"virus": "sars2", "subtype": null, "gene": "S1", "window": 0.2, "min_seqs": 3, "midfreq_high": 0.9, "midfreq_low": 0.15, "window_midpoint": [2020.08, 2020.13, 2020.18, 2020.23, 2020.28, 2020.33, 2020.38, 2020.43, 2020.48, 2020.53, 2020.58, 2020.63, 2020.68, 2020.73, 2020.78, 2020.83, 2020.88, 2020.93, 2020.98, 2021.03, 2021.08, 2021.13, 2021.18, 2021.23, 2021.28, 2021.33, 2021.38, 2021.43, 2021.48, 2021.53, 2021.58, 2021.63, 2021.68, 2021.73, 2021.78, 2021.83, 2021.88, 2021.93, 2021.98, 2022.03, 2022.08, 2022.13, 2022.18, 2022.23, 2022.28, 2022.33, 2022.38, 2022.43, 2022.48, 2022.53, 2022.58, 2022.63, 2022.68, 2022.73, 2022.78, 2022.83, 2022.88, 2022.93, 2022.98], "adaptive_substitutions": [0.0, 0.0, 0.0, 0.0, 0.0, 0.0, 0.0, 0.0, 0.0, 0.0, 0.0, 0.0, 0.0, 0.0, 0.0, 0.0, 0.0, 0.0, 0.0, 0.0, 0.0, 0.0, 0.0, 0.0, 0.0, 0.0, 0.0, 0.0, 0.0, 0.0, 0.0, 0.9257662675853282, 2.7358537649728363, 3.697225607661464, 3.775103810637706, 3.8141911922436997, 1.9710302497186438, 1.983705177484836, 1.9823749978958025, 1.9842158827344145, 11.76263550039518, 15.10728343325291, 15.379917760718557, 15.12690761668802, 15.776425297980275, 17.59920035914007, 19.503673664519937, 19.575049998065964, 18.74182037972215, 18.824537002895937, 19.292239355340005, 20.267596871371936, 20.588957052164766, 18.824143374175463, 18.79719656455822, 19.299882192778345, 19.306324538600357, 19.792645457098352, 19.8223687666728], "adaptive_substitutions_per_codon": [0.0, 0.0, 0.0, 0.0, 0.0, 0.0, 0.0, 0.0, 0.0, 0.0, 0.0, 0.0, 0.0, 0.0, 0.0, 0.0, 0.0, 0.0, 0.0, 0.0, 0.0, 0.0, 0.0, 0.0, 0.0, 0.0, 0.0, 0.0, 0.0, 0.0, 0.0, 0.0013755813782842915, 0.004065161612143887, 0.005493648748382561, 0.005609366732002535, 0.005667446050882169, 0.002928722510726068, 0.002947555984375685, 0.002945579491672812, 0.0029483148331863516, 0.01747791307636728, 0.02244767226337728, 0.022852775275956253, 0.022476831525539406, 0.02344193952151601, 0.02615037200466578, 0.028980198609985047, 0.029086255569191626, 0.027848172926778825, 0.027971080242044484, 0.028666031731560185, 0.030115299957462014, 0.03059280394080946, 0.02797049535538702, 0.027930455519403003, 0.02867738810219665, 0.02868696068142698, 0.029409577202226377, 0.02945374259535334], "rate_of_adaptation": 0.012487111774669551}