{"virus": "sars2", "subtype": null, "gene": "ORF1b", "window": 0.1, "min_seqs": 3, "midfreq_high": 0.9, "midfreq_low": 0.15, "window_midpoint": [2020.03, 2020.08, 2020.13, 2020.18, 2020.23, 2020.28, 2020.33, 2020.38, 2020.43, 2020.48, 2020.53, 2020.58, 2020.63, 2020.68, 2020.73, 2020.78, 2020.83, 2020.88, 2020.93, 2020.98, 2021.03, 2021.08, 2021.13, 2021.18, 2021.23, 2021.28, 2021.33, 2021.38, 2021.43, 2021.48, 2021.53, 2021.58, 2021.63, 2021.68, 2021.73, 2021.78, 2021.83, 2021.88, 2021.93, 2021.98, 2022.03, 2022.08, 2022.13, 2022.18, 2022.23, 2022.28, 2022.33, 2022.38, 2022.43, 2022.48, 2022.53, 2022.58, 2022.63, 2022.68, 2022.73, 2022.78, 2022.83, 2022.88, 2022.93, 2022.98, 2023.03], "adaptive_substitutions": [0.0, 0.0, 0.0, 0.0, 0.0, 0.0, 0.0, 0.0, 0.0, 0.9469357504255503, 0.9606251977891715, 0.9040421486862035, 0.8878414724903675, 0.9426165673206532, 0.9830993999643018, 0.9666555729025418, 0.9626138241634559, 0.9872809917257118, 0.9719603681225919, 0.9244646651465741, 0.9268118083199857, 0.9490188511319853, 0.9551365889961471, 0.9530002360912017, 0.9666555729025418, 0.9578207246972322, 0.937794430120708, 0.958178176182849, 0.9771528925443341, 0.9787285551274835, 0.9723788700909115, 0.9723788700909115, 2.7658588403813513, 2.804167650380007, 2.7477142097705265, 2.806045310665837, 2.9428822313608354, 2.9267082889541016, 1.0, 0.9904360945534422, 0.9889844303338754, 1.9228910123371277, 1.9417128912154666, 1.975569429651367, 2.0, 2.0, 3.405944612008119, 3.4244633149920407, 3.418013409395037, 3.508438772140626, 3.5325123947880863, 3.5325123947880863, 3.5325123947880863, 3.5196608968442744, 3.5199231723125153, 3.766256197394043, 3.766256197394043, 3.5197933865137983, 3.5196608968442744, 3.495375460123786, 3.484022805827155], "adaptive_substitutions_per_codon": [0.0, 0.0, 0.0, 0.0, 0.0, 0.0, 0.0, 0.0, 0.0, 0.00035123729615191035, 0.00035631498434316453, 0.0003353272064859805, 0.00032931805359435, 0.0003496352252673046, 0.0003646511127464028, 0.0003585517703644443, 0.00035705260540187534, 0.0003662021482662136, 0.000360519424377816, 0.0003429023238674236, 0.0003437729259347128, 0.0003520099596186889, 0.0003542791502211228, 0.0003534867344551935, 0.0003585517703644443, 0.0003552747495167775, 0.0003478465987094614, 0.000355407335379395, 0.00036244543492000526, 0.0003630298794983247, 0.00036067465507823125, 0.00036067465507823125, 0.0010259120327824004, 0.001040121532040062, 0.0010191818285498985, 0.0010408179935704144, 0.001091573527952832, 0.0010855742911550822, 0.000370919881305638, 0.0003673724386325824, 0.00036683398751256505, 0.0007132385060597654, 0.000720219915139268, 0.000732777978357332, 0.000741839762611276, 0.000741839762611276, 0.0012633325712196287, 0.0012702015263323593, 0.0012678091281138862, 0.0013013496929304993, 0.001310279078185492, 0.001310279078185492, 0.001310279078185492, 0.0013055122020935736, 0.001305609485279123, 0.001396979301704022, 0.001396979301704022, 0.0013055613451460675, 0.0013055122020935736, 0.0012965042507877545, 0.0012922933256035443], "rate_of_adaptation": 0.000484303352136834}