{"virus": "sars2", "subtype": null, "gene": "S1", "window": 0.1, "min_seqs": 3, "midfreq_high": 0.9, "midfreq_low": 0.15, "window_midpoint": [2020.03, 2020.08, 2020.13, 2020.18, 2020.23, 2020.28, 2020.33, 2020.38, 2020.43, 2020.48, 2020.53, 2020.58, 2020.63, 2020.68, 2020.73, 2020.78, 2020.83, 2020.88, 2020.93, 2020.98, 2021.03, 2021.08, 2021.13, 2021.18, 2021.23, 2021.28, 2021.33, 2021.38, 2021.43, 2021.48, 2021.53, 2021.58, 2021.63, 2021.68, 2021.73, 2021.78, 2021.83, 2021.88, 2021.93, 2021.98, 2022.03, 2022.08, 2022.13, 2022.18, 2022.23, 2022.28, 2022.33, 2022.38, 2022.43, 2022.48, 2022.53, 2022.58, 2022.63, 2022.68, 2022.73, 2022.78, 2022.83, 2022.88, 2022.93, 2022.98, 2023.03], "adaptive_substitutions": [0.0, 0.0, 0.0, 0.0, 0.0, 0.0, 0.0, 0.0, 0.0, 0.9620528881011843, 0.9876117675931702, 0.9339748053042582, 0.9044135249518466, 0.9585634985012932, 0.9835389240621575, 0.9837613710342906, 0.9877381781279336, 1.0, 0.9732964768119444, 0.939310174572601, 0.9495101452326682, 0.9702068129720042, 0.9779512193860092, 0.9884455909282452, 1.0, 0.9691882424753205, 0.9699585364134375, 1.0, 1.0, 1.0, 1.0, 1.8834211860819963, 3.7292214905657106, 4.660188107948869, 4.6255073117909085, 4.737290348443482, 4.932615315942678, 4.903136561482139, 2.964188195882949, 2.4899861788044793, 2.5, 15.723407319569176, 15.138790854896165, 15.121156107650759, 16.82611717326867, 17.674384423603062, 19.64325047423149, 19.632206244574576, 19.62944765729005, 20.642303557395586, 20.76370621629715, 21.722369742412944, 22.158709239931035, 22.215051048326693, 18.936620249275382, 19.806223260619227, 19.78393911334879, 20.293960193950817, 20.330529471196716, 20.292540509130085, 20.74586640607995], "adaptive_substitutions_per_codon": [0.0, 0.0, 0.0, 0.0, 0.0, 0.0, 0.0, 0.0, 0.0, 0.0014294990907892783, 0.0014674766234668204, 0.0013877783139736378, 0.0013438536774915996, 0.0014243142622604654, 0.0014614248500180646, 0.0014617553804372818, 0.0014676644548706295, 0.0014858841010401188, 0.001446205760493231, 0.0013957060543426463, 0.001410862028577516, 0.0014416148781159052, 0.0014531221684784682, 0.0014687155883034847, 0.0014858841010401188, 0.0014401014004090944, 0.00144124596792487, 0.0014858841010401188, 0.0014858841010401188, 0.0014858841010401188, 0.0014858841010401188, 0.0027985455959613614, 0.005541190922088723, 0.006924499417457458, 0.006872967773834931, 0.007039064410762974, 0.007329294674506209, 0.0072854926619348274, 0.004404440112753268, 0.0036998308748952143, 0.003714710252600297, 0.02336316095032567, 0.02249448864026176, 0.02246828544970395, 0.025001659989998024, 0.026262086810702915, 0.029187593572409347, 0.029171183127153902, 0.029167084186166495, 0.03067207066477799, 0.03085246094546382, 0.032276923837166335, 0.032925273759184304, 0.033008991156503256, 0.028137622955832664, 0.029429752244605093, 0.029396640584470713, 0.030154472799332567, 0.030208810506978774, 0.030152363312228952, 0.03082595305509651], "rate_of_adaptation": 0.012705291190068095}