{"virus": "sars2", "subtype": null, "gene": "M", "window": 0.1, "min_seqs": 3, "midfreq_high": 0.9, "midfreq_low": 0.15, "window_midpoint": [2020.03, 2020.08, 2020.13, 2020.18, 2020.23, 2020.28, 2020.33, 2020.38, 2020.43, 2020.48, 2020.53, 2020.58, 2020.63, 2020.68, 2020.73, 2020.78, 2020.83, 2020.88, 2020.93, 2020.98, 2021.03, 2021.08, 2021.13, 2021.18, 2021.23, 2021.28, 2021.33, 2021.38, 2021.43, 2021.48, 2021.53, 2021.58, 2021.63, 2021.68, 2021.73, 2021.78, 2021.83, 2021.88, 2021.93, 2021.98, 2022.03, 2022.08, 2022.13, 2022.18, 2022.23, 2022.28, 2022.33, 2022.38, 2022.43, 2022.48, 2022.53, 2022.58, 2022.63, 2022.68, 2022.73, 2022.78, 2022.83, 2022.88, 2022.93, 2022.98, 2023.03], "adaptive_substitutions": [0.0, 0.0, 0.0, 0.0, 0.0, 0.0, 0.0, 0.0, 0.0, 0.0, 0.0, 0.0, 0.0, 0.0, 0.0, 0.0, 0.0, 0.0, 0.0, 0.0, 0.0, 0.0, 0.0, 0.0, 0.0, 0.0, 0.0, 0.0, 0.0, 0.0, 0.0, 0.0, 0.0, 0.929470873132791, 0.9311872899370814, 0.9323840327207844, 0.9794290046637307, 0.9670049381735086, 0.0, 0.0, 0.0, 1.854453865587204, 1.891561467441666, 1.935279154168914, 1.9890016460578361, 1.9883070131772784, 1.9656443170672615, 1.932676742535846, 1.9044444087605554, 1.9312886341345232, 1.9705088385444633, 1.9796177293915864, 1.975851440257423, 1.976976920812436, 1.9773299235069686, 1.9440094908756451, 1.9562201445020664, 1.9885481056890872, 1.9884288151233487, 1.977444418842792, 1.9707675329431962], "adaptive_substitutions_per_codon": [0.0, 0.0, 0.0, 0.0, 0.0, 0.0, 0.0, 0.0, 0.0, 0.0, 0.0, 0.0, 0.0, 0.0, 0.0, 0.0, 0.0, 0.0, 0.0, 0.0, 0.0, 0.0, 0.0, 0.0, 0.0, 0.0, 0.0, 0.0, 0.0, 0.0, 0.0, 0.0, 0.0, 0.004168030821223278, 0.004175727757565388, 0.004181094317133562, 0.004392058316877717, 0.00433634501423098, 0.0, 0.0, 0.0, 0.008315936616982978, 0.008482338419020925, 0.008678381857259705, 0.008919289892636037, 0.008916174946983312, 0.008814548507028078, 0.00866671184993653, 0.00854010945632536, 0.008660487148585305, 0.008836362504683693, 0.008877209548841195, 0.008860320359898758, 0.0088653673579033, 0.008866950329627662, 0.00871753134921814, 0.008772287643507024, 0.008917256079323262, 0.008916721144050892, 0.00886746376162687, 0.008837522569252], "rate_of_adaptation": 0.003925618513824851}