{"virus": "sars2", "subtype": null, "gene": "ORF1a", "window": 0.1, "min_seqs": 3, "midfreq_high": 0.9, "midfreq_low": 0.15, "window_midpoint": [2020.03, 2020.08, 2020.13, 2020.18, 2020.23, 2020.28, 2020.33, 2020.38, 2020.43, 2020.48, 2020.53, 2020.58, 2020.63, 2020.68, 2020.73, 2020.78, 2020.83, 2020.88, 2020.93, 2020.98, 2021.03, 2021.08, 2021.13, 2021.18, 2021.23, 2021.28, 2021.33, 2021.38, 2021.43, 2021.48, 2021.53, 2021.58, 2021.63, 2021.68, 2021.73, 2021.78, 2021.83, 2021.88, 2021.93, 2021.98, 2022.03, 2022.08, 2022.13, 2022.18, 2022.23, 2022.28, 2022.33, 2022.38, 2022.43, 2022.48, 2022.53, 2022.58, 2022.63, 2022.68, 2022.73, 2022.78, 2022.83, 2022.88, 2022.93, 2022.98, 2023.03], "adaptive_substitutions": [0.0, 0.0, 0.0, 0.0, 0.0, 0.0, 0.0, 0.0, 0.0, 0.0, 0.0, 0.0, 0.0, 0.0, 0.0, 0.0, 0.0, 0.0, 0.0, 0.0, 0.0, 0.0, 0.0, 0.0, 0.0, 0.0, 0.0, 0.0, 0.0, 0.0, 0.0, 0.0, 0.0, 0.0, 0.0, 0.0, 0.0, 0.0, 0.9677642406865985, 0.9915037533592586, 0.990214144494146, 1.9216249950927546, 1.9313641669933899, 1.968980684434274, 2.9039841833443485, 3.9039841833443485, 8.13260217326192, 7.124582555379005, 6.054551735617359, 8.281726796968924, 9.396118343854056, 6.3564986817089615, 6.352823174545515, 6.316472451986943, 6.390692499561374, 6.370800759200661, 6.3818451093428905, 9.40176336639628, 9.401422133071788, 6.34606321029897, 6.322925903642306], "adaptive_substitutions_per_codon": [0.0, 0.0, 0.0, 0.0, 0.0, 0.0, 0.0, 0.0, 0.0, 0.0, 0.0, 0.0, 0.0, 0.0, 0.0, 0.0, 0.0, 0.0, 0.0, 0.0, 0.0, 0.0, 0.0, 0.0, 0.0, 0.0, 0.0, 0.0, 0.0, 0.0, 0.0, 0.0, 0.0, 0.0, 0.0, 0.0, 0.0, 0.0, 0.00021989644187380105, 0.00022529055972716623, 0.00022499753340016952, 0.0004366337184941501, 0.0004388466637112906, 0.00044739392966013954, 0.000659846440205487, 0.0008870675263222787, 0.0018478986987643536, 0.0016188553863619643, 0.0013757218213172823, 0.0018817829577298167, 0.002134996215372428, 0.0014443305343578646, 0.001443495381628156, 0.0014352357309672672, 0.0014521000907887693, 0.001447580267939255, 0.0014500897771740264, 0.002136278883525626, 0.0021362013481190157, 0.0014419593752099456, 0.001436702091261601], "rate_of_adaptation": 0.0006462412984549844}