{"virus": "sars2", "subtype": null, "gene": "ORF9b", "window": 0.2, "min_seqs": 3, "midfreq_high": 0.9, "midfreq_low": 0.15, "window_midpoint": [2020.08, 2020.13, 2020.18, 2020.23, 2020.28, 2020.33, 2020.38, 2020.43, 2020.48, 2020.53, 2020.58, 2020.63, 2020.68, 2020.73, 2020.78, 2020.83, 2020.88, 2020.93, 2020.98, 2021.03, 2021.08, 2021.13, 2021.18, 2021.23, 2021.28, 2021.33, 2021.38, 2021.43, 2021.48, 2021.53, 2021.58, 2021.63, 2021.68, 2021.73, 2021.78, 2021.83, 2021.88, 2021.93, 2021.98, 2022.03, 2022.08, 2022.13, 2022.18, 2022.23, 2022.28, 2022.33, 2022.38, 2022.43, 2022.48, 2022.53, 2022.58, 2022.63, 2022.68, 2022.73, 2022.78, 2022.83, 2022.88, 2022.93, 2022.98], "adaptive_substitutions": [0.0, 0.0, 0.0, 0.0, 0.0, 0.0, 0.0, 0.0, 0.0, 0.0, 0.0, 0.0, 0.0, 0.0, 0.0, 0.0, 0.0, 0.0, 0.0, 0.0, 0.0, 0.0, 0.0, 0.0, 0.0, 0.0, 0.0, 0.0, 0.0, 0.0, 0.0, 0.0, 0.0, 0.9023838163479377, 0.9046828757081642, 0.9139316236122375, 0.0, 0.0, 0.0, 0.0, 0.0, 0.9386045581767293, 0.965891421209294, 0.9874060632157394, 0.9937351589976255, 0.9937669602209878, 0.993637778049402, 0.9939808390369342, 1.0, 0.9940680732537902, 0.9940102007977297, 0.9938910008136049, 0.9935031278493893, 2.0, 2.0, 1.0, 1.0, 0.9937669602209878, 0.9929430526639919], "adaptive_substitutions_per_codon": [0.0, 0.0, 0.0, 0.0, 0.0, 0.0, 0.0, 0.0, 0.0, 0.0, 0.0, 0.0, 0.0, 0.0, 0.0, 0.0, 0.0, 0.0, 0.0, 0.0, 0.0, 0.0, 0.0, 0.0, 0.0, 0.0, 0.0, 0.0, 0.0, 0.0, 0.0, 0.0, 0.0, 0.009207998125999364, 0.009231457915389431, 0.009325832894002423, 0.0, 0.0, 0.0, 0.0, 0.0, 0.009577597532415605, 0.00985603491029892, 0.010075572073629994, 0.01014015468364924, 0.010140479185928447, 0.010139161000504103, 0.01014266162282586, 0.01020408163265306, 0.010143551767895819, 0.010142961232629895, 0.010141744906261276, 0.01013778701887132, 0.02040816326530612, 0.02040816326530612, 0.01020408163265306, 0.01020408163265306, 0.010140479185928447, 0.0101320719659591], "rate_of_adaptation": 0.005116263750476233}