{"virus": "sars2", "subtype": null, "gene": "E", "window": 0.2, "min_seqs": 3, "midfreq_high": 0.9, "midfreq_low": 0.15, "window_midpoint": [2020.08, 2020.13, 2020.18, 2020.23, 2020.28, 2020.33, 2020.38, 2020.43, 2020.48, 2020.53, 2020.58, 2020.63, 2020.68, 2020.73, 2020.78, 2020.83, 2020.88, 2020.93, 2020.98, 2021.03, 2021.08, 2021.13, 2021.18, 2021.23, 2021.28, 2021.33, 2021.38, 2021.43, 2021.48, 2021.53, 2021.58, 2021.63, 2021.68, 2021.73, 2021.78, 2021.83, 2021.88, 2021.93, 2021.98, 2022.03, 2022.08, 2022.13, 2022.18, 2022.23, 2022.28, 2022.33, 2022.38, 2022.43, 2022.48, 2022.53, 2022.58, 2022.63, 2022.68, 2022.73, 2022.78, 2022.83, 2022.88, 2022.93, 2022.98], "adaptive_substitutions": [0.0, 0.0, 0.0, 0.0, 0.0, 0.0, 0.0, 0.0, 0.0, 0.0, 0.0, 0.0, 0.0, 0.0, 0.0, 0.0, 0.0, 0.0, 0.0, 0.0, 0.0, 0.0, 0.0, 0.0, 0.0, 0.0, 0.0, 0.0, 0.0, 0.0, 0.0, 0.0, 0.0, 0.0, 0.0, 0.0, 0.0, 0.0, 0.0, 0.0, 0.9205020920502092, 0.9627906976744186, 0.9783549783549783, 0.9950738916256158, 1.0, 0.9901477832512315, 0.9847715736040609, 0.9854368932038835, 0.9768518518518519, 0.986046511627907, 0.9906103286384976, 0.9904761904761905, 1.0, 1.0, 1.0, 1.0, 1.0, 0.9949748743718593, 0.9942528735632183], "adaptive_substitutions_per_codon": [0.0, 0.0, 0.0, 0.0, 0.0, 0.0, 0.0, 0.0, 0.0, 0.0, 0.0, 0.0, 0.0, 0.0, 0.0, 0.0, 0.0, 0.0, 0.0, 0.0, 0.0, 0.0, 0.0, 0.0, 0.0, 0.0, 0.0, 0.0, 0.0, 0.0, 0.0, 0.0, 0.0, 0.0, 0.0, 0.0, 0.0, 0.0, 0.0, 0.0, 0.012111869632239595, 0.012668298653610771, 0.012873091820460241, 0.013093077521389681, 0.013157894736842105, 0.013028260305937256, 0.01295752070531659, 0.012966274910577414, 0.012853313840155945, 0.012974296205630356, 0.013034346429453916, 0.013032581453634085, 0.013157894736842105, 0.013157894736842105, 0.013157894736842105, 0.013157894736842105, 0.013157894736842105, 0.013091774662787622, 0.01308227465214761], "rate_of_adaptation": 0.005786352152824602}