{"virus": "sars221L", "subtype": null, "gene": "S1", "window": 0.1, "min_seqs": 3, "midfreq_high": 0.9, "midfreq_low": 0.15, "window_midpoint": [2021.98, 2022.03, 2022.08, 2022.13, 2022.18, 2022.23, 2022.28, 2022.33, 2022.38, 2022.43, 2022.48, 2022.53, 2022.58, 2022.63, 2022.68, 2022.73, 2022.78, 2022.83, 2022.88, 2022.93, 2022.98, 2023.03, 2023.08, 2023.13, 2023.18], "adaptive_substitutions": [0.0, 0.0, 0.0, 0.0, 0.0, 0.0, 0.0, 0.0, 0.0, 0.0, 0.0, 0.8875493575713749, 1.8795593843900584, 1.9109239772591464, 1.8980785506187698, 1.876956930200363, 1.799488340162209, 0.0, 0.0, 0.0, 0.0, 0.0, 0.9293323734755112, 1.8759380911634385, 1.8975263014507218], "adaptive_substitutions_per_codon": [0.0, 0.0, 0.0, 0.0, 0.0, 0.0, 0.0, 0.0, 0.0, 0.0, 0.0, 0.0013187954793036775, 0.0027928074062259414, 0.0028394115561057153, 0.002820324740889703, 0.0027889404609217875, 0.0026738311146541, 0.0, 0.0, 0.0, 0.0, 0.0, 0.00138088019832914, 0.0027874265841953023, 0.0028195041626310874], "rate_of_adaptation": 0.0016081223963227147}