{"virus": "sars2", "subtype": null, "gene": "S2", "window": 0.1, "min_seqs": 3, "midfreq_high": 0.9, "midfreq_low": 0.15, "window_midpoint": [2020.03, 2020.08, 2020.13, 2020.18, 2020.23, 2020.28, 2020.33, 2020.38, 2020.43, 2020.48, 2020.53, 2020.58, 2020.63, 2020.68, 2020.73, 2020.78, 2020.83, 2020.88, 2020.93, 2020.98, 2021.03, 2021.08, 2021.13, 2021.18, 2021.23, 2021.28, 2021.33, 2021.38, 2021.43, 2021.48, 2021.53, 2021.58, 2021.63, 2021.68, 2021.73, 2021.78, 2021.83, 2021.88, 2021.93, 2021.98, 2022.03, 2022.08, 2022.13, 2022.18, 2022.23, 2022.28, 2022.33, 2022.38, 2022.43, 2022.48, 2022.53, 2022.58, 2022.63, 2022.68, 2022.73, 2022.78, 2022.83, 2022.88, 2022.93, 2022.98, 2023.03], "adaptive_substitutions": [0.0, 0.0, 0.0, 0.0, 0.0, 0.0, 0.0, 0.0, 0.0, 0.0, 0.0, 0.0, 0.0, 0.0, 0.0, 0.0, 0.0, 0.0, 0.0, 0.0, 0.0, 0.0, 0.0, 0.0, 0.0, 0.0, 0.0, 0.0, 0.0, 0.0, 0.0, 0.0, 0.8797768028385117, 0.0, 0.0, 0.8929186098156784, 0.9201392996569265, 0.9013553254059583, 0.0, 0.0, 0.0, 3.4876109619288926, 3.565456377184539, 3.6866988136356116, 3.76753438412853, 3.7664223850766154, 4.0, 3.76730423181931, 3.766556236814346, 3.766941567574479, 3.7684692505881037, 3.7792721518987342, 3.7792721518987342, 3.7662856854295717, 3.7664223850766154, 3.76753438412853, 3.767863480421152, 3.7792721518987342, 3.7792721518987342, 4.0, 4.0], "adaptive_substitutions_per_codon": [0.0, 0.0, 0.0, 0.0, 0.0, 0.0, 0.0, 0.0, 0.0, 0.0, 0.0, 0.0, 0.0, 0.0, 0.0, 0.0, 0.0, 0.0, 0.0, 0.0, 0.0, 0.0, 0.0, 0.0, 0.0, 0.0, 0.0, 0.0, 0.0, 0.0, 0.0, 0.0, 0.0014962190524464485, 0.0, 0.0, 0.0015185690643123781, 0.0015648627545185826, 0.0015329172200781603, 0.0, 0.0, 0.0, 0.005931311159743015, 0.006063701321742413, 0.006269895941557162, 0.006407371401579132, 0.0064054802467289375, 0.006802721088435374, 0.006406979986087262, 0.006405707885738684, 0.006406363210160679, 0.006408961310523986, 0.006427333591664514, 0.006427333591664514, 0.006405247764336006, 0.0064054802467289375, 0.006407371401579132, 0.006407931089151619, 0.006427333591664514, 0.006427333591664514, 0.006802721088435374, 0.006802721088435374], "rate_of_adaptation": 0.0028324217769013283}