{"virus": "229e", "subtype": null, "gene": "s1", "window": 3, "min_seqs": 2, "midfreq_high": 0.75, "midfreq_low": 0.15, "years": ["1991-1994", "1992-1995", "1993-1996", "2003-2006", "2004-2007", "2005-2008", "2006-2009", "2007-2010", "2008-2011", "2009-2012", "2010-2013", "2011-2014", "2012-2015", "2013-2016", "2014-2017", "2015-2018", "2016-2019"], "window_midpoints": [1992.5, 1993.5, 1994.5, 2004.5, 2005.5, 2006.5, 2007.5, 2008.5, 2009.5, 2010.5, 2011.5, 2012.5, 2013.5, 2014.5, 2015.5, 2016.5, 2017.5], "gene_length_in_codons": 545.0, "adaptive_mutations_accumulated": [4.736111111111111, 4.736111111111111, 5.486111111111111, 14.046296296296296, 14.046296296296296, 15.646296296296295, 15.646296296296295, 15.646296296296295, 15.646296296296295, 15.646296296296295, 19.958796296296295, 23.961742424242424, 23.961742424242424, 23.961742424242424, 25.607112794612792, 25.607112794612792, 25.607112794612792], "adaptive_muts_per_codon": [0.008690112130479103, 0.008690112130479103, 0.010066258919469927, 0.025773020727149168, 0.025773020727149168, 0.028708800543662927, 0.028708800543662927, 0.028708800543662927, 0.028708800543662927, 0.028708800543662927, 0.03662164458036018, 0.043966499860995274, 0.043966499860995274, 0.043966499860995274, 0.04698552806350971, 0.04698552806350971, 0.04698552806350971], "rate_of_adaptation": 0.894905057494535, "rate_of_adaptation_per_codon": 0.0016420276284303393, "adaptive_muts_per_codon_per_year_scientific": 1.6420276284303394}