{"virus": "h3n2", "subtype": null, "gene": "ha1", "window": 3, "min_seqs": 2, "midfreq_high": 0.75, "midfreq_low": 0.15, "years": ["1968-1971", "1969-1972", "1970-1973", "1971-1974", "1972-1975", "1973-1976", "1974-1977", "1975-1978", "1976-1979", "1977-1980", "1978-1981", "1979-1982", "1980-1983", "1981-1984", "1982-1985", "1983-1986", "1984-1987", "1985-1988", "1986-1989", "1987-1990", "1988-1991", "1989-1992", "1990-1993", "1991-1994", "1992-1995", "1993-1996", "1994-1997", "1995-1998", "1996-1999", "1997-2000", "1998-2001", "1999-2002", "2000-2003", "2001-2004", "2002-2005", "2003-2006", "2004-2007", "2005-2008", "2006-2009", "2007-2010", "2008-2011", "2009-2012", "2010-2013", "2011-2014", "2012-2015", "2013-2016", "2014-2017", "2015-2018", "2016-2019", "2017-2020", "2018-2021", "2019-2022"], "window_midpoints": [1969.5, 1970.5, 1971.5, 1972.5, 1973.5, 1974.5, 1975.5, 1976.5, 1977.5, 1978.5, 1979.5, 1980.5, 1981.5, 1982.5, 1983.5, 1984.5, 1985.5, 1986.5, 1987.5, 1988.5, 1989.5, 1990.5, 1991.5, 1992.5, 1993.5, 1994.5, 1995.5, 1996.5, 1997.5, 1998.5, 1999.5, 2000.5, 2001.5, 2002.5, 2003.5, 2004.5, 2005.5, 2006.5, 2007.5, 2008.5, 2009.5, 2010.5, 2011.5, 2012.5, 2013.5, 2014.5, 2015.5, 2016.5, 2017.5, 2018.5, 2019.5, 2020.5], "gene_length_in_codons": 329.0, "adaptive_mutations_accumulated": [0.8823529411764706, 0.8823529411764706, 1.815686274509804, 3.1843282714496377, 9.461632823435, 9.461632823435, 12.950526560977035, 14.48901422611362, 17.222347559446952, 18.022347559446953, 29.91346899828109, 30.680794108372144, 30.680794108372144, 30.680794108372144, 31.581452551796534, 35.63816886848778, 35.63816886848778, 38.23915653362437, 39.00198575533656, 41.730092754826536, 41.730092754826536, 45.481738863387505, 46.103568570749104, 46.87279933997987, 50.57155212426454, 54.27445866556437, 54.27445866556437, 57.632539994355156, 61.8098750572991, 69.05280419677742, 69.90829552625719, 72.49704282706543, 73.32658828161088, 74.04527908524398, 77.5322858769915, 82.87430043825887, 87.14101384076203, 87.14101384076203, 89.85377619114372, 91.5315636662278, 92.38638726996247, 93.26273135598397, 94.92629314079194, 97.27216747499796, 101.33074577263511, 101.33074577263511, 102.20903524631932, 106.55240032661004, 106.55240032661004, 106.55240032661004, 108.09976874766267, 111.49754754900437], "adaptive_muts_per_codon": [0.0026819238333631325, 0.0026819238333631325, 0.005518803265987246, 0.009678809335713185, 0.028758762381261398, 0.028758762381261398, 0.03936330261695148, 0.04403955691827848, 0.05234756097096338, 0.054779171913212625, 0.09092239817106715, 0.09325469333851716, 0.09325469333851716, 0.09325469333851716, 0.09599225699634205, 0.1083227017279264, 0.1083227017279264, 0.11622843931192817, 0.11854706916515673, 0.12683918770463992, 0.12683918770463992, 0.13824236736591947, 0.1401324272667146, 0.14247051471118502, 0.15371292438986184, 0.1649679594698005, 0.1649679594698005, 0.17517489359986368, 0.1878719606604836, 0.20988694284734777, 0.21248722044455073, 0.2203557532737551, 0.2228771680292124, 0.22506163855697256, 0.2356604433951109, 0.25189756972115157, 0.2648663034673618, 0.2648663034673618, 0.27311178173599915, 0.2782114397149781, 0.2808096877506458, 0.28347334758657744, 0.28852976638538586, 0.2956600835106321, 0.30799618775876936, 0.30799618775876936, 0.3106657606271104, 0.3238674781963831, 0.3238674781963831, 0.3238674781963831, 0.3285707256767862, 0.33889832081764243], "rate_of_adaptation": 2.2623574845853702, "rate_of_adaptation_per_codon": 0.006876466518496566, "adaptive_muts_per_codon_per_year_scientific": 6.876466518496566}