{"virus": "oc43", "subtype": "b", "gene": "s2", "window": 3, "min_seqs": 2, "midfreq_high": 0.75, "midfreq_low": 0.15, "years": ["1983-1986", "1985-1988", "1986-1989", "1987-1990", "1988-1991", "1989-1992", "1990-1993", "1991-1994", "1992-1995", "1993-1996", "1994-1997", "1995-1998", "1996-1999", "1997-2000", "1999-2002", "2000-2003", "2001-2004", "2002-2005", "2003-2006", "2004-2007", "2005-2008", "2006-2009", "2007-2010", "2008-2011", "2009-2012", "2010-2013", "2011-2014", "2012-2015", "2014-2017", "2015-2018", "2016-2019"], "window_midpoints": [1984.5, 1986.5, 1987.5, 1988.5, 1989.5, 1990.5, 1991.5, 1992.5, 1993.5, 1994.5, 1995.5, 1996.5, 1997.5, 1998.5, 2000.5, 2001.5, 2002.5, 2003.5, 2004.5, 2005.5, 2006.5, 2007.5, 2008.5, 2009.5, 2010.5, 2011.5, 2012.5, 2013.5, 2015.5, 2016.5, 2017.5], "gene_length_in_codons": 596.0, "adaptive_mutations_accumulated": [0.0, 0.0, 0.0, 0.0, 0.0, 0.0, 0.0, 1.6406619385342789, 1.6406619385342789, 1.8516548463356974, 1.8516548463356974, 1.8516548463356974, 1.8516548463356974, 1.8516548463356974, 1.8516548463356974, 1.8516548463356974, 1.8516548463356974, 1.8516548463356974, 1.8516548463356974, 1.8516548463356974, 1.8516548463356974, 1.8516548463356974, 2.671985815602837, 3.546985815602837, 3.546985815602837, 3.546985815602837, 3.546985815602837, 3.546985815602837, 4.546985815602837, 4.546985815602837, 4.546985815602837], "adaptive_muts_per_codon": [0.0, 0.0, 0.0, 0.0, 0.0, 0.0, 0.0, 0.002752788487473622, 0.002752788487473622, 0.0031068034334491568, 0.0031068034334491568, 0.0031068034334491568, 0.0031068034334491568, 0.0031068034334491568, 0.0031068034334491568, 0.0031068034334491568, 0.0031068034334491568, 0.0031068034334491568, 0.0031068034334491568, 0.0031068034334491568, 0.0031068034334491568, 0.0031068034334491568, 0.004483197677185968, 0.005951318482555095, 0.005951318482555095, 0.005951318482555095, 0.005951318482555095, 0.005951318482555095, 0.007629170831548384, 0.007629170831548384, 0.007629170831548384], "rate_of_adaptation": 0.13601607963004567, "rate_of_adaptation_per_codon": 0.00022821489870813032, "adaptive_muts_per_codon_per_year_scientific": 0.2282148987081303}