{"virus": "oc43", "subtype": "a", "gene": "s1", "window": 3, "min_seqs": 2, "midfreq_high": 0.75, "midfreq_low": 0.15, "years": ["1990-1993", "1991-1994", "1994-1997", "1995-1998", "1996-1999", "1997-2000", "1998-2001", "1999-2002", "2000-2003", "2001-2004", "2002-2005", "2003-2006", "2004-2007", "2005-2008", "2006-2009", "2007-2010", "2008-2011", "2009-2012", "2010-2013", "2011-2014", "2012-2015", "2013-2016", "2014-2017", "2015-2018", "2016-2019"], "window_midpoints": [1991.5, 1992.5, 1995.5, 1996.5, 1997.5, 1998.5, 1999.5, 2000.5, 2001.5, 2002.5, 2003.5, 2004.5, 2005.5, 2006.5, 2007.5, 2008.5, 2009.5, 2010.5, 2011.5, 2012.5, 2013.5, 2014.5, 2015.5, 2016.5, 2017.5], "gene_length_in_codons": 753.0, "adaptive_mutations_accumulated": [0.0, 0.0, 6.0, 7.456827309236948, 7.456827309236948, 7.456827309236948, 10.990963855421686, 10.990963855421686, 10.990963855421686, 10.990963855421686, 24.809236947791163, 24.809236947791163, 24.809236947791163, 29.236230636833046, 29.236230636833046, 29.236230636833046, 32.76278848111339, 32.76278848111339, 33.47517134590589, 34.21248646002089, 34.21248646002089, 44.03171072550387, 44.03171072550387, 45.03171072550387, 50.56074995936238], "adaptive_muts_per_codon": [0.0, 0.0, 0.00796812749003984, 0.009902825111868456, 0.009902825111868456, 0.009902825111868456, 0.014596233539736636, 0.014596233539736636, 0.014596233539736636, 0.014596233539736636, 0.03294719382176781, 0.03294719382176781, 0.03294719382176781, 0.0388263355070824, 0.0388263355070824, 0.0388263355070824, 0.043509679257786704, 0.043509679257786704, 0.04445573883918445, 0.04543490897745138, 0.04543490897745138, 0.05847504744422825, 0.05847504744422825, 0.05980306869256822, 0.0671457502780377], "rate_of_adaptation": 1.9333556666592957, "rate_of_adaptation_per_codon": 0.0025675374059220394, "adaptive_muts_per_codon_per_year_scientific": 2.5675374059220393}