{"virus": "oc43", "subtype": "b", "gene": "s1", "window": 3, "min_seqs": 2, "midfreq_high": 0.75, "midfreq_low": 0.15, "years": ["1987-1990", "1988-1991", "1989-1992", "1990-1993", "1991-1994", "1992-1995", "1993-1996", "1994-1997", "1995-1998", "1996-1999", "1997-2000", "1999-2002", "2000-2003", "2001-2004", "2002-2005", "2003-2006", "2004-2007", "2005-2008", "2006-2009", "2007-2010", "2008-2011", "2009-2012", "2010-2013", "2011-2014", "2012-2015", "2013-2016", "2014-2017", "2015-2018", "2016-2019"], "window_midpoints": [1988.5, 1989.5, 1990.5, 1991.5, 1992.5, 1993.5, 1994.5, 1995.5, 1996.5, 1997.5, 1998.5, 2000.5, 2001.5, 2002.5, 2003.5, 2004.5, 2005.5, 2006.5, 2007.5, 2008.5, 2009.5, 2010.5, 2011.5, 2012.5, 2013.5, 2014.5, 2015.5, 2016.5, 2017.5], "gene_length_in_codons": 753.0, "adaptive_mutations_accumulated": [0.0, 0.0, 0.0, 0.0, 0.0, 0.0, 0.75, 0.75, 0.75, 2.75, 2.75, 2.75, 2.75, 2.75, 3.75, 4.25, 4.916666666666667, 32.666666666666664, 32.666666666666664, 33.51282051282051, 33.51282051282051, 33.51282051282051, 33.51282051282051, 33.51282051282051, 33.51282051282051, 33.51282051282051, 33.51282051282051, 33.51282051282051, 33.51282051282051], "adaptive_muts_per_codon": [0.0, 0.0, 0.0, 0.0, 0.0, 0.0, 0.00099601593625498, 0.00099601593625498, 0.00099601593625498, 0.0036520584329349268, 0.0036520584329349268, 0.0036520584329349268, 0.0036520584329349268, 0.0036520584329349268, 0.0049800796812749, 0.005644090305444887, 0.006529437804338203, 0.043382027445772464, 0.043382027445772464, 0.04450573773282936, 0.04450573773282936, 0.04450573773282936, 0.04450573773282936, 0.04450573773282936, 0.04450573773282936, 0.04450573773282936, 0.04450573773282936, 0.04450573773282936, 0.04450573773282936], "rate_of_adaptation": 1.5771174320202246, "rate_of_adaptation_per_codon": 0.002094445460850232, "adaptive_muts_per_codon_per_year_scientific": 2.094445460850232}