{"virus": "rsv", "subtype": "B", "gene": "L", "window": 3, "min_seqs": 2, "midfreq_high": 0.75, "midfreq_low": 0.15, "years": ["1976-1979", "1977-1980", "1978-1981", "1979-1982", "1980-1983", "1981-1984", "1982-1985", "1983-1986", "1984-1987", "1985-1988", "1986-1989", "1987-1990", "1988-1991", "1989-1992", "1990-1993", "1991-1994", "1992-1995", "1993-1996", "1994-1997", "1995-1998", "1996-1999", "1997-2000", "2000-2003", "2001-2004", "2002-2005", "2003-2006", "2004-2007", "2005-2008", "2006-2009", "2007-2010", "2008-2011", "2009-2012", "2010-2013", "2011-2014", "2012-2015", "2013-2016", "2014-2017", "2015-2018", "2016-2019", "2017-2020"], "window_midpoints": [1977.5, 1978.5, 1979.5, 1980.5, 1981.5, 1982.5, 1983.5, 1984.5, 1985.5, 1986.5, 1987.5, 1988.5, 1989.5, 1990.5, 1991.5, 1992.5, 1993.5, 1994.5, 1995.5, 1996.5, 1997.5, 1998.5, 2001.5, 2002.5, 2003.5, 2004.5, 2005.5, 2006.5, 2007.5, 2008.5, 2009.5, 2010.5, 2011.5, 2012.5, 2013.5, 2014.5, 2015.5, 2016.5, 2017.5, 2018.5], "gene_length_in_codons": 2163.0, "adaptive_mutations_accumulated": [9.203421761688231, 9.203421761688231, 9.203421761688231, 9.203421761688231, 9.203421761688231, 9.203421761688231, 9.203421761688231, 12.855483906483503, 12.855483906483503, 12.855483906483503, 13.620001632978957, 13.620001632978957, 13.620001632978957, 16.895177264954533, 16.895177264954533, 16.895177264954533, 24.66078460783948, 25.365433752133065, 25.365433752133065, 25.365433752133065, 26.115433752133065, 26.115433752133065, 31.438911485810717, 32.21668926358849, 32.21668926358849, 32.21668926358849, 32.45796126861603, 32.45796126861603, 32.45796126861603, 32.45796126861603, 32.45796126861603, 32.45796126861603, 32.45796126861603, 32.45796126861603, 32.45796126861603, 32.45796126861603, 33.45190031154379, 34.269619749452076, 34.269619749452076, 35.72583139374566], "adaptive_muts_per_codon": [0.004254933777941855, 0.004254933777941855, 0.004254933777941855, 0.004254933777941855, 0.004254933777941855, 0.004254933777941855, 0.004254933777941855, 0.005943358255424643, 0.005943358255424643, 0.005943358255424643, 0.006296810741090595, 0.006296810741090595, 0.006296810741090595, 0.007810992725360394, 0.007810992725360394, 0.007810992725360394, 0.011401194918094998, 0.011726968909908953, 0.011726968909908953, 0.011726968909908953, 0.012073709547911727, 0.012073709547911727, 0.014534864302270327, 0.014894447186125054, 0.014894447186125054, 0.014894447186125054, 0.01500599226473233, 0.01500599226473233, 0.01500599226473233, 0.01500599226473233, 0.01500599226473233, 0.01500599226473233, 0.01500599226473233, 0.01500599226473233, 0.01500599226473233, 0.01500599226473233, 0.01546551100857318, 0.015843559754716633, 0.015843559754716633, 0.016516796760862533], "rate_of_adaptation": 0.7501381315132066, "rate_of_adaptation_per_codon": 0.000346804499081464, "adaptive_muts_per_codon_per_year_scientific": 0.346804499081464}