{"virus": "vic", "subtype": null, "gene": "ha1", "window": 3, "min_seqs": 2, "midfreq_high": 0.75, "midfreq_low": 0.15, "years": ["1969-1972", "1970-1973", "1971-1974", "1972-1975", "1973-1976", "1974-1977", "1975-1978", "1976-1979", "1977-1980", "1978-1981", "1979-1982", "1980-1983", "1981-1984", "1982-1985", "1983-1986", "1984-1987", "1985-1988", "1986-1989", "1987-1990", "1988-1991", "1989-1992", "1990-1993", "1991-1994", "1992-1995", "1993-1996", "1994-1997", "1995-1998", "1996-1999", "1997-2000", "1998-2001", "1999-2002", "2000-2003", "2001-2004", "2002-2005", "2003-2006", "2004-2007", "2005-2008", "2006-2009", "2007-2010", "2008-2011", "2009-2012", "2010-2013", "2011-2014", "2012-2015", "2013-2016", "2014-2017", "2015-2018", "2016-2019", "2017-2020", "2018-2021", "2019-2022"], "window_midpoints": [1970.5, 1971.5, 1972.5, 1973.5, 1974.5, 1975.5, 1976.5, 1977.5, 1978.5, 1979.5, 1980.5, 1981.5, 1982.5, 1983.5, 1984.5, 1985.5, 1986.5, 1987.5, 1988.5, 1989.5, 1990.5, 1991.5, 1992.5, 1993.5, 1994.5, 1995.5, 1996.5, 1997.5, 1998.5, 1999.5, 2000.5, 2001.5, 2002.5, 2003.5, 2004.5, 2005.5, 2006.5, 2007.5, 2008.5, 2009.5, 2010.5, 2011.5, 2012.5, 2013.5, 2014.5, 2015.5, 2016.5, 2017.5, 2018.5, 2019.5, 2020.5], "gene_length_in_codons": 346.0, "adaptive_mutations_accumulated": [0.0, 1.4922178988326849, 6.276653696498054, 6.276653696498054, 7.011089494163424, 10.795525291828794, 10.795525291828794, 10.795525291828794, 11.545525291828794, 11.545525291828794, 12.545525291828794, 12.545525291828794, 12.545525291828794, 12.545525291828794, 17.47548638132296, 17.47548638132296, 18.342704280155644, 19.227140077821012, 19.227140077821012, 19.227140077821012, 20.219357976653697, 37.19566834515908, 37.93788624399176, 38.73788624399176, 38.73788624399176, 39.480104142824445, 40.27232204165713, 62.086589227130546, 62.086589227130546, 62.086589227130546, 62.086589227130546, 62.086589227130546, 63.05314191352759, 63.05314191352759, 63.05314191352759, 63.05314191352759, 65.42943608605358, 65.42943608605358, 65.42943608605358, 65.42943608605358, 68.11267891326528, 68.11267891326528, 68.11267891326528, 68.11267891326528, 68.11267891326528, 68.11267891326528, 70.70002885945289, 70.70002885945289, 70.70002885945289, 70.70002885945289, 71.52312911122675], "adaptive_muts_per_codon": [0.0, 0.004312768493736083, 0.018140617619936572, 0.018140617619936572, 0.020263264433998337, 0.0312009401497942, 0.0312009401497942, 0.0312009401497942, 0.03336857020759767, 0.03336857020759767, 0.03625874361800229, 0.03625874361800229, 0.03625874361800229, 0.03625874361800229, 0.05050718607318774, 0.05050718607318774, 0.05301359618542094, 0.055569769011043386, 0.055569769011043386, 0.055569769011043386, 0.058437450799577156, 0.10750193163340774, 0.10964707006934035, 0.11195920879766405, 0.11195920879766405, 0.11410434723359666, 0.1163939943400495, 0.17944100932696688, 0.17944100932696688, 0.17944100932696688, 0.17944100932696688, 0.17944100932696688, 0.1822345142009468, 0.1822345142009468, 0.1822345142009468, 0.1822345142009468, 0.1891024164336809, 0.1891024164336809, 0.1891024164336809, 0.1891024164336809, 0.19685745350654707, 0.19685745350654707, 0.19685745350654707, 0.19685745350654707, 0.19685745350654707, 0.19685745350654707, 0.2043353435244303, 0.2043353435244303, 0.2043353435244303, 0.2043353435244303, 0.20671424598620447], "rate_of_adaptation": 1.6692441090284806, "rate_of_adaptation_per_codon": 0.004824404939388673, "adaptive_muts_per_codon_per_year_scientific": 4.824404939388673}