{"virus": "yam", "subtype": null, "gene": "pb1", "window": 3, "min_seqs": 2, "midfreq_high": 0.75, "midfreq_low": 0.15, "years": ["1990-1993", "1991-1994", "1992-1995", "1993-1996", "1994-1997", "1995-1998", "1996-1999", "1997-2000", "1998-2001", "1999-2002", "2000-2003", "2001-2004", "2002-2005", "2003-2006", "2004-2007", "2005-2008", "2006-2009", "2007-2010", "2008-2011", "2009-2012", "2010-2013", "2011-2014", "2012-2015", "2013-2016", "2014-2017", "2015-2018", "2016-2019", "2017-2020"], "window_midpoints": [1991.5, 1992.5, 1993.5, 1994.5, 1995.5, 1996.5, 1997.5, 1998.5, 1999.5, 2000.5, 2001.5, 2002.5, 2003.5, 2004.5, 2005.5, 2006.5, 2007.5, 2008.5, 2009.5, 2010.5, 2011.5, 2012.5, 2013.5, 2014.5, 2015.5, 2016.5, 2017.5, 2018.5], "gene_length_in_codons": 753.0, "adaptive_mutations_accumulated": [0.0, 0.0, 0.0, 0.0, 3.8278210478927392, 4.548646252800522, 4.548646252800522, 5.273842476799269, 5.273842476799269, 5.983486183790072, 5.983486183790072, 5.983486183790072, 5.983486183790072, 6.695647737587744, 6.695647737587744, 6.695647737587744, 6.695647737587744, 6.695647737587744, 7.633946358924028, 9.111808600868848, 9.111808600868848, 9.111808600868848, 9.111808600868848, 9.111808600868848, 9.111808600868848, 9.111808600868848, 9.111808600868848, 9.835607293045943], "adaptive_muts_per_codon": [0.0, 0.0, 0.0, 0.0, 0.005083427686444541, 0.006040698874901091, 0.006040698874901091, 0.007003774869587342, 0.007003774869587342, 0.007946196791221875, 0.007946196791221875, 0.007946196791221875, 0.007946196791221875, 0.008891962466915995, 0.008891962466915995, 0.008891962466915995, 0.008891962466915995, 0.008891962466915995, 0.010138042973338682, 0.012100675432760754, 0.012100675432760754, 0.012100675432760754, 0.012100675432760754, 0.012100675432760754, 0.012100675432760754, 0.012100675432760754, 0.012100675432760754, 0.01306189547549262], "rate_of_adaptation": 0.34437353609134214, "rate_of_adaptation_per_codon": 0.0004573353732952751, "adaptive_muts_per_codon_per_year_scientific": 0.45733537329527507}