{"virus": "yam", "subtype": null, "gene": "ha1", "window": 3, "min_seqs": 2, "midfreq_high": 0.75, "midfreq_low": 0.15, "years": ["1990-1993", "1991-1994", "1992-1995", "1993-1996", "1994-1997", "1995-1998", "1996-1999", "1997-2000", "1998-2001", "1999-2002", "2000-2003", "2001-2004", "2002-2005", "2003-2006", "2004-2007", "2005-2008", "2006-2009", "2007-2010", "2008-2011", "2009-2012", "2010-2013", "2011-2014", "2012-2015", "2013-2016", "2014-2017", "2015-2018", "2016-2019", "2017-2020"], "window_midpoints": [1991.5, 1992.5, 1993.5, 1994.5, 1995.5, 1996.5, 1997.5, 1998.5, 1999.5, 2000.5, 2001.5, 2002.5, 2003.5, 2004.5, 2005.5, 2006.5, 2007.5, 2008.5, 2009.5, 2010.5, 2011.5, 2012.5, 2013.5, 2014.5, 2015.5, 2016.5, 2017.5, 2018.5], "gene_length_in_codons": 346.0, "adaptive_mutations_accumulated": [12.722747443565503, 12.722747443565503, 12.722747443565503, 16.460168928334085, 17.169498574399213, 20.298429695371624, 21.115216259505285, 22.00093054521957, 22.00093054521957, 22.850930545219573, 22.850930545219573, 23.61759721188624, 33.72460910975748, 33.72460910975748, 34.404988160205846, 34.404988160205846, 34.404988160205846, 34.404988160205846, 36.714700948033425, 36.714700948033425, 36.714700948033425, 36.714700948033425, 36.714700948033425, 36.714700948033425, 40.976392943480676, 41.796135432751065, 41.796135432751065, 41.796135432751065], "adaptive_muts_per_codon": [0.03677094636868642, 0.03677094636868642, 0.03677094636868642, 0.04757274256743955, 0.04962282824970871, 0.058665981778530704, 0.06102663658816557, 0.06358650446595251, 0.06358650446595251, 0.06604315186479645, 0.06604315186479645, 0.06825895147944, 0.09746996852531063, 0.09746996852531063, 0.09943638196591285, 0.09943638196591285, 0.09943638196591285, 0.09943638196591285, 0.10611185245096366, 0.10611185245096366, 0.10611185245096366, 0.10611185245096366, 0.10611185245096366, 0.10611185245096366, 0.11842888133953952, 0.1207980792854077, 0.1207980792854077, 0.1207980792854077], "rate_of_adaptation": 1.148115442739565, "rate_of_adaptation_per_codon": 0.003318252724680824, "adaptive_muts_per_codon_per_year_scientific": 3.318252724680824}