{"virus": "229e", "subtype": null, "gene": "spike", "loci_len": 18, "loci_offset": 3, "location": [933, 951], "window": 3, "min_seqs": 2, "midfreq_high": 0.75, "midfreq_low": 0.15, "window_midpoint": [1992.5, 1993.5, 1994.5, 2004.5, 2005.5, 2006.5, 2007.5, 2008.5, 2009.5, 2010.5, 2011.5, 2012.5, 2014.5, 2015.5, 2016.5, 2017.5], "adaptive_substitutions": [0.0, 0.0, 0.0, 3.0, 3.0, 3.0, 3.0, 3.0, 3.0, 3.0, 3.0, 3.7685714285714287, 4.0, 3.9228571428571426, 3.9228571428571426, 3.9109890109890113], "adaptive_substitutions_per_codon": [0.0, 0.0, 0.0, 0.16666666666666666, 0.16666666666666666, 0.16666666666666666, 0.16666666666666666, 0.16666666666666666, 0.16666666666666666, 0.16666666666666666, 0.16666666666666666, 0.20936507936507937, 0.2222222222222222, 0.21793650793650793, 0.21793650793650793, 0.21727716727716728], "rate_of_adaptation": 0.009439874598922279}