{"virus": "229e", "subtype": null, "gene": "spike", "loci_len": 18, "loci_offset": 3, "location": [2901, 2919], "window": 3, "min_seqs": 2, "midfreq_high": 0.75, "midfreq_low": 0.15, "window_midpoint": [1992.5, 1993.5, 1994.5, 2004.5, 2005.5, 2006.5, 2007.5, 2008.5, 2009.5, 2010.5, 2011.5, 2012.5, 2014.5, 2015.5, 2016.5, 2017.5], "adaptive_substitutions": [0.0, 0.0, 0.0, 0.0, 0.0, 0.7107142857142857, 1.0, 0.9357142857142857, 0.9496894409937888, 0.9537142857142856, 1.0, 1.0, 1.0, 0.9228571428571428, 0.9228571428571428, 0.9109890109890111], "adaptive_substitutions_per_codon": [0.0, 0.0, 0.0, 0.0, 0.0, 0.03948412698412698, 0.05555555555555555, 0.05198412698412699, 0.05276052449965493, 0.05298412698412698, 0.05555555555555555, 0.05555555555555555, 0.05555555555555555, 0.05126984126984127, 0.05126984126984127, 0.05061050061050062], "rate_of_adaptation": 0.002631618594720388}