{"virus": "229e", "subtype": null, "gene": "ORF1ab", "window": 3, "min_seqs": 2, "midfreq_high": 0.75, "midfreq_low": 0.15, "window_midpoint": [1992.5, 1993.5, 1994.5, 2000.5, 2001.5, 2002.5, 2003.5, 2004.5, 2005.5, 2008.5, 2009.5, 2010.5, 2012.5, 2013.5, 2014.5, 2015.5, 2016.5, 2017.5, 2018.5, 2019.5, 2020.5], "adaptive_substitutions": [0.0, 0.0, 0.0, 53.98500674313182, 53.98500674313182, 53.98500674313182, 6.2142510107531805, 6.2142510107531805, 6.2142510107531805, 7.483596489845173, 7.860680160573961, 8.21425101075318, 38.17249662126817, 38.17249662126817, 0.7687063812937518, 11.379736904227872, 10.75796420479056, 11.586896525796487, 15.026995458239156, 17.241438208568844, 13.587526506230565], "adaptive_substitutions_per_codon": [0.0, 0.0, 0.0, 0.007987129271065516, 0.007987129271065516, 0.007987129271065516, 0.0009194039074941826, 0.0009194039074941826, 0.0009194039074941826, 0.0011072046885404901, 0.0011629945495744874, 0.0012153056681096584, 0.0056476544786607736, 0.0056476544786607736, 0.00011373078581058615, 0.001683642092650965, 0.0015916502744178962, 0.0017142915410262593, 0.0022232572064268615, 0.0025508859607292268, 0.0020102865078015335], "rate_of_adaptation": -1.0996676596185351e-06}