{"virus": "229e", "subtype": null, "gene": "S2", "window": 3, "min_seqs": 2, "midfreq_high": 0.75, "midfreq_low": 0.15, "window_midpoint": [1992.5, 1993.5, 1994.5, 2003.5, 2004.5, 2005.5, 2006.5, 2007.5, 2008.5, 2009.5, 2010.5, 2011.5, 2012.5, 2013.5, 2014.5, 2015.5, 2016.5, 2017.5, 2018.5, 2019.5, 2020.5], "adaptive_substitutions": [0.0, 0.0, 0.0, 0.0, 0.0, 0.0, 0.7250566893424036, 0.600907029478458, 0.9476298455890292, 0.9577010291296005, 0.8594944150499705, 0.5011337868480725, 0.5, 6.0810657596371875, 0.5, 0.6483101176978727, 0.26826083968941117, 0.27264590046544934, 0.5, 1.201814058956916, 0.5447035957240038], "adaptive_substitutions_per_codon": [0.0, 0.0, 0.0, 0.0, 0.0, 0.0, 0.001180874086876879, 0.0009786759437759901, 0.00154337108402122, 0.0015597736630775254, 0.0013998280375406686, 0.0008161788059414862, 0.0008143322475570033, 0.009904015895174572, 0.0008143322475570033, 0.001055879670517708, 0.0004369069050316143, 0.00044404869782646475, 0.0008143322475570033, 0.0019573518875519802, 0.0008871394067166186], "rate_of_adaptation": 6.969406066316401e-05}