{"virus": "229e", "subtype": null, "gene": "N", "window": 3, "min_seqs": 2, "midfreq_high": 0.75, "midfreq_low": 0.15, "window_midpoint": [1992.5, 1993.5, 1994.5, 2003.5, 2004.5, 2005.5, 2006.5, 2007.5, 2008.5, 2009.5, 2010.5, 2011.5, 2012.5, 2013.5, 2014.5, 2015.5, 2016.5, 2017.5, 2018.5, 2019.5, 2020.5], "adaptive_substitutions": [0.0, 0.0, 0.0, 0.0, 0.0, 0.0, 0.6257267441860466, 0.7387873754152824, 0.7936046511627907, 0.8235828488372093, 0.8013263081395349, 0.7238372093023255, 2.293927648578811, 2.2921511627906974, 0.0, 2.688538205980066, 2.4593023255813953, 2.501376988984088, 2.4912790697674416, 2.7790697674418605, 2.326827242524917], "adaptive_substitutions_per_codon": [0.0, 0.0, 0.0, 0.0, 0.0, 0.0, 0.0016044275491949912, 0.0018943266036289292, 0.0020348837209302325, 0.002111750894454383, 0.002054682841383423, 0.0018559928443649372, 0.005881865765586696, 0.005877310673822301, 0.0, 0.0068936877076411955, 0.006305903398926655, 0.006413787151241251, 0.0063878950506857475, 0.007125819916517591, 0.005966223698781838], "rate_of_adaptation": 0.00027542772510300733}