{"virus": "adenovirusB7", "subtype": null, "gene": "100K", "window": 3, "min_seqs": 2, "midfreq_high": 0.75, "midfreq_low": 0.15, "window_midpoint": [1987.5, 1988.5, 1989.5, 1996.5, 1997.5, 1998.5, 2005.5, 2006.5, 2007.5, 2008.5, 2009.5, 2010.5, 2011.5, 2012.5, 2013.5, 2014.5, 2015.5, 2016.5, 2017.5], "adaptive_substitutions": [0.0, 0.0, 0.0, 0.0, 0.0, 0.0, 0.0, 0.0, 0.0, 0.0, 0.0, 1.8181818181818181, 2.0, 1.8518518518518519, 1.75, 1.6666666666666667, 1.7777777777777777, 1.96875, 2.0], "adaptive_substitutions_per_codon": [0.0, 0.0, 0.0, 0.0, 0.0, 0.0, 0.0, 0.0, 0.0, 0.0, 0.0, 0.002190580503833516, 0.0024096385542168677, 0.0022311468094600626, 0.002108433734939759, 0.0020080321285140565, 0.00214190093708166, 0.002371987951807229, 0.0024096385542168677], "rate_of_adaptation": 8.734071126689731e-05}