{"virus": "dengue", "subtype": "denv3_III", "gene": "NS3", "window": 3, "min_seqs": 2, "midfreq_high": 0.75, "midfreq_low": 0.15, "window_midpoint": [1982.5, 1983.5, 1984.5, 1985.5, 1986.5, 1988.5, 1989.5, 1990.5, 1993.5, 1994.5, 1995.5, 1996.5, 1997.5, 1998.5, 1999.5, 2000.5, 2001.5, 2002.5, 2003.5, 2004.5, 2005.5, 2006.5, 2007.5, 2008.5, 2009.5, 2010.5, 2011.5, 2012.5, 2013.5, 2014.5, 2015.5, 2016.5, 2017.5], "adaptive_substitutions": [0.0, 0.0, 0.0, 0.0, 0.0, 0.23056850932409279, 0.23056850932409279, 0.23056850932409279, 0.7425040473572426, 0.7425040473572426, 0.6803498518917495, 1.556041460960763, 1.6093164856454716, 1.7513832181380273, 1.7513832181380273, 1.760262388918812, 1.5471622901799784, 1.6537123395493951, 1.83129575516509, 1.442423645330502, 1.4319353007731292, 1.4362168321077566, 1.4106446590623776, 1.490804183839146, 1.5160712567075547, 1.5766555589340996, 1.667298210493449, 0.9864309092658275, 0.8075696445869456, 0.6892290226725342, 0.7425040473572426, 0.7425040473572426, 0.7768086540787195], "adaptive_substitutions_per_codon": [0.0, 0.0, 0.0, 0.0, 0.0, 0.00037248547548318704, 0.00037248547548318704, 0.00037248547548318704, 0.0011995218858759978, 0.0011995218858759978, 0.0010991112308428909, 0.002513798806075546, 0.002599865081818209, 0.0028293751504653106, 0.0028293751504653106, 0.0028437195297557546, 0.0024994544267851024, 0.0026715869782704283, 0.0029584745640793054, 0.0023302482153966107, 0.002313304201572099, 0.002320221053485875, 0.002278908980714665, 0.002408407405232869, 0.0024492265859572776, 0.002547101064513893, 0.002693535073495071, 0.001593587898652387, 0.0013046359363278605, 0.0011134556101333347, 0.0011995218858759978, 0.0011995218858759978, 0.0012549412828412269], "rate_of_adaptation": 5.452163827558796e-05}