{"virus": "dengue", "subtype": "denv2_C", "gene": "E", "window": 3, "min_seqs": 2, "midfreq_high": 0.75, "midfreq_low": 0.15, "window_midpoint": [1976.5, 1977.5, 1992.5, 1993.5, 1994.5, 1995.5, 1996.5, 1997.5, 2000.5, 2001.5, 2002.5, 2003.5, 2004.5, 2005.5, 2006.5, 2007.5, 2008.5, 2009.5, 2010.5, 2011.5, 2012.5, 2013.5, 2014.5, 2015.5, 2016.5, 2017.5], "adaptive_substitutions": [0.0, 0.0, 8.916657555118984, 8.916657555118984, 8.916657555118984, 2.0249917996070863, 2.0249917996070863, 2.0249917996070863, 3.4011812344778276, 2.6522625389057737, 2.7018757548518355, 2.0417291297962663, 1.5806810331840044, 1.4786831479028406, 1.523069353483464, 1.848429128765567, 1.850555791590975, 1.9384762540959044, 1.4773545708813747, 1.7002847785535606, 1.6903045578518991, 1.8244157940286911, 2.5992388401607185, 2.5793786753540764, 2.5322175904736888, 2.533795014030841], "adaptive_substitutions_per_codon": [0.0, 0.0, 0.01801344960630098, 0.01801344960630098, 0.01801344960630098, 0.00409089252445876, 0.00409089252445876, 0.00409089252445876, 0.006871073200965308, 0.005358106139203583, 0.005458334858286536, 0.00412470531271973, 0.0031932950165333425, 0.0029872386826320014, 0.003076907784815079, 0.0037342002601324586, 0.003738496548668636, 0.003916113644638191, 0.0029845546886492417, 0.0034349187445526477, 0.0034147566825290894, 0.0036856884727852345, 0.00525098755588024, 0.005210866010816316, 0.005115591091866038, 0.005118777806122911], "rate_of_adaptation": -6.43750628828253e-05}