{"virus": "dengue", "subtype": "denv4_I", "gene": "C", "window": 3, "min_seqs": 2, "midfreq_high": 0.75, "midfreq_low": 0.15, "window_midpoint": [1957.5, 1978.5, 1990.5, 1991.5, 2000.5, 2001.5, 2002.5, 2003.5, 2004.5, 2005.5, 2006.5, 2007.5, 2008.5, 2009.5, 2010.5, 2011.5, 2012.5, 2013.5, 2014.5, 2015.5, 2016.5, 2017.5], "adaptive_substitutions": [0.0, 0.9103139013452914, 0.0, 0.0, 1.6860986547085202, 0.7982062780269058, 0.5874439461883408, 0.0, 1.3443946188340807, 1.5582959641255605, 1.515695067264574, 1.5002038320423972, 0.9551569506726457, 0.9551569506726457, 0.8315182575272261, 0.0, 1.568609865470852, 1.6860986547085202, 1.5724962630792227, 1.4338565022421526, 1.452651015563176, 0], "adaptive_substitutions_per_codon": [0.0, 0.008055875233144173, 0.0, 0.0, 0.014921227032818762, 0.007063772371919521, 0.005198618992817175, 0.0, 0.011897297511806024, 0.01379022977102266, 0.013413230683757292, 0.013276140106569887, 0.008452716377634032, 0.008452716377634032, 0.007358568650683416, 0.0, 0.013881503234255327, 0.014921227032818762, 0.013915896133444449, 0.012688995595063297, 0.012855318721798018, 0.0], "rate_of_adaptation": 0.00017975543185173618}