{"virus": "dengue", "subtype": "denv3_III", "gene": "NS2A", "window": 3, "min_seqs": 2, "midfreq_high": 0.75, "midfreq_low": 0.15, "window_midpoint": [1982.5, 1983.5, 1984.5, 1985.5, 1986.5, 1988.5, 1989.5, 1990.5, 1993.5, 1994.5, 1995.5, 1996.5, 1997.5, 1998.5, 1999.5, 2000.5, 2001.5, 2002.5, 2003.5, 2004.5, 2005.5, 2006.5, 2007.5, 2008.5, 2009.5, 2010.5, 2011.5, 2012.5, 2013.5, 2014.5, 2015.5, 2016.5, 2017.5], "adaptive_substitutions": [0.0, 0.0, 0.0, 0.0, 0.0, 1.686962880774662, 1.686962880774662, 1.686962880774662, 0.5142424853742182, 0.0, 0.0, 0.0, 0.5958200524510793, 0.5026997697439357, 0.4957526729876941, 0.5614842749688135, 0.613461483039857, 0.4596747744891784, 0, 0.28945808957030456, 0, 0, 0, 1.1842450070607222, 1.3078874845409652, 1.2070834173895502, 1.327417298198469, 0.7073431510994552, 0.47008271131732904, 0.47008271131732904, 0.5142424853742182, 0.5142424853742182, 0.6025620334879968], "adaptive_substitutions_per_codon": [0.0, 0.0, 0.0, 0.0, 0.0, 0.00773836183841588, 0.00773836183841588, 0.00773836183841588, 0.0023589104833679738, 0.0, 0.0, 0.0, 0.002733119506656327, 0.0023059622465318153, 0.0022740948302187804, 0.002575615940223915, 0.0028140435001828305, 0.0021085998829778823, 0.0, 0.0013277894016986448, 0.0, 0.0, 0.0, 0.005432316546150102, 0.005999483874041125, 0.00553707989628234, 0.006089070175222335, 0.0032446933536672256, 0.0021563427124648123, 0.0021563427124648123, 0.0023589104833679738, 0.0023589104833679738, 0.002764046025174297], "rate_of_adaptation": 3.7317491042698096e-05}