{"virus": "dengue", "subtype": "denv4_I", "gene": "M", "window": 3, "min_seqs": 2, "midfreq_high": 0.75, "midfreq_low": 0.15, "window_midpoint": [1957.5, 1978.5, 1990.5, 1991.5, 2000.5, 2001.5, 2002.5, 2003.5, 2004.5, 2005.5, 2006.5, 2007.5, 2008.5, 2009.5, 2010.5, 2011.5, 2012.5, 2013.5, 2014.5, 2015.5, 2016.5, 2017.5], "adaptive_substitutions": [0.0, 2.0, 1.0, 1.0, 2.0, 2.0, 1.75, 1.0, 1.8, 2.0, 2.0, 2.0, 2.0, 2.0, 2.0, 2.0, 2.0, 2.0, 2.0, 2.0, 2.0, 2.0], "adaptive_substitutions_per_codon": [0.0, 0.012048192771084338, 0.006024096385542169, 0.006024096385542169, 0.012048192771084338, 0.012048192771084338, 0.010542168674698794, 0.006024096385542169, 0.010843373493975903, 0.012048192771084338, 0.012048192771084338, 0.012048192771084338, 0.012048192771084338, 0.012048192771084338, 0.012048192771084338, 0.012048192771084338, 0.012048192771084338, 0.012048192771084338, 0.012048192771084338, 0.012048192771084338, 0.012048192771084338, 0.012048192771084338], "rate_of_adaptation": 0.00017381057682079395}