{"virus": "dengue", "subtype": "denv1_I", "gene": "NS3", "window": 3, "min_seqs": 2, "midfreq_high": 0.75, "midfreq_low": 0.15, "window_midpoint": [1982.5, 1986.5, 1987.5, 1989.5, 1990.5, 1991.5, 1992.5, 1993.5, 1994.5, 1995.5, 1996.5, 1997.5, 1998.5, 1999.5, 2000.5, 2001.5, 2002.5, 2003.5, 2004.5, 2005.5, 2006.5, 2007.5, 2008.5, 2009.5, 2010.5, 2011.5, 2012.5, 2013.5, 2014.5, 2015.5, 2016.5, 2017.5], "adaptive_substitutions": [0.0, 0.0, 0.0, 0.0, 0, 0, 0, 0, 0, 0, 0.0, 1.3959419315060815, 0.7105543411243764, 0.7130392541524205, 1.6111806554606845, 1.6037404480316875, 1.7174220231931772, 1.7987522258583295, 1.3375150290792455, 1.4064944954140983, 1.4248360517908192, 1.3206658819572894, 1.3065851155612898, 1.7760615596499236, 1.7315682467860036, 1.7359962497006385, 1.7923803118018689, 1.2873437587579173, 1.2608551050503638, 0.9025839358780338, 1.4070119387926685, 1.8848719242194945], "adaptive_substitutions_per_codon": [0.0, 0.0, 0.0, 0.0, 0.0, 0.0, 0.0, 0.0, 0.0, 0.0, 0.0, 0.00225515659370934, 0.0011479068515741137, 0.001151921250650114, 0.0026028766647183915, 0.0025908569435083803, 0.0027745105382765384, 0.0029059002033252498, 0.002160767413698296, 0.0022722043544654252, 0.002301835301762228, 0.0021335474668130686, 0.002110799863588513, 0.002869243230452219, 0.002797363888184174, 0.0028045173662368957, 0.0028956063195506765, 0.0020797152807074592, 0.0020369226252833017, 0.0014581323681389883, 0.0022730402888411446, 0.00304502734122697], "rate_of_adaptation": 0.00010029736570719629}