{"virus": "dengue", "subtype": "denv1_I", "gene": "NS1", "window": 3, "min_seqs": 2, "midfreq_high": 0.75, "midfreq_low": 0.15, "window_midpoint": [1982.5, 1986.5, 1987.5, 1989.5, 1990.5, 1991.5, 1992.5, 1993.5, 1994.5, 1995.5, 1996.5, 1997.5, 1998.5, 1999.5, 2000.5, 2001.5, 2002.5, 2003.5, 2004.5, 2005.5, 2006.5, 2007.5, 2008.5, 2009.5, 2010.5, 2011.5, 2012.5, 2013.5, 2014.5, 2015.5, 2016.5, 2017.5], "adaptive_substitutions": [0.0, 0.8636476022145595, 0.8636476022145595, 0.8909180817716477, 0.8909180817716477, 0.9727295204429119, 0.9727295204429119, 1.801517773850064, 0.9727295204429119, 0.9727295204429119, 0.9454590408858238, 3.5364018475295027, 3.7691264229980086, 3.824284381601023, 3.9003784911978436, 3.0639808268310094, 4.10434100053769, 4.411170472721189, 4.06240751554487, 3.838165685915322, 3.8817053340376853, 3.854592815704188, 4.547328162894267, 4.200884764931973, 4.228837703151214, 4.2218658333897325, 5.05728472722729, 5.257677074866574, 4.672700427183533, 4.638188716501535, 4.807714636205987, 5.383252181111218], "adaptive_substitutions_per_codon": [0.0, 0.0024535443244731803, 0.0024535443244731803, 0.002531017277760363, 0.002531017277760363, 0.002763436137621909, 0.002763436137621909, 0.005117948221164955, 0.002763436137621909, 0.002763436137621909, 0.0026859631843347267, 0.01004659615775427, 0.010707745519880706, 0.010864444265911996, 0.011080620713630238, 0.008704490985315368, 0.011660059660618437, 0.012531734297503377, 0.011540930441888836, 0.010903879789532165, 0.01102757197169797, 0.010950547771886898, 0.012918545917313258, 0.011934331718556741, 0.012013743474861404, 0.011993937026675377, 0.01436728615689571, 0.014936582599052768, 0.013274717122680491, 0.01317667249006118, 0.013658280216494283, 0.015293330059975052], "rate_of_adaptation": 0.00045407725204933377}