{"virus": "dengue", "subtype": "denv4_I", "gene": "NS1", "window": 3, "min_seqs": 2, "midfreq_high": 0.75, "midfreq_low": 0.15, "window_midpoint": [1957.5, 1978.5, 1990.5, 1991.5, 2000.5, 2001.5, 2002.5, 2003.5, 2004.5, 2005.5, 2006.5, 2007.5, 2008.5, 2009.5, 2010.5, 2011.5, 2012.5, 2013.5, 2014.5, 2015.5, 2016.5, 2017.5], "adaptive_substitutions": [0.0, 3.6585111920874547, 0.9333680374804789, 0.9333680374804789, 10.416970327954191, 8.500260281103593, 7.187792816241541, 0.8917230609057782, 7.975273295158771, 10.739198334200937, 10.631035268089537, 8.47258263925039, 7.481341098386258, 3.750130140551796, 3.7584591358667363, 6.541905257678293, 6.228578865174388, 9.242061426340447, 10.162415408641333, 8.783706402915149, 8.890069510365311, 6.483029672045809], "adaptive_substitutions_per_codon": [0.0, 0.010393497704793905, 0.0026516137428422696, 0.0026516137428422696, 0.029593665704415316, 0.02414846670768066, 0.02041986595523165, 0.0025333041503005065, 0.022657026406701055, 0.03050908617670721, 0.03020180473889073, 0.024069837043324972, 0.021253809938597323, 0.010653778808385785, 0.010677440726894137, 0.01858495811840424, 0.017694826321518146, 0.026255856324830816, 0.02887049832000379, 0.024953711371918038, 0.025255879290810544, 0.01841769793194832], "rate_of_adaptation": 0.00042881464360279743}