{"virus": "dengue", "subtype": "denv2_AI", "gene": "E3", "window": 3, "min_seqs": 2, "midfreq_high": 0.75, "midfreq_low": 0.15, "window_midpoint": [1965.5, 1973.5, 1974.5, 1975.5, 1984.5, 1985.5, 1993.5, 1994.5, 1995.5, 1996.5, 1997.5, 1998.5, 1999.5, 2000.5, 2001.5, 2002.5, 2003.5, 2004.5, 2005.5, 2006.5, 2007.5, 2008.5, 2009.5, 2010.5, 2011.5, 2012.5, 2013.5, 2014.5, 2015.5], "adaptive_substitutions": [0.0, 0.905003739310064, 0.905003739310064, 0.905003739310064, 0.8733383190800853, 0.8733383190800853, 0.8416728988501065, 0.8733383190800853, 0.8733383190800853, 0.8416728988501065, 0.8416728988501065, 0.7783420583901492, 0.7783420583901492, 0.8733383190800853, 0.8733383190800853, 0.8733383190800853, 0.8416728988501065, 0.8416728988501065, 0.905003739310064, 0.905003739310064, 0.905003739310064, 0.905003739310064, 0.905003739310064, 0.8733383190800853, 0.8733383190800853, 0.8100074786201279, 0.8100074786201279, 0.8100074786201279, 0.8416728988501065], "adaptive_substitutions_per_codon": [0.0, 0.009234732033776163, 0.009234732033776163, 0.009234732033776163, 0.008911615500817196, 0.008911615500817196, 0.00858849896785823, 0.008911615500817196, 0.008911615500817196, 0.00858849896785823, 0.00858849896785823, 0.007942265901940299, 0.007942265901940299, 0.008911615500817196, 0.008911615500817196, 0.008911615500817196, 0.00858849896785823, 0.00858849896785823, 0.009234732033776163, 0.009234732033776163, 0.009234732033776163, 0.009234732033776163, 0.009234732033776163, 0.008911615500817196, 0.008911615500817196, 0.008265382434899264, 0.008265382434899264, 0.008265382434899264, 0.00858849896785823], "rate_of_adaptation": 5.004407246636754e-05}