{"virus": "dengue", "subtype": "denv4_I", "gene": "E2", "window": 3, "min_seqs": 2, "midfreq_high": 0.75, "midfreq_low": 0.15, "window_midpoint": [1957.5, 1978.5, 1990.5, 1991.5, 2000.5, 2001.5, 2002.5, 2003.5, 2004.5, 2005.5, 2006.5, 2007.5, 2008.5, 2009.5, 2010.5, 2011.5, 2012.5, 2013.5, 2014.5, 2015.5, 2016.5, 2017.5], "adaptive_substitutions": [0.0, 0.9, 0.0, 0.0, 5.366666666666667, 4.433333333333334, 3.3333333333333335, 0.9, 3.744444444444445, 5.940740740740741, 5.883333333333333, 4.533333333333333, 3.6755555555555555, 1.375, 0.7333333333333334, 3.4333333333333336, 3.466666666666667, 5.266666666666667, 4.692592592592593, 4.427083333333334, 4.543137254901961, 3.328888888888889], "adaptive_substitutions_per_codon": [0.0, 0.005389221556886228, 0.0, 0.0, 0.032135728542914174, 0.02654690618762475, 0.01996007984031936, 0.005389221556886228, 0.02242182302062542, 0.03557329784874695, 0.03522954091816367, 0.02714570858283433, 0.022009314703925482, 0.008233532934131737, 0.00439121756487026, 0.020558882235528944, 0.020758483033932136, 0.03153692614770459, 0.028099356841871814, 0.026509481037924155, 0.02720441470001174, 0.019933466400532267], "rate_of_adaptation": 0.0005053883410664394}