{"virus": "dengue", "subtype": "denv3_III", "gene": "NS4B", "window": 3, "min_seqs": 2, "midfreq_high": 0.75, "midfreq_low": 0.15, "window_midpoint": [1982.5, 1983.5, 1984.5, 1985.5, 1986.5, 1988.5, 1989.5, 1990.5, 1993.5, 1994.5, 1995.5, 1996.5, 1997.5, 1998.5, 1999.5, 2000.5, 2001.5, 2002.5, 2003.5, 2004.5, 2005.5, 2006.5, 2007.5, 2008.5, 2009.5, 2010.5, 2011.5, 2012.5, 2013.5, 2014.5, 2015.5, 2016.5, 2017.5], "adaptive_substitutions": [0.0, 0.0, 0.0, 0.0, 0.0, 0.0, 0.0, 0.0, 0.0, 0, 0.0, 0.0, 0, 0, 0, 0, 0, 0.0033978763272954396, 0.012893364411470475, 0.0028246234992018874, 0, 0.002415973676582855, 0.004263556651138839, 0.004191824554098132, 0, 0, 0, 0, 0, 0.7454091193004372, 0, 0, 0.8295232146575058], "adaptive_substitutions_per_codon": [0.0, 0.0, 0.0, 0.0, 0.0, 0.0, 0.0, 0.0, 0.0, 0.0, 0.0, 0.0, 0.0, 0.0, 0.0, 0.0, 0.0, 1.3701114222965482e-05, 5.198937262689708e-05, 1.1389610883878578e-05, 0.0, 9.7418293410599e-06, 1.7191760690075964e-05, 1.690251836329892e-05, 0.0, 0.0, 0.0, 0.0, 0.0, 0.003005681932663053, 0.0, 0.0, 0.0033448516720060717], "rate_of_adaptation": 2.7164874546581816e-05}