{"virus": "dengue", "subtype": "denv4_I", "gene": "NS5", "window": 3, "min_seqs": 2, "midfreq_high": 0.75, "midfreq_low": 0.15, "window_midpoint": [1957.5, 1978.5, 1990.5, 1991.5, 2000.5, 2001.5, 2002.5, 2003.5, 2004.5, 2005.5, 2006.5, 2007.5, 2008.5, 2009.5, 2010.5, 2011.5, 2012.5, 2013.5, 2014.5, 2015.5, 2016.5, 2017.5], "adaptive_substitutions": [0.0, 3.25, 0.0, 0.0, 16.0, 10.0, 0.3333333333333333, 0.25, 0.25, 11.0, 10.0, 9.577777777777778, 7.010989010989011, 5.2444444444444445, 4.428571428571429, 9.0, 9.0, 13.0, 10.666666666666668, 9.78125, 9.88235294117647, 7.7666666666666675], "adaptive_substitutions_per_codon": [0.0, 0.003611111111111111, 0.0, 0.0, 0.017777777777777778, 0.011111111111111112, 0.00037037037037037035, 0.0002777777777777778, 0.0002777777777777778, 0.012222222222222223, 0.011111111111111112, 0.010641975308641975, 0.0077899877899877895, 0.00582716049382716, 0.004920634920634921, 0.01, 0.01, 0.014444444444444444, 0.011851851851851853, 0.010868055555555556, 0.010980392156862744, 0.008629629629629631], "rate_of_adaptation": 0.00021049875512332887}