{"virus": "dengue", "subtype": "denv4_I", "gene": "E", "window": 3, "min_seqs": 2, "midfreq_high": 0.75, "midfreq_low": 0.15, "window_midpoint": [1957.5, 1978.5, 1990.5, 1991.5, 2000.5, 2001.5, 2002.5, 2003.5, 2004.5, 2005.5, 2006.5, 2007.5, 2008.5, 2009.5, 2010.5, 2011.5, 2012.5, 2013.5, 2014.5, 2015.5, 2016.5, 2017.5], "adaptive_substitutions": [0.0, 4.0, 3.25, 3.25, 12.0, 11.0, 9.375, 4.25, 10.083333333333332, 12.666666666666666, 12.629166666666666, 11.1, 9.899999999999999, 5.6875, 4.857142857142857, 10.0, 10.0, 13.0, 12.111111111111112, 11.625, 11.705882352941176, 9.666666666666666], "adaptive_substitutions_per_codon": [0.0, 0.00808080808080808, 0.0065656565656565654, 0.0065656565656565654, 0.024242424242424242, 0.022222222222222223, 0.01893939393939394, 0.008585858585858586, 0.02037037037037037, 0.02558922558922559, 0.025513468013468012, 0.022424242424242423, 0.019999999999999997, 0.01148989898989899, 0.009812409812409812, 0.020202020202020204, 0.020202020202020204, 0.026262626262626262, 0.024466891133557805, 0.023484848484848483, 0.02364824717765894, 0.019528619528619527], "rate_of_adaptation": 0.0004061259877770878}