{"virus": "dengue", "subtype": "denv1_III", "gene": "E", "window": 3, "min_seqs": 2, "midfreq_high": 0.75, "midfreq_low": 0.15, "window_midpoint": [1981.5, 2004.5, 2005.5, 2006.5, 2008.5, 2009.5, 2010.5, 2011.5, 2012.5, 2013.5, 2014.5], "adaptive_substitutions": [0.0, 0.0, 0.0, 0.76, 0.6699999999999999, 0.6699999999999999, 0.76, 1.2109999999999999, 1.2768888888888892, 1.25296875, 1.3303225806451613], "adaptive_substitutions_per_codon": [0.0, 0.0, 0.0, 0.0015353535353535353, 0.0013535353535353534, 0.0013535353535353534, 0.0015353535353535353, 0.0024464646464646463, 0.0025795735129068467, 0.00253125, 0.0026875203649397196], "rate_of_adaptation": 8.405281384764978e-05}