{"virus": "dengue", "subtype": "denv1_I", "gene": "M", "window": 3, "min_seqs": 2, "midfreq_high": 0.75, "midfreq_low": 0.15, "window_midpoint": [1982.5, 1986.5, 1987.5, 1989.5, 1990.5, 1991.5, 1992.5, 1993.5, 1994.5, 1995.5, 1996.5, 1997.5, 1998.5, 1999.5, 2000.5, 2001.5, 2002.5, 2003.5, 2004.5, 2005.5, 2006.5, 2007.5, 2008.5, 2009.5, 2010.5, 2011.5, 2012.5, 2013.5, 2014.5, 2015.5, 2016.5, 2017.5], "adaptive_substitutions": [0.0, 0.0, 0.0, 0.0, 0.0, 0.0, 0.0, 0.0, 0.0, 0.0, 0.0, 0.75, 0.8, 0.8333333333333334, 0.8888888888888888, 0.8666666666666667, 0.0, 0.0, 0.0, 0.8192771084337349, 0.8660714285714286, 0.8672566371681416, 0.9158878504672897, 0.9183673469387755, 0.9696969696969697, 0.9818181818181818, 1.0, 1.0089285714285714, 1.0, 1.0, 1.0, 1.0], "adaptive_substitutions_per_codon": [0.0, 0.0, 0.0, 0.0, 0.0, 0.0, 0.0, 0.0, 0.0, 0.0, 0.0, 0.004518072289156626, 0.004819277108433735, 0.0050200803212851405, 0.00535475234270415, 0.005220883534136547, 0.0, 0.0, 0.0, 0.004935404267673102, 0.005217297762478486, 0.005224437573302058, 0.0055173966895619864, 0.005532333415293828, 0.005841548010222709, 0.005914567360350492, 0.006024096385542169, 0.00607788296041308, 0.006024096385542169, 0.006024096385542169, 0.006024096385542169, 0.006024096385542169], "rate_of_adaptation": 0.00023297106336664123}