{"virus": "dengue", "subtype": "denv4_II", "gene": "NS2A", "window": 3, "min_seqs": 2, "midfreq_high": 0.75, "midfreq_low": 0.15, "window_midpoint": [1981.5, 1982.5, 1983.5, 1993.5, 1994.5, 1995.5, 1996.5, 1997.5, 1998.5, 1999.5, 2000.5, 2001.5, 2002.5, 2003.5, 2004.5, 2005.5, 2006.5, 2007.5, 2008.5, 2009.5, 2010.5, 2011.5, 2012.5, 2013.5, 2014.5, 2015.5, 2016.5], "adaptive_substitutions": [0.0, 0.0, 0.0, 0.0, 0.0, 0.0, 0.0, 4.5120000000000005, 4.5120000000000005, 4.372869565217391, 4.172, 3.7199999999999998, 4.72, 4.4399999999999995, 3.288, 3.552, 3.8537142857142856, 3.4964210526315793, 0.0, 0, 0, 3.8783448275862065, 3.9960000000000004, 3.5599999999999996, 0.0, 0.0, 3.4319999999999995], "adaptive_substitutions_per_codon": [0.0, 0.0, 0.0, 0.0, 0.0, 0.0, 0.0, 0.02069724770642202, 0.02069724770642202, 0.020059034702832067, 0.01913761467889908, 0.017064220183486238, 0.02165137614678899, 0.02036697247706422, 0.015082568807339448, 0.016293577981651375, 0.017677588466579294, 0.016038628681796237, 0.0, 0.0, 0.0, 0.01779057260360645, 0.0183302752293578, 0.016330275229357795, 0.0, 0.0, 0.015743119266055042], "rate_of_adaptation": 0.0002765704081847159}