{"virus": "dengue", "subtype": "denv1_I", "gene": "E", "window": 3, "min_seqs": 2, "midfreq_high": 0.75, "midfreq_low": 0.15, "window_midpoint": [1982.5, 1986.5, 1987.5, 1989.5, 1990.5, 1991.5, 1992.5, 1993.5, 1994.5, 1995.5, 1996.5, 1997.5, 1998.5, 1999.5, 2000.5, 2001.5, 2002.5, 2003.5, 2004.5, 2005.5, 2006.5, 2007.5, 2008.5, 2009.5, 2010.5, 2011.5, 2012.5, 2013.5, 2014.5, 2015.5, 2016.5, 2017.5], "adaptive_substitutions": [0.0, 1.8264330013512216, 1.8264330013512216, 1.797505168243092, 1.797505168243092, 1.5413127231981045, 1.3119690847971568, 0.0, 0, 0, 0.0, 2.479299004053665, 2.7718680699996803, 2.793347115314912, 2.906286412461977, 2.8437539937382734, 3.172425790670538, 3.3506830249151487, 2.8782248403805517, 3.5660599173228027, 3.596976853993171, 3.598440246929008, 3.6276347949318573, 4.150813009059027, 4.207689515089611, 4.175124122391912, 4.286647930064238, 4.623938169594314, 4.5660825033780545, 4.537154670269924, 4.595010336486184, 4.49376292060773], "adaptive_substitutions_per_codon": [0.0, 0.0036897636390933767, 0.0036897636390933767, 0.0036313235722082665, 0.0036313235722082665, 0.003113763077167888, 0.0026504425955498115, 0.0, 0.0, 0.0, 0.0, 0.005008684856674071, 0.005599733474746829, 0.005643125485484671, 0.005871285681741368, 0.005744957563107623, 0.006408940991253612, 0.0067690566159902, 0.005814595637132428, 0.007204161449136975, 0.0072666199070569116, 0.007269576256422238, 0.00732855514127648, 0.008385480826381872, 0.008500382858766892, 0.008434594186650327, 0.008659894808210583, 0.009341289231503664, 0.009224409097733444, 0.009165969030848332, 0.009282849164618554, 0.009078308930520666], "rate_of_adaptation": 0.00027722470142166594}