{"virus": "dengue", "subtype": "denv2_C", "gene": "E3", "window": 3, "min_seqs": 2, "midfreq_high": 0.75, "midfreq_low": 0.15, "window_midpoint": [1976.5, 1977.5, 1992.5, 1993.5, 1994.5, 1995.5, 1996.5, 1997.5, 2000.5, 2001.5, 2002.5, 2003.5, 2004.5, 2005.5, 2006.5, 2007.5, 2008.5, 2009.5, 2010.5, 2011.5, 2012.5, 2013.5, 2014.5, 2015.5, 2016.5, 2017.5], "adaptive_substitutions": [0.0, 0.0, 1.9071420761530558, 1.9071420761530558, 1.9071420761530558, 0.7678551903826396, 0.7678551903826396, 0.7678551903826396, 1.0, 1.0, 1.0, 1.0, 0.5, 0.5, 0.5, 0.7808022535082817, 0.821928769540093, 0.7872638620504611, 0.9106915488337807, 0.7761007211475073, 0.9845236793588427, 1.0, 1.0, 0.9201651062826346, 0.9188245746076638, 0.9129495310626311], "adaptive_substitutions_per_codon": [0.0, 0.0, 0.019460633430133222, 0.019460633430133222, 0.019460633430133222, 0.007835257044720812, 0.007835257044720812, 0.007835257044720812, 0.01020408163265306, 0.01020408163265306, 0.01020408163265306, 0.01020408163265306, 0.00510204081632653, 0.00510204081632653, 0.00510204081632653, 0.007967369933757976, 0.008387028260613194, 0.008033304714800623, 0.00929277090646715, 0.007919395113750075, 0.010046159993457579, 0.01020408163265306, 0.01020408163265306, 0.009389439860026884, 0.009375760965384325, 0.009315811541455419], "rate_of_adaptation": 6.481024018509884e-05}