{"virus": "dengue", "subtype": "denv4_II", "gene": "NS3", "window": 3, "min_seqs": 2, "midfreq_high": 0.75, "midfreq_low": 0.15, "window_midpoint": [1981.5, 1982.5, 1983.5, 1993.5, 1994.5, 1995.5, 1996.5, 1997.5, 1998.5, 1999.5, 2000.5, 2001.5, 2002.5, 2003.5, 2004.5, 2005.5, 2006.5, 2007.5, 2008.5, 2009.5, 2010.5, 2011.5, 2012.5, 2013.5, 2014.5, 2015.5, 2016.5], "adaptive_substitutions": [0.0, 0.0, 0.0, 0, 0.0, 0.0, 0.0, 0, 0, 0, 0, 0, 0.0, 0.608891787597152, 0.9580955486711235, 0.9580955486711235, 1.0, 1.0, 1.0, 0.9510674305762495, 0.8631266192003189, 0.5529311000785274, 0.37790097287896074, 0.3951845208978748, 0.8132429557507007, 0.7458014022501224, 4.058526731525265], "adaptive_substitutions_per_codon": [0.0, 0.0, 0.0, 0.0, 0.0, 0.0, 0.0, 0.0, 0.0, 0.0, 0.0, 0.0, 0.0, 0.0009852617922284012, 0.0015503164217979344, 0.0015503164217979344, 0.0016181229773462784, 0.0016181229773462784, 0.0016181229773462784, 0.0015389440624211158, 0.0013966450148872474, 0.0008947105179264198, 0.0006114902473769591, 0.0006394571535564317, 0.0013159271128652115, 0.0012067983855179973, 0.006567195358455121], "rate_of_adaptation": 7.976659565394659e-05}