{"virus": "dengue", "subtype": "denv4_I", "gene": "NS3", "window": 3, "min_seqs": 2, "midfreq_high": 0.75, "midfreq_low": 0.15, "window_midpoint": [1957.5, 1978.5, 1990.5, 1991.5, 2000.5, 2001.5, 2002.5, 2003.5, 2004.5, 2005.5, 2006.5, 2007.5, 2008.5, 2009.5, 2010.5, 2011.5, 2012.5, 2013.5, 2014.5, 2015.5, 2016.5, 2017.5], "adaptive_substitutions": [0.0, 4.568149210903874, 0.4321377331420373, 0.4321377331420373, 5.259684361549498, 4.3398852223816355, 2.821377331420373, 0.4259684361549498, 3.17116212338594, 5.016212338593974, 5.0127690100430415, 4.389239598278336, 4.648350071736012, 4.648350071736012, 4.660688665710187, 4.364562410329985, 4.407747489239599, 7.068436154949785, 6.655523672883787, 5.648637015781922, 5.690750274284749, 4.666857962697274], "adaptive_substitutions_per_codon": [0.0, 0.007391827202109828, 0.0006992519953754649, 0.0006992519953754649, 0.008510816119012133, 0.007022467997381287, 0.004565335487735231, 0.0006892693141665854, 0.005131330296741003, 0.008116848444326818, 0.008111276715280002, 0.007102329447052324, 0.007521602057825262, 0.007521602057825262, 0.007541567420243021, 0.007062398722216805, 0.007132277490678962, 0.011437598956229426, 0.010769455781365352, 0.009140189345925441, 0.009208333777159789, 0.0075515501014519], "rate_of_adaptation": 0.00015489406084193957}