{"virus": "enterovirusd68", "subtype": null, "gene": "VP2", "window": 3, "min_seqs": 2, "midfreq_high": 0.75, "midfreq_low": 0.15, "window_midpoint": [1998.5, 1999.5, 2000.5, 2001.5, 2002.5, 2003.5, 2004.5, 2005.5, 2006.5, 2007.5, 2008.5, 2009.5, 2010.5, 2011.5, 2012.5, 2013.5, 2014.5, 2015.5, 2016.5, 2017.5], "adaptive_substitutions": [0.0, 0.7495074838430675, 0.8566554892384362, 0.9995675467890349, 0.7687391771191594, 0.7687391771191594, 0.7686911267623855, 0, 0.0, 0.0, 0.8681744784323445, 0.9163743603296254, 0.9756141544772657, 1.749795785983711, 1.8062981617638512, 3.6908119518324414, 3.6793904236992483, 2.9385974245370052, 7.3582874852845785, 7.2499845100823554], "adaptive_substitutions_per_codon": [0.0, 0.0030222075961414013, 0.003454256004993694, 0.004030514301568689, 0.0030997547464482232, 0.0030997547464482232, 0.003099560995009619, 0.0, 0.0, 0.0, 0.003500703542065905, 0.0036950579045549412, 0.003933928042247039, 0.007055628169289157, 0.007283460329692949, 0.014882306257388877, 0.01483625170846471, 0.011849183163455667, 0.029670514053566847, 0.029233808508396596], "rate_of_adaptation": 0.0011308808042547506}