{"virus": "enterovirusd68", "subtype": null, "gene": "2C", "window": 3, "min_seqs": 2, "midfreq_high": 0.75, "midfreq_low": 0.15, "window_midpoint": [1998.5, 1999.5, 2000.5, 2001.5, 2002.5, 2003.5, 2004.5, 2005.5, 2006.5, 2007.5, 2008.5, 2009.5, 2010.5, 2011.5, 2012.5, 2013.5, 2014.5, 2015.5, 2016.5, 2017.5], "adaptive_substitutions": [0.0, 0.0, 0.0, 0.0, 0, 0, 0, 0.0, 0, 0, 0.6879607817598354, 0.7046956684282281, 0.7151569112992482, 0, 0, 0.6032493752865931, 0.8077481114589288, 0.9896120060317384, 2.304236308556401, 2.2798590004516788], "adaptive_substitutions_per_codon": [0.0, 0.0, 0.0, 0.0, 0.0, 0.0, 0.0, 0.0, 0.0, 0.0, 0.002084729641696471, 0.002135441419479479, 0.0021671421554522673, 0.0, 0.0, 0.0018280284099593729, 0.0024477215498755417, 0.0029988242607022373, 0.00698253426835273, 0.00690866363773236], "rate_of_adaptation": 0.0002753424909208844}