{"virus": "enterovirusd68", "subtype": null, "gene": "VP1", "window": 3, "min_seqs": 2, "midfreq_high": 0.75, "midfreq_low": 0.15, "window_midpoint": [1998.5, 1999.5, 2000.5, 2001.5, 2002.5, 2003.5, 2004.5, 2005.5, 2006.5, 2007.5, 2008.5, 2009.5, 2010.5, 2011.5, 2012.5, 2013.5, 2014.5, 2015.5, 2016.5, 2017.5], "adaptive_substitutions": [0.0, 2.0769661787993963, 2.4040991619158993, 2.840276472737904, 3.165952943601738, 3.165952943601738, 3.8955941206051508, 0.9023911777842748, 0.9112647070766134, 0.9645058828306454, 1.250567803089559, 1.29010434295939, 1.3499546433064522, 1.316833667830903, 2.1284375895270378, 10.43236015567604, 9.829218945668988, 10.901485661269561, 11.610552519292536, 9.835354132448858], "adaptive_substitutions_per_codon": [0.0, 0.0067215733941728036, 0.007780256187430095, 0.009191833245106485, 0.010245802406478117, 0.010245802406478117, 0.012607100713932527, 0.002920359798654611, 0.002949076721930788, 0.003121378261587849, 0.0040471449938173434, 0.004175094961033624, 0.0043687852534189395, 0.004261597630520721, 0.0068881475389224525, 0.0337616833517024, 0.031809770050708695, 0.03527988887142253, 0.03757460362230594, 0.031829625024106335], "rate_of_adaptation": 0.001517049084058603}