{"virus": "h1n1pdm", "subtype": null, "gene": "PB1", "window": 3, "min_seqs": 2, "midfreq_high": 0.75, "midfreq_low": 0.15, "window_midpoint": [2011.5, 2012.5, 2013.5, 2014.5, 2015.5, 2016.5, 2017.5, 2018.5, 2019.5, 2020.5], "adaptive_substitutions": [0.0, 0.0, 0.8437613219287052, 1.0, 0.9996967692138052, 0.9882220351589336, 0.9902480108640771, 0.9880479633261698, 0.9942249075767104, 2.736388699615075], "adaptive_substitutions_per_codon": [0.0, 0.0, 0.0011131415856579225, 0.0013192612137203166, 0.001318861173105284, 0.0013037230015289362, 0.0013063957926966717, 0.0013034933553115696, 0.0013116423582806207, 0.003610011477064743], "rate_of_adaptation": 0.0002579977225161696}