{"virus": "h1n1pdm", "subtype": null, "gene": "NP", "window": 3, "min_seqs": 2, "midfreq_high": 0.75, "midfreq_low": 0.15, "window_midpoint": [2011.5, 2012.5, 2013.5, 2014.5, 2015.5, 2016.5, 2017.5, 2018.5, 2019.5, 2020.5], "adaptive_substitutions": [0.0, 0.0, 0.6723490106798453, 0.5494280128674482, 1.6115589130294437, 1.6993743759767963, 1.7143616871501197, 2.0518428090970113, 2.079174941198011, 3.6889163967608867], "adaptive_substitutions_per_codon": [0.0, 0.0, 0.0013473928069736379, 0.0011010581420189344, 0.003229576980018925, 0.0034055598716969866, 0.0034355945634270938, 0.004111909437068159, 0.00416668324889381, 0.007392618029580935], "rate_of_adaptation": 0.0007072880019082438}