{"virus": "hepatitisC", "subtype": "1a1", "gene": "NS5B", "window": 3, "min_seqs": 2, "midfreq_high": 0.75, "midfreq_low": 0.15, "window_midpoint": [1978.5, 1988.5, 1989.5, 1990.5, 1991.5, 1992.5, 1993.5, 1994.5, 1995.5, 1996.5, 1997.5, 1999.5, 2000.5, 2001.5, 2002.5, 2003.5, 2004.5, 2005.5, 2006.5, 2007.5, 2008.5, 2009.5, 2010.5, 2011.5, 2012.5], "adaptive_substitutions": [0.0, 2.33097159055886, 0.9422967985787531, 0.9422967985787531, 0.8845935971575063, 0.8845935971575063, 0.9134451978681297, 0.8268903957362594, 0.7691871943150126, 0.7691871943150126, 0.7403355936043892, 3.3652647843662846, 0.9711483992893766, 0.9711483992893766, 0.6728338055097078, 0.6741294863921454, 0.6159826551035423, 1.0, 1.3572370398863058, 1.3706063231705055, 0.9711483992893766, 0.798038795025636, 0.798038795025636, 0.7691871943150126, 4.567225989340649], "adaptive_substitutions_per_codon": [0.0, 0.003944114366427851, 0.001594410826698398, 0.001594410826698398, 0.0014967742760702307, 0.0014967742760702307, 0.0015455925513843142, 0.0013991377254420634, 0.001301501174813896, 0.001301501174813896, 0.0012526828994998125, 0.0056941874523964205, 0.0016432291020124815, 0.0016432291020124815, 0.0011384666759893533, 0.0011406590294283341, 0.001042271836046603, 0.001692047377326565, 0.0022965093737500946, 0.0023191308344678602, 0.0016432291020124815, 0.0013503194501279798, 0.0013503194501279798, 0.001301501174813896, 0.007727962756921572], "rate_of_adaptation": 5.007340765087233e-05}