{"virus": "hepatitisA_IA", "subtype": null, "gene": "2C", "window": 3, "min_seqs": 2, "midfreq_high": 0.75, "midfreq_low": 0.15, "window_midpoint": [2000.5, 2001.5, 2002.5, 2003.5, 2004.5, 2005.5, 2006.5, 2007.5, 2008.5, 2009.5, 2010.5, 2011.5, 2012.5, 2013.5, 2014.5, 2015.5, 2016.5], "adaptive_substitutions": [0.0, 0.0, 0.0, 1.1407155025553664, 0, 0, 0.0, 0.0, 0.0, 0.0, 0.0, 0.0, 0.0, 0.0, 0, 0.732992617830778, 1.0241908006814309], "adaptive_substitutions_per_codon": [0.0, 0.0, 0.0, 0.0034051209031503472, 0.0, 0.0, 0.0, 0.0, 0.0, 0.0, 0.0, 0.0, 0.0, 0.0, 0.0, 0.002188037665166501, 0.0030572859721833758], "rate_of_adaptation": 5.575722283794308e-05}