{"virus": "hepatitisC", "subtype": "3a", "gene": "E2", "window": 3, "min_seqs": 2, "midfreq_high": 0.75, "midfreq_low": 0.15, "window_midpoint": [2006.5, 2007.5, 2008.5, 2009.5, 2010.5, 2011.5, 2012.5], "adaptive_substitutions": [0.0, 0.0, 1.8077343906725671, 0.8393282436050489, 0.9242166064174056, 0.4576282179877475, 1.3455508116456807], "adaptive_substitutions_per_codon": [0.0, 0.0, 0.004899009188814545, 0.002274602286192544, 0.002504652049911668, 0.0012401848725955217, 0.003646479164351438], "rate_of_adaptation": 0.00039376607497651717}