{"virus": "hepatitisB", "subtype": "D", "gene": "Polymerase", "window": 3, "min_seqs": 2, "midfreq_high": 0.75, "midfreq_low": 0.15, "window_midpoint": [1976.5, 1983.5, 1984.5, 1985.5, 1986.5, 1988.5, 1989.5, 1990.5, 1995.5, 1996.5, 1997.5, 1998.5, 1999.5, 2000.5, 2001.5, 2002.5, 2003.5, 2004.5, 2005.5, 2006.5, 2007.5, 2008.5, 2009.5, 2010.5, 2011.5, 2012.5, 2013.5, 2014.5, 2015.5, 2016.5, 2017.5, 2018.5, 2019.5, 2020.5], "adaptive_substitutions": [0.0, 28.082397055084645, 10.426197522747533, 6.978232480616779, 0.0, 8.387944024264037, 8.387944024264037, 8.387944024264037, 0.0, 0.0, 1.3683020647269302, 6.647679058684503, 8.301021528432866, 8.249509987530548, 9.488310679973207, 4.0057783070463024, 7.189399902914264, 8.410908351809663, 13.940404576880038, 14.196481887218571, 13.305907424429213, 14.599091053670335, 15.245672450996484, 15.337650472806294, 11.547710693718859, 10.79811562746768, 11.994951848645835, 14.371444363499121, 7.503271859047954, 7.843584569272565, 6.346966373237527, 10.624475887776953, 10.73541670878818, 16.165184332649375], "adaptive_substitutions_per_codon": [0.0, 0.03371236141066584, 0.012516443604738935, 0.00837722986868761, 0.0, 0.010069560653378195, 0.010069560653378195, 0.010069560653378195, 0.0, 0.0, 0.0016426195254825092, 0.007980407033234696, 0.009965211918886994, 0.009903373334370405, 0.01139052902757888, 0.004808857511460147, 0.008630732176367664, 0.010097128873721084, 0.016735179564081677, 0.0170425953027834, 0.01597347830063531, 0.017525919632257306, 0.018302127792312706, 0.01841254558560179, 0.013862797951643288, 0.012962923922530229, 0.014399702099214687, 0.01725263428991491, 0.009007529242554567, 0.009416067910291195, 0.007619407410849373, 0.012754472854474133, 0.012887655112590853, 0.019405983592616294], "rate_of_adaptation": 0.00016535224169370895}