{"virus": "hepatitisB", "subtype": "D3", "gene": "Middle", "window": 3, "min_seqs": 2, "midfreq_high": 0.75, "midfreq_low": 0.15, "window_midpoint": [1976.5, 1984.5, 1985.5, 1986.5, 1995.5, 1996.5, 1997.5, 1998.5, 1999.5, 2000.5, 2001.5, 2002.5, 2003.5, 2004.5, 2005.5, 2006.5, 2007.5, 2008.5, 2009.5, 2010.5, 2011.5, 2012.5, 2013.5, 2014.5, 2015.5, 2016.5, 2017.5, 2018.5, 2019.5], "adaptive_substitutions": [0.0, 2.746926859250154, 1.9020244314689614, 0.0, 0.4652927166564229, 0.4652927166564229, 0.0, 0.9061219524687564, 0.0, 0.7349325716764886, 0.0, 0.0, 0.0, 0.6746628583824433, 1.5770064374211499, 1.547360738200757, 1.4461564546552783, 1.4696106968491611, 1.491245664676442, 2.357134168203237, 0.7995921791086884, 0.7795853820938332, 0.8051884859659907, 0.6932822606608715, 0.7400577831333096, 0.6857073345625897, 0.7198448063921328, 0.807196572544199, 0.8734634296250768], "adaptive_substitutions_per_codon": [0.0, 0.009740875387411894, 0.006744767487478587, 0.0, 0.0016499741725405069, 0.0016499741725405069, 0.0, 0.0032131984130097744, 0.0, 0.002606143871193222, 0.0, 0.0, 0.0, 0.0023924214836256856, 0.005592221409294858, 0.005487094816314741, 0.005128214378210207, 0.00521138544981972, 0.005288105193888093, 0.008358631802139138, 0.0028354332592506683, 0.0027644871705455078, 0.0028552783190283356, 0.00245844773283997, 0.0026243183799053533, 0.002431586292775141, 0.0025526411574189104, 0.002862399193419145, 0.003097388048315875], "rate_of_adaptation": 1.4412585659572596e-05}