{"virus": "hepatitisC", "subtype": "3a", "gene": "NS5B", "window": 3, "min_seqs": 2, "midfreq_high": 0.75, "midfreq_low": 0.15, "window_midpoint": [2006.5, 2007.5, 2008.5, 2009.5, 2010.5, 2011.5, 2012.5], "adaptive_substitutions": [0.0, 0.0, 2.9562608746386445, 4.711939397475419, 4.829097236153393, 4.071681363535285, 0.8086009486227097], "adaptive_substitutions_per_codon": [0.0, 0.0, 0.005002133459625456, 0.007972824699619999, 0.008171061313288312, 0.006889477772479332, 0.0013681911144208287], "rate_of_adaptation": 0.0007518734550672861}