{"virus": "influenzaC", "subtype": "Yamagata", "gene": "NS", "window": 3, "min_seqs": 2, "midfreq_high": 0.75, "midfreq_low": 0.15, "window_midpoint": [1980.5, 1981.5, 1982.5, 1983.5, 1984.5, 1985.5, 1986.5, 1987.5, 1988.5, 1989.5, 1990.5, 1991.5, 1992.5, 1993.5, 1994.5, 1995.5, 1996.5, 1997.5, 1998.5, 1999.5, 2000.5, 2001.5, 2002.5, 2003.5, 2004.5, 2005.5, 2006.5, 2007.5, 2008.5, 2009.5, 2010.5, 2011.5, 2012.5, 2013.5, 2014.5, 2015.5, 2016.5, 2017.5], "adaptive_substitutions": [0.0, 0.0, 0.0, 0.9473684210526315, 1.0, 0.0, 0.0, 0.0, 0.0, 0.0, 0.0, 0.0, 0.7044534412955465, 0.8663967611336033, 0.9473684210526315, 1.0, 1.0, 1.0, 1.7543859649122806, 1.0, 1.0, 0.9157894736842106, 0.0, 0.7089783281733746, 0.8289473684210527, 0.8167641325536062, 0.9415204678362573, 0.9498746867167919, 1.736842105263158, 1.736842105263158, 1.0, 1.0, 0.9578947368421052, 0.8690629011553272, 0.8628389154704944, 1.0, 1.6518218623481782, 0.8070175438596491], "adaptive_substitutions_per_codon": [0.0, 0.0, 0.0, 0.0038354996803750263, 0.004048582995951417, 0.0, 0.0, 0.0, 0.0, 0.0, 0.0, 0.0, 0.0028520382238686093, 0.003507679194872888, 0.0038354996803750263, 0.004048582995951417, 0.004048582995951417, 0.004048582995951417, 0.007102777185879678, 0.004048582995951417, 0.004048582995951417, 0.0037076496910291926, 0.0, 0.0028703576039407876, 0.0033560622203281485, 0.0033067373787595395, 0.0038118237564220944, 0.003845646504926283, 0.007031749414020882, 0.007031749414020882, 0.004048582995951417, 0.004048582995951417, 0.003878116343490305, 0.003518473284029665, 0.003493274961419006, 0.004048582995951417, 0.006687537904243636, 0.0032672775055046523], "rate_of_adaptation": 0.00012341576931562874}