{"virus": "influenzaC", "subtype": "Yamagata", "gene": "PB1", "window": 3, "min_seqs": 2, "midfreq_high": 0.75, "midfreq_low": 0.15, "window_midpoint": [1980.5, 1981.5, 1982.5, 1987.5, 1988.5, 1989.5, 1992.5, 1993.5, 1994.5, 1995.5, 1996.5, 1997.5, 1998.5, 1999.5, 2000.5, 2001.5, 2002.5, 2003.5, 2004.5, 2005.5, 2006.5, 2007.5, 2008.5, 2009.5, 2010.5, 2011.5, 2012.5, 2013.5, 2014.5, 2015.5, 2016.5, 2017.5], "adaptive_substitutions": [0.0, 0.0, 0.0, 0.0, 0.0, 0.0, 0.0, 0.0, 0.0, 1.7452966714905933, 1.7452966714905933, 0.7452966714905933, 0.7930535455861071, 0.808972503617945, 1.808972503617945, 1.475397973950796, 0.7771345875542692, 1.534178939303652, 1.5864688856729379, 1.5709117221418234, 2.4440634241489962, 1.6768188396263648, 1.816931982633864, 2.4746743849493487, 1.950795947901592, 1.7331403762662807, 1.5455861070911723, 1.7813445599263256, 2.577424023154848, 2.4752170767004342, 2.530246020260492, 2.6034732272069467], "adaptive_substitutions_per_codon": [0.0, 0.0, 0.0, 0.0, 0.0, 0.0, 0.0, 0.0, 0.0, 0.0023116512205173423, 0.0023116512205173423, 0.000987147909259064, 0.0010504020471339168, 0.0010714867597588675, 0.0023959900710171455, 0.001954169501921584, 0.001029317334508966, 0.0020320250851704, 0.002101283292282037, 0.0020806777776712893, 0.003237170098210591, 0.002220952105465384, 0.002406532427329621, 0.003277714417151455, 0.00258383569258489, 0.0022955501672401067, 0.0020471339166770494, 0.0023593967681143383, 0.003413806653185229, 0.0032784332141727606, 0.003351319232133102, 0.0034483089102078763], "rate_of_adaptation": 0.0001035257988101069}