{"virus": "influenzaC", "subtype": "Yamagata", "gene": "NP", "window": 3, "min_seqs": 2, "midfreq_high": 0.75, "midfreq_low": 0.15, "window_midpoint": [1949.5, 1950.5, 1951.5, 1965.5, 1966.5, 1967.5, 1968.5, 1970.5, 1975.5, 1976.5, 1977.5, 1978.5, 1979.5, 1980.5, 1981.5, 1982.5, 1983.5, 1987.5, 1988.5, 1989.5, 1990.5, 1991.5, 1992.5, 1993.5, 1994.5, 1999.5, 2000.5, 2003.5, 2004.5, 2005.5, 2006.5, 2007.5, 2008.5, 2009.5, 2010.5, 2011.5, 2012.5, 2013.5], "adaptive_substitutions": [0.0, 0.0, 0.0, 1.0, 1.0, 1.0, 1.0, 1.0, 1.0, 1.0, 1.0, 1.0, 1.0, 1.0, 1.8, 1.0, 1.0, 1.0, 1.0, 1.0, 1.0, 4.0, 1.0, 1.0, 1.0, 2.0, 2.0, 2.0, 2.0, 2.0, 2.0, 3.0, 3.0, 3.0, 3.0, 3.0, 3.0, 3.0], "adaptive_substitutions_per_codon": [0.0, 0.0, 0.0, 0.0017667844522968198, 0.0017667844522968198, 0.0017667844522968198, 0.0017667844522968198, 0.0017667844522968198, 0.0017667844522968198, 0.0017667844522968198, 0.0017667844522968198, 0.0017667844522968198, 0.0017667844522968198, 0.0017667844522968198, 0.0031802120141342758, 0.0017667844522968198, 0.0017667844522968198, 0.0017667844522968198, 0.0017667844522968198, 0.0017667844522968198, 0.0017667844522968198, 0.007067137809187279, 0.0017667844522968198, 0.0017667844522968198, 0.0017667844522968198, 0.0035335689045936395, 0.0035335689045936395, 0.0035335689045936395, 0.0035335689045936395, 0.0035335689045936395, 0.0035335689045936395, 0.00530035335689046, 0.00530035335689046, 0.00530035335689046, 0.00530035335689046, 0.00530035335689046, 0.00530035335689046, 0.00530035335689046], "rate_of_adaptation": 7.776966055029894e-05}