{"virus": "influenzaC", "subtype": "Mississippi", "gene": "M", "window": 3, "min_seqs": 2, "midfreq_high": 0.75, "midfreq_low": 0.15, "window_midpoint": [1949.5, 1950.5, 1951.5, 1965.5, 1966.5, 1967.5, 1968.5, 1978.5, 1979.5, 1980.5, 1981.5, 1982.5, 1983.5, 1987.5, 1989.5, 1990.5, 1991.5], "adaptive_substitutions": [0.0, 0.0, 0.0, 0.7594654788418708, 1.2538975501113585, 1.2538975501113585, 0.9398663697104677, 0.5790645879732739, 0.5790645879732739, 0.5790645879732739, 0.5790645879732739, 0.5790645879732739, 0.21826280623608008, 3.21826280623608, 3.21826280623608, 3.21826280623608, 2.5821826280623608], "adaptive_substitutions_per_codon": [0.0, 0.0, 0.0, 0.002380769526150065, 0.003930713323233099, 0.003930713323233099, 0.0029462895602209017, 0.0018152494920792284, 0.0018152494920792284, 0.0018152494920792284, 0.0018152494920792284, 0.0018152494920792284, 0.0006842094239375551, 0.010088598138671096, 0.010088598138671096, 0.010088598138671096, 0.008094616388910222], "rate_of_adaptation": 0.00017391501250269348}