{"virus": "influenzaC", "subtype": "Yamagata", "gene": "HEF2", "window": 3, "min_seqs": 2, "midfreq_high": 0.75, "midfreq_low": 0.15, "window_midpoint": [1955.5, 1977.5, 1978.5, 1979.5, 1980.5, 1981.5, 1982.5, 1983.5, 1984.5, 1987.5, 1988.5, 1989.5, 1990.5, 1991.5, 1992.5, 1993.5, 1995.5, 1996.5, 1997.5, 1998.5, 1999.5, 2000.5, 2001.5], "adaptive_substitutions": [0.0, 1.0, 2.0, 2.0, 2.0, 2.0, 2.0, 2.0, 2.0, 2.0, 2.0, 2.0, 3.0, 3.0, 3.0, 3.0, 3.0, 3.0, 3.0, 3.0, 3.0, 3.0, 3.0], "adaptive_substitutions_per_codon": [0.0, 0.004784688995215311, 0.009569377990430622, 0.009569377990430622, 0.009569377990430622, 0.009569377990430622, 0.009569377990430622, 0.009569377990430622, 0.009569377990430622, 0.009569377990430622, 0.009569377990430622, 0.009569377990430622, 0.014354066985645933, 0.014354066985645933, 0.014354066985645933, 0.014354066985645933, 0.014354066985645933, 0.014354066985645933, 0.014354066985645933, 0.014354066985645933, 0.014354066985645933, 0.014354066985645933, 0.014354066985645933], "rate_of_adaptation": 0.0003325514776473431}