{"virus": "influenzaC", "subtype": "Yamagata", "gene": "P3", "window": 3, "min_seqs": 2, "midfreq_high": 0.75, "midfreq_low": 0.15, "window_midpoint": [1949.5, 1950.5, 1951.5, 1965.5, 1966.5, 1967.5, 1968.5, 1970.5, 1975.5, 1976.5, 1977.5, 1978.5, 1979.5, 1980.5, 1981.5, 1982.5, 1983.5, 1987.5, 1988.5, 1989.5, 1990.5, 1991.5, 1992.5, 1993.5, 1994.5, 1999.5, 2000.5], "adaptive_substitutions": [0.0, 0.0, 0.0, 2.0, 2.0, 2.0, 2.0, 2.0, 2.0, 2.0, 2.0, 2.6, 2.75, 2.0, 2.0, 2.0, 3.0, 2.0, 2.0, 2.0, 2.0, 2.0, 1.8, 1.75, 1.0, 1.25, 1.25], "adaptive_substitutions_per_codon": [0.0, 0.0, 0.0, 0.0028169014084507044, 0.0028169014084507044, 0.0028169014084507044, 0.0028169014084507044, 0.0028169014084507044, 0.0028169014084507044, 0.0028169014084507044, 0.0028169014084507044, 0.0036619718309859155, 0.0038732394366197184, 0.0028169014084507044, 0.0028169014084507044, 0.0028169014084507044, 0.004225352112676056, 0.0028169014084507044, 0.0028169014084507044, 0.0028169014084507044, 0.0028169014084507044, 0.0028169014084507044, 0.0025352112676056337, 0.0024647887323943664, 0.0014084507042253522, 0.0017605633802816902, 0.0017605633802816902], "rate_of_adaptation": 3.295044642990707e-05}