{"virus": "lassa", "subtype": "B", "gene": "GP2", "window": 3, "min_seqs": 2, "midfreq_high": 0.75, "midfreq_low": 0.15, "window_midpoint": [1975.5, 1976.5, 1977.5, 1980.5, 1981.5, 1982.5, 2008.5, 2009.5, 2010.5, 2011.5, 2012.5, 2013.5, 2014.5, 2015.5, 2016.5], "adaptive_substitutions": [0.0, 0.0, 0.0, 1.1289716926632005, 1.1289716926632005, 1.4454072790294628, 0, 0.0212208742538032, 0.7637203928365106, 0.9422299248989023, 0.972425567138312, 1.0363597778799563, 0.9422299248989023, 6.204072790294627, 6.130502599653379], "adaptive_substitutions_per_codon": [0.0, 0.0, 0.0, 0.004845372071515882, 0.004845372071515882, 0.006203464716864647, 0.0, 9.107671353563606e-05, 0.0032777699263369553, 0.004043905257076834, 0.004173500288147261, 0.004447896042403246, 0.004043905257076834, 0.026626921846758057, 0.0263111699555939], "rate_of_adaptation": 0.00021412614453951756}