{"virus": "lassa", "subtype": "B", "gene": "GP1", "window": 3, "min_seqs": 2, "midfreq_high": 0.75, "midfreq_low": 0.15, "window_midpoint": [1975.5, 1976.5, 1977.5, 1980.5, 1981.5, 1982.5, 2008.5, 2009.5, 2010.5, 2011.5, 2012.5, 2013.5, 2014.5, 2015.5, 2016.5], "adaptive_substitutions": [0.0, 0.0, 0.0, 0.6385850323508682, 0.6385850323508682, 0.7608629680601195, 1.3967385806716766, 1.6555544315954278, 0.6373601619857425, 0.586593066721465, 0.6082078228759907, 0.23114437745356467, 0.23734585860661556, 4.310302659899989, 4.565813620439953], "adaptive_substitutions_per_codon": [0.0, 0.0, 0.0, 0.0031770399619446177, 0.0031770399619446177, 0.0037853879007966147, 0.006948948162545655, 0.008236589211917552, 0.0031709460795310575, 0.0029183734662759455, 0.0030259095665472174, 0.0011499720271321626, 0.0011808251671970923, 0.021444291840298453, 0.022715490648954992], "rate_of_adaptation": 0.00020950801320135}