{"virus": "measles", "subtype": null, "gene": "P", "window": 3, "min_seqs": 2, "midfreq_high": 0.75, "midfreq_low": 0.15, "window_midpoint": [2004.5, 2005.5, 2006.5, 2007.5, 2008.5, 2009.5, 2010.5, 2011.5, 2012.5, 2013.5, 2014.5, 2015.5, 2016.5, 2017.5, 2018.5], "adaptive_substitutions": [0.0, 0.0, 0.0, 0.0, 0.0, 0.0, 0.0, 0.0, 0.0, 0.8562675233113419, 0.881432805425181, 0.8700093880076736, 2.304489117580089, 2.7852852884726818, 4.913319375813614], "adaptive_substitutions_per_codon": [0.0, 0.0, 0.0, 0.0, 0.0, 0.0, 0.0, 0.0, 0.0, 0.001685565990770358, 0.0017351039476873641, 0.0017126169055269164, 0.004536395900748206, 0.005482845056048586, 0.00967188853506617], "rate_of_adaptation": 0.0004953899322578792}