{"virus": "measles", "subtype": null, "gene": "L", "window": 3, "min_seqs": 2, "midfreq_high": 0.75, "midfreq_low": 0.15, "window_midpoint": [2004.5, 2005.5, 2006.5, 2007.5, 2008.5, 2009.5, 2010.5, 2011.5, 2012.5, 2013.5, 2014.5, 2015.5, 2016.5, 2017.5, 2018.5], "adaptive_substitutions": [0.0, 0.0, 1.0261524800005513, 1.1302397564184534, 1.4386908537314667, 0.6989090447762223, 0.0, 0.0, 0.0, 0.4983186241372116, 0.53893263604441, 0.6837948173682061, 0.6456366989974005, 0, 7.054257944447743], "adaptive_substitutions_per_codon": [0.0, 0.0, 0.00046985003663028903, 0.0005175090459791454, 0.0006587412333935287, 0.0003200132988902117, 0.0, 0.0, 0.0, 0.00022816786819469397, 0.00024676402749286173, 0.0003130928650953325, 0.0002956211991746339, 0.0, 0.0032299715862855968], "rate_of_adaptation": 6.964774897890218e-05}