{"virus": "metapneumovirus", "subtype": "B2", "gene": "G", "window": 3, "min_seqs": 2, "midfreq_high": 0.75, "midfreq_low": 0.15, "window_midpoint": [2004.5, 2005.5, 2006.5, 2007.5, 2008.5, 2009.5, 2010.5, 2011.5, 2012.5, 2013.5, 2014.5, 2015.5, 2016.5, 2017.5, 2018.5], "adaptive_substitutions": [0.0, 0.0, 0.0, 0.0, 0.0, 0.0, 0.0, 0.0, 0.0, 2.2044261616950864, 2.5342254381184377, 6.254554855908443, 7.42187342004872, 7.307868731902376, 9.061976375419405], "adaptive_substitutions_per_codon": [0.0, 0.0, 0.0, 0.0, 0.0, 0.0, 0.0, 0.0, 0.0, 0.00930137620968391, 0.01069293433805248, 0.026390526818179084, 0.0313159216035811, 0.030834889164145046, 0.038236187238056565], "rate_of_adaptation": 0.0027338782727693326}