{"virus": "mumps", "subtype": null, "gene": "L", "window": 3, "min_seqs": 2, "midfreq_high": 0.75, "midfreq_low": 0.15, "window_midpoint": [2007.5, 2008.5, 2009.5, 2010.5, 2011.5, 2012.5, 2013.5, 2014.5, 2015.5, 2016.5], "adaptive_substitutions": [0.0, 0.0, 0.5679414314613236, 0.0, 0.0, 0.0, 0.49378351475451954, 0.0, 0, 0], "adaptive_substitutions_per_codon": [0.0, 0.0, 0.0002510793242534587, 0.0, 0.0, 0.0, 0.00021829509936097238, 0.0, 0.0, 0.0], "rate_of_adaptation": -3.6394625647537964e-06, "bootstrap_adaptive_substitutions": [[0.0, 0.0, 1.5718176730302842, 0.0, 0.0, 0.0, 2.491692058951558, 0.0, 0, 0], [0.0, 0.0, 2.3893333333333335, 0.0, 0.0, 0.0, 4.720166666666667, 0.0, 0.0, 0], [0.0, 0.0, 0.8, 0.0, 0.0, 0.0, 0.7916666666666666, 0.0, 0.0, 0.0], [0.0, 0.0, 0, 0.0, 0.0, 0.0, 0, 0.0, 0, 0], [0.0, 0.0, 1.6, 0.0, 0.0, 0.0, 1.5833333333333333, 0.0, 0.0, 0.0], [0.0, 0.0, 0.792, 0.0, 0.0, 0.0, 0.7169444444444444, 0.0, 0, 0], [0.0, 0.0, 0, 0.0, 0.0, 0.0, 0, 0.0, 0, 0], [0.0, 0.0, 0.778903766496484, 0.0, 0.0, 0.0, 1.0211893523424207, 0.0, 0, 0], [0.0, 0.0, 0.0, 0.0, 0.0, 0.0, 1.6, 0.0, 0.0, 0.0], [0.0, 0.0, 0, 0.0, 0.0, 0.0, 0.7186666666666667, 0.0, 0, 0], [0.0, 0.0, 0.8, 0.0, 0.0, 0.0, 0.7916666666666666, 0.0, 0.0, 0.0], [0.0, 0.0, 0.0, 0.0, 0.0, 0.0, 0.0, 0.0, 0.0, 0.0], [0.0, 0.0, 0, 0.0, 0.0, 0.0, 0, 0.0, 0, 0], [0.0, 0.0, 0, 0.0, 0.0, 0.0, 0, 0.0, 0, 0], [0.0, 0.0, 0.07741935483870965, 0.0, 0.0, 0.0, 0, 0.0, 0, 0], [0.0, 0.0, 0.7548387096774194, 0.0, 0.0, 0.0, 0.6736559139784946, 0.0, 0, 0], [0.0, 0.0, 0.8, 0.0, 0.0, 0.0, 0.7916666666666666, 0.0, 0.0, 0.0], [0.0, 0.0, 0, 0.0, 0.0, 0.0, 0, 0.0, 0, 0], [0.0, 0.0, 0, 0.0, 0.0, 0.0, 0.7186666666666667, 0.0, 0, 0], [0.0, 0.0, 0.0, 0.0, 0.0, 0.0, 0, 0.0, 0, 0], [0.0, 0.0, 0, 0.0, 0.0, 0.0, 1.4928619593488108, 0.0, 0, 0], [0.0, 0.0, 1.0580645161290323, 0.0, 0.0, 0.0, 0.6634408602150539, 0.0, 0, 0], [0.0, 0.0, 0.7986666666666667, 0.0, 0.0, 0.0, 2.3209444444444443, 0.0, 0, 0], [0.0, 0.0, 0, 0.0, 0.0, 0.0, 0, 0.0, 0, 0], [0.0, 0.0, 0, 0.0, 0.0, 0.0, 0, 0.0, 0, 0], [0.0, 0.0, 0, 0.0, 0.0, 0.0, 0, 0.0, 0, 0], [0.0, 0.0, 0.772, 0.0, 0.0, 0.0, 1.5356111111111113, 0.0, 0, 0], [0.0, 0.0, 0, 0.0, 0.0, 0.0, 0.7053333333333334, 0.0, 0, 0], [0.0, 0.0, 0.6064516129032258, 0.0, 0.0, 0.0, 0, 0.0, 0, 0], [0.0, 0.0, 0, 0.0, 0.0, 0.0, 0, 0.0, 0, 0], [0.0, 0.0, 1.2570973310317355, 0.0, 0.0, 0.0, 0.5807130527154429, 0.0, 0, 0], [0.0, 0.0, 0, 0.0, 0.0, 0.0, 3.1613333333333333, 0.0, 0, 0], [0.0, 0.0, 0, 0.0, 0.0, 0.0, 0, 0.0, 0, 0], [0.0, 0.0, 0, 0.0, 0.0, 0.0, 0, 0.0, 0, 0], [0.0, 0.0, 1.5247325650796566, 0.0, 0.0, 0.0, 1.8125552851873958, 0.0, 0, 0], [0.0, 0.0, 0, 0.0, 0.0, 0.0, 0, 0.0, 0, 0], [0.0, 0.0, 0, 0.0, 0.0, 0.0, 1.3612903225806454, 0.0, 0, 0], [0.0, 0.0, 0, 0.0, 0.0, 0.0, 0, 0.0, 0, 0], [0.0, 0.0, 0, 0.0, 0.0, 0.0, 0, 0.0, 0, 0], [0.0, 0.0, 0.3032258064516129, 0.0, 0.0, 0.0, 0, 0.0, 0, 0], [0.0, 0.0, 0.832258064516129, 0.0, 0.0, 0.0, 0, 0.0, 0, 0], [0.0, 0.0, 1.2413640304402274, 0.0, 0.0, 0.0, 1.51497286709694, 0.0, 0, 0], [0.0, 0.0, 0.792, 0.0, 0.0, 0.0, 1.5356111111111113, 0.0, 0, 0], [0.0, 0.0, 0.0, 0.0, 0.0, 0.0, 0.8, 0.0, 0.0, 0.0], [0.0, 0.0, 1.584, 0.0, 0.0, 0.0, 2.2792222222222223, 0.0, 0, 0], [0.0, 0.0, 0.7853333333333333, 0.0, 0.0, 0.0, 0.7502777777777777, 0.0, 0, 0], [0.0, 0.0, 0, 0.0, 0.0, 0.0, 0, 0.0, 0, 0], [0.0, 0.0, 0, 0.0, 0.0, 0.0, 0, 0.0, 0, 0], [0.0, 0.0, 0, 0.0, 0.0, 0.0, 0.7453333333333334, 0.0, 0, 0], [0.0, 0.0, 0.0, 0.0, 0.0, 0.0, 0.0, 0.0, 0.0, 0.0], [0.0, 0.0, 0.8, 0.0, 0.0, 0.0, 1.5916666666666668, 0.0, 0.0, 0.0], [0.0, 0.0, 0, 0.0, 0.0, 0.0, 0, 0.0, 0, 0], [0.0, 0.0, 1.5773333333333335, 0.0, 0.0, 0.0, 2.3125555555555555, 0.0, 0, 0], [0.0, 0.0, 0.0, 0.0, 0.0, 0.0, 0, 0.0, 0, 0], [0.0, 0.0, 1.2295366941274282, 0.0, 0.0, 0.0, 1.6578426926662133, 0.0, 0, 0], [0.0, 0.0, 0.6734225989789038, 0.0, 0.0, 0.0, 0.17734001220177897, 0.0, 0, 0], [0.0, 0.0, 0, 0.0, 0.0, 0.0, 0.7186666666666667, 0.0, 0, 0], [0.0, 0.0, 1.3468451979578075, 0.0, 0.0, 0.0, 2.4643033747551613, 0.0, 0, 0], [0.0, 0.0, 0, 0.0, 0.0, 0.0, 1.524, 0.0, 0, 0], [0.0, 0.0, 0.8, 0.0, 0.0, 0.0, 2.3916666666666666, 0.0, 0.0, 0.0], [0.0, 0.0, 1.4821253117678181, 0.0, 0.0, 0.0, 2.5251996573703175, 0.0, 0, 0], [0.0, 0.0, 0, 0.0, 0.0, 0.0, 0, 0.0, 0, 0], [0.0, 0.0, 0.6734225989789038, 0.0, 0.0, 0.0, 1.4187040426420061, 0.0, 0.0, 0], [0.0, 0.0, 0.792, 0.0, 0.0, 0.0, 0.7436111111111111, 0.0, 0, 0], [0.0, 0.0, 1.5773333333333335, 0.0, 0.0, 0.0, 1.5138888888888888, 0.0, 0, 0], [0.0, 0.0, 2.146359057272558, 0.0, 0.0, 0.0, 2.775489708351471, 0.0, 0, 0], [0.0, 0.0, 0.0, 0.0, 0.0, 0.0, 0.0, 0.0, 0.0, 0], [0.0, 0.0, 0, 0.0, 0.0, 0.0, 0, 0.0, 0, 0], [0.0, 0.0, 0.6734225989789038, 0.0, 0.0, 0.0, 0, 0.0, 0, 0.0], [0.0, 0.0, 0, 0.0, 0.0, 0.0, 0.14601676139100273, 0.0, 0, 0.0], [0.0, 0.0, 0.0, 0.0, 0.0, 0.0, 0.8, 0.0, 0.0, 0.0], [0.0, 0.0, 0.0, 0.0, 0.0, 0.0, 2.4000000000000004, 0.0, 0.0, 0.0], [0.0, 0.0, 1.5906666666666667, 0.0, 0.0, 0.0, 1.5138888888888888, 0.0, 0, 0], [0.0, 0.0, 0.0, 0.0, 0.0, 0.0, 0.8, 0.0, 0.0, 0.0], [0.0, 0.0, 1.5096774193548388, 0.0, 0.0, 0.0, 1.3408602150537636, 0.0, 0, 0], [0.0, 0.0, 0.35697909642616316, 0.0, 0.0, 0.0, 0, 0.0, 0, 0], [0.0, 0.0, 0, 0.0, 0.0, 0.0, 0, 0.0, 0, 0], [0.0, 0.0, 0.7653333333333334, 0.0, 0.0, 0.0, 1.5222777777777778, 0.0, 0, 0], [0.0, 0.0, 0.3032258064516129, 0.0, 0.0, 0.0, 0.14462365591397863, 0.0, 0.0, 0], [0.0, 0.0, 0, 0.0, 0.0, 0.0, 0, 0.0, 0, 0], [0.0, 0.0, 0, 0.0, 0.0, 0.0, 0, 0.0, 0, 0], [0.0, 0.0, 0.771424777585978, 0.0, 0.0, 0.0, 1.304617580666578, 0.0, 0, 0], [0.0, 0.0, 0.3032258064516129, 0.0, 0.0, 0.0, 0.5962365591397849, 0.0, 0, 0], [0.0, 0.0, 0.0, 0.0, 0.0, 0.0, 0.0, 0.0, 0.0, 0.0], [0.0, 0.0, 0.778903766496484, 0.0, 0.0, 0.0, 2.1976078091384896, 0.0, 0, 0], [0.0, 0.0, 0.7786666666666667, 0.0, 0.0, 0.0, 1.5356111111111113, 0.0, 0, 0], [0.0, 0.0, 0.7786666666666667, 0.0, 0.0, 0.0, 1.5022777777777778, 0.0, 0, 0], [0.0, 0.0, 0, 0.0, 0.0, 0.0, 0, 0.0, 0, 0], [0.0, 0.0, 0, 0.0, 0.0, 0.0, 0, 0.0, 0, 0], [0.0, 0.0, 0.0, 0.0, 0.0, 0.0, 0.8, 0.0, 0.0, 0.0], [0.0, 0.0, 0.5679414314613236, 0.0, 0.0, 0.0, 1.167206113733423, 0.0, 0, 0], [0.0, 0.0, 0.0, 0.0, 0.0, 0.0, 0, 0.0, 0, 0], [0.0, 0.0, 3.6749227574330146, 0.0, 0.0, 0.0, 1.3509429502439683, 0.0, 0, 0], [0.0, 0.0, 1.8129032258064521, 0.0, 0.0, 0.0, 1.1822580645161291, 0.0, 0.0, 0], [0.0, 0.0, 0.4856725534457576, 0.0, 0.0, 0.0, 0, 0.0, 0, 0], [0.0, 0.0, 0.7154530190908526, 0.0, 0.0, 0.0, 2.359700889248181, 0.0, 0, 0], [0.0, 0.0, 0, 0.0, 0.0, 0.0, 3.154666666666667, 0.0, 0, 0], [0.0, 0.0, 0.07741935483870965, 0.0, 0.0, 0.0, 0, 0.0, 0, 0], [0.0, 0.0, 0.7548387096774194, 0.0, 0.0, 0.0, 0.5962365591397851, 0.0, 0, 0], [0.0, 0.0, 0, 0.0, 0.0, 0.0, 0.08135066227224663, 0.0, 0, 0]],