{"virus": "nl63", "subtype": null, "gene": "ORF1ab", "window": 3, "min_seqs": 2, "midfreq_high": 0.75, "midfreq_low": 0.15, "window_midpoint": [1988.5, 1989.5, 1990.5, 1991.5, 2000.5, 2001.5, 2002.5, 2004.5, 2005.5, 2006.5, 2007.5, 2008.5, 2009.5, 2010.5, 2011.5, 2013.5, 2014.5, 2015.5, 2016.5, 2017.5, 2018.5, 2019.5], "adaptive_substitutions": [0.0, 0.0, 0.0, 0.0, 2.661370734686672, 2.661370734686672, 3.6142189956121547, 5.104797355334075, 4.103952931158023, 4.168187111471538, 4.097388225384567, 3.5079406245479756, 10.175887198920956, 10.547696980043316, 19.035547489030385, 11.923598178552515, 4.087743700274871, 4.175267064680664, 4.185953534604715, 4.263500371100365, 3.2851435383646646, 7.089452755956197], "adaptive_substitutions_per_codon": [0.0, 0.0, 0.0, 0.0, 0.00039544884616443866, 0.00039544884616443866, 0.0005370310543257288, 0.0007585137229322548, 0.00060979984118247, 0.0006193442959095897, 0.0006088244019887914, 0.0005212393201408582, 0.0015120189002854317, 0.001567265524523524, 0.0028284617368544407, 0.0017717084960702102, 0.0006073913373365336, 0.0006203962949005445, 0.0006219841804761835, 0.000633506741619668, 0.00048813425532907346, 0.0010534105135150368], "rate_of_adaptation": 3.717532637976849e-05}