{"virus": "norovirus", "subtype": null, "gene": "p48", "window": 3, "min_seqs": 2, "midfreq_high": 0.75, "midfreq_low": 0.15, "window_midpoint": [1975.5, 1977.5, 1978.5, 1979.5, 1986.5, 1987.5, 1988.5, 1989.5, 2003.5, 2004.5, 2005.5, 2006.5, 2007.5, 2008.5, 2009.5, 2010.5, 2011.5, 2012.5, 2013.5, 2014.5, 2015.5, 2016.5, 2017.5], "adaptive_substitutions": [0.0, 0.0, 0.0, 0.8762862705073176, 1.1836680515751714, 1.0323736242968695, 1.0323736242968695, 0.0, 2.936935405694322, 2.936935405694322, 2.063067286324694, 6.543110241135006, 1.5958410059005743, 6.022822650360725, 1.8854727129872142, 2.131426176779968, 0.03393643412213754, 0.5041736218293875, 0.524025825267936, 0.04976524254781224, 0.6236744742213294, 5.609232616001182, 6.991151724424044], "adaptive_substitutions_per_codon": [0.0, 0.0, 0.0, 0.0026394164774316796, 0.003565265215587866, 0.0031095591093279204, 0.0031095591093279204, 0.0, 0.008846190981006995, 0.008846190981006995, 0.006214058091339439, 0.01970816337691267, 0.004806750017772814, 0.018141032079399773, 0.005679134677672332, 0.006419958363795083, 0.00010221817506667934, 0.0015185952464740588, 0.0015783910399636625, 0.00014989530887895254, 0.0018785375729558115, 0.016895278963858982, 0.02105768591693989], "rate_of_adaptation": 0.00021584298093633105}