{"virus": "norovirus", "subtype": null, "gene": "VP1", "window": 3, "min_seqs": 2, "midfreq_high": 0.75, "midfreq_low": 0.15, "window_midpoint": [1975.5, 1977.5, 1978.5, 1979.5, 1986.5, 1987.5, 1988.5, 1989.5, 2003.5, 2004.5, 2005.5, 2006.5, 2007.5, 2008.5, 2009.5, 2010.5, 2011.5, 2012.5, 2013.5, 2014.5, 2015.5, 2016.5, 2017.5], "adaptive_substitutions": [0.0, 0.0, 0.0, 1.5474237433823899, 7.33308977221754, 7.509885013523951, 7.509885013523951, 7.5583782778243815, 15.164207842550896, 15.164207842550896, 22.94356588054006, 33.68990570459003, 32.39980057785573, 34.562002245785294, 29.009979496721797, 28.712121743702014, 28.240570105036333, 31.880594311778076, 35.81317949142523, 37.274877264106145, 36.74893974805309, 38.65278914639352, 39.14984842131949], "adaptive_substitutions_per_codon": [0.0, 0.0, 0.0, 0.00286030266798963, 0.013554694588202477, 0.013881488010210632, 0.013881488010210632, 0.013971124358270576, 0.028029959043532154, 0.028029959043532154, 0.042409548762550944, 0.062273393169297656, 0.059888725652228705, 0.06388540156337393, 0.05362288261870942, 0.053072313759153444, 0.05220068411282132, 0.05892900981844376, 0.06619811366252354, 0.0688999579743182, 0.06792779990397983, 0.07144693003030227, 0.07236570872702308], "rate_of_adaptation": 0.00181000833263981}