{"virus": "norovirus", "subtype": null, "gene": "RdRp", "window": 3, "min_seqs": 2, "midfreq_high": 0.75, "midfreq_low": 0.15, "window_midpoint": [1975.5, 1977.5, 1978.5, 1979.5, 1986.5, 1987.5, 1988.5, 1989.5, 2003.5, 2004.5, 2005.5, 2006.5, 2007.5, 2008.5, 2009.5, 2010.5, 2011.5, 2012.5, 2013.5, 2014.5, 2015.5, 2016.5, 2017.5], "adaptive_substitutions": [0.0, 0.0, 0.0, 1.087581188496444, 4.91602441711798, 5.135004931878834, 5.135004931878834, 5.204337744145207, 8.240834496605348, 8.240834496605348, 10.12537404653288, 12.084270694889753, 10.126559354289213, 11.944887852052855, 9.983625190973815, 8.765650815022054, 6.659746629645679, 5.356266991005697, 5.266809891962575, 4.971820682729961, 3.4218466308390125, 2.469864134651763, 6.153335502208618], "adaptive_substitutions_per_codon": [0.0, 0.0, 0.0, 0.002132512134306753, 0.009639263562976431, 0.010068637121331048, 0.010068637121331048, 0.010204583812049424, 0.016158499012951664, 0.016158499012951664, 0.01985367460104486, 0.023694648421352455, 0.01985599873390042, 0.0234213487295154, 0.019575735668576108, 0.0171875506176903, 0.013058326724795448, 0.010502484296089602, 0.010327078219534462, 0.009748668005352864, 0.006709503197723554, 0.0048428708522583585, 0.01206536372982082], "rate_of_adaptation": 0.0002909630611667263}