{"virus": "norovirus", "subtype": null, "gene": "VP2", "window": 3, "min_seqs": 2, "midfreq_high": 0.75, "midfreq_low": 0.15, "window_midpoint": [1975.5, 1977.5, 1978.5, 1979.5, 1986.5, 1987.5, 1988.5, 1989.5, 2003.5, 2004.5, 2005.5, 2006.5, 2007.5, 2008.5, 2009.5, 2010.5, 2011.5, 2012.5, 2013.5, 2014.5, 2015.5, 2016.5, 2017.5], "adaptive_substitutions": [0.0, 0.0, 0.0, 1.6766374556492232, 2.492615739751579, 2.5557817509515095, 2.5557817509515095, 2.989492048903822, 3.3831872782461154, 3.3831872782461154, 5.594659941008622, 8.962705292771846, 7.032303402727998, 8.55514158250292, 5.890079315337834, 5.815411569513397, 5.605730257433976, 7.551350640656599, 8.094263747487915, 7.899951630112794, 7.053547553975154, 7.549358729151329, 6.79208369481282], "adaptive_substitutions_per_codon": [0.0, 0.0, 0.0, 0.006733483757627402, 0.010010504978922004, 0.010264183738761083, 0.010264183738761083, 0.012005992164272379, 0.013587097502996448, 0.013587097502996448, 0.022468513819311735, 0.03599480037257769, 0.028242182340273085, 0.0343579983233049, 0.023654937009388893, 0.023355066544230512, 0.02251297292142159, 0.030326709400227306, 0.03250708332324464, 0.03172671337394696, 0.028327500216767686, 0.030318709755627827, 0.0272774445574812], "rate_of_adaptation": 0.0007466638834490758}