{"virus": "norovirus", "subtype": null, "gene": "p22", "window": 3, "min_seqs": 2, "midfreq_high": 0.75, "midfreq_low": 0.15, "window_midpoint": [1975.5, 1977.5, 1978.5, 1979.5, 1986.5, 1987.5, 1988.5, 1989.5, 2003.5, 2004.5, 2005.5, 2006.5, 2007.5, 2008.5, 2009.5, 2010.5, 2011.5, 2012.5, 2013.5, 2014.5, 2015.5, 2016.5, 2017.5], "adaptive_substitutions": [0.0, 0.0, 0.0, 0.0, 3.8463447791278553, 4.094019266409255, 4.094019266409255, 4.275580639904598, 5.558637196797626, 5.558637196797626, 6.120099285146485, 7.350995804565056, 6.047670022560364, 8.192809724101576, 5.714427499073329, 5.318270013150782, 4.126997765595262, 4.719419605904457, 7.177342102094388, 8.08833467976379, 5.555534543075161, 6.770693144435828, 9.644173386556126], "adaptive_substitutions_per_codon": [0.0, 0.0, 0.0, 0.0, 0.021730761463999184, 0.02313005235259466, 0.02313005235259466, 0.024155822824319766, 0.03140472992541032, 0.03140472992541032, 0.034576832119471664, 0.0415310497433054, 0.034167627246103754, 0.046287060588144496, 0.032284901124708075, 0.030046723238140012, 0.02331637155703538, 0.02666338760397998, 0.04054995537906434, 0.04569680610036039, 0.031387200808334244, 0.038252503640880384, 0.05448685529127755], "rate_of_adaptation": 0.0009360233221541908}