{"virus": "oc43", "subtype": "A", "gene": "M", "window": 3, "min_seqs": 2, "midfreq_high": 0.75, "midfreq_low": 0.15, "window_midpoint": [1991.5, 1992.5, 1995.5, 1996.5, 1997.5, 1998.5, 1999.5, 2000.5, 2003.5, 2004.5, 2005.5, 2006.5, 2007.5, 2008.5, 2009.5, 2010.5, 2011.5, 2012.5, 2013.5, 2014.5, 2015.5, 2016.5, 2017.5, 2018.5, 2019.5], "adaptive_substitutions": [0.0, 0.0, 2.7019748653500897, 2.7019748653500897, 2.7019748653500897, 2.7019748653500897, 2.7019748653500897, 2.7019748653500897, 2.4039497307001794, 2.4039497307001794, 2.7019748653500897, 4.004293185543673, 4.104207321832799, 4.403949730700179, 2.7019748653500897, 3.1166965888689404, 3.982645122681029, 4.990305206463196, 5.138792984394421, 5.0209455415918605, 4.2011828070545985, 4.2011828070545985, 4.239805078225186, 3.893277478555755, 3.8786868427802], "adaptive_substitutions_per_codon": [0.0, 0.0, 0.011696860888961427, 0.011696860888961427, 0.011696860888961427, 0.011696860888961427, 0.011696860888961427, 0.011696860888961427, 0.010406708790909868, 0.010406708790909868, 0.011696860888961427, 0.017334602534821098, 0.01776713126334545, 0.019064717448918526, 0.011696860888961427, 0.013492193025406668, 0.01724088797697415, 0.02160305284183202, 0.022245857075300524, 0.02173569498524615, 0.018186938558677916, 0.018186938558677916, 0.018354134537771367, 0.016854015058682923, 0.01679085213324762], "rate_of_adaptation": 0.0005442737288276893}