{"virus": "oc43", "subtype": "A", "gene": "Spike", "window": 3, "min_seqs": 2, "midfreq_high": 0.75, "midfreq_low": 0.15, "window_midpoint": [1991.5, 1992.5, 1995.5, 1996.5, 1997.5, 1998.5, 1999.5, 2000.5, 2001.5, 2002.5, 2003.5, 2004.5, 2005.5, 2006.5, 2007.5, 2008.5, 2009.5, 2010.5, 2011.5, 2012.5, 2013.5, 2014.5, 2015.5, 2016.5, 2017.5, 2018.5, 2019.5], "adaptive_substitutions": [0.0, 0.0, 4.888642352023899, 5.499445292053773, 5.888642352023899, 5.388642352023899, 7.720496464167293, 9.331854112143393, 6.277284704047798, 6.277284704047798, 14.27284704047798, 16.77329080683496, 14.384426571632574, 19.036488660444935, 19.188677318103647, 19.77449465581281, 20.624242005776374, 19.47959774274679, 20.007128660781696, 22.36214637507283, 21.89687630157208, 28.779069260093564, 21.23310754591256, 20.729950279867175, 19.74695949227168, 18.15775239809711, 19.18574796560121], "adaptive_substitutions_per_codon": [0.0, 0.0, 0.003589311565362628, 0.004037771873754606, 0.004323525955964683, 0.003956418760663656, 0.0056684996065839155, 0.00685158158013465, 0.00460887276361806, 0.00460887276361806, 0.010479329691980897, 0.012315191488131396, 0.01056125298945123, 0.013976863921031523, 0.01408860302357096, 0.014518718543181212, 0.01514261527590042, 0.014302200985864016, 0.014689521777372757, 0.016418609673328068, 0.016077001689847343, 0.021130006798893954, 0.015589653117410103, 0.015220227811943595, 0.014498501829861734, 0.013331683111671886, 0.014086452250808523], "rate_of_adaptation": 0.0006285986356969928}