{"virus": "oc43", "subtype": "A", "gene": "ORF1ab", "window": 3, "min_seqs": 2, "midfreq_high": 0.75, "midfreq_low": 0.15, "window_midpoint": [1991.5, 1992.5, 1995.5, 1996.5, 1997.5, 1998.5, 1999.5, 2000.5, 2001.5, 2003.5, 2004.5, 2005.5, 2006.5, 2007.5, 2008.5, 2009.5, 2010.5, 2011.5, 2012.5, 2013.5, 2014.5, 2015.5, 2016.5, 2017.5, 2018.5, 2019.5], "adaptive_substitutions": [0.0, 0.0, 0.0, 0.0, 0.0, 0.0, 2.075061759721375, 5.180792672075106, 0.0, 7.614206515598795, 6.817999675069561, 7.096988165877357, 13.237765261989622, 15.07473073441301, 16.563322601830272, 12.44471648395525, 12.3099302949859, 15.448804478326693, 16.122062668448443, 17.70609449006833, 17.657792184679447, 16.642239120001122, 16.09234025211528, 16.484918986761876, 19.397928085127678, 20.49504407883002], "adaptive_substitutions_per_codon": [0.0, 0.0, 0.0, 0.0, 0.0, 0.0, 0.00029242696726625915, 0.0007301004329305392, 0.0, 0.0010730279757044526, 0.0009608229530819561, 0.001000139256747091, 0.0018655249805509615, 0.0021243983560334002, 0.0023341773677889336, 0.0017537650061943701, 0.0017347703346936162, 0.0021771144980730966, 0.0022719930479775147, 0.00249522188416972, 0.002488414907649302, 0.002345298635851342, 0.0022678044323725033, 0.0023231283803215722, 0.0027336426275546334, 0.002888253111447297], "rate_of_adaptation": 0.00012023538637485856}