{"virus": "oc43", "subtype": "B", "gene": "S2", "window": 3, "min_seqs": 2, "midfreq_high": 0.75, "midfreq_low": 0.15, "window_midpoint": [1984.5, 1986.5, 1987.5, 1988.5, 1989.5, 1990.5, 1991.5, 1992.5, 1993.5, 1994.5, 1995.5, 1996.5, 1997.5, 1998.5, 2000.5, 2001.5, 2002.5, 2003.5, 2004.5, 2005.5, 2006.5, 2007.5, 2008.5, 2009.5, 2010.5, 2011.5, 2012.5, 2013.5, 2015.5, 2016.5, 2017.5], "adaptive_substitutions": [0.0, 0.0, 0.0, 0.0, 0.0, 0.0, 0.0, 1.76, 1.76, 1.0, 1.0, 1.0, 0.76, 0.64, 0.64, 0.64, 1.0, 1.0, 1.0, 1.0, 1.296, 1.52, 2.4, 1.312, 1.352727272727273, 1.48, 1.6400000000000001, 1.6400000000000001, 1.4, 2.12, 2.176], "adaptive_substitutions_per_codon": [0.0, 0.0, 0.0, 0.0, 0.0, 0.0, 0.0, 0.002953020134228188, 0.002953020134228188, 0.0016778523489932886, 0.0016778523489932886, 0.0016778523489932886, 0.0012751677852348992, 0.0010738255033557048, 0.0010738255033557048, 0.0010738255033557048, 0.0016778523489932886, 0.0016778523489932886, 0.0016778523489932886, 0.0016778523489932886, 0.002174496644295302, 0.0025503355704697985, 0.004026845637583892, 0.0022013422818791947, 0.00226967663209274, 0.002483221476510067, 0.0027516778523489936, 0.0027516778523489936, 0.002348993288590604, 0.003557046979865772, 0.0036510067114093963], "rate_of_adaptation": 9.575254107844456e-05}