{"virus": "oc43", "subtype": "A", "gene": "N", "window": 3, "min_seqs": 2, "midfreq_high": 0.75, "midfreq_low": 0.15, "window_midpoint": [1991.5, 1992.5, 1995.5, 1996.5, 1997.5, 1998.5, 1999.5, 2000.5, 2003.5, 2004.5, 2005.5, 2006.5, 2007.5, 2008.5, 2009.5, 2010.5, 2011.5, 2012.5, 2013.5, 2014.5, 2015.5, 2016.5, 2017.5, 2018.5, 2019.5], "adaptive_substitutions": [0.0, 0.0, 2.0049487451396253, 2.0049487451396253, 3.206433368681513, 1.8059384941675505, 2.307175680452457, 2.6069282431954757, 4.407917992223401, 4.407917992223401, 3.8084128667373633, 4.251525350792261, 4.251525350792261, 4.606928243195476, 1.3059384941675505, 3.0086603039943447, 3.428313891834571, 4.065026511134677, 4.070560404600702, 4.277993794430698, 3.891522674817541, 3.891522674817541, 4.150987224157956, 3.376261733631829, 2.660788769378377], "adaptive_substitutions_per_codon": [0.0, 0.0, 0.004465364688506961, 0.004465364688506961, 0.0071412769903819884, 0.004022134730885413, 0.005138475903012154, 0.005806076265468765, 0.009817189292257018, 0.009817189292257018, 0.008481988567343793, 0.00946887605967096, 0.00946887605967096, 0.010260419249878566, 0.002908548984782963, 0.006700802458784732, 0.007635442966223988, 0.009053511160656297, 0.009065836090424726, 0.009527825822785519, 0.008667088362622586, 0.008667088362622586, 0.00924496041015135, 0.007519513883367103, 0.005926032893938479], "rate_of_adaptation": 0.00022188569259612458}