{"virus": "parainfluenza", "subtype": "1", "gene": "C", "window": 3, "min_seqs": 2, "midfreq_high": 0.75, "midfreq_low": 0.15, "window_midpoint": [1998.5, 2002.5, 2003.5, 2004.5, 2005.5, 2006.5, 2007.5, 2008.5, 2009.5, 2010.5, 2011.5, 2012.5, 2013.5, 2014.5, 2015.5, 2016.5, 2017.5], "adaptive_substitutions": [0.0, 1.0, 1.0, 1.7142857142857142, 4.2, 4.25, 4.444444444444445, 0.9736842105263158, 1.0, 1.0, 1.8235294117647058, 0.8461538461538461, 0.0, 0.8181818181818182, 1.8571428571428572, 1.8571428571428572, 1.8888888888888888], "adaptive_substitutions_per_codon": [0.0, 0.004878048780487805, 0.004878048780487805, 0.008362369337979094, 0.02048780487804878, 0.020731707317073172, 0.02168021680216802, 0.0047496790757381255, 0.004878048780487805, 0.004878048780487805, 0.008895265423242468, 0.004127579737335835, 0.0, 0.003991130820399113, 0.009059233449477353, 0.009059233449477353, 0.009214092140921408], "rate_of_adaptation": -5.664547979958295e-05}