{"virus": "parainfluenza", "subtype": "1", "gene": "F", "window": 3, "min_seqs": 2, "midfreq_high": 0.75, "midfreq_low": 0.15, "window_midpoint": [1998.5, 2002.5, 2003.5, 2004.5, 2005.5, 2006.5, 2007.5, 2008.5, 2009.5, 2010.5, 2011.5, 2012.5, 2013.5, 2014.5, 2015.5, 2016.5, 2017.5], "adaptive_substitutions": [0.0, 0.8314855875831486, 0.8314855875831486, 0.9201773835920177, 1.6086474501108647, 1.603957018591165, 1.6680104817577102, 0.9379157427937915, 0.9733924611973392, 0.9733924611973392, 3.232182451694647, 0.9556541019955654, 0.9467849223946785, 0.9379157427937915, 3.235666772252138, 3.235666772252138, 3.228381374722838], "adaptive_substitutions_per_codon": [0.0, 0.0014954776755092601, 0.0014954776755092601, 0.0016549952942302476, 0.002893250809551915, 0.0028848147816387857, 0.0030000188520822126, 0.0016868988179744452, 0.0017507058654628405, 0.0017507058654628405, 0.00581327779081771, 0.001718802341718643, 0.001702850579846544, 0.0016868988179744452, 0.00581954455441032, 0.00581954455441032, 0.005806441321443953], "rate_of_adaptation": 0.00023369647795520732}