{"virus": "rhinovirusA101", "subtype": null, "gene": "3A", "window": 3, "min_seqs": 2, "midfreq_high": 0.75, "midfreq_low": 0.15, "window_midpoint": [2000.5, 2009.5, 2015.5, 2016.5, 2017.5], "adaptive_substitutions": [0.0, 0.0, 0.045454545454545456, 0.041666666666666664, 0.045454545454545456], "adaptive_substitutions_per_codon": [0.0, 0.0, 0.0005903187721369539, 0.0005411255411255411, 0.0005903187721369539], "rate_of_adaptation": 3.936436477553412e-05}