{"virus": "rhinovirusA101", "subtype": null, "gene": "3D", "window": 3, "min_seqs": 2, "midfreq_high": 0.75, "midfreq_low": 0.15, "window_midpoint": [2000.5, 2009.5, 2015.5, 2016.5, 2017.5], "adaptive_substitutions": [0.0, 6.528901734104046, 0.9421965317919075, 0.9421965317919075, 0.9364161849710982], "adaptive_substitutions_per_codon": [0.0, 0.014193264639356622, 0.0020482533299824076, 0.0020482533299824076, 0.0020356873586328222], "rate_of_adaptation": -2.9166543838252218e-05}