{"virus": "rhinovirusB6", "subtype": null, "gene": "VP3", "window": 3, "min_seqs": 2, "midfreq_high": 0.75, "midfreq_low": 0.15, "window_midpoint": [2001.5, 2006.5, 2007.5, 2008.5, 2018.5, 2020.5], "adaptive_substitutions": [0.0, 0.0, 0.0, 0.0, 0.0, 2.9156626506024095], "adaptive_substitutions_per_codon": [0.0, 0.0, 0.0, 0.0, 0.0, 0.01235450275678987], "rate_of_adaptation": 0.00045089426119671066}