{"virus": "rhinovirusB6", "subtype": null, "gene": "2B", "window": 3, "min_seqs": 2, "midfreq_high": 0.75, "midfreq_low": 0.15, "window_midpoint": [2001.5, 2006.5, 2007.5, 2008.5, 2018.5, 2020.5], "adaptive_substitutions": [0.0, 0.0, 0.0, 0.0, 0.0, 0.9759036144578314], "adaptive_substitutions_per_codon": [0.0, 0.0, 0.0, 0.0, 0.0, 0.01006086200471991], "rate_of_adaptation": 0.000367184744697807}