{"virus": "rotavirusAg1p8", "subtype": null, "gene": "E", "window": 3, "min_seqs": 2, "midfreq_high": 0.75, "midfreq_low": 0.15, "window_midpoint": [1998.5, 1999.5, 2000.5, 2001.5, 2002.5, 2003.5, 2004.5, 2005.5, 2006.5, 2007.5, 2008.5, 2009.5, 2010.5, 2011.5, 2012.5, 2013.5, 2014.5, 2015.5, 2016.5, 2017.5], "adaptive_substitutions": [0.0, 0.0, 0.0, 0.0, 0.0, 0.0, 0.0, 0.0, 0.0, 0.0, 0.0, 0.0, 0.74465006543774, 0.7983532491187768, 0.7985456009246341, 0.8107321959443913, 0.8499865079457044, 0.7405331882346822, 0.6890922812136119, 0.8044443021908648], "adaptive_substitutions_per_codon": [0.0, 0.0, 0.0, 0.0, 0.0, 0.0, 0.0, 0.0, 0.0, 0.0, 0.0, 0.0, 0.00423096628089625, 0.004536098006356687, 0.004537190914344512, 0.004606432931502223, 0.004829468795146048, 0.004207574933151603, 0.003915297052350068, 0.004570706262448095], "rate_of_adaptation": 0.0003185813422069479}