{"virus": "rotavirusAg1p8", "subtype": null, "gene": "M", "window": 3, "min_seqs": 2, "midfreq_high": 0.75, "midfreq_low": 0.15, "window_midpoint": [1999.5, 2000.5, 2001.5, 2002.5, 2003.5, 2004.5, 2005.5, 2006.5, 2007.5, 2008.5, 2009.5, 2010.5, 2011.5, 2012.5, 2013.5, 2014.5, 2015.5, 2016.5, 2017.5], "adaptive_substitutions": [0.0, 0.0, 0.0, 0.0, 0.0, 0.0, 0.0, 0.0, 0.0, 0.0, 1.2708697091363217, 2.0052085288081347, 2.134521521464131, 1.9595322777055724, 1.9585346049115715, 1.9124549423726507, 1.8667475449340516, 2.23213623146486, 2.3055251700321824], "adaptive_substitutions_per_codon": [0.0, 0.0, 0.0, 0.0, 0.0, 0.0, 0.0, 0.0, 0.0, 0.0, 0.0015201790779142603, 0.0023985747952250417, 0.0025532554084499175, 0.002343938131226761, 0.0023427447427171906, 0.0022876255291538884, 0.002232951608772789, 0.002670019415627823, 0.002757805227311223], "rate_of_adaptation": 0.0001940410314725676}