{"virus": "rsv", "subtype": "B", "gene": "N", "window": 3, "min_seqs": 2, "midfreq_high": 0.75, "midfreq_low": 0.15, "window_midpoint": [1977.5, 1978.5, 1979.5, 1980.5, 1981.5, 1982.5, 1983.5, 1984.5, 1985.5, 1986.5, 1987.5, 1988.5, 1989.5, 1990.5, 1991.5, 1992.5, 1993.5, 1994.5, 1995.5, 1996.5, 1997.5, 1998.5, 2001.5, 2002.5, 2003.5, 2004.5, 2005.5, 2006.5, 2007.5, 2008.5, 2009.5, 2010.5, 2011.5, 2012.5, 2013.5, 2014.5, 2015.5, 2016.5, 2017.5, 2018.5], "adaptive_substitutions": [0.0, 0.0, 0.0, 0.0, 0.0, 0.0, 0.0, 0.7777777777777778, 0.8888888888888888, 0.75, 0.0, 0.0, 0.0, 0.7916666666666666, 0.75, 0.0, 0.0, 0.0, 0.0, 0.0, 0.0, 0.0, 0.0, 0.0, 0.0, 0.0, 0.75, 0.8666666666666667, 0.9705882352941176, 0.9879518072289156, 0.9914529914529915, 1.0, 0.9919354838709677, 0.9954128440366973, 0.9956521739130435, 1.0, 1.7671232876712328, 1.94375, 1.9957081545064377, 2.0], "adaptive_substitutions_per_codon": [0.0, 0.0, 0.0, 0.0, 0.0, 0.0, 0.0, 0.001984126984126984, 0.0022675736961451248, 0.001913265306122449, 0.0, 0.0, 0.0, 0.0020195578231292518, 0.001913265306122449, 0.0, 0.0, 0.0, 0.0, 0.0, 0.0, 0.0, 0.0, 0.0, 0.0, 0.0, 0.001913265306122449, 0.002210884353741497, 0.002475990396158463, 0.002520285222522744, 0.002529216814931101, 0.002551020408163265, 0.002530447662936142, 0.0025393184796854524, 0.0025399290150842947, 0.002551020408163265, 0.00450796757058988, 0.004958545918367347, 0.00509109223088377, 0.00510204081632653], "rate_of_adaptation": 9.278909060354743e-05}