{"virus": "rsv", "subtype": "B", "gene": "SH", "window": 3, "min_seqs": 2, "midfreq_high": 0.75, "midfreq_low": 0.15, "window_midpoint": [1977.5, 1978.5, 1979.5, 1980.5, 1981.5, 1982.5, 1983.5, 1984.5, 1985.5, 1986.5, 1987.5, 1988.5, 1989.5, 1990.5, 1991.5, 1992.5, 1993.5, 1994.5, 1995.5, 1996.5, 1997.5, 1998.5, 2001.5, 2002.5, 2003.5, 2004.5, 2005.5, 2006.5, 2007.5, 2008.5, 2009.5, 2010.5, 2011.5, 2012.5, 2013.5, 2014.5, 2015.5, 2016.5, 2017.5, 2018.5], "adaptive_substitutions": [0.0, 0.0, 0.0, 0.0, 0.0, 0.0, 0.0, 0.7531239446133063, 0.9007092198581559, 0.33966565349544076, 0.0, 0.0, 0.0, 1.4465552178318135, 1.3358662613981762, 0.0, 0.6717325227963526, 0.6717325227963526, 0.6717325227963526, 0.6717325227963526, 0.6717325227963526, 0.6717325227963526, 0.6717325227963526, 0.6717325227963526, 0.6717325227963526, 0.6717325227963526, 0.3434650455927052, 0.3434650455927052, 0.6717325227963526, 1.0, 1.0, 1.0, 1.0, 1.0, 1.0, 1.0, 0.7513636174376483, 0.9902925531914893, 1.009496849602776, 1.7194505129179332], "adaptive_substitutions_per_codon": [0.0, 0.0, 0.0, 0.0, 0.0, 0.0, 0.0, 0.011410968857777369, 0.01364710939179024, 0.005146449295385466, 0.0, 0.0, 0.0, 0.021917503300482023, 0.020240397899972368, 0.0, 0.010177765496914433, 0.010177765496914433, 0.010177765496914433, 0.010177765496914433, 0.010177765496914433, 0.010177765496914433, 0.010177765496914433, 0.010177765496914433, 0.010177765496914433, 0.010177765496914433, 0.005204015842313715, 0.005204015842313715, 0.010177765496914433, 0.015151515151515152, 0.015151515151515152, 0.015151515151515152, 0.015151515151515152, 0.015151515151515152, 0.015151515151515152, 0.015151515151515152, 0.011384297233903762, 0.015004432624113474, 0.015295406812163273, 0.026052280498756564], "rate_of_adaptation": 0.0003829232723849545}