{"virus": "rsv", "subtype": "A", "gene": "N", "window": 3, "min_seqs": 2, "midfreq_high": 0.75, "midfreq_low": 0.15, "window_midpoint": [1978.5, 1979.5, 1980.5, 1981.5, 1982.5, 1983.5, 1984.5, 1985.5, 1986.5, 1987.5, 1988.5, 1989.5, 1990.5, 1991.5, 1992.5, 1993.5, 1994.5, 1995.5, 1996.5, 1997.5, 1998.5, 1999.5, 2000.5, 2001.5, 2002.5, 2003.5, 2004.5, 2005.5, 2006.5, 2007.5, 2008.5, 2009.5, 2010.5, 2011.5, 2012.5, 2013.5, 2014.5, 2015.5, 2016.5, 2017.5, 2018.5], "adaptive_substitutions": [0.0, 0.0, 0.0, 0.0, 0.0, 0.7940140845070423, 0.8898594268312578, 0.8433462459974473, 0.0, 0.0, 0.0, 0.0, 0.0, 0.8295703273696231, 0.8755234107346783, 0.0, 0.0, 0.0, 0.0, 0.0, 0.0, 0.0, 0.7537471450323563, 0.8197905762276361, 0.8257550897181786, 0.8795441568328892, 0.8104420441568329, 0.0, 0.0, 0.7557575180814617, 0.809421648702299, 0.7749438648799573, 0.7828094482530444, 0.7949594068423084, 0.8028627336649382, 0.7859032869366611, 0.7909000549845621, 0.923486867148839, 0.8996085797984145, 0.9184268695712358, 0.9161942867546051], "adaptive_substitutions_per_codon": [0.0, 0.0, 0.0, 0.0, 0.0, 0.002025546133946536, 0.002270049558243005, 0.0021513934846873655, 0.0, 0.0, 0.0, 0.0, 0.0, 0.0021162508351265895, 0.0022334780886088734, 0.0, 0.0, 0.0, 0.0, 0.0, 0.0, 0.0, 0.0019228243495723375, 0.0020913024903766227, 0.0021065180860157617, 0.002243735093961452, 0.002067454194277635, 0.0, 0.0, 0.0019279528522486268, 0.002064851144648722, 0.001976897614489687, 0.001996962878196542, 0.0020279576705160927, 0.0020481192185330056, 0.002004855323818013, 0.0020176021810830664, 0.0023558338447674464, 0.0022949198464245267, 0.0023429256876817237, 0.0023372303233535844], "rate_of_adaptation": 5.183648601423143e-05}