{"virus": "rsv", "subtype": "A", "gene": "P", "window": 3, "min_seqs": 2, "midfreq_high": 0.75, "midfreq_low": 0.15, "window_midpoint": [1978.5, 1979.5, 1980.5, 1981.5, 1982.5, 1983.5, 1984.5, 1985.5, 1986.5, 1987.5, 1988.5, 1989.5, 1990.5, 1991.5, 1992.5, 1993.5, 1994.5, 1995.5, 1996.5, 1997.5, 1998.5, 1999.5, 2000.5, 2001.5, 2002.5, 2003.5, 2004.5, 2005.5, 2006.5, 2007.5, 2008.5, 2009.5, 2010.5, 2011.5, 2012.5, 2013.5, 2014.5, 2015.5, 2016.5, 2017.5, 2018.5], "adaptive_substitutions": [0.0, 0.0, 0.0, 0.0, 0.0, 0.0, 0.0, 0.0, 0.0, 0.0, 0.0, 0.0, 0.0, 0.0, 0.0, 0.0, 0.0, 0.0, 0.0, 0.0, 0.0, 0.0, 0.5822214743843535, 0.6451359470266846, 0.6596567105630811, 0.7613231451421332, 0.6845652862459419, 0.0, 0.0, 0.7704841590343213, 0.7935161482493951, 0.6456791462765057, 0.6498927331619926, 0.613396167929223, 0.6824259925197381, 0.6592731130673478, 0.749319858565774, 0.8523823613987855, 0.7525777454926034, 0.7369001900387996, 0.7568734141916293], "adaptive_substitutions_per_codon": [0.0, 0.0, 0.0, 0.0, 0.0, 0.0, 0.0, 0.0, 0.0, 0.0, 0.0, 0.0, 0.0, 0.0, 0.0, 0.0, 0.0, 0.0, 0.0, 0.0, 0.0, 0.0, 0.0024058738610923695, 0.002665851020771424, 0.0027258541758805, 0.003145963409678236, 0.002828782174570008, 0.0, 0.0, 0.003183818838984799, 0.0032789923481379964, 0.002668095645770685, 0.0026855071618264157, 0.0025346949087984424, 0.0028199421178501573, 0.002724269062261768, 0.003096363051924686, 0.003522241162804899, 0.0031098253945975344, 0.0030450421075983456, 0.0031275760917009476], "rate_of_adaptation": 0.0001007897222368118}