{"virus": "rsv", "subtype": "B", "gene": "P", "window": 3, "min_seqs": 2, "midfreq_high": 0.75, "midfreq_low": 0.15, "window_midpoint": [1977.5, 1978.5, 1979.5, 1980.5, 1981.5, 1982.5, 1983.5, 1984.5, 1985.5, 1986.5, 1987.5, 1988.5, 1989.5, 1990.5, 1991.5, 1992.5, 1993.5, 1994.5, 1995.5, 1996.5, 1997.5, 1998.5, 2001.5, 2002.5, 2003.5, 2004.5, 2005.5, 2006.5, 2007.5, 2008.5, 2009.5, 2010.5, 2011.5, 2012.5, 2013.5, 2014.5, 2015.5, 2016.5, 2017.5, 2018.5], "adaptive_substitutions": [0.0, 0.0, 0.0, 0.0, 0.0, 0.0, 0.0, 2.3333333333333335, 2.6666666666666665, 2.5, 0.0, 1.8, 2.0, 2.7916666666666665, 2.75, 2.0, 2.0, 2.0, 2.0, 2.0, 2.0, 2.0, 1.5, 1.5, 1.3333333333333333, 1.5, 1.5, 2.0, 2.0, 2.0, 2.0, 2.0, 1.9919354838709677, 2.0045871559633026, 2.0, 2.0043290043290045, 1.5, 1.49375, 1.495708154506438, 1.99609375], "adaptive_substitutions_per_codon": [0.0, 0.0, 0.0, 0.0, 0.0, 0.0, 0.0, 0.009641873278236915, 0.011019283746556472, 0.010330578512396695, 0.0, 0.00743801652892562, 0.008264462809917356, 0.011535812672176307, 0.011363636363636364, 0.008264462809917356, 0.008264462809917356, 0.008264462809917356, 0.008264462809917356, 0.008264462809917356, 0.008264462809917356, 0.008264462809917356, 0.006198347107438017, 0.006198347107438017, 0.005509641873278236, 0.006198347107438017, 0.006198347107438017, 0.008264462809917356, 0.008264462809917356, 0.008264462809917356, 0.008264462809917356, 0.008264462809917356, 0.008231138363103173, 0.008283417999848358, 0.008264462809917356, 0.00828235125755787, 0.006198347107438017, 0.006172520661157024, 0.0061806122087042885, 0.008248321280991736], "rate_of_adaptation": 0.00013017395235426202}