{"virus": "rsv", "subtype": "B", "gene": "G", "window": 3, "min_seqs": 2, "midfreq_high": 0.75, "midfreq_low": 0.15, "window_midpoint": [1977.5, 1978.5, 1979.5, 1980.5, 1981.5, 1982.5, 1983.5, 1984.5, 1985.5, 1986.5, 1987.5, 1988.5, 1989.5, 1990.5, 1991.5, 1992.5, 1993.5, 1994.5, 1995.5, 1996.5, 1997.5, 1998.5, 2001.5, 2002.5, 2003.5, 2004.5, 2005.5, 2006.5, 2007.5, 2008.5, 2009.5, 2010.5, 2011.5, 2012.5, 2013.5, 2014.5, 2015.5, 2016.5, 2017.5, 2018.5], "adaptive_substitutions": [0.0, 0.0, 0.0, 0.0, 0.0, 0.0, 0.0, 7.973011707335232, 9.008226776108847, 7.09001060919091, 0.0, 5.1117650343402765, 5.701825897593388, 9.957214249818527, 7.62104528449383, 5.593122300113198, 9.951290784894, 10.013920375230331, 10.00110977720699, 10.937830141269751, 11.003043162655647, 11.052738846390083, 17.347460308597164, 17.558936847395167, 17.60034484100596, 18.873509211602446, 20.546501758892177, 20.683148137807805, 20.28837620256657, 21.61634185409907, 21.343367251245972, 19.93618192470558, 20.01507741947492, 18.7503086022899, 19.219284531055152, 18.78429585936984, 20.57317588080379, 24.805807136076833, 25.299977329354867, 25.526789951979453], "adaptive_substitutions_per_codon": [0.0, 0.0, 0.0, 0.0, 0.0, 0.0, 0.0, 0.02657670569111744, 0.03002742258702949, 0.023633368697303033, 0.0, 0.017039216781134254, 0.019006086325311294, 0.03319071416606176, 0.0254034842816461, 0.01864374100037733, 0.03317096928298, 0.0333797345841011, 0.033337032590689965, 0.036459433804232506, 0.03667681054218549, 0.03684246282130028, 0.05782486769532388, 0.05852978949131722, 0.058667816136686535, 0.06291169737200815, 0.06848833919630726, 0.06894382712602602, 0.0676279206752219, 0.0720544728469969, 0.07114455750415324, 0.0664539397490186, 0.06671692473158307, 0.06250102867429966, 0.06406428177018383, 0.06261431953123281, 0.06857725293601263, 0.08268602378692277, 0.08433325776451622, 0.0850892998399315], "rate_of_adaptation": 0.0021439093828606683}