{"virus": "rsv", "subtype": "B", "gene": "M", "window": 3, "min_seqs": 2, "midfreq_high": 0.75, "midfreq_low": 0.15, "window_midpoint": [1977.5, 1978.5, 1979.5, 1980.5, 1981.5, 1982.5, 1983.5, 1984.5, 1985.5, 1986.5, 1987.5, 1988.5, 1989.5, 1990.5, 1991.5, 1992.5, 1993.5, 1994.5, 1995.5, 1996.5, 1997.5, 1998.5, 2001.5, 2002.5, 2003.5, 2004.5, 2005.5, 2006.5, 2007.5, 2008.5, 2009.5, 2010.5, 2011.5, 2012.5, 2013.5, 2014.5, 2015.5, 2016.5, 2017.5, 2018.5], "adaptive_substitutions": [0.0, 0.0, 0.0, 0.0, 0.0, 0.0, 0.0, 0.0, 0.0, 0.0, 0.0, 0.0, 0.0, 0.0, 0.0, 0.0, 0.0, 0.0, 0.0, 0.0, 0.0, 0.0, 0.8571428571428571, 0.8888888888888888, 0.9090909090909091, 1.0, 1.0, 1.0, 0.9411764705882353, 0.9397590361445783, 0.9145299145299145, 0.9104477611940298, 0.8387096774193549, 0.8532110091743119, 0.8565217391304348, 0.9047619047619048, 0.9657534246575342, 1.0, 0.9957081545064378, 0.9921875], "adaptive_substitutions_per_codon": [0.0, 0.0, 0.0, 0.0, 0.0, 0.0, 0.0, 0.0, 0.0, 0.0, 0.0, 0.0, 0.0, 0.0, 0.0, 0.0, 0.0, 0.0, 0.0, 0.0, 0.0, 0.0, 0.0033351862145636463, 0.0034587116299178555, 0.0035373187124159884, 0.0038910505836575876, 0.0038910505836575876, 0.0038910505836575876, 0.0036621652552071412, 0.0036566499460878536, 0.0035584821577039475, 0.0035425982925837737, 0.003263461779841848, 0.0033198871952307856, 0.0033327694129588904, 0.0035204743375949602, 0.0037577954266830127, 0.0038910505836575876, 0.003874350795744894, 0.003860651750972763], "rate_of_adaptation": 0.0001287873347014022}