{"virus": "rsv", "subtype": "A", "gene": "NS2", "window": 3, "min_seqs": 2, "midfreq_high": 0.75, "midfreq_low": 0.15, "window_midpoint": [1978.5, 1979.5, 1980.5, 1981.5, 1982.5, 1983.5, 1984.5, 1985.5, 1986.5, 1987.5, 1988.5, 1989.5, 1990.5, 1991.5, 1992.5, 1993.5, 1994.5, 1995.5, 1996.5, 1997.5, 1998.5, 1999.5, 2000.5, 2001.5, 2002.5, 2003.5, 2004.5, 2005.5, 2006.5, 2007.5, 2008.5, 2009.5, 2010.5, 2011.5, 2012.5, 2013.5, 2014.5, 2015.5, 2016.5, 2017.5, 2018.5], "adaptive_substitutions": [0.0, 0.0, 0.0, 0.0, 0.0, 0.0, 0.0, 0.0, 0.0, 0.0, 0.0, 0.0, 0.0, 0.0, 0.0, 0.0, 0.0, 0.0, 0.0, 0.0, 0.0, 0.0, 0.7209051724137931, 0.8073315212127082, 0.8218646875709763, 0.9001598217745059, 0.8233364006199148, 0.0, 0.0, 0.0, 0.7134486919122447, 0.7017167986318181, 0.7528501776099245, 0.756558494538059, 0.7541148397279321, 0.7498325977460708, 0.7306061388781264, 0.8662824486633088, 0.8784385896939171, 0.9027508717551337, 0.9270631538163503], "adaptive_substitutions_per_codon": [0.0, 0.0, 0.0, 0.0, 0.0, 0.0, 0.0, 0.0, 0.0, 0.0, 0.0, 0.0, 0.0, 0.0, 0.0, 0.0, 0.0, 0.0, 0.0, 0.0, 0.0, 0.0, 0.0057672413793103455, 0.0064586521697016655, 0.006574917500567811, 0.007201278574196048, 0.006586691204959318, 0.0, 0.0, 0.0, 0.005707589535297958, 0.005613734389054545, 0.006022801420879396, 0.006052467956304472, 0.006032918717823457, 0.0059986607819685666, 0.005844849111025011, 0.006930259589306471, 0.007027508717551337, 0.00722200697404107, 0.007416505230530802], "rate_of_adaptation": 0.00020911768120083815}