{"virus": "vic", "subtype": null, "gene": "NP", "window": 3, "min_seqs": 2, "midfreq_high": 0.75, "midfreq_low": 0.15, "window_midpoint": [2004.5, 2005.5, 2006.5, 2007.5, 2008.5, 2012.5, 2013.5, 2014.5, 2015.5, 2016.5, 2017.5, 2018.5, 2019.5, 2020.5], "adaptive_substitutions": [0.0, 0.0, 0.0, 0.0, 0.0, 8.3125, 8.35, 8.969696969696969, 9.397435897435898, 8.923664122137405, 8.29139072847682, 8.294117647058822, 8.973076923076924, 10.322916666666668], "adaptive_substitutions_per_codon": [0.0, 0.0, 0.0, 0.0, 0.0, 0.014817290552584671, 0.014884135472370765, 0.015988764651866254, 0.016751222633575577, 0.015906709665129064, 0.01477966261760574, 0.014784523435042465, 0.015994789524201292, 0.01840092097445039], "rate_of_adaptation": 0.0013323742985124145}