{"virus": "vic", "subtype": null, "gene": "PA", "window": 3, "min_seqs": 2, "midfreq_high": 0.75, "midfreq_low": 0.15, "window_midpoint": [2004.5, 2005.5, 2006.5, 2007.5, 2008.5, 2011.5, 2012.5, 2013.5, 2014.5, 2015.5, 2016.5, 2017.5, 2018.5, 2019.5, 2020.5], "adaptive_substitutions": [0.0, 0.0, 0.0, 0.0, 0.8307616081540203, 2.8584371460928653, 2.8584371460928653, 2.830124575311438, 2.6602491506228763, 3.4745808358423336, 3.4806433615348746, 3.4936222208976573, 3.5216425703401923, 3.5504617126927434, 3.511416745091158], "adaptive_substitutions_per_codon": [0.0, 0.0, 0.0, 0.0, 0.0011427257333617886, 0.003931825510444106, 0.003931825510444106, 0.00389288112147378, 0.0036592147876518244, 0.004779340902121504, 0.004787680002111244, 0.004805532628469955, 0.004844075062366152, 0.004883716248545727, 0.004830009277979585], "rate_of_adaptation": 0.0003736082648802776}