{"virus": "vic", "subtype": null, "gene": "NA", "window": 3, "min_seqs": 2, "midfreq_high": 0.75, "midfreq_low": 0.15, "window_midpoint": [1972.5, 1973.5, 1983.5, 1984.5, 1985.5, 1986.5, 1987.5, 1988.5, 1989.5, 1990.5, 1991.5, 1992.5, 1993.5, 1994.5, 1995.5, 1996.5, 1997.5, 1998.5, 1999.5, 2000.5, 2001.5, 2002.5, 2003.5, 2004.5, 2005.5, 2006.5, 2007.5, 2008.5, 2009.5, 2010.5, 2011.5, 2012.5, 2013.5, 2014.5, 2015.5, 2016.5, 2017.5, 2018.5, 2019.5, 2020.5], "adaptive_substitutions": [0.0, 0.0, 2.308999872129112, 2.552208242758121, 3.793549878522657, 3.5494258288387703, 2.778722129871025, 2.778722129871025, 2.778722129871025, 3.872666581419408, 4.621110969032347, 4.340166535751234, 4.2620276463549205, 2.9345554479816336, 4.7620276463549205, 4.756462818516219, 6.807133137264638, 8.651388711290434, 6.838655369432374, 4.743941955879141, 3.25204055788204, 9.666657562227327, 12.098442287060697, 12.64496800489548, 12.11658544033276, 11.901026960887789, 11.266223176484056, 10.800679304591418, 11.20781686852456, 13.053710790013103, 13.350638569719095, 14.826300227120239, 17.978014883108873, 17.9394070834025, 16.035627812994207, 18.025007395966288, 18.03176097331021, 18.08060674904037, 18.022269936166374, 18.502408750418848], "adaptive_substitutions_per_codon": [0.0, 0.0, 0.004944325207985251, 0.0054651140101886955, 0.00812323314458813, 0.007600483573530557, 0.005950154453685279, 0.005950154453685279, 0.005950154453685279, 0.008292647925951623, 0.009895312567521086, 0.009293718491972663, 0.009126397529667924, 0.006283844642358959, 0.010197061341231092, 0.01018514522166214, 0.014576302221123423, 0.01852545762588958, 0.014643801647606796, 0.010158333952631993, 0.0069636842781200005, 0.020699480861300485, 0.025906728666082863, 0.027077019282431433, 0.025945579101354945, 0.02548399777492032, 0.02412467489611147, 0.023127792943450572, 0.023999607855512976, 0.027952271498957394, 0.028588091155715405, 0.031747966225096874, 0.038496819878177456, 0.038414147930198074, 0.03433753279013749, 0.03859744624403916, 0.03861190786576062, 0.03871650267460465, 0.038591584445752405, 0.03961971895164636], "rate_of_adaptation": 0.0009605471354315282}