{"virus": "vic", "subtype": null, "gene": "PB1", "window": 3, "min_seqs": 2, "midfreq_high": 0.75, "midfreq_low": 0.15, "window_midpoint": [1972.5, 1973.5, 1984.5, 1985.5, 1986.5, 1987.5, 1988.5, 1989.5, 1992.5, 1993.5, 1994.5, 1995.5, 1996.5, 1997.5, 1998.5, 1999.5, 2000.5, 2001.5, 2002.5, 2003.5, 2004.5, 2005.5, 2006.5, 2007.5, 2008.5, 2009.5, 2010.5, 2011.5, 2012.5, 2013.5, 2014.5, 2015.5, 2016.5, 2017.5, 2018.5, 2019.5, 2020.5], "adaptive_substitutions": [0.0, 0.0, 0.7423519506034241, 0.7423519506034241, 0.7423519506034241, 0.7423519506034241, 0.0, 0.0, 1.2293362335110862, 1.2804097670502386, 1.3018804378332867, 1.2937482458602303, 1.4218121433249133, 1.5920572551220882, 1.2699971933763683, 0.9258209374122932, 0.9902329497614372, 1.650388249602395, 1.7533679483581253, 1.8613097878735754, 1.8206333613995693, 1.8206333613995693, 1.825234580637331, 2.0445551501543644, 2.0874964917204606, 3.265209741142944, 4.090599370068919, 3.392243759789232, 4.205349919928679, 4.282536786816888, 4.797642436149312, 4.543536266716211, 4.473549326410328, 4.478413069442425, 4.459017985147652, 4.450622560151047, 4.367372463494721], "adaptive_substitutions_per_codon": [0.0, 0.0, 0.0009858591641479736, 0.0009858591641479736, 0.0009858591641479736, 0.0009858591641479736, 0.0, 0.0, 0.0016325846394569538, 0.0017004113772247525, 0.0017289248842407526, 0.001718125160504954, 0.0018881967374832847, 0.002114285863375947, 0.0016865832581359473, 0.001229509877041558, 0.001315050398089558, 0.0021917506634825962, 0.0023285098915778557, 0.002471858948039277, 0.002417839789375258, 0.002417839789375258, 0.002423950306291276, 0.0027152126828079207, 0.002772239696839921, 0.004336267916524494, 0.005432402881897634, 0.004504971792548781, 0.0055847940503700915, 0.005687299849690423, 0.0063713710971438405, 0.0060339127048024055, 0.005940968560969892, 0.005947427715062981, 0.005921670631006177, 0.005910521328221842, 0.005799963430935885], "rate_of_adaptation": 0.00015156925192387775}