{"virus": "yam", "subtype": null, "gene": "PB2", "window": 3, "min_seqs": 2, "midfreq_high": 0.75, "midfreq_low": 0.15, "window_midpoint": [2001.5, 2002.5, 2004.5, 2005.5, 2006.5, 2007.5, 2008.5, 2009.5, 2012.5, 2013.5, 2014.5, 2015.5, 2016.5, 2017.5, 2018.5], "adaptive_substitutions": [0.0, 0.0, 1.9166666666666665, 1.8571428571428572, 1.9130434782608696, 0.975609756097561, 0.9743589743589743, 0.9655172413793104, 1.7777777777777777, 1.0, 0.9666666666666667, 0.9702970297029703, 0.9772727272727273, 0.9929078014184397, 1.9850746268656716], "adaptive_substitutions_per_codon": [0.0, 0.0, 0.0024859489840034586, 0.002408745599407078, 0.002481249647549766, 0.0012653823036284837, 0.001263760018623832, 0.0012522921418668099, 0.00230580775327857, 0.0012970168612191958, 0.0012537829658452228, 0.0012584916079156554, 0.001267539205282396, 0.0012878181600757973, 0.0025746752618231797], "rate_of_adaptation": 3.888627500190019e-05}