{"virus": "yam", "subtype": null, "gene": "NA", "window": 3, "min_seqs": 2, "midfreq_high": 0.75, "midfreq_low": 0.15, "window_midpoint": [1991.5, 1992.5, 1993.5, 1994.5, 1995.5, 1996.5, 1997.5, 1998.5, 1999.5, 2000.5, 2001.5, 2002.5, 2003.5, 2004.5, 2005.5, 2006.5, 2007.5, 2008.5, 2009.5, 2010.5, 2011.5, 2012.5, 2013.5, 2014.5, 2015.5, 2016.5, 2017.5, 2018.5], "adaptive_substitutions": [0.0, 0.0, 0.0, 0.9217484586588256, 3.0, 3.6351837223294976, 3.8089568424471145, 3.5223921061177865, 3.9875786163787605, 4.3921306389548365, 4.896410442660569, 4.604545988985373, 4.59745410499354, 7.307305631053228, 8.77647192873104, 9.374676337891009, 9.62988693337848, 9.636009124347435, 10.475870610367103, 10.497664370610597, 10.12564043134094, 9.29728206597946, 9.72293811321982, 9.410559006610207, 11.742164678967425, 13.974338423620377, 13.925201052083308, 13.486482873574941], "adaptive_substitutions_per_codon": [0.0, 0.0, 0.0, 0.001973765436100269, 0.006423982869379015, 0.007784119319763378, 0.008156224502028082, 0.007542595516312177, 0.008538712240639745, 0.009404990661573525, 0.010484818935033339, 0.009859841518169963, 0.009844655471078245, 0.015647335398400915, 0.018793301774584666, 0.020074253400194877, 0.020620742898026723, 0.020633852514662602, 0.022432271114276453, 0.022478938695097636, 0.021682313557475248, 0.019908526907878928, 0.02081999595978548, 0.02015108994991479, 0.02514382158237136, 0.029923636881414084, 0.029818417670413936, 0.028878978316006297], "rate_of_adaptation": 0.001086974277193147}