{"virus": "229e", "subtype": null, "gene": "spike", "loci_len": 3, "loci_offset": 3, "location": [1212, 1215], "window": 3, "min_seqs": 2, "midfreq_high": 0.75, "midfreq_low": 0.15, "window_midpoint": [1992.5, 1993.5, 1994.5, 2004.5, 2005.5, 2006.5, 2007.5, 2008.5, 2009.5, 2010.5, 2011.5, 2012.5, 2014.5, 2015.5, 2016.5, 2017.5], "adaptive_substitutions": [0.0, 0.0, 0.0, 1.0, 1.0, 1.0, 1.0, 0.9425287356321839, 0.9550224887556222, 0.9586206896551723, 1.0, 1.0, 1.0, 0.9310344827586207, 0.9310344827586207, 0.9204244031830239], "adaptive_substitutions_per_codon": [0.0, 0.0, 0.0, 1.0, 1.0, 1.0, 1.0, 0.9425287356321839, 0.9550224887556222, 0.9586206896551723, 1.0, 1.0, 1.0, 0.9310344827586207, 0.9310344827586207, 0.9204244031830239], "rate_of_adaptation": 0.041944355679847084}