{"virus": "h1n1pdm", "subtype": null, "gene": "ha", "loci_len": 3, "loci_offset": 3, "location": [917, 920], "window": 3, "min_seqs": 2, "midfreq_high": 0.75, "midfreq_low": 0.15, "window_midpoint": [2009.5, 2010.5, 2011.5, 2012.5, 2013.5, 2014.5, 2015.5, 2016.5, 2017.5, 2018.5], "adaptive_substitutions": [0.0, 0.0, 0.0, 0.0, 0.0, 0.9339727873357774, 0.9962935593394838, 1.0, 0.9946930508724426, 0.9931321834819847], "adaptive_substitutions_per_codon": [0.0, 0.0, 0.0, 0.0, 0.0, 0.9339727873357774, 0.9962935593394838, 1.0, 0.9946930508724426, 0.9931321834819847], "rate_of_adaptation": 0.15044784528969207}