{"virus": "h3n2", "subtype": null, "gene": "ha", "loci_len": 3, "loci_offset": 3, "location": [513, 516], "window": 3, "min_seqs": 2, "midfreq_high": 0.75, "midfreq_low": 0.15, "window_midpoint": [1969.5, 1970.5, 1971.5, 1972.5, 1973.5, 1974.5, 1975.5, 1976.5, 1977.5, 1978.5, 1979.5, 1980.5, 1981.5, 1982.5, 1983.5, 1984.5, 1985.5, 1986.5, 1987.5, 1988.5, 1989.5, 1990.5, 1991.5, 1992.5, 1993.5, 1994.5, 1995.5, 1996.5, 1997.5, 1998.5, 1999.5, 2000.5, 2001.5, 2002.5, 2003.5, 2004.5, 2005.5, 2006.5, 2007.5, 2008.5, 2009.5, 2010.5, 2011.5, 2012.5, 2013.5, 2014.5, 2015.5, 2016.5, 2017.5, 2018.5, 2019.5, 2020.5], "adaptive_substitutions": [0.0, 0.0, 0.0, 0.0, 0.0, 0.0, 0.0, 0.0, 0.0, 0.0, 0.0, 0.865904761904762, 0.9371428571428572, 0.932952380952381, 0.8114285714285714, 0.0, 0.0, 0.8114285714285714, 0.9371428571428572, 0.8882539682539682, 0.8941353383458647, 0.8390857142857142, 0.8369111969111969, 0.0, 0.0, 0.0, 0.0, 0.0, 0.0, 0.7951322751322751, 0.9766112956810631, 0.994317998385795, 1.0, 1.0, 1.0, 1.8947508305647842, 1.971589991928975, 1.9707641196013288, 1.994186622625929, 1.9940840336134453, 1.9943499197431782, 1.5, 1.5, 1.5, 1.5, 1.5, 1.5, 1.5, 1.5, 1.5, 1.496471177944862, 1.8678934624697336], "adaptive_substitutions_per_codon": [0.0, 0.0, 0.0, 0.0, 0.0, 0.0, 0.0, 0.0, 0.0, 0.0, 0.0, 0.865904761904762, 0.9371428571428572, 0.932952380952381, 0.8114285714285714, 0.0, 0.0, 0.8114285714285714, 0.9371428571428572, 0.8882539682539682, 0.8941353383458647, 0.8390857142857142, 0.8369111969111969, 0.0, 0.0, 0.0, 0.0, 0.0, 0.0, 0.7951322751322751, 0.9766112956810631, 0.994317998385795, 1.0, 1.0, 1.0, 1.8947508305647842, 1.971589991928975, 1.9707641196013288, 1.994186622625929, 1.9940840336134453, 1.9943499197431782, 1.5, 1.5, 1.5, 1.5, 1.5, 1.5, 1.5, 1.5, 1.5, 1.496471177944862, 1.8678934624697336], "rate_of_adaptation": 0.03818832757577653}