{"virus": "h3n2", "subtype": null, "gene": "ha", "loci_len": 3, "loci_offset": 3, "location": [870, 873], "window": 3, "min_seqs": 2, "midfreq_high": 0.75, "midfreq_low": 0.15, "window_midpoint": [1969.5, 1970.5, 1971.5, 1972.5, 1973.5, 1974.5, 1975.5, 1976.5, 1977.5, 1978.5, 1979.5, 1980.5, 1981.5, 1982.5, 1983.5, 1984.5, 1985.5, 1986.5, 1987.5, 1988.5, 1989.5, 1990.5, 1991.5, 1992.5, 1993.5, 1994.5, 1995.5, 1996.5, 1997.5, 1998.5, 1999.5, 2000.5, 2001.5, 2002.5, 2003.5, 2004.5, 2005.5, 2006.5, 2007.5, 2008.5, 2009.5, 2010.5, 2011.5, 2012.5, 2013.5, 2014.5, 2015.5, 2016.5, 2017.5, 2018.5, 2019.5, 2020.5], "adaptive_substitutions": [0.0, 0.0, 0.0, 0.0, 0.9314285714285714, 0.9942857142857143, 0.9942857142857143, 0.9314285714285714, 0.9272380952380953, 0.9272380952380953, 0.9942857142857143, 0.9942857142857143, 0.9942857142857143, 0.9942857142857143, 0.9942857142857143, 0.9942857142857143, 0.9942857142857143, 0.9942857142857143, 0.9942857142857143, 0.9942857142857143, 0.9942857142857143, 0.9942857142857143, 0.9942857142857143, 0.9942857142857143, 0.9942857142857143, 0.8963181148748159, 0.8074686716791979, 0.0009237379162191192, 0.016992481203007517, 0.8212971078001753, 0.968075970272502, 1.0141888619854722, 1.04, 1.0056497175141244, 0.9480459770114942, 0.9824584717607973, 0.982953995157385, 0.9883056478405315, 0.988373245251858, 0.9942857142857143, 0.9942857142857143, 1.0025499231950845, 1.0099708454810497, 1.0090026954177898, 1.003402489626556, 0.9942857142857143, 0.9942857142857143, 0.9942857142857143, 0.9942857142857143, 0.9942857142857143, 0.9942857142857143, 0.9992736077481841], "adaptive_substitutions_per_codon": [0.0, 0.0, 0.0, 0.0, 0.9314285714285714, 0.9942857142857143, 0.9942857142857143, 0.9314285714285714, 0.9272380952380953, 0.9272380952380953, 0.9942857142857143, 0.9942857142857143, 0.9942857142857143, 0.9942857142857143, 0.9942857142857143, 0.9942857142857143, 0.9942857142857143, 0.9942857142857143, 0.9942857142857143, 0.9942857142857143, 0.9942857142857143, 0.9942857142857143, 0.9942857142857143, 0.9942857142857143, 0.9942857142857143, 0.8963181148748159, 0.8074686716791979, 0.0009237379162191192, 0.016992481203007517, 0.8212971078001753, 0.968075970272502, 1.0141888619854722, 1.04, 1.0056497175141244, 0.9480459770114942, 0.9824584717607973, 0.982953995157385, 0.9883056478405315, 0.988373245251858, 0.9942857142857143, 0.9942857142857143, 1.0025499231950845, 1.0099708454810497, 1.0090026954177898, 1.003402489626556, 0.9942857142857143, 0.9942857142857143, 0.9942857142857143, 0.9942857142857143, 0.9942857142857143, 0.9942857142857143, 0.9992736077481841], "rate_of_adaptation": 0.008213891508447077}