{"virus": "h3n2", "subtype": null, "gene": "ha", "loci_len": 3, "loci_offset": 3, "location": [195, 198], "window": 3, "min_seqs": 2, "midfreq_high": 0.75, "midfreq_low": 0.15, "window_midpoint": [1969.5, 1970.5, 1971.5, 1972.5, 1973.5, 1974.5, 1975.5, 1976.5, 1977.5, 1978.5, 1979.5, 1980.5, 1981.5, 1982.5, 1983.5, 1984.5, 1985.5, 1986.5, 1987.5, 1988.5, 1989.5, 1990.5, 1991.5, 1992.5, 1993.5, 1994.5, 1995.5, 1996.5, 1997.5, 1998.5, 1999.5, 2000.5, 2001.5, 2002.5, 2003.5, 2004.5, 2005.5, 2006.5, 2007.5, 2008.5, 2009.5, 2010.5, 2011.5, 2012.5, 2013.5, 2014.5, 2015.5, 2016.5, 2017.5, 2018.5, 2019.5, 2020.5], "adaptive_substitutions": [0.0, 0.0, 0.0, 0.0, 0.0, 0.0, 0.0, 0.0, 0.0, 0.0, 1.0, 1.0, 0.9371428571428572, 0.865904761904762, 0.8742857142857143, 0.9408403361344537, 1.0, 0.5, 0.5, 0.5, 1.0, 1.0, 0.9484249084249083, 0.969054945054945, 0.9613186813186814, 0.9896318114874816, 0.9735338345864661, 0.9848764769065521, 0.9867669172932331, 1.0, 1.0, 0.98863599677159, 0.9828571428571428, 0.97727199354318, 1.7283415435139573, 1.8830564784053156, 1.82953995157385, 0.9707641196013288, 0.988373245251858, 0.9881680672268908, 0.9773996789727126, 0.983778801843318, 0.9846064139941691, 0.990512129380054, 0.9916538233550682, 0.9889885297184566, 0.9900751879699249, 0.9938488422892092, 0.9969615882606819, 0.9579701492537314, 0.9364812030075188, 0.89772397094431], "adaptive_substitutions_per_codon": [0.0, 0.0, 0.0, 0.0, 0.0, 0.0, 0.0, 0.0, 0.0, 0.0, 1.0, 1.0, 0.9371428571428572, 0.865904761904762, 0.8742857142857143, 0.9408403361344537, 1.0, 0.5, 0.5, 0.5, 1.0, 1.0, 0.9484249084249083, 0.969054945054945, 0.9613186813186814, 0.9896318114874816, 0.9735338345864661, 0.9848764769065521, 0.9867669172932331, 1.0, 1.0, 0.98863599677159, 0.9828571428571428, 0.97727199354318, 1.7283415435139573, 1.8830564784053156, 1.82953995157385, 0.9707641196013288, 0.988373245251858, 0.9881680672268908, 0.9773996789727126, 0.983778801843318, 0.9846064139941691, 0.990512129380054, 0.9916538233550682, 0.9889885297184566, 0.9900751879699249, 0.9938488422892092, 0.9969615882606819, 0.9579701492537314, 0.9364812030075188, 0.89772397094431], "rate_of_adaptation": 0.020615884645553414}