{"virus": "h3n2", "subtype": null, "gene": "ha", "loci_len": 3, "loci_offset": 3, "location": [1086, 1089], "window": 3, "min_seqs": 2, "midfreq_high": 0.75, "midfreq_low": 0.15, "window_midpoint": [1969.5, 1970.5, 1971.5, 1972.5, 1973.5, 1974.5, 1975.5, 1976.5, 1977.5, 1978.5, 1979.5, 1980.5, 1981.5, 1982.5, 1983.5, 1984.5, 1985.5, 1986.5, 1987.5, 1988.5, 1989.5, 1990.5, 1991.5, 1992.5, 1993.5, 1994.5, 1995.5, 1996.5, 1997.5, 1998.5, 1999.5, 2000.5, 2001.5, 2002.5, 2003.5, 2004.5, 2005.5, 2006.5, 2007.5, 2008.5, 2009.5, 2010.5, 2011.5, 2012.5, 2013.5, 2014.5, 2015.5, 2016.5, 2017.5, 2018.5, 2019.5, 2020.5], "adaptive_substitutions": [0.0, 0.0, 0.0, 0.0, 0.0, 0.0, 0.0, 0.0, 0.0, 0.0, 0.7765079365079365, 1.0, 1.0, 1.0, 1.0, 1.0, 1.0, 1.0, 1.0, 1.0, 1.0, 1.0, 1.0, 1.0, 1.0, 0.9865904761904762, 0.9877351916376307, 0.9888253968253968, 1.0, 0.8323809523809524, 1.6275132275132276, 0.9877351916376307, 0.9867669172932331, 1.0, 0.493015873015873, 1.900845070422535, 1.9613186813186814, 1.9773996789727126, 2.0, 2.0, 1.9437362637362638, 1.938299737072743, 1.8994285714285712, 1.831530094271211, 1.746346396965866, 1.7812287547010213, 1.876874503796676, 1.96859101023587, 1.96001747487986, 1.8765440547476475, 1.8235464718133363, 1.8288145896656536], "adaptive_substitutions_per_codon": [0.0, 0.0, 0.0, 0.0, 0.0, 0.0, 0.0, 0.0, 0.0, 0.0, 0.7765079365079365, 1.0, 1.0, 1.0, 1.0, 1.0, 1.0, 1.0, 1.0, 1.0, 1.0, 1.0, 1.0, 1.0, 1.0, 0.9865904761904762, 0.9877351916376307, 0.9888253968253968, 1.0, 0.8323809523809524, 1.6275132275132276, 0.9877351916376307, 0.9867669172932331, 1.0, 0.493015873015873, 1.900845070422535, 1.9613186813186814, 1.9773996789727126, 2.0, 2.0, 1.9437362637362638, 1.938299737072743, 1.8994285714285712, 1.831530094271211, 1.746346396965866, 1.7812287547010213, 1.876874503796676, 1.96859101023587, 1.96001747487986, 1.8765440547476475, 1.8235464718133363, 1.8288145896656536], "rate_of_adaptation": 0.040646053646816}