{"virus": "nl63", "subtype": null, "gene": "spike", "loci_len": 3, "loci_offset": 3, "location": [1713, 1716], "window": 3, "min_seqs": 2, "midfreq_high": 0.75, "midfreq_low": 0.15, "window_midpoint": [1988.5, 1989.5, 1990.5, 1991.5, 2000.5, 2001.5, 2002.5, 2003.5, 2004.5, 2005.5, 2006.5, 2007.5, 2008.5, 2009.5, 2010.5, 2011.5, 2012.5, 2013.5, 2014.5, 2015.5, 2016.5, 2017.5], "adaptive_substitutions": [0.0, 0.0, 0.0, 0.0, 0.0, 0.0, 0.0, 0.0, 0.0, 0.0, 0.0, 0.9565217391304348, 0.96875, 0.9827586206896551, 0.5, 1.0, 0.96, 0.7931034482758621, 0.0, 0.0, 0.0, 0.7647058823529411], "adaptive_substitutions_per_codon": [0.0, 0.0, 0.0, 0.0, 0.0, 0.0, 0.0, 0.0, 0.0, 0.0, 0.0, 0.9565217391304348, 0.96875, 0.9827586206896551, 0.5, 1.0, 0.96, 0.7931034482758621, 0.0, 0.0, 0.0, 0.7647058823529411], "rate_of_adaptation": 0.02344576957345306}