{"virus": "rsv", "subtype": "A", "gene": "g", "loci_len": 3, "loci_offset": 3, "location": [4995, 4998], "window": 3, "min_seqs": 2, "midfreq_high": 0.75, "midfreq_low": 0.15, "window_midpoint": [1978.5, 1979.5, 1980.5, 1981.5, 1982.5, 1983.5, 1984.5, 1985.5, 1986.5, 1987.5, 1988.5, 1989.5, 1990.5, 1991.5, 1992.5, 1993.5, 1994.5, 1995.5, 1996.5, 1997.5, 1998.5, 1999.5, 2000.5, 2001.5, 2002.5, 2003.5, 2004.5, 2005.5, 2006.5, 2007.5, 2008.5, 2009.5, 2010.5, 2011.5, 2012.5, 2013.5, 2014.5, 2015.5, 2016.5, 2017.5, 2018.5], "adaptive_substitutions": [0.0, 0.0, 0.0, 0.0, 0.0, 0.0, 0.0, 0.0, 0.0, 0.0, 0.0, 0.0, 0.0, 0.8070285556024722, 0.931387930880879, 0.0, 0.0, 0.0, 0.0, 0.0, 0.0, 0.0, 0.8198933185623073, 0.887433324101442, 0.8935329961944675, 0.9485409481606591, 0.8713523704016481, 0.8353310341141096, 0.0, 0.7484224132298897, 0.7858750863060988, 0.8911879080049182, 0.9374796566437916, 0.985949746938064, 0.9931158459077805, 0.9962710832000478, 1.0, 1.0, 0.9642023987204585, 0.8830476094560438, 0.8359276608021019], "adaptive_substitutions_per_codon": [0.0, 0.0, 0.0, 0.0, 0.0, 0.0, 0.0, 0.0, 0.0, 0.0, 0.0, 0.0, 0.0, 0.8070285556024722, 0.931387930880879, 0.0, 0.0, 0.0, 0.0, 0.0, 0.0, 0.0, 0.8198933185623073, 0.887433324101442, 0.8935329961944675, 0.9485409481606591, 0.8713523704016481, 0.8353310341141096, 0.0, 0.7484224132298897, 0.7858750863060988, 0.8911879080049182, 0.9374796566437916, 0.985949746938064, 0.9931158459077805, 0.9962710832000478, 1.0, 1.0, 0.9642023987204585, 0.8830476094560438, 0.8359276608021019], "rate_of_adaptation": 0.03024761995561069}