{"virus": "vic", "subtype": null, "gene": "ha", "loci_len": 3, "loci_offset": 3, "location": [221, 224], "window": 3, "min_seqs": 2, "midfreq_high": 0.75, "midfreq_low": 0.15, "window_midpoint": [1970.5, 1971.5, 1972.5, 1973.5, 1974.5, 1975.5, 1976.5, 1977.5, 1978.5, 1979.5, 1980.5, 1981.5, 1982.5, 1983.5, 1984.5, 1985.5, 1986.5, 1987.5, 1988.5, 1989.5, 1990.5, 1991.5, 1992.5, 1993.5, 1994.5, 1995.5, 1996.5, 1997.5, 1998.5, 1999.5, 2000.5, 2001.5, 2002.5, 2003.5, 2004.5, 2005.5, 2006.5, 2007.5, 2008.5, 2009.5, 2010.5, 2011.5, 2012.5, 2013.5, 2014.5, 2015.5, 2016.5, 2017.5, 2018.5, 2019.5, 2020.5], "adaptive_substitutions": [0.0, 0.0, 0.0, 0.0, 0.0, 0.0, 0.0, 0.0, 0.0, 0.0, 0.0, 0.0, 0.0, 0.0, 0.8297548882028254, 0.8297548882028254, 1.0, 0.8978529329216952, 0.7811134276893469, 0.0, 0.0, 0.0, 0.0, 0.0, 0.0, 0.0, 0.0, 0.9319019552811302, 0.8387151572447819, 0.0, 0.8540756184595645, 0.9712261782878016, 0.5, 1.0, 1.0, 1.0, 1.0, 1.0, 0.9881224340606622, 0.9883923787411018, 0.9887750475738127, 1.0, 1.0, 0.9782665814727011, 0.961557555400638, 0.9607126665083443, 0.9826132651781608, 0.9961012569817441, 0.5, 0.5, 0.9962445931221212], "adaptive_substitutions_per_codon": [0.0, 0.0, 0.0, 0.0, 0.0, 0.0, 0.0, 0.0, 0.0, 0.0, 0.0, 0.0, 0.0, 0.0, 0.8297548882028254, 0.8297548882028254, 1.0, 0.8978529329216952, 0.7811134276893469, 0.0, 0.0, 0.0, 0.0, 0.0, 0.0, 0.0, 0.0, 0.9319019552811302, 0.8387151572447819, 0.0, 0.8540756184595645, 0.9712261782878016, 0.5, 1.0, 1.0, 1.0, 1.0, 1.0, 0.9881224340606622, 0.9883923787411018, 0.9887750475738127, 1.0, 1.0, 0.9782665814727011, 0.961557555400638, 0.9607126665083443, 0.9826132651781608, 0.9961012569817441, 0.5, 0.5, 0.9962445931221212], "rate_of_adaptation": 0.02257599923016421}