{"virus": "vic", "subtype": null, "gene": "ha", "loci_len": 3, "loci_offset": 3, "location": [317, 320], "window": 3, "min_seqs": 2, "midfreq_high": 0.75, "midfreq_low": 0.15, "window_midpoint": [1970.5, 1971.5, 1972.5, 1973.5, 1974.5, 1975.5, 1976.5, 1977.5, 1978.5, 1979.5, 1980.5, 1981.5, 1982.5, 1983.5, 1984.5, 1985.5, 1986.5, 1987.5, 1988.5, 1989.5, 1990.5, 1991.5, 1992.5, 1993.5, 1994.5, 1995.5, 1996.5, 1997.5, 1998.5, 1999.5, 2000.5, 2001.5, 2002.5, 2003.5, 2004.5, 2005.5, 2006.5, 2007.5, 2008.5, 2009.5, 2010.5, 2011.5, 2012.5, 2013.5, 2014.5, 2015.5, 2016.5, 2017.5, 2018.5, 2019.5, 2020.5], "adaptive_substitutions": [0.0, 0.0, 0.0, 0.0, 0.0, 0.0, 0.0, 0.0, 0.0, 0.0, 0.0, 0.0, 0.0, 0.0, 0.0, 0.0, 0.0, 0.0, 0.0, 0.0, 0.0, 0.819740469861815, 0.8467793993825428, 0.8467793993825428, 0.7957058658433904, 0.872316166152119, 0.8638039105622602, 0.9319019552811302, 1.0, 0.9462383857482606, 0.9708151236919129, 0.9856130891439008, 1.0, 1.0, 0.9926512901382515, 0.9937715203001034, 0.9940264873053622, 0.9880529746107246, 0.9881224340606622, 0.9883923787411018, 0.9943875237869063, 0.9784953542993043, 0.9625639021178988, 0.9565331629454022, 0.9725411110004557, 0.9901781666270861, 1.0, 0.9961012569817441, 0.9968277308360776, 0.9966288096673827, 1.0], "adaptive_substitutions_per_codon": [0.0, 0.0, 0.0, 0.0, 0.0, 0.0, 0.0, 0.0, 0.0, 0.0, 0.0, 0.0, 0.0, 0.0, 0.0, 0.0, 0.0, 0.0, 0.0, 0.0, 0.0, 0.819740469861815, 0.8467793993825428, 0.8467793993825428, 0.7957058658433904, 0.872316166152119, 0.8638039105622602, 0.9319019552811302, 1.0, 0.9462383857482606, 0.9708151236919129, 0.9856130891439008, 1.0, 1.0, 0.9926512901382515, 0.9937715203001034, 0.9940264873053622, 0.9880529746107246, 0.9881224340606622, 0.9883923787411018, 0.9943875237869063, 0.9784953542993043, 0.9625639021178988, 0.9565331629454022, 0.9725411110004557, 0.9901781666270861, 1.0, 0.9961012569817441, 0.9968277308360776, 0.9966288096673827, 1.0], "rate_of_adaptation": 0.028281670834510757}