{"virus": "yam", "subtype": null, "gene": "ha", "loci_len": 3, "loci_offset": 3, "location": [197, 200], "window": 3, "min_seqs": 2, "midfreq_high": 0.75, "midfreq_low": 0.15, "window_midpoint": [1991.5, 1992.5, 1993.5, 1994.5, 1995.5, 1996.5, 1997.5, 1998.5, 1999.5, 2000.5, 2001.5, 2002.5, 2003.5, 2004.5, 2005.5, 2006.5, 2007.5, 2008.5, 2009.5, 2010.5, 2011.5, 2012.5, 2013.5, 2014.5, 2015.5, 2016.5, 2017.5, 2018.5], "adaptive_substitutions": [0.0, 0.0, 0.0, 0.0, 0.0, 0.0, 0.0, 0.0, 0.0, 0.0, 0.0, 0.0, 0.8520303239145417, 0.965974596190798, 0.9690491808723523, 0.9021364576154376, 0.8830911574507773, 0.8818888281565627, 0.9409444140782813, 0.9342834933405991, 0.7823975351684437, 0.0, 0.0, 0.0, 0.918750500857468, 0.9647187229171534, 0.9864793790126591, 0.9675992325888949], "adaptive_substitutions_per_codon": [0.0, 0.0, 0.0, 0.0, 0.0, 0.0, 0.0, 0.0, 0.0, 0.0, 0.0, 0.0, 0.8520303239145417, 0.965974596190798, 0.9690491808723523, 0.9021364576154376, 0.8830911574507773, 0.8818888281565627, 0.9409444140782813, 0.9342834933405991, 0.7823975351684437, 0.0, 0.0, 0.0, 0.918750500857468, 0.9647187229171534, 0.9864793790126591, 0.9675992325888949], "rate_of_adaptation": 0.03610517558322194}