{"virus": "yam", "subtype": null, "gene": "ha", "loci_len": 3, "loci_offset": 3, "location": [806, 809], "window": 3, "min_seqs": 2, "midfreq_high": 0.75, "midfreq_low": 0.15, "window_midpoint": [1991.5, 1992.5, 1993.5, 1994.5, 1995.5, 1996.5, 1997.5, 1998.5, 1999.5, 2000.5, 2001.5, 2002.5, 2003.5, 2004.5, 2005.5, 2006.5, 2007.5, 2008.5, 2009.5, 2010.5, 2011.5, 2012.5, 2013.5, 2014.5, 2015.5, 2016.5, 2017.5, 2018.5], "adaptive_substitutions": [0.0, 0.0, 0.0, 0.0, 0.0, 0.0, 0.0, 0.0, 0.0, 0.0, 0.0, 0.0, 0.0, 0.0, 0.7957245937575249, 0.9204858718125432, 0.9507752241898009, 0.9232277383017657, 0.8110221250505002, 0.0, 0.0, 0.7641649060568743, 0.8509228939841382, 0.0, 0.0, 0.0, 0.0, 0.0], "adaptive_substitutions_per_codon": [0.0, 0.0, 0.0, 0.0, 0.0, 0.0, 0.0, 0.0, 0.0, 0.0, 0.0, 0.0, 0.0, 0.0, 0.7957245937575249, 0.9204858718125432, 0.9507752241898009, 0.9232277383017657, 0.8110221250505002, 0.0, 0.0, 0.7641649060568743, 0.8509228939841382, 0.0, 0.0, 0.0, 0.0, 0.0], "rate_of_adaptation": 0.013136566615296795}