{"virus": "yam", "subtype": null, "gene": "ha", "loci_len": 3, "loci_offset": 3, "location": [221, 224], "window": 3, "min_seqs": 2, "midfreq_high": 0.75, "midfreq_low": 0.15, "window_midpoint": [1991.5, 1992.5, 1993.5, 1994.5, 1995.5, 1996.5, 1997.5, 1998.5, 1999.5, 2000.5, 2001.5, 2002.5, 2003.5, 2004.5, 2005.5, 2006.5, 2007.5, 2008.5, 2009.5, 2010.5, 2011.5, 2012.5, 2013.5, 2014.5, 2015.5, 2016.5, 2017.5, 2018.5], "adaptive_substitutions": [0.0, 0.0, 0.0, 0.0, 0.0, 0.8116126809097174, 0.9266023432115783, 0.9706409372846313, 0.8779128085103479, 0.7651274982770504, 0.0, 0.0, 0.8849124741557547, 1.0, 1.0, 0.9938835286009648, 0.993846903023725, 0.9940944414078281, 0.5, 1.0, 1.0, 1.0, 0.9946200670416864, 0.9951757408683667, 0.9952206176974981, 1.0, 1.0, 1.0], "adaptive_substitutions_per_codon": [0.0, 0.0, 0.0, 0.0, 0.0, 0.8116126809097174, 0.9266023432115783, 0.9706409372846313, 0.8779128085103479, 0.7651274982770504, 0.0, 0.0, 0.8849124741557547, 1.0, 1.0, 0.9938835286009648, 0.993846903023725, 0.9940944414078281, 0.5, 1.0, 1.0, 1.0, 0.9946200670416864, 0.9951757408683667, 0.9952206176974981, 1.0, 1.0, 1.0], "rate_of_adaptation": 0.03574530669669343}