{"virus": "dengue", "subtype": "denv3_II", "gene": "E2", "window": 3, "min_seqs": 2, "midfreq_high": 0.75, "midfreq_low": 0.15, "window_midpoint": [1974.5, 1986.5, 1987.5, 1988.5, 1992.5, 1993.5, 1994.5, 1995.5, 1997.5, 1998.5, 1999.5, 2000.5, 2001.5, 2002.5, 2003.5, 2004.5, 2005.5, 2006.5, 2007.5, 2008.5, 2009.5, 2010.5, 2011.5, 2012.5], "adaptive_substitutions": [0.0, 0.0, 0.0, 0.0, 0.8687765341566962, 0.8687765341566962, 0.8687765341566962, 0.8687765341566962, 1.782936408836016, 1.7993696127621253, 1.8049980702431494, 0.8818988807410266, 0.9212659204940178, 0.9212659204940178, 0.9081435739096874, 2.626785025086839, 1.7967281283848557, 1.817573652386466, 1.8134446681339773, 1.7937089926669239, 0, 0, 0, 0], "adaptive_substitutions_per_codon": [0.0, 0.0, 0.0, 0.0, 0.0017445311930857352, 0.0017445311930857352, 0.0017445311930857352, 0.0017445311930857352, 0.0035801935920401927, 0.0036131919934982433, 0.0036244941169541155, 0.0017708812866285674, 0.0018499315672570638, 0.0018499315672570638, 0.0018235814737142316, 0.0052746687250739745, 0.003607887808001718, 0.0036497462899326627, 0.003641455156895537, 0.003601825286479767, 0.0, 0.0, 0.0, 0.0], "rate_of_adaptation": 4.7277623251402705e-05}