{"virus": "dengue", "subtype": "denv2_AA", "gene": "E3", "window": 3, "min_seqs": 2, "midfreq_high": 0.75, "midfreq_low": 0.15, "window_midpoint": [1987.5, 1988.5, 1989.5, 1990.5, 1991.5, 1992.5, 1993.5, 1994.5, 1995.5, 1996.5, 1997.5, 1998.5, 1999.5, 2000.5, 2001.5, 2002.5, 2003.5, 2004.5, 2005.5, 2006.5, 2007.5, 2008.5, 2009.5, 2010.5, 2011.5, 2012.5, 2013.5, 2014.5, 2015.5, 2016.5, 2017.5], "adaptive_substitutions": [0.0, 0.0, 0.0, 0.0, 0.0, 0.0, 0.0, 0.0, 0.0, 0.0, 0.0, 0.0, 0.0, 0.0, 0.0, 0.0, 0.0, 0.0, 0.0, 1.6553744155602383, 1.680029409206416, 1.8692195579306903, 1.9038035645781708, 2.41293429688229, 2.4869649148230404, 2.442109301288764, 1.9391647399143588, 1.9391647399143588, 1.9391647399143588, 1.9391647399143588, 1.9391647399143588], "adaptive_substitutions_per_codon": [0.0, 0.0, 0.0, 0.0, 0.0, 0.0, 0.0, 0.0, 0.0, 0.0, 0.0, 0.0, 0.0, 0.0, 0.0, 0.0, 0.0, 0.0, 0.0, 0.005630525222994008, 0.0057143857456000546, 0.006357889652825477, 0.006475522328497179, 0.008207259513205068, 0.00845906433613279, 0.008306494222070625, 0.006595798435082853, 0.006595798435082853, 0.006595798435082853, 0.006595798435082853, 0.006595798435082853], "rate_of_adaptation": 0.00031780303204368413}