{"virus": "dengue", "subtype": "denv2_AI", "gene": "NS5", "window": 3, "min_seqs": 2, "midfreq_high": 0.75, "midfreq_low": 0.15, "window_midpoint": [1965.5, 1973.5, 1974.5, 1975.5, 1984.5, 1985.5, 1993.5, 1994.5, 1995.5, 1996.5, 1997.5, 1998.5, 1999.5, 2000.5, 2001.5, 2002.5, 2003.5, 2004.5, 2005.5, 2006.5, 2007.5, 2008.5, 2009.5, 2010.5, 2011.5, 2012.5, 2013.5, 2014.5, 2015.5], "adaptive_substitutions": [0.0, 2.670052350340895, 2.670052350340895, 2.670052350340895, 5.217550480685864, 5.217550480685864, 3.416728988501066, 3.4483944087310445, 3.638386930110917, 3.5750560896509596, 3.5750560896509596, 3.611314503098603, 3.611314503098603, 3.4333687533434842, 3.369230858156098, 3.2872402954758764, 6.522193848168971, 6.5340641809666, 6.511725249191002, 6.468088701236685, 6.501636132652731, 6.6048647490215995, 7.242569177236183, 6.878416844591428, 7.389818405586645, 8.880448254795965, 8.999447506933953, 8.498431801831684, 8.192723926363222], "adaptive_substitutions_per_codon": [0.0, 0.0009889082779040352, 0.0009889082779040352, 0.0009889082779040352, 0.0019324261039577273, 0.0019324261039577273, 0.0012654551809263208, 0.0012771831143448312, 0.001347550714855895, 0.001324094848018874, 0.001324094848018874, 0.0013375238900365195, 0.0013375238900365195, 0.0012716180567938831, 0.0012478632807985549, 0.001217496405731806, 0.002415627351173693, 0.0024200237707283703, 0.002411750092292964, 0.0023955884078654386, 0.0024080133824639746, 0.002446246203341333, 0.0026824330286059936, 0.0025475617942931216, 0.0027369697798469055, 0.0032890549091836906, 0.0033331287062718343, 0.003147567334011735, 0.003034342194949341], "rate_of_adaptation": 5.190440556968537e-05}