{"virus": "dengue", "subtype": "denv3", "gene": "E3", "window": 3, "min_seqs": 2, "midfreq_high": 0.75, "midfreq_low": 0.15, "window_midpoint": [1963.5, 1964.5, 1965.5, 1972.5, 1973.5, 1974.5, 1981.5, 1982.5, 1983.5, 1984.5, 1985.5, 1986.5, 1987.5, 1988.5, 1989.5, 1990.5, 1991.5, 1992.5, 1993.5, 1994.5, 1995.5, 1996.5, 1997.5, 1998.5, 1999.5, 2000.5, 2001.5, 2002.5, 2003.5, 2004.5, 2005.5, 2006.5, 2007.5, 2008.5, 2009.5, 2010.5, 2011.5, 2012.5, 2013.5, 2014.5, 2015.5, 2016.5, 2017.5], "adaptive_substitutions": [0.0, 0.0, 0.0, 0.0, 0.0, 0.0, 0.0, 0.0, 0.0, 0, 0.0, 0.0, 0.0, 0, 0.0, 0.0, 0.884962036379527, 0, 0, 0, 0, 0, 0, 0, 0, 2.3494518290351416, 2.301910226297073, 2.3126890075281974, 2.596623182226194, 2.7344587034397203, 2.407414071762971, 0.0, 0.0, 0.0, 0.7337326180135841, 2.5043456642140356, 0.7418913833809776, 0, 0, 0, 0.9384388485278855, 0.9778773146883706, 0.9867263888130223], "adaptive_substitutions_per_codon": [0.0, 0.0, 0.0, 0.0, 0.0, 0.0, 0.0, 0.0, 0.0, 0.0, 0.0, 0.0, 0.0, 0.0, 0.0, 0.0, 0.0030100749536718604, 0.0, 0.0, 0.0, 0.0, 0.0, 0.0, 0.0, 0.0, 0.007991332751820209, 0.007829626620058072, 0.007866289141252373, 0.00883205164022515, 0.009300879943672518, 0.008188483237289016, 0.0, 0.0, 0.0, 0.002495689176916953, 0.008518182531340257, 0.0025234400795271345, 0.0, 0.0, 0.0, 0.0031919688725438283, 0.0033261133152665667, 0.0033562122068470147], "rate_of_adaptation": 8.707138806475006e-05}