{"virus": "dengue", "subtype": "denv4_II", "gene": "E3", "window": 3, "min_seqs": 2, "midfreq_high": 0.75, "midfreq_low": 0.15, "window_midpoint": [1981.5, 1982.5, 1983.5, 1993.5, 1994.5, 1995.5, 1996.5, 1997.5, 1998.5, 1999.5, 2000.5, 2001.5, 2002.5, 2003.5, 2004.5, 2005.5, 2006.5, 2007.5, 2008.5, 2009.5, 2010.5, 2011.5, 2012.5, 2013.5, 2014.5, 2015.5, 2016.5], "adaptive_substitutions": [0.0, 0.0, 0.0, 0.9919354838709677, 0.8799283154121863, 0.924731182795699, 0.8239247311827957, 0.9334677419354839, 0.9334677419354839, 0.9042776998597475, 0, 0.0, 0, 2.967741935483871, 1.471774193548387, 1.5806451612903227, 1.6793168880455407, 1.547951176983435, 0.0, 0.0, 0.0, 1.6120689655172413, 1.8126680107526882, 1.7305718475073313, 0.0, 0.0, 1.5833333333333335], "adaptive_substitutions_per_codon": [0.0, 0.0, 0.0, 0.0033739302172481897, 0.0029929534537829466, 0.0031453441591690443, 0.002802465072050326, 0.003175060346719333, 0.003175060346719333, 0.003075774489318869, 0.0, 0.0, 0.0, 0.010094360324775072, 0.005006034671933289, 0.005376344086021506, 0.005711962204236533, 0.005265140057766786, 0.0, 0.0, 0.0, 0.005483227773868168, 0.006165537451539756, 0.0058862988010453445, 0.0, 0.0, 0.005385487528344671], "rate_of_adaptation": 8.218044844149013e-05}