{"virus": "dengue", "subtype": "denv2_AI", "gene": "E2", "window": 3, "min_seqs": 2, "midfreq_high": 0.75, "midfreq_low": 0.15, "window_midpoint": [1965.5, 1973.5, 1974.5, 1975.5, 1984.5, 1985.5, 1993.5, 1994.5, 1995.5, 1996.5, 1997.5, 1998.5, 1999.5, 2000.5, 2001.5, 2002.5, 2003.5, 2004.5, 2005.5, 2006.5, 2007.5, 2008.5, 2009.5, 2010.5, 2011.5, 2012.5, 2013.5, 2014.5, 2015.5], "adaptive_substitutions": [0.0, 0.44067796610169496, 0.44067796610169496, 0.44067796610169496, 1.3163841807909606, 1.3163841807909606, 2.0677966101694913, 2.0677966101694913, 2.0677966101694913, 1.9435028248587571, 2.036723163841808, 2.098870056497175, 2.098870056497175, 2.129943502824859, 2.129943502824859, 2.129943502824859, 3.541267501842299, 3.5385510136257894, 3.6669805398618958, 3.6947490860751078, 3.6968887856977015, 3.6843358812451537, 3.624105461393597, 3.8192090395480225, 3.8192090395480225, 3.7570621468926557, 3.7570621468926557, 3.7570621468926557, 3.788135593220339], "adaptive_substitutions_per_codon": [0.0, 0.0008848955142604317, 0.0008848955142604317, 0.0008848955142604317, 0.002643341728495905, 0.002643341728495905, 0.004152202028452794, 0.004152202028452794, 0.004152202028452794, 0.003902616114174211, 0.004089805549883149, 0.0042145985070224405, 0.0042145985070224405, 0.004276994985592086, 0.004276994985592086, 0.004276994985592086, 0.007110978919362047, 0.007105524123746565, 0.007363414738678506, 0.0074191748716367625, 0.0074234714572243, 0.007398264821777417, 0.0072773202036016, 0.00766909445692374, 0.00766909445692374, 0.007544301499784449, 0.007544301499784449, 0.007544301499784449, 0.007606697978354095], "rate_of_adaptation": 0.00017641570133342734}