{"virus": "dengue", "subtype": "denv3_I", "gene": "E2", "window": 3, "min_seqs": 2, "midfreq_high": 0.75, "midfreq_low": 0.15, "window_midpoint": [1988.5, 1989.5, 1990.5, 1991.5, 1992.5, 1993.5, 1994.5, 1995.5, 1996.5, 1997.5, 1998.5], "adaptive_substitutions": [0.0, 0.0, 0.0, 0.0, 0.0, 0.0, 0.0, 0, 0.0, 0.0, 0.891566265060241], "adaptive_substitutions_per_codon": [0.0, 0.0, 0.0, 0.0, 0.0, 0.0, 0.0, 0.0, 0.0, 0.0, 0.0017902937049402428], "rate_of_adaptation": 8.137698658819287e-05}