{"virus": "dengue", "subtype": "denv3", "gene": "E2", "window": 3, "min_seqs": 2, "midfreq_high": 0.75, "midfreq_low": 0.15, "window_midpoint": [1963.5, 1964.5, 1965.5, 1972.5, 1973.5, 1974.5, 1981.5, 1982.5, 1983.5, 1984.5, 1985.5, 1986.5, 1987.5, 1988.5, 1989.5, 1990.5, 1991.5, 1992.5, 1993.5, 1994.5, 1995.5, 1996.5, 1997.5, 1998.5, 1999.5, 2000.5, 2001.5, 2002.5, 2003.5, 2004.5, 2005.5, 2006.5, 2007.5, 2008.5, 2009.5, 2010.5, 2011.5, 2012.5, 2013.5, 2014.5, 2015.5, 2016.5, 2017.5], "adaptive_substitutions": [0.0, 0.0, 0.0, 0.8495657398809199, 0.8495657398809199, 0.8495657398809199, 1.8318675916316163, 0, 0.7123914349702299, 0.9469055552520894, 0.9380564811274376, 0.9380564811274376, 0.8230185175069645, 0, 0, 0, 2.6611990729541395, 0, 0, 0, 0.6210385612703594, 0.7334770692020731, 2.3866602798705276, 2.7539848145518104, 2.8847089199313434, 3.3654366515806964, 3.36182495696616, 3.389394719113291, 3.5626874639747133, 3.662128887769001, 3.532120468223341, 2.822510412039523, 2.6584609408665782, 2.5825989451515206, 1.6118590592379065, 1.5913620702769842, 1.5626908043674854, 0.8964105661929381, 0.853543726443437, 0.9100328957350862, 0.0, 0, 0], "adaptive_substitutions_per_codon": [0.0, 0.0, 0.0, 0.0017059553009657025, 0.0017059553009657025, 0.0017059553009657025, 0.0036784489791799524, 0.0, 0.0014305048894984536, 0.0019014167776146374, 0.0018836475524647341, 0.0018836475524647341, 0.001652647625515993, 0.0, 0.0, 0.0, 0.005343773238863734, 0.0, 0.0, 0.0, 0.0012470653840770268, 0.0014728455204860906, 0.004792490521828369, 0.00553008998905986, 0.00579258819263322, 0.006757904922852804, 0.006750652524028434, 0.006806013492195363, 0.007153990891515489, 0.0073536724653996, 0.00709261138197458, 0.005667691590440809, 0.005338274981659796, 0.0051859416569307645, 0.0032366647775861576, 0.003195506165214828, 0.0031379333421033846, 0.0018000212172548959, 0.0017139432257900341, 0.0018273752926407352, 0.0, 0.0, 0.0], "rate_of_adaptation": 6.0936372764585184e-05}