{"virus": "dengue", "subtype": "denv2_C", "gene": "NS5", "window": 3, "min_seqs": 2, "midfreq_high": 0.75, "midfreq_low": 0.15, "window_midpoint": [1976.5, 1977.5, 1992.5, 1993.5, 1994.5, 1995.5, 1996.5, 1997.5, 2000.5, 2001.5, 2002.5, 2003.5, 2004.5, 2005.5, 2006.5, 2007.5, 2008.5, 2009.5, 2010.5, 2011.5, 2012.5, 2013.5, 2014.5, 2015.5, 2016.5, 2017.5], "adaptive_substitutions": [0.0, 0.0, 11.266652088190375, 11.266652088190375, 11.266652088190375, 1.864869302616416, 1.864869302616416, 1.864869302616416, 3.5759378805750703, 6.2365644904504185, 5.161790445572316, 4.701250075690805, 3.181340919179648, 2.988920488184128, 3.84119839803682, 4.763158977465169, 3.812332705421068, 3.177344978709562, 1.0565109104275237, 4.452367935884265, 4.171199033716359, 3.9349777093645133, 0, 0.0, 0.362054099853405, 1.721364873752906], "adaptive_substitutions_per_codon": [0.0, 0.0, 0.004172834106737176, 0.004172834106737176, 0.004172834106737176, 0.0006906923343023763, 0.0006906923343023763, 0.0006906923343023763, 0.001324421437250026, 0.0023098387001668215, 0.0019117742391008578, 0.001741203731737335, 0.0011782744145109806, 0.0011070075882163438, 0.0014226660733469704, 0.0017641329546167293, 0.001411975076081877, 0.0011767944365590971, 0.0003913003371953791, 0.0016490251614386167, 0.001544888531006059, 0.0014573991516164864, 0.0, 0.0, 0.00013409411105681665, 0.0006375425458344096], "rate_of_adaptation": -2.05972094985077e-05}