{"virus": "dengue", "subtype": "denv4_I", "gene": "NS5", "window": 3, "min_seqs": 2, "midfreq_high": 0.75, "midfreq_low": 0.15, "window_midpoint": [1957.5, 1978.5, 1990.5, 1991.5, 2000.5, 2001.5, 2002.5, 2003.5, 2004.5, 2005.5, 2006.5, 2007.5, 2008.5, 2009.5, 2010.5, 2011.5, 2012.5, 2013.5, 2014.5, 2015.5, 2016.5, 2017.5], "adaptive_substitutions": [0.0, 3.25, 0.0, 0.0, 16.0, 10.0, 0.3333333333333333, 0.25, 0.25, 11.0, 10.0, 9.577777777777778, 7.010989010989011, 5.2444444444444445, 4.428571428571429, 9.0, 9.0, 13.0, 10.666666666666668, 9.78125, 9.88235294117647, 7.7666666666666675], "adaptive_substitutions_per_codon": [0.0, 0.0012037037037037038, 0.0, 0.0, 0.005925925925925926, 0.003703703703703704, 0.0001234567901234568, 9.259259259259259e-05, 9.259259259259259e-05, 0.004074074074074074, 0.003703703703703704, 0.0035473251028806585, 0.0025966625966625965, 0.00194238683127572, 0.0016402116402116404, 0.0033333333333333335, 0.0033333333333333335, 0.004814814814814815, 0.003950617283950617, 0.0036226851851851854, 0.003660130718954248, 0.0028765432098765437], "rate_of_adaptation": 7.016625170777628e-05}