{"virus": "dengue", "subtype": "denv1", "gene": "NS5", "window": 3, "min_seqs": 2, "midfreq_high": 0.75, "midfreq_low": 0.15, "window_midpoint": [1945.5, 1970.5, 1971.5, 1972.5, 1979.5, 1980.5, 1981.5, 1982.5, 1983.5, 1985.5, 1986.5, 1987.5, 1988.5, 1989.5, 1990.5, 1991.5, 1992.5, 1993.5, 1994.5, 1995.5, 1996.5, 1997.5, 1998.5, 1999.5, 2000.5, 2001.5, 2002.5, 2003.5, 2004.5, 2005.5, 2006.5, 2007.5, 2008.5, 2009.5, 2010.5, 2011.5, 2012.5, 2013.5, 2014.5, 2015.5, 2016.5, 2017.5], "adaptive_substitutions": [0.0, 2.7334526002981483, 0.7615935078299145, 0.7615935078299145, 8.22604269208552, 2.8099658395745695, 2.5113479061958457, 0.9881497280852019, 1.0720589225107333, 1.8272416723405178, 1.854883004766035, 1.854883004766035, 5.906202556119519, 1.5478727566384056, 3.2615935078299145, 2.625859605719242, 1.7414988394773037, 1.7334599872141285, 1.7339521754043974, 1.930896668936207, 3.805606585604473, 5.41489557731429, 5.267834731310341, 5.253695878704596, 2.675908726046056, 2.6440073225407605, 1.7352614955305967, 1.320303965255714, 1.913455103703833, 2.035313651550013, 3.394115373433488, 3.5256226660689185, 3.456096911081792, 2.643686190209249, 2.568273715370999, 2.413988753383489, 0.9861793337872414, 0.9792690006808621, 0.7719590074894835, 0.758138341276725, 6.116660799401303, 6.520557534341243], "adaptive_substitutions_per_codon": [0.0, 0.0010135159808298659, 0.0002823854311568092, 0.0002823854311568092, 0.0030500714468244417, 0.0010418857395530477, 0.0009311634802357604, 0.00036638847908238855, 0.00039750052744187366, 0.0006775089626772406, 0.0006877578808921153, 0.0006877578808921153, 0.0021899156678233294, 0.0005739238993839102, 0.0012093413080570688, 0.0009736223973745799, 0.0006457170335473874, 0.000642736369007834, 0.0006429188637020383, 0.0007159424059830208, 0.0014110517558785587, 0.002007747711277082, 0.001953220145090968, 0.0019479777080847593, 0.0009921797278628314, 0.0009803512504785912, 0.0006434043364963281, 0.0004895454079554001, 0.0007094753814252254, 0.0007546583802558447, 0.0012584780769126763, 0.001307238660018138, 0.0012814597371456403, 0.0009802321802778082, 0.0009522705655806448, 0.0008950644246879826, 0.00036565789165266644, 0.00036309566209894774, 0.0002862287754873873, 0.0002811043163799499, 0.002267949870004191, 0.0024177076508495525], "rate_of_adaptation": 8.812195606765416e-06}