{"virus": "229e", "subtype": null, "gene": "spike", "loci_len": 402, "loci_offset": 9, "location": [2745, 3147], "window": 3, "min_seqs": 2, "midfreq_high": 0.75, "midfreq_low": 0.15, "window_midpoint": [1992.5, 1993.5, 1994.5, 2004.5, 2005.5, 2006.5, 2007.5, 2008.5, 2009.5, 2010.5, 2011.5, 2012.5, 2014.5, 2015.5, 2016.5, 2017.5], "adaptive_substitutions": [0.0, 0.0, 0.0, 0.0, 0.0, 0.7107142857142857, 1.0, 0.9357142857142857, 0.9496894409937888, 0.9537142857142856, 1.0, 1.0, 0.8428571428571429, 0.7657142857142858, 0.7657142857142858, 0.7538461538461539], "adaptive_substitutions_per_codon": [0.0, 0.0, 0.0, 0.0, 0.0, 0.0017679459843638948, 0.0024875621890547263, 0.002327647476901208, 0.002362411544760669, 0.002372423596304193, 0.0024875621890547263, 0.0024875621890547263, 0.0020966595593461266, 0.001904761904761905, 0.001904761904761905, 0.0018752391886720247], "rate_of_adaptation": 0.00010398914687229701}