{"virus": "229e", "subtype": null, "gene": "spike", "loci_len": 402, "loci_offset": 9, "location": [936, 1338], "window": 3, "min_seqs": 2, "midfreq_high": 0.75, "midfreq_low": 0.15, "window_midpoint": [1992.5, 1993.5, 1994.5, 2004.5, 2005.5, 2006.5, 2007.5, 2008.5, 2009.5, 2010.5, 2011.5, 2012.5, 2014.5, 2015.5, 2016.5, 2017.5], "adaptive_substitutions": [0.0, 0.0, 0.0, 3.685714285714286, 3.685714285714286, 5.107142857142858, 6.454285714285715, 5.492857142857143, 5.534782608695653, 5.546857142857143, 6.685714285714286, 9.76, 10.185714285714285, 10.06857142857143, 10.06857142857143, 9.973626373626375], "adaptive_substitutions_per_codon": [0.0, 0.0, 0.0, 0.009168443496801706, 0.009168443496801706, 0.012704335465529496, 0.016055437100213222, 0.013663823738450605, 0.013768115942028987, 0.01379815209665956, 0.016631130063965886, 0.02427860696517413, 0.025337597725657426, 0.02504619758351102, 0.02504619758351102, 0.024810015854791978], "rate_of_adaptation": 0.0011006723258580168}