{"virus": "229e", "subtype": null, "gene": "spike", "loci_len": 402, "loci_offset": 9, "location": [927, 1329], "window": 3, "min_seqs": 2, "midfreq_high": 0.75, "midfreq_low": 0.15, "window_midpoint": [1992.5, 1993.5, 1994.5, 2004.5, 2005.5, 2006.5, 2007.5, 2008.5, 2009.5, 2010.5, 2011.5, 2012.5, 2014.5, 2015.5, 2016.5, 2017.5], "adaptive_substitutions": [0.0, 0.0, 0.0, 4.685714285714286, 4.685714285714286, 6.107142857142858, 7.454285714285715, 6.492857142857143, 6.534782608695653, 6.546857142857143, 7.685714285714286, 10.76, 12.185714285714285, 12.760000000000002, 12.760000000000002, 12.70659340659341], "adaptive_substitutions_per_codon": [0.0, 0.0, 0.0, 0.011656005685856433, 0.011656005685856433, 0.015191897654584223, 0.018542999289267947, 0.01615138592750533, 0.016255678131083712, 0.016285714285714285, 0.01911869225302061, 0.026766169154228855, 0.030312722103766877, 0.03174129353233831, 0.03174129353233831, 0.03160844130993386], "rate_of_adaptation": 0.0013483725459041548}