{"virus": "229e", "subtype": null, "gene": "spike", "loci_len": 402, "loci_offset": 9, "location": [900, 1302], "window": 3, "min_seqs": 2, "midfreq_high": 0.75, "midfreq_low": 0.15, "window_midpoint": [1992.5, 1993.5, 1994.5, 2004.5, 2005.5, 2006.5, 2007.5, 2008.5, 2009.5, 2010.5, 2011.5, 2012.5, 2014.5, 2015.5, 2016.5, 2017.5], "adaptive_substitutions": [0.0, 0.0, 0.0, 5.685714285714286, 5.685714285714286, 7.107142857142858, 8.454285714285714, 7.492857142857143, 7.534782608695653, 7.546857142857143, 8.685714285714285, 12.528571428571428, 13.185714285714285, 13.760000000000002, 13.760000000000002, 13.70659340659341], "adaptive_substitutions_per_codon": [0.0, 0.0, 0.0, 0.014143567874911158, 0.014143567874911158, 0.01767945984363895, 0.02103056147832267, 0.018638948116560056, 0.01874324032013844, 0.018773276474769014, 0.021606254442075336, 0.031165600568585642, 0.032800284292821606, 0.03422885572139304, 0.03422885572139304, 0.03409600349898858], "rate_of_adaptation": 0.0014684054800164917}