{"virus": "229e", "subtype": null, "gene": "spike", "loci_len": 402, "loci_offset": 9, "location": [657, 1059], "window": 3, "min_seqs": 2, "midfreq_high": 0.75, "midfreq_low": 0.15, "window_midpoint": [1992.5, 1993.5, 1994.5, 2004.5, 2005.5, 2006.5, 2007.5, 2008.5, 2009.5, 2010.5, 2011.5, 2012.5, 2014.5, 2015.5, 2016.5, 2017.5], "adaptive_substitutions": [0.0, 0.0, 0.0, 4.5285714285714285, 4.5285714285714285, 4.5285714285714285, 5.297142857142857, 4.5285714285714285, 4.5285714285714285, 4.5285714285714285, 5.239285714285714, 8.445714285714285, 9.371428571428572, 9.754285714285714, 9.754285714285714, 9.74835164835165], "adaptive_substitutions_per_codon": [0.0, 0.0, 0.0, 0.011265103056147831, 0.011265103056147831, 0.011265103056147831, 0.013176972281449893, 0.011265103056147831, 0.011265103056147831, 0.011265103056147831, 0.013033049040511726, 0.0210092395167022, 0.023312011371712866, 0.024264392324093817, 0.024264392324093817, 0.024249630966048877], "rate_of_adaptation": 0.0010096907545169937}