{"virus": "229e", "subtype": null, "gene": "spike", "loci_len": 402, "loci_offset": 9, "location": [1008, 1410], "window": 3, "min_seqs": 2, "midfreq_high": 0.75, "midfreq_low": 0.15, "window_midpoint": [1992.5, 1993.5, 1994.5, 2004.5, 2005.5, 2006.5, 2007.5, 2008.5, 2009.5, 2010.5, 2011.5, 2012.5, 2014.5, 2015.5, 2016.5, 2017.5], "adaptive_substitutions": [0.0, 0.0, 0.0, 1.6857142857142857, 1.6857142857142857, 3.107142857142857, 3.685714285714286, 3.492857142857143, 3.534782608695653, 3.546857142857143, 4.685714285714286, 6.222857142857143, 6.185714285714286, 6.222857142857143, 6.222857142857143, 6.151648351648353], "adaptive_substitutions_per_codon": [0.0, 0.0, 0.0, 0.004193319118692253, 0.004193319118692253, 0.007729211087420043, 0.009168443496801706, 0.008688699360341152, 0.008792991563919534, 0.008823027718550107, 0.011656005685856433, 0.015479744136460555, 0.015387348969438523, 0.015479744136460555, 0.015479744136460555, 0.015302607839921276], "rate_of_adaptation": 0.0006959433184188116}