{"virus": "229e", "subtype": null, "gene": "spike", "loci_len": 402, "loci_offset": 9, "location": [1098, 1500], "window": 3, "min_seqs": 2, "midfreq_high": 0.75, "midfreq_low": 0.15, "window_midpoint": [1992.5, 1993.5, 1994.5, 2004.5, 2005.5, 2006.5, 2007.5, 2008.5, 2009.5, 2010.5, 2011.5, 2012.5, 2014.5, 2015.5, 2016.5, 2017.5], "adaptive_substitutions": [0.0, 0.0, 0.0, 0.8428571428571429, 0.8428571428571429, 2.2642857142857142, 2.842857142857143, 2.807142857142857, 2.849068322981367, 2.861142857142857, 2.842857142857143, 2.842857142857143, 2.342857142857143, 2.7685714285714282, 2.7685714285714282, 2.732967032967033], "adaptive_substitutions_per_codon": [0.0, 0.0, 0.0, 0.0020966595593461266, 0.0020966595593461266, 0.005632551528073916, 0.007071783937455579, 0.0069829424307036245, 0.0070872346342820075, 0.00711727078891258, 0.007071783937455579, 0.007071783937455579, 0.0058280028429282165, 0.006886993603411513, 0.006886993603411513, 0.006798425455141873], "rate_of_adaptation": 0.0003263427853606273}