{"virus": "229e", "subtype": null, "gene": "spike", "loci_len": 402, "loci_offset": 9, "location": [306, 708], "window": 3, "min_seqs": 2, "midfreq_high": 0.75, "midfreq_low": 0.15, "window_midpoint": [1992.5, 1993.5, 1994.5, 2004.5, 2005.5, 2006.5, 2007.5, 2008.5, 2009.5, 2010.5, 2011.5, 2012.5, 2014.5, 2015.5, 2016.5, 2017.5], "adaptive_substitutions": [0.0, 0.0, 0.0, 0.6857142857142857, 0.6857142857142857, 0.6857142857142857, 0.6857142857142857, 0.8428571428571429, 0.8428571428571429, 0.8428571428571429, 1.3964285714285714, 1.6857142857142857, 2.685714285714286, 1.6085714285714285, 1.6085714285714285, 1.5967032967032968], "adaptive_substitutions_per_codon": [0.0, 0.0, 0.0, 0.0017057569296375266, 0.0017057569296375266, 0.0017057569296375266, 0.0017057569296375266, 0.0020966595593461266, 0.0020966595593461266, 0.0020966595593461266, 0.0034737029140014214, 0.004193319118692253, 0.00668088130774698, 0.004001421464108031, 0.004001421464108031, 0.0039718987480181515], "rate_of_adaptation": 0.00019859793148935425}