{"virus": "229e", "subtype": null, "gene": "spike", "loci_len": 402, "loci_offset": 9, "location": [531, 933], "window": 3, "min_seqs": 2, "midfreq_high": 0.75, "midfreq_low": 0.15, "window_midpoint": [1992.5, 1993.5, 1994.5, 2004.5, 2005.5, 2006.5, 2007.5, 2008.5, 2009.5, 2010.5, 2011.5, 2012.5, 2014.5, 2015.5, 2016.5, 2017.5], "adaptive_substitutions": [0.0, 0.0, 0.0, 1.5285714285714285, 1.5285714285714285, 1.5285714285714285, 1.5285714285714285, 1.6857142857142857, 1.6857142857142857, 1.6857142857142857, 2.2392857142857143, 3.1399999999999997, 4.371428571428572, 3.9857142857142858, 3.9857142857142858, 4.015384615384615], "adaptive_substitutions_per_codon": [0.0, 0.0, 0.0, 0.003802416488983653, 0.003802416488983653, 0.003802416488983653, 0.003802416488983653, 0.004193319118692253, 0.004193319118692253, 0.004193319118692253, 0.005570362473347548, 0.00781094527363184, 0.010874200426439233, 0.009914712153518124, 0.009914712153518124, 0.009988518943742824], "rate_of_adaptation": 0.00042302863398816697}