{"virus": "229e", "subtype": null, "gene": "spike", "loci_len": 402, "loci_offset": 9, "location": [1017, 1419], "window": 3, "min_seqs": 2, "midfreq_high": 0.75, "midfreq_low": 0.15, "window_midpoint": [1992.5, 1993.5, 1994.5, 2004.5, 2005.5, 2006.5, 2007.5, 2008.5, 2009.5, 2010.5, 2011.5, 2012.5, 2014.5, 2015.5, 2016.5, 2017.5], "adaptive_substitutions": [0.0, 0.0, 0.0, 1.842857142857143, 1.842857142857143, 3.2642857142857142, 3.842857142857143, 3.65, 3.69192546583851, 3.704, 4.8428571428571425, 6.38, 6.3428571428571425, 6.38, 6.38, 6.3087912087912095], "adaptive_substitutions_per_codon": [0.0, 0.0, 0.0, 0.004584221748400853, 0.004584221748400853, 0.008120113717128643, 0.009559346126510306, 0.00907960199004975, 0.009183894193628134, 0.009213930348258707, 0.012046908315565031, 0.015870646766169155, 0.01577825159914712, 0.015870646766169155, 0.015870646766169155, 0.015693510469629874], "rate_of_adaptation": 0.000713248970353835}