{"virus": "229e", "subtype": null, "gene": "spike", "loci_len": 402, "loci_offset": 9, "location": [90, 492], "window": 3, "min_seqs": 2, "midfreq_high": 0.75, "midfreq_low": 0.15, "window_midpoint": [1992.5, 1993.5, 1994.5, 2004.5, 2005.5, 2006.5, 2007.5, 2008.5, 2009.5, 2010.5, 2011.5, 2012.5, 2014.5, 2015.5, 2016.5, 2017.5], "adaptive_substitutions": [0.0, 0.0, 0.0, 1.0, 1.0, 1.0, 1.0, 1.0, 1.0, 1.0, 1.7107142857142859, 2.0, 1.842857142857143, 1.9228571428571428, 1.9228571428571428, 1.910989010989011], "adaptive_substitutions_per_codon": [0.0, 0.0, 0.0, 0.0024875621890547263, 0.0024875621890547263, 0.0024875621890547263, 0.0024875621890547263, 0.0024875621890547263, 0.0024875621890547263, 0.0024875621890547263, 0.004255508173418621, 0.004975124378109453, 0.004584221748400853, 0.004783226723525231, 0.004783226723525231, 0.004753704007435351], "rate_of_adaptation": 0.0002098693298405696}