{"virus": "229e", "subtype": null, "gene": "S1", "window": 5, "min_seqs": 3, "midfreq_high": 0.75, "midfreq_low": 0.15, "window_midpoint": [1991.5, 1992.5, 1993.5, 1994.5, 1995.5, 2002.5, 2003.5, 2004.5, 2005.5, 2006.5, 2007.5, 2008.5, 2009.5, 2010.5, 2011.5, 2012.5, 2013.5, 2014.5, 2015.5, 2016.5, 2017.5, 2018.5, 2019.5], "adaptive_substitutions": [0.0, 0.0, 0.0, 0.0, 0.0, 7.25, 6.333333333333333, 8.8, 8.0, 8.8, 12.416666666666668, 13.3, 13.383783783783784, 13.364705882352942, 10.467741935483872, 10.175, 12.416666666666668, 18.931666666666672, 19.035285285285283, 20.18048780487805, 20.241971207087488, 20.225158562367866, 17.648148148148152], "adaptive_substitutions_per_codon": [0.0, 0.0, 0.0, 0.0, 0.0, 0.013302752293577982, 0.011620795107033639, 0.01614678899082569, 0.014678899082568808, 0.01614678899082569, 0.022782874617737005, 0.024403669724770642, 0.02455740143813538, 0.024522396114409067, 0.019206865936667653, 0.0186697247706422, 0.022782874617737005, 0.03473700305810398, 0.03492712896382621, 0.03702841799060193, 0.037141231572637594, 0.03711038268324379, 0.03238192320761129], "rate_of_adaptation": 0.0014210340397305468}