{"virus": "adenovirusB7", "subtype": null, "gene": "100K", "window": 5, "min_seqs": 3, "midfreq_high": 0.75, "midfreq_low": 0.15, "window_midpoint": [1986.5, 1987.5, 1988.5, 1989.5, 1990.5, 1995.5, 1996.5, 1997.5, 1998.5, 1999.5, 2004.5, 2005.5, 2006.5, 2007.5, 2008.5, 2009.5, 2010.5, 2011.5, 2012.5, 2013.5, 2014.5, 2015.5, 2016.5], "adaptive_substitutions": [0.0, 0.0, 0.0, 0.0, 0.0, 0.0, 0.0, 0.0, 0.0, 0.0, 0.0, 0.0, 0.0, 0.0, 0.0, 0.0, 1.7272727272727273, 1.8064516129032258, 1.810810810810811, 1.8, 1.7894736842105263, 1.8431372549019607, 1.9534883720930232], "adaptive_substitutions_per_codon": [0.0, 0.0, 0.0, 0.0, 0.0, 0.0, 0.0, 0.0, 0.0, 0.0, 0.0, 0.0, 0.0, 0.0, 0.0, 0.0, 0.00208105147864184, 0.002176447726389429, 0.002181699772061218, 0.002168674698795181, 0.002155992390615092, 0.0022206472950626033, 0.002353600448304847], "rate_of_adaptation": 7.660940546666634e-05}