{"virus": "dengue", "subtype": "denv3_II", "gene": "E", "window": 5, "min_seqs": 3, "midfreq_high": 0.75, "midfreq_low": 0.15, "window_midpoint": [1985.5, 1992.5, 1993.5, 1994.5, 1995.5, 1996.5, 1997.5, 1998.5, 1999.5, 2000.5, 2001.5, 2002.5, 2003.5, 2004.5, 2005.5, 2006.5, 2007.5, 2008.5, 2009.5, 2010.5, 2011.5], "adaptive_substitutions": [0.0, 0.9252761533463287, 0.9252761533463287, 0.9252761533463287, 0.9252761533463287, 2.6133511165828804, 2.696339614468269, 2.7132553606237813, 0.8861660323648628, 0.8896182254578244, 1.0, 1.0, 1.0, 2.681394845137535, 2.747351470463599, 2.7467998700454843, 2.7585231245013615, 2.5729159500057333, 2.5028387605321747, 1.0, 3.0908463287849255], "adaptive_substitutions_per_codon": [0.0, 0.0018768278972542164, 0.0018768278972542164, 0.0018768278972542164, 0.0018768278972542164, 0.005300915043778662, 0.005469248710888984, 0.005503560569216595, 0.00179749702305246, 0.0018044994431193192, 0.002028397565922921, 0.002028397565922921, 0.002028397565922921, 0.005438934777155243, 0.005572721035423121, 0.005571602170477656, 0.005595381591280652, 0.0052188964503158885, 0.005076752049761004, 0.002028397565922921, 0.006269465169949139], "rate_of_adaptation": 0.00017184584187546813}