{"virus": "dengue", "subtype": "denv2_C", "gene": "NS5", "window": 5, "min_seqs": 3, "midfreq_high": 0.75, "midfreq_low": 0.15, "window_midpoint": [1977.5, 1978.5, 1994.5, 1995.5, 1999.5, 2000.5, 2001.5, 2002.5, 2003.5, 2004.5, 2005.5, 2006.5, 2007.5, 2008.5, 2009.5, 2010.5, 2011.5, 2012.5, 2013.5, 2014.5, 2015.5, 2016.5], "adaptive_substitutions": [0.0, 0.0, 0, 0, 3.5759378805750703, 6.2365644904504185, 5.161790445572316, 4.021947576941351, 3.401181234477827, 3.794738504311759, 3.0829402391967773, 3.893292686383216, 3.036526705201909, 3.6765206825174235, 3.5510185926518982, 4.447802097734025, 4.094184079170195, 3.7362596556349184, 1.1176018095785627, 1.0894792280826366, 0.32612110753755585, 1.0207721848047462], "adaptive_substitutions_per_codon": [0.0, 0.0, 0.0, 0.0, 0.003973264311750078, 0.006929516100500465, 0.005735322717302573, 0.0044688306410459455, 0.003779090260530919, 0.004216376115901955, 0.003425489154663086, 0.0043258807626480175, 0.0033739185613354547, 0.004085022980574915, 0.003945576214057665, 0.004942002330815583, 0.004549093421300217, 0.004151399617372132, 0.0012417797884206252, 0.001210532475647374, 0.00036235678615283986, 0.0011341913164497179], "rate_of_adaptation": 6.26422653203034e-05}