{"virus": "dengue", "subtype": "denv4_II", "gene": "E", "window": 5, "min_seqs": 3, "midfreq_high": 0.75, "midfreq_low": 0.15, "window_midpoint": [1980.5, 1984.5, 1992.5, 1993.5, 1994.5, 1995.5, 1996.5, 1997.5, 1998.5, 1999.5, 2000.5, 2001.5, 2002.5, 2003.5, 2004.5, 2005.5, 2006.5, 2007.5, 2008.5, 2009.5, 2010.5, 2011.5, 2012.5, 2013.5, 2014.5, 2015.5], "adaptive_substitutions": [0.0, 0.0, 0.9215819648236323, 0.7291484468629547, 0.8270333300942572, 0.7671752016324944, 0.8508137341299227, 0.7246827011387964, 0.6882713050238072, 0.5856573705179283, 0.6401040078542013, 0, 0.698280050529589, 0.7928286852589641, 2.9176950733650764, 2.980824668804457, 2.0367169039487503, 0, 0, 0.0, 0.0, 0.496323648495449, 2.659732226977561, 2.7364409955994837, 2.6152560489748327, 0], "adaptive_substitutions_per_codon": [0.0, 0.0, 0.0018617817471184492, 0.0014730271653797065, 0.0016707744042308225, 0.0015498488921868573, 0.0017188156245048943, 0.0014640054568460534, 0.001390447080856176, 0.0011831462030665219, 0.0012931394098064672, 0.0, 0.0014106667687466443, 0.0016016741116342708, 0.005894333481545609, 0.006021868017786781, 0.004114579603936869, 0.0, 0.0, 0.0, 0.0, 0.0010026740373645434, 0.0053731964181364875, 0.005528163627473704, 0.00528334555348451, 0.0], "rate_of_adaptation": 7.81186309542018e-05}