{"virus": "dengue", "subtype": "denv3_III", "gene": "E", "window": 5, "min_seqs": 3, "midfreq_high": 0.75, "midfreq_low": 0.15, "window_midpoint": [1981.5, 1982.5, 1983.5, 1984.5, 1985.5, 1987.5, 1988.5, 1989.5, 1990.5, 1991.5, 1992.5, 1993.5, 1994.5, 1995.5, 1996.5, 1997.5, 1998.5, 1999.5, 2000.5, 2001.5, 2002.5, 2003.5, 2004.5, 2005.5, 2006.5, 2007.5, 2008.5, 2009.5, 2010.5, 2011.5, 2012.5, 2013.5, 2014.5, 2015.5, 2016.5], "adaptive_substitutions": [0.0, 0.0, 0.0, 0.0, 0.0, 0.0, 0.0, 0.0, 0.0, 0.3520829290889618, 0.6105068948599668, 0.6105068948599668, 0.6105068948599668, 0.6105068948599668, 0.5131336185749584, 0.6105068948599668, 0.6105068948599668, 0.659193533002471, 0.7136006775376393, 0.7565668092874792, 0.167186530802221, 0.16801156870441503, 0.1677276487785586, 0.16758196316954466, 0.26499779719812144, 0.7565668092874792, 0.7565668092874792, 0.7809101283587313, 0.7809101283587313, 0.7565668092874792, 0.707880171144975, 0.724788426313464, 0.5381836784363457, 0.03974558238352488, 0.3870391503603786], "adaptive_substitutions_per_codon": [0.0, 0.0, 0.0, 0.0, 0.0, 0.0, 0.0, 0.0, 0.0, 0.0007141641563670625, 0.0012383506995131172, 0.0012383506995131172, 0.0012383506995131172, 0.0012383506995131172, 0.0010408389829106661, 0.0012383506995131172, 0.0012383506995131172, 0.0013371065578143427, 0.0014474658773582947, 0.0015346182744167935, 0.00033912075213432253, 0.00034079425700692703, 0.0003402183545204029, 0.00033992284618568894, 0.0005375208868116054, 0.0015346182744167935, 0.0015346182744167935, 0.0015839962035674063, 0.0015839962035674063, 0.0015346182744167935, 0.001435862416115568, 0.0014701590797433345, 0.0010916504633597278, 8.06198425629308e-05, 0.0007850692705078674], "rate_of_adaptation": 3.400339480366632e-05}