{"virus": "dengue", "subtype": "denv3_II", "gene": "NS5", "window": 5, "min_seqs": 3, "midfreq_high": 0.75, "midfreq_low": 0.15, "window_midpoint": [1985.5, 1992.5, 1993.5, 1994.5, 1995.5, 1996.5, 1997.5, 1998.5, 1999.5, 2000.5, 2001.5, 2002.5, 2003.5, 2004.5, 2005.5, 2006.5, 2007.5, 2008.5, 2009.5, 2010.5, 2011.5], "adaptive_substitutions": [0.0, 0, 0, 0, 0, 0.668992168530488, 0.7194426395206122, 0.7250812215724496, 0.0, 0.0, 0, 0, 0, 1.445381325838282, 1.6584980970945884, 1.6683432403597012, 1.7078784925276151, 1.4831588013962556, 1.3649484975340598, 0.0, 4.389091942820013], "adaptive_substitutions_per_codon": [0.0, 0.0, 0.0, 0.0, 0.0, 0.0007433246317005423, 0.000799380710578458, 0.0008056458017471662, 0.0, 0.0, 0.0, 0.0, 0.0, 0.0016059792509314243, 0.0018427756634384316, 0.0018537147115107791, 0.0018976427694751279, 0.0016479542237736173, 0.0015166094417045108, 0.0, 0.0048767688253555696], "rate_of_adaptation": 0.00010924575050385519}