{"virus": "dengue", "subtype": "denv1_V", "gene": "NS5", "window": 5, "min_seqs": 3, "midfreq_high": 0.75, "midfreq_low": 0.15, "window_midpoint": [1987.5, 1988.5, 1989.5, 1990.5, 1991.5, 1992.5, 1993.5, 1994.5, 1995.5, 1996.5, 1997.5, 1998.5, 1999.5, 2000.5, 2001.5, 2002.5, 2003.5, 2004.5, 2005.5, 2006.5, 2007.5, 2008.5, 2009.5, 2010.5, 2011.5, 2012.5, 2013.5], "adaptive_substitutions": [0.0, 0.0, 0.0, 0.0, 0.0, 0.0, 0.0, 0.0, 0.0, 0.0, 0.0, 0.0, 0.0, 0.0, 0.0, 0.7444050732000499, 1.6207098482718205, 1.801891842554028, 1.8419294772242338, 1.8512114745659547, 1.8632864225641106, 1.823188466718472, 1.8203534111142652, 1.8041747716189258, 1.733195447758605, 1.683625522561039, 1.7494737070925515], "adaptive_substitutions_per_codon": [0.0, 0.0, 0.0, 0.0, 0.0, 0.0, 0.0, 0.0, 0.0, 0.0, 0.0, 0.0, 0.0, 0.0, 0.0, 0.000828036788876585, 0.0018027918223268303, 0.002004329079592912, 0.0020488648244985914, 0.0020591896268809286, 0.0020726211596931153, 0.002028018316705753, 0.002024864750961363, 0.0020068684890088163, 0.0019279148473399386, 0.0018727758871646709, 0.0019460219211263087], "rate_of_adaptation": 0.000107255707257924}