{"virus": "enterovirusd68", "subtype": null, "gene": "VP1", "window": 5, "min_seqs": 3, "midfreq_high": 0.75, "midfreq_low": 0.15, "window_midpoint": [1999.5, 2000.5, 2001.5, 2002.5, 2003.5, 2004.5, 2005.5, 2006.5, 2007.5, 2008.5, 2009.5, 2010.5, 2011.5, 2012.5, 2013.5, 2014.5, 2015.5, 2016.5], "adaptive_substitutions": [0.0, 0.0, 0.0, 0.0, 0.7787035296983873, 0.0, 0.0, 0.0, 0.758287146730287, 0.7586968677683645, 0.789375258485451, 0.8437562318121243, 0.8652981834226162, 5.774118945645023, 5.914923810022546, 6.811512383805035, 6.9514210741380635, 6.994852728424551], "adaptive_substitutions_per_codon": [0.0, 0.0, 0.0, 0.0, 0.002520076147891221, 0.0, 0.0, 0.0, 0.0024540037111012523, 0.002455329669153283, 0.002554612487007932, 0.0027306026919486225, 0.0028003177457042597, 0.018686469079757358, 0.019142148252500147, 0.022043729397427297, 0.022496508330543896, 0.022637063846034144], "rate_of_adaptation": 0.0014508026426938488}