{"virus": "h1n1pdm", "subtype": null, "gene": "ha1", "window": 5, "min_seqs": 3, "midfreq_high": 0.75, "midfreq_low": 0.15, "window_midpoint": [2012.5, 2013.5, 2014.5, 2015.5, 2016.5, 2017.5, 2018.5, 2019.5], "adaptive_substitutions": [0.0, 0.0, 0.0, 0.0, 0.0, 1.320982737299718, 1.840458448968109, 3.381953325012785], "adaptive_substitutions_per_codon": [0.0, 0.0, 0.0, 0.0, 0.0, 0.004039702560549596, 0.005628313299596664, 0.010342364908295978], "rate_of_adaptation": 0.001341157482591714, "bootstrap_adaptive_substitutions": [[0.0, 0.0, 0.0, 0.0, 0.0, 1.3658560319858404, 1.6499657505252867, 3.821894247853093], [0.0, 0.0, 0.0, 0.0, 0.0, 3.368895776725804, 4.140128672940271, 5.77632246243601], [0.0, 0.0, 0.0, 0.0, 0.0, 2.1556014750242998, 2.8899689899194345, 4.2298235986511985], [0.0, 0.0, 0.0, 0.0, 0.0, 1.796245703417609, 2.624795372806547, 4.515581349609409], [0.0, 0.0, 0.0, 0.0, 0.0, 2.0726119188064667, 2.76249487186557, 4.214516707217401], [0.0, 0.0, 0.0, 0.0, 0.0, 0.12761513082591147, 0.26848747292418007, 0.8632835767227338], [0.0, 0.0, 0.0, 0.0, 0.0, 1.645709447898715, 2.1046483568324783, 3.4828744534130367], [0.0, 0.0, 0.0, 0.0, 0.0, 0.47431796293836437, 0.6515050988315008, 0.28266571105679184], [0.0, 0.0, 0.0, 0.0, 0.0, 2.276293440835829, 2.928961532608497, 4.856086489011434], [0.0, 0.0, 0.0, 0.0, 0.0, 1.1097179484383095, 1.6247142459608312, 3.5291945982533077], [0.0, 0.0, 0.0, 0.0, 0.0, 2.841432681251173, 3.717567793985941, 5.76606903683339], [0.0, 0.0, 0.0, 0.0, 0.0, 0.0, 0.0, 0.0], [0.0, 0.0, 0.0, 0.0, 0.0, 1.0487645035604627, 1.3592338627549325, 1.2400728625098778], [0.0, 0.0, 0.0, 0.0, 0.0, 1.554165105311261, 2.1207946581914348, 3.4922986853895868], [0.0, 0.0, 0.0, 0.0, 0.0, 3.1868660048670274, 4.244344478734576, 7.989253841330228], [0.0, 0.0, 0.0, 0.0, 0.0, 2.7797236983833207, 3.645129122193822, 5.083868994576487], [0.0, 0.0, 0.0, 0.0, 0.0, 0.6346337469673189, 1.1720965521166031, 1.5863418309113158], [0.0, 0.0, 0.0, 0.0, 0.0, 0.7519472151188791, 1.0752134310772186, 2.897774433709203], [0.0, 0.0, 0.0, 0.0, 0.0, 3.3198044673771316, 4.143476364848758, 5.004716218600851], [0.0, 0.0, 0.0, 0.0, 0.0, 4.747703564544784, 5.661733189937362, 6.72527250122924], [0.0, 0.0, 0.0, 0.0, 0.0, 0.6699835778516905, 1.039076776560127, 4.637581893713102], [0.0, 0.0, 0.0, 0.0, 0.0, 3.988531637661107, 5.087169724503166, 6.912307472722039], [0.0, 0.0, 0.0, 0.0, 0.0, 1.1721357179206688, 1.756982958234466, 3.417744936477684], [0.0, 0.0, 0.0, 0.0, 0.0, 1.042549709208116, 1.5346229065247288, 2.9740651038237482], [0.0, 0.0, 0.0, 0.0, 0.0, 0.0, 0.0, 1.5839911818789731], [0.0, 0.0, 0.0, 0.0, 0.0, 2.84528630637757, 3.745280633762599, 6.0910507341970455], [0.0, 0.0, 0.0, 0.0, 0.0, 2.0262481466594036, 2.653913237969601, 3.072609443256934], [0.0, 0.0, 0.0, 0.0, 0.0, 3.179435751694255, 4.00732462311716, 7.931715008404672], [0.0, 0.0, 0.0, 0.0, 0.0, 0.5722190009594239, 0.9456440327131834, 3.62812303160422], [0.0, 0.0, 0.0, 0.0, 0.0, 2.2127201782749433, 3.1253890183153374, 4.28855822896349], [0.0, 0.0, 0.0, 0.0, 0.0, 1.2565610574965111, 1.5570042121611016, 5.026981433453504], [0.0, 0.0, 0.0, 0.0, 0.0, 1.0448308878010786, 1.3973150445046747, 2.317512584432011], [0.0, 0.0, 0.0, 0.0, 0.0, 1.8803244046265606, 2.3391897646202704, 4.981314364294499], [0.0, 0.0, 0.0, 0.0, 0.0, 0.6128868574897308, 1.17857448934406, 0.6402811930875454], [0.0, 0.0, 0.0, 0.0, 0.0, 3.2897676037297967, 4.359308568459609, 8.916208554913984], [0.0, 0.0, 0.0, 0.0, 0.0, 1.9456929468563875, 2.4497990382312733, 3.2124175567768907], [0.0, 0.0, 0.0, 0.0, 0.0, 0.0, 0.0, 3.46721998935293], [0.0, 0.0, 0.0, 0.0, 0.0, 0.0, 0.1607536048776501, 2.73911721907038], [0.0, 0.0, 0.0, 0.0, 0.0, 0.6137742139226452, 0.9758855396417931, 3.667984512987921], [0.0, 0.0, 0.0, 0.0, 0.0, 0.08679797314935023, 0.272487715304227, 1.0739723063763313], [0.0, 0.0, 0.0, 0.0, 0.0, 0.0, 0.0, 0.0], [0.0, 0.0, 0.0, 0.0, 0.0, 0.6793710588820682, 1.0186881840060595, 5.126975591847968], [0.0, 0.0, 0.0, 0.0, 0.0, 1.1568676452350677, 1.505521737693323, 1.4381900302631614], [0.0, 0.0, 0.0, 0.0, 0.0, 4.492487016721844, 5.445276092128285, 7.27062341642509], [0.0, 0.0, 0.0, 0.0, 0.0, 2.7836324714320306, 3.590592182891137, 5.321943619482565], [0.0, 0.0, 0.0, 0.0, 0.0, 2.5695447204279986, 3.3016999421556568, 4.984931891705183], [0.0, 0.0, 0.0, 0.0, 0.0, 1.3544213920707517, 1.8954074561574188, 2.593420262544759], [0.0, 0.0, 0.0, 0.0, 0.0, 0.0, 0.17626458261698352, 1.1993953876418657], [0.0, 0.0, 0.0, 0.0, 0.0, 0.9539674530853917, 1.484751010730999, 4.55418624851867], [0.0, 0.0, 0.0, 0.0, 0.0, 1.2238984787693294, 1.581488611249775, 2.323468368088615], [0.0, 0.0, 0.0, 0.0, 0.0, 0.9467092639045476, 1.2988398948298876, 2.9734344765573812], [0.0, 0.0, 0.0, 0.0, 0.0, 0.8433542419571143, 1.3799820643361962, 4.788266629170901], [0.0, 0.0, 0.0, 0.0, 0.0, 3.224709045372253, 4.060814532849172, 6.7425615802631915], [0.0, 0.0, 0.0, 0.0, 0.0, 4.1549259200413085, 5.144430221882415, 6.881803684034732], [0.0, 0.0, 0.0, 0.0, 0.0, 1.012113465437413, 1.2991836773126662, 2.8872909385258376], [0.0, 0.0, 0.0, 0.0, 0.0, 2.4620524375122668, 3.0944949481287667, 5.587042676861951], [0.0, 0.0, 0.0, 0.0, 0.0, 0.4384059519874697, 0.9671948062449112, 0.8736452902046445], [0.0, 0.0, 0.0, 0.0, 0.0, 1.633630734513031, 2.1246041090952783, 3.759334049100197], [0.0, 0.0, 0.0, 0.0, 0.0, 0.5096309425063843, 0.841151678093321, 1.8033384908726842], [0.0, 0.0, 0.0, 0.0, 0.0, 0.0, 0.0008173804022785225, 2.3846476628849285], [0.0, 0.0, 0.0, 0.0, 0.0, 1.8639295375254317, 2.568186649546564, 3.09913227527203], [0.0, 0.0, 0.0, 0.0, 0.0, 1.0090416203414718, 1.3598995206565028, 4.760764653785023], [0.0, 0.0, 0.0, 0.0, 0.0, 2.4917419739240025, 3.0739867107999563, 3.8437817311053557], [0.0, 0.0, 0.0, 0.0, 0.0, 0.9070237374334188, 1.2693624232861176, 3.955718500543106], [0.0, 0.0, 0.0, 0.0, 0.0, 0.0, 0.0, 0.0], [0.0, 0.0, 0.0, 0.0, 0.0, 1.0010271699760922, 1.3484878236125275, 1.4029382456813866], [0.0, 0.0, 0.0, 0.0, 0.0, 0.0, 0.1543716277157159, 2.229649074500469], [0.0, 0.0, 0.0, 0.0, 0.0, 3.3634274948495784, 4.172934980071096, 6.794866743524477], [0.0, 0.0, 0.0, 0.0, 0.0, 0.0, 0.0, 2.5338213156543903], [0.0, 0.0, 0.0, 0.0, 0.0, 0.0, 0.0, 0.0], [0.0, 0.0, 0.0, 0.0, 0.0, 1.8489710320417154, 2.5751895714217374, 6.077108510909789], [0.0, 0.0, 0.0, 0.0, 0.0, 3.110659815632926, 4.162486781244404, 7.713119195408157], [0.0, 0.0, 0.0, 0.0, 0.0, 4.07470012535862, 5.1266619363379355, 6.837524963942521], [0.0, 0.0, 0.0, 0.0, 0.0, 0.8370453961345814, 1.4008402702758058, 3.6595539200292024], [0.0, 0.0, 0.0, 0.0, 0.0, 1.2898334187469949, 1.6084496770218575, 3.2066314862508527], [0.0, 0.0, 0.0, 0.0, 0.0, 0.0, 0.28340980439507346, 1.7210462295371607], [0.0, 0.0, 0.0, 0.0, 0.0, 0.06973794423852309, 0.419742011571121, 1.1049330649961744], [0.0, 0.0, 0.0, 0.0, 0.0, 1.3775659918480185, 1.9024814383925894, 1.3130498669086859], [0.0, 0.0, 0.0, 0.0, 0.0, 0.739258830388636, 1.1331342795231283, 1.5045510297814337], [0.0, 0.0, 0.0, 0.0, 0.0, 0.8591273255006768, 1.2416028559130634, 0.6089539654816429], [0.0, 0.0, 0.0, 0.0, 0.0, 0.5998703705849002, 1.1293047111367718, 3.4670540898385793], [0.0, 0.0, 0.0, 0.0, 0.0, 1.4303700365522416, 1.8025619640451052, 7.09047612912794], [0.0, 0.0, 0.0, 0.0, 0.0, 0.8575952994304737, 1.1817068984331405, 1.5825109566887832], [0.0, 0.0, 0.0, 0.0, 0.0, 3.9169763516277527, 4.98766774105108, 5.323264652530611], [0.0, 0.0, 0.0, 0.0, 0.0, 0.9647866451419054, 1.2840340618538364, 2.0847641137565986], [0.0, 0.0, 0.0, 0.0, 0.0, 4.5865974908634675, 5.771963294318213, 8.364345077227178], [0.0, 0.0, 0.0, 0.0, 0.0, 0.0, 0.0, 1.6890850902101335], [0.0, 0.0, 0.0, 0.0, 0.0, 1.1901329739629907, 1.7435429423887632, 4.181170378480964], [0.0, 0.0, 0.0, 0.0, 0.0, 2.868157114951936, 3.7414223347485915, 4.360183218324617], [0.0, 0.0, 0.0, 0.0, 0.0, 0.5381535946279286, 0.6691775503881694, 3.277175514710227], [0.0, 0.0, 0.0, 0.0, 0.0, 0.0, 0.0, 0.0], [0.0, 0.0, 0.0, 0.0, 0.0, 3.097613294957393, 4.028140842283511, 