{"virus": "hepatitisB", "subtype": "D3", "gene": "Large", "window": 5, "min_seqs": 3, "midfreq_high": 0.75, "midfreq_low": 0.15, "window_midpoint": [1977.5, 1983.5, 1984.5, 1985.5, 1986.5, 1987.5, 1994.5, 1995.5, 1996.5, 1997.5, 1998.5, 1999.5, 2000.5, 2001.5, 2002.5, 2003.5, 2004.5, 2005.5, 2006.5, 2007.5, 2008.5, 2009.5, 2010.5, 2011.5, 2012.5, 2013.5, 2014.5, 2015.5, 2016.5, 2017.5, 2018.5, 2019.5], "adaptive_substitutions": [0.0, 3.6867347375163115, 2.5823129833550817, 2.5823129833550817, 2.5823129833550817, 2.6867347375163115, 0.5150510531372334, 0.5150510531372334, 0.0, 0.0, 0.0, 1.5529721471252167, 0.8159297076397951, 1.0, 1.0, 1.73280118850938, 1.706683307707837, 1.6833112993992914, 2.4387696544326523, 2.271222602155438, 2.3012975260100164, 3.1328925103214518, 1.5921049192420147, 1.70659941234896, 1.7858178122462038, 1.7727455203881042, 1.6285860108898917, 1.6043936025570902, 1.621816656522065, 1.5089690699116511, 1.4995482228819659, 1.8306122602998744], "adaptive_substitutions_per_codon": [0.0, 0.009453165993631569, 0.006621315341936107, 0.006621315341936107, 0.006621315341936107, 0.006889063429529004, 0.0013206437259929062, 0.0013206437259929062, 0.0, 0.0, 0.0, 0.003981979864423633, 0.002092127455486654, 0.002564102564102564, 0.002564102564102564, 0.004443079970536871, 0.00437611104540471, 0.004316182818972542, 0.006253255524186288, 0.0058236476978344555, 0.00590076288720517, 0.008033057718772954, 0.004082320305748756, 0.004375895929099898, 0.004579020031400522, 0.004545501334328472, 0.004175861566384338, 0.004113829750146385, 0.004158504247492475, 0.003869151461311926, 0.003844995443287092, 0.004693877590512498], "rate_of_adaptation": 3.18957002297191e-06}