{"virus": "influenzaC", "subtype": "Yamagata", "gene": "HEF1", "window": 5, "min_seqs": 3, "midfreq_high": 0.75, "midfreq_low": 0.15, "window_midpoint": [1976.5, 1977.5, 1978.5, 1979.5, 1980.5, 1981.5, 1982.5, 1983.5, 1984.5, 1985.5, 1986.5, 1987.5, 1988.5, 1989.5, 1990.5, 1991.5, 1992.5, 1993.5, 1994.5, 1995.5, 1996.5, 1997.5, 1998.5, 1999.5, 2000.5, 2001.5], "adaptive_substitutions": [0.0, 0.0, 0.0, 0.0, 0.0, 0.0, 0.0, 0.0, 0, 0.0, 2.5340086830680173, 0.7593549720901385, 2.3806078147612157, 0.0, 0.0, 0, 0.7141823444283647, 0.7141823444283647, 1.3806078147612157, 1.8248914616497829, 1.8248914616497829, 1.3248914616497829, 1.3248914616497829, 1.3248914616497829, 1.3248914616497829, 1.3248914616497829], "adaptive_substitutions_per_codon": [0.0, 0.0, 0.0, 0.0, 0.0, 0.0, 0.0, 0.0, 0.0, 0.0, 0.005865760840435225, 0.0017577661390975427, 0.005510666237873185, 0.0, 0.0, 0.0, 0.0016531998713619554, 0.0016531998713619554, 0.0031958514230583696, 0.004224285790855979, 0.004224285790855979, 0.0030668783834485714, 0.0030668783834485714, 0.0030668783834485714, 0.0030668783834485714, 0.0030668783834485714], "rate_of_adaptation": 0.00015787864175868677}