{"virus": "influenzaC", "subtype": "Yamagata", "gene": "PB1", "window": 5, "min_seqs": 3, "midfreq_high": 0.75, "midfreq_low": 0.15, "window_midpoint": [1981.5, 1982.5, 1983.5, 1987.5, 1988.5, 1989.5, 1990.5, 1991.5, 1992.5, 1993.5, 1994.5, 1995.5, 1996.5, 1997.5, 1998.5, 1999.5, 2000.5, 2001.5, 2002.5, 2003.5, 2004.5, 2005.5, 2006.5, 2007.5, 2008.5, 2009.5, 2010.5, 2011.5, 2012.5, 2013.5, 2014.5, 2015.5, 2016.5], "adaptive_substitutions": [0.0, 0.0, 0.0, 0.0, 0.0, 0.0, 0.0, 0, 0.0, 0.0, 0, 0, 0.7452966714905933, 1.475397973950796, 1.526193921852388, 0.808972503617945, 0.8408104196816208, 1.5036179450072358, 1.487698986975398, 1.536777197508337, 1.542138418319571, 2.290422312853572, 1.5393784751313886, 1.6806905106470953, 1.6719826338639652, 1.6855282199710564, 1.7839363241678727, 1.618849493487699, 1.7671999061289945, 1.7583212735166427, 2.478555453229838, 2.6211522665936564, 2.525325615050651], "adaptive_substitutions_per_codon": [0.0, 0.0, 0.0, 0.0, 0.0, 0.0, 0.0, 0.0, 0.0, 0.0, 0.0, 0.0, 0.000987147909259064, 0.001954169501921584, 0.0020214489031157457, 0.0010714867597588675, 0.0011136561850087693, 0.0019915469470294512, 0.0019704622344045007, 0.0020354664867660095, 0.0020425674414828753, 0.0030336719375544, 0.002038911887591243, 0.0022260801465524443, 0.0022145465349191593, 0.0022324877085709354, 0.0023628295684342687, 0.0021441715145532436, 0.0023406621273231714, 0.0023289023490286657, 0.003282854904940183, 0.003471724856415439, 0.003344802139139935], "rate_of_adaptation": 0.00010826260167388383}