{"virus": "mumps", "subtype": null, "gene": "L", "window": 5, "min_seqs": 3, "midfreq_high": 0.75, "midfreq_low": 0.15, "window_midpoint": [2008.5, 2009.5, 2010.5, 2011.5, 2012.5, 2013.5, 2014.5, 2015.5], "adaptive_substitutions": [0.0, 0.0, 0.0, 0.0, 0.4284454587893563, 0.0, 0.0, 0.0], "adaptive_substitutions_per_codon": [0.0, 0.0, 0.0, 0.0, 0.00018941001714825655, 0.0, 0.0, 0.0], "rate_of_adaptation": 2.2548811565268643e-06}