{"virus": "oc43", "subtype": "A", "gene": "S1", "window": 5, "min_seqs": 3, "midfreq_high": 0.75, "midfreq_low": 0.15, "window_midpoint": [1992.5, 1993.5, 1994.5, 1995.5, 1996.5, 1997.5, 1998.5, 1999.5, 2000.5, 2001.5, 2002.5, 2003.5, 2004.5, 2005.5, 2006.5, 2007.5, 2008.5, 2009.5, 2010.5, 2011.5, 2012.5, 2013.5, 2014.5, 2015.5, 2016.5, 2017.5, 2018.5], "adaptive_substitutions": [0.0, 0.0, 3.9762150982419855, 5.720268872802482, 5.771458117890383, 5.329960112276555, 5.476215098241986, 5.476215098241986, 6.9643226473629785, 8.76680455015512, 6.234229576008273, 8.77227064559019, 14.934332988624613, 19.720324156276625, 19.800612710181632, 20.902751566274585, 19.71711839542099, 20.435470527404345, 21.310479878545188, 21.907614545301062, 22.757807652533607, 23.74717740221842, 24.312929316449463, 31.91835941526199, 31.994748973298833, 30.973578339738374, 29.377311329585325], "adaptive_substitutions_per_codon": [0.0, 0.0, 0.005280498138435572, 0.007596638609299444, 0.0076646190144626595, 0.007078300281907776, 0.007272530010945533, 0.007272530010945533, 0.00924876845599333, 0.011642502722649562, 0.00827918934396849, 0.01164976181353279, 0.019833111538678106, 0.026189009503687417, 0.026295634409271757, 0.02775929822878431, 0.026184752185154037, 0.027138739080218254, 0.028300770091029465, 0.029093777616601677, 0.030222852128198682, 0.03153675617824491, 0.032288086741632756, 0.04238825951562017, 0.0424897064718444, 0.04113357017229532, 0.03901369366478795], "rate_of_adaptation": 0.0016584250277414754}