{"virus": "oc43", "subtype": "A", "gene": "RdRp", "window": 5, "min_seqs": 3, "midfreq_high": 0.75, "midfreq_low": 0.15, "window_midpoint": [1989.5, 1990.5, 1991.5, 1992.5, 1993.5, 1994.5, 1995.5, 1996.5, 1997.5, 1998.5, 1999.5, 2000.5, 2001.5, 2002.5, 2003.5, 2004.5, 2005.5, 2006.5, 2007.5, 2008.5, 2009.5, 2010.5, 2011.5, 2012.5, 2013.5, 2014.5, 2015.5, 2016.5, 2017.5, 2018.5], "adaptive_substitutions": [0.0, 0.0, 0.0, 0.0, 0.0, 0.0, 0.0, 0.0, 0.0, 0.0, 0.0, 0.0, 0.0, 0.0, 0.0, 0.0, 0.0, 0.0, 0.0, 0.6320467313228431, 0.7194252435639252, 0.7463669515049257, 0.7786970010341262, 0.7858396863952286, 0.8457725635630996, 0.8530265897918998, 0.8281210997396855, 0.8290186317985032, 0.8431575318855566, 0.8469493278179938], "adaptive_substitutions_per_codon": [0.0, 0.0, 0.0, 0.0, 0.0, 0.0, 0.0, 0.0, 0.0, 0.0, 0.0, 0.0, 0.0, 0.0, 0.0, 0.0, 0.0, 0.0, 0.0, 0.0006810848397875463, 0.000775242719357678, 0.0008042747322251355, 0.0008391131476660843, 0.0008468100068914101, 0.0009113928486671332, 0.0009192096872757541, 0.0008923718747194887, 0.0008933390428863181, 0.0009085749266008154, 0.0009126609135969761], "rate_of_adaptation": 4.0616698238665466e-05}