{"virus": "parainfluenza", "subtype": "1", "gene": "L", "window": 5, "min_seqs": 3, "midfreq_high": 0.75, "midfreq_low": 0.15, "window_midpoint": [1999.5, 2001.5, 2002.5, 2003.5, 2004.5, 2005.5, 2006.5, 2007.5, 2008.5, 2009.5, 2010.5, 2011.5, 2012.5, 2013.5, 2014.5, 2015.5, 2016.5], "adaptive_substitutions": [0.0, 1.115, 3.6, 3.2683333333333335, 3.2325, 3.3503333333333334, 3.310714285714286, 1.805, 1.7798, 1.7825862068965517, 1.770576923076923, 1.7709433962264152, 1.7395999999999998, 1.825, 1.815, 1.825, 7.829117647058823], "adaptive_substitutions_per_codon": [0.0, 0.0005013489208633093, 0.001618705035971223, 0.001469574340527578, 0.0014534622302158273, 0.0015064448441247003, 0.001488630524152107, 0.0008116007194244604, 0.0008002697841726619, 0.0008015225750434135, 0.0007961227172108467, 0.0007962874983032443, 0.0007821942446043165, 0.0008205935251798561, 0.0008160971223021582, 0.0008205935251798561, 0.0035202867118070244], "rate_of_adaptation": 4.0551303570147886e-05}