{"virus": "rotavirusAg1p8", "subtype": null, "gene": "P", "window": 5, "min_seqs": 3, "midfreq_high": 0.75, "midfreq_low": 0.15, "window_midpoint": [1996.5, 1997.5, 1998.5, 1999.5, 2000.5, 2001.5, 2002.5, 2003.5, 2004.5, 2005.5, 2006.5, 2007.5, 2008.5, 2009.5, 2010.5, 2011.5, 2012.5, 2013.5, 2014.5, 2015.5, 2016.5, 2017.5, 2018.5], "adaptive_substitutions": [0.0, 0.0, 0.0, 0.0, 0.0, 0.755509563948715, 0.9903334429100711, 0.9742876411123976, 1.76375300201047, 1.8720448665333993, 1.8233293751261124, 1.6556830648090877, 1.601223457263253, 1.579278171446263, 2.318936395691339, 1.6201284182295717, 2.391914887586576, 1.6683771193929837, 1.6829237178224739, 1.6847281293567826, 3.2409790597446166, 2.5730572707434707, 2.5691082869423174], "adaptive_substitutions_per_codon": [0.0, 0.0, 0.0, 0.0, 0.0, 0.0009723417811437774, 0.001274560415585677, 0.0012539094480211038, 0.0022699523835398583, 0.0024093241525526376, 0.002346627252414559, 0.002130866235275531, 0.002060776650274457, 0.0020325330391843797, 0.002984474125728879, 0.0020851073593688182, 0.003078397538721462, 0.00214720349986227, 0.0021659249907625146, 0.00216824727072945, 0.004171144221035543, 0.0033115280189748657, 0.0033064456717404344], "rate_of_adaptation": 0.0001581336103166578}