{"virus": "rsv", "subtype": "A", "gene": "L", "window": 5, "min_seqs": 3, "midfreq_high": 0.75, "midfreq_low": 0.15, "window_midpoint": [1979.5, 1980.5, 1981.5, 1982.5, 1983.5, 1984.5, 1985.5, 1986.5, 1987.5, 1988.5, 1989.5, 1990.5, 1991.5, 1992.5, 1993.5, 1994.5, 1995.5, 1996.5, 1997.5, 1998.5, 1999.5, 2000.5, 2001.5, 2002.5, 2003.5, 2004.5, 2005.5, 2006.5, 2007.5, 2008.5, 2009.5, 2010.5, 2011.5, 2012.5, 2013.5, 2014.5, 2015.5, 2016.5, 2017.5], "adaptive_substitutions": [0.0, 0.0, 0.0, 0.0, 0.0, 1.267336180630308, 1.3410732475221743, 1.1644180769516264, 0.0, 0.0, 0.0, 0.0, 0.620687699666058, 0.0, 0.0, 0.0, 0.0, 0.0, 0, 0, 0, 1.0343690193525052, 1.2760658559642035, 1.3457992663559557, 1.2679824006736342, 1.2696177891392066, 0, 0.6890907515722086, 7.770127048806216, 9.717559253152997, 10.164706110981395, 10.730268343935007, 12.633572241454846, 12.96886296381553, 13.143125143806547, 13.053151062491972, 13.298596410582766, 12.733657051465196, 12.827397446204085], "adaptive_substitutions_per_codon": [0.0, 0.0, 0.0, 0.0, 0.0, 0.0005851044231903546, 0.0006191473903611146, 0.0005375891398668635, 0.0, 0.0, 0.0, 0.0, 0.00028655941812837397, 0.0, 0.0, 0.0, 0.0, 0.0, 0.0, 0.0, 0.0, 0.00047754802370845117, 0.000589134744212467, 0.0006213293011800349, 0.0005854027703941063, 0.000586157797386522, 0.0, 0.0003181397745024047, 0.0035873162736870805, 0.00448640778077239, 0.004692846773306277, 0.004953955837458452, 0.005832674165029938, 0.005987471359102276, 0.006067924812468396, 0.00602638553208309, 0.006139702867305062, 0.005878881371867588, 0.005922159485782126], "rate_of_adaptation": 0.00017156366175709323}