{"virus": "vic", "subtype": null, "gene": "ha1", "window": 5, "min_seqs": 3, "midfreq_high": 0.75, "midfreq_low": 0.15, "window_midpoint": [1967.5, 1968.5, 1969.5, 1970.5, 1971.5, 1972.5, 1973.5, 1974.5, 1975.5, 1976.5, 1977.5, 1978.5, 1979.5, 1980.5, 1981.5, 1982.5, 1983.5, 1984.5, 1985.5, 1986.5, 1987.5, 1988.5, 1989.5, 1990.5, 1991.5, 1992.5, 1993.5, 1994.5, 1995.5, 1996.5, 1997.5, 1998.5, 1999.5, 2000.5, 2001.5, 2002.5, 2003.5, 2004.5, 2005.5, 2006.5, 2007.5, 2008.5, 2009.5, 2010.5, 2011.5, 2012.5, 2013.5, 2014.5, 2015.5, 2016.5, 2017.5, 2018.5, 2019.5, 2020.5], "adaptive_substitutions": [0.0, 0.0, 0.0, 0.0, 0.0, 2.6409364662970978, 2.8170642045054715, 3.1084126663823826, 2.873463281195023, 2.1758828365012466, 5.335316967103736, 4.6144389422738605, 4.6144389422738605, 4.6144389422738605, 11.036097355684651, 12.102341165742745, 12.541430595496546, 13.17703382198175, 12.612174304034948, 12.135478145687845, 12.145680288346945, 12.15373624184565, 11.777073016763488, 11.712766180021347, 12.700831748284116, 12.495902083186728, 17.422781402618625, 17.481516595356027, 17.844826950888603, 20.997534080520055, 21.415548313143034, 21.601070508134278, 22.216473980882697, 21.57797486815842, 20.60249689523632, 19.629056719454415, 19.628544753911648, 20.131676227055976, 20.033466338030035, 19.560022355180088, 18.6549268819263, 16.596506991571623, 16.531443744156107, 16.319716188759294, 16.663080859714558, 16.75669509760985, 17.379673170436583, 17.545014272830265, 17.005733469544985, 19.863072488920672, 20.533234861882434, 20.622543885158514, 20.54263604514697, 19.664831267984983], "adaptive_substitutions_per_codon": [0.0, 0.0, 0.0, 0.0, 0.0, 0.00763276435345982, 0.008141804059264368, 0.008983851636943303, 0.00830480717108388, 0.006288678718211696, 0.015419991234403862, 0.013336528734895551, 0.013336528734895551, 0.013336528734895551, 0.031896235132036564, 0.03497786464087498, 0.03624690923553915, 0.03808391278029408, 0.03645137082091025, 0.03507363625921343, 0.03510312222065591, 0.03512640532325332, 0.03403778328544361, 0.03385192537578424, 0.03670760620891363, 0.03611532393984603, 0.05035485954514053, 0.050524614437445166, 0.051574644366730066, 0.06068651468358397, 0.061894648303881604, 0.062430839618885195, 0.06420946237249334, 0.0623640892143307, 0.05954478871455584, 0.05673137780189137, 0.05672989813269262, 0.05818403533831207, 0.0579001917284105, 0.05653185651786152, 0.05391597364718584, 0.04796678321263475, 0.04777873914495984, 0.047166809794102, 0.04815919323616924, 0.04842975461736951, 0.050230269278718445, 0.05070813373650366, 0.049149518698106895, 0.057407723956418126, 0.05934460942740588, 0.05960272799178761, 0.05937178047730338, 0.05683477245082365], "rate_of_adaptation": 0.0011663872204081876}