{"virus": "vic", "subtype": null, "gene": "NA", "window": 5, "min_seqs": 3, "midfreq_high": 0.75, "midfreq_low": 0.15, "window_midpoint": [1971.5, 1984.5, 1985.5, 1986.5, 1987.5, 1988.5, 1989.5, 1990.5, 1991.5, 1992.5, 1993.5, 1994.5, 1995.5, 1996.5, 1997.5, 1998.5, 1999.5, 2000.5, 2001.5, 2002.5, 2003.5, 2004.5, 2005.5, 2006.5, 2007.5, 2008.5, 2009.5, 2010.5, 2011.5, 2012.5, 2013.5, 2014.5, 2015.5, 2016.5, 2017.5, 2018.5, 2019.5, 2020.5], "adaptive_substitutions": [0.0, 3.761345444065636, 2.836714725110282, 2.103043252599254, 2.776413366658426, 2.060331026532552, 2.060331026532552, 2.060331026532552, 2.7889749134992003, 3.640750144182099, 3.5276739715546084, 1.562852236324915, 1.4860422639703472, 3.8693940311487474, 5.269055634719884, 6.168412990206446, 4.791510957331912, 2.645755478665956, 2.452755054967853, 2.4565095497867167, 9.327067016160788, 11.544055947325116, 11.860630952702298, 11.438536834085626, 10.883609330909817, 10.728170164864904, 10.684825956718775, 11.290123094427987, 12.875512700415094, 13.052601264382352, 14.653987246476536, 15.280789785128551, 15.619721324974257, 17.578711961753203, 18.00550722609521, 18.007586327412703, 17.993787225841714, 17.937134051550217], "adaptive_substitutions_per_codon": [0.0, 0.00805427289949815, 0.006074335599807885, 0.004503304609420244, 0.005945210635242882, 0.004411843739898398, 0.004411843739898398, 0.004411843739898398, 0.005972109022482228, 0.007796038852638327, 0.007553905720673679, 0.0033465786645073127, 0.003182103348972906, 0.008285640323658987, 0.011282774378415168, 0.013208593126780398, 0.01026019476944735, 0.005665429290505259, 0.005252152151965424, 0.005260191755431942, 0.01997230624445565, 0.02471960588292316, 0.02539749668672869, 0.024493654890975644, 0.023305373299592754, 0.022972527119625063, 0.02287971296941922, 0.02417585245059526, 0.027570691007312836, 0.0279498956410757, 0.03137898767982127, 0.03272117727008255, 0.033446940738702906, 0.03764178150268352, 0.03855568999163857, 0.03856014202872099, 0.03853059363135271, 0.038409280624304536], "rate_of_adaptation": 0.000991194364276576}