{"virus": "vic", "subtype": null, "gene": "ha1", "window": 5, "min_seqs": 3, "midfreq_high": 0.75, "midfreq_low": 0.15, "window_midpoint": [1971.5, 1972.5, 1973.5, 1974.5, 1975.5, 1976.5, 1977.5, 1978.5, 1979.5, 1980.5, 1981.5, 1982.5, 1983.5, 1984.5, 1985.5, 1986.5, 1987.5, 1988.5, 1989.5, 1990.5, 1991.5, 1992.5, 1993.5, 1994.5, 1995.5, 1996.5, 1997.5, 1998.5, 1999.5, 2000.5, 2001.5, 2002.5, 2003.5, 2004.5, 2005.5, 2006.5, 2007.5, 2008.5, 2009.5, 2010.5, 2011.5, 2012.5, 2013.5, 2014.5, 2015.5, 2016.5, 2017.5, 2018.5, 2019.5], "adaptive_substitutions": [0.0, 0.0, 0.0, 0.0, 0.0, 2.8723161661521193, 2.8865032588018833, 2.8865032588018833, 3.0, 3.0, 4.0, 4.0, 6.78529329216952, 6.877319362584588, 8.206656800959355, 7.5678317495957135, 8.263822621386472, 8.089131349985967, 4.8161352792590515, 5.5900212535772456, 7.634390996084091, 8.597543347461299, 10.764883875947234, 7.745198074864087, 7.140349372667644, 8.929412016347184, 9.818511687582696, 14.59864391074046, 16.495680985870617, 17.6873420379111, 17.279673848464192, 16.937067640314304, 17.585866603098186, 18.6489027600989, 18.661978936957887, 19.25058627714202, 19.208537142575175, 18.095524892032394, 17.60035190952618, 16.996185572165352, 16.510961919194962, 16.9916799222883, 17.922439956740586, 17.905985452865117, 18.424102305717486, 20.347430402426976, 21.64919036412039, 21.81371222715405, 21.816002493381475], "adaptive_substitutions_per_codon": [0.0, 0.0, 0.0, 0.0, 0.0, 0.008301491809688206, 0.0083424949676355, 0.0083424949676355, 0.008670520231213872, 0.008670520231213872, 0.011560693641618497, 0.011560693641618497, 0.0196106742548252, 0.019876645556602856, 0.023718661274449, 0.02187234609709744, 0.023883880408631424, 0.023378992340999907, 0.01391946612502616, 0.01615613079068568, 0.022064713861514713, 0.02484839117763381, 0.031112381144356167, 0.02238496553428927, 0.020636847897883365, 0.025807549180194175, 0.02837720140919854, 0.04219261245878746, 0.047675378571880395, 0.051119485658702606, 0.049941253897295354, 0.048951062544260994, 0.05082620405519707, 0.053898562890459245, 0.05393635530912684, 0.055637532592896013, 0.05551600330224039, 0.052299204890267036, 0.05086806910267682, 0.04912192361897501, 0.047719543119060584, 0.049108901509503755, 0.051798959412545045, 0.05175140304296277, 0.05324885059455921, 0.058807602319153114, 0.06256991434716876, 0.06304541106113887, 0.06305203032769212], "rate_of_adaptation": 0.0013882230192600292}