{"virus": "vic", "subtype": null, "gene": "ha2", "window": 5, "min_seqs": 3, "midfreq_high": 0.75, "midfreq_low": 0.15, "window_midpoint": [1967.5, 1968.5, 1969.5, 1970.5, 1971.5, 1972.5, 1973.5, 1974.5, 1975.5, 1976.5, 1977.5, 1978.5, 1979.5, 1980.5, 1981.5, 1982.5, 1983.5, 1984.5, 1985.5, 1986.5, 1987.5, 1988.5, 1989.5, 1990.5, 1991.5, 1992.5, 1993.5, 1994.5, 1995.5, 1996.5, 1997.5, 1998.5, 1999.5, 2000.5, 2001.5, 2002.5, 2003.5, 2004.5, 2005.5, 2006.5, 2007.5, 2008.5, 2009.5, 2010.5, 2011.5, 2012.5, 2013.5, 2014.5, 2015.5, 2016.5, 2017.5, 2018.5, 2019.5, 2020.5], "adaptive_substitutions": [0.0, 0.0, 0.0, 0.0, 0.0, 0.0, 0.0, 0.0, 0.0, 0.0, 0.0, 0.0, 0.0, 0.0, 0.0, 0.0, 0.0, 0.0, 0.0, 0.0, 0.0, 0.0, 0.0, 0.0, 0.0, 1.0, 1.0, 0.8333333333333334, 0.8888888888888888, 0.9, 1.625, 1.7142857142857142, 2.0, 2.7857142857142856, 2.875, 2.909090909090909, 2.928571428571429, 3.0, 3.0185185185185186, 3.0133333333333336, 3.0103092783505154, 3.007751937984496, 3.0, 2.5, 2.5186696503005574, 2.54581589958159, 2.558578431372549, 2.5584853991570125, 2.386741830873664, 2.3726053639846745, 2.358247422680412, 2.3475355054302423, 2.345549738219895, 2.5083798882681565], "adaptive_substitutions_per_codon": [0.0, 0.0, 0.0, 0.0, 0.0, 0.0, 0.0, 0.0, 0.0, 0.0, 0.0, 0.0, 0.0, 0.0, 0.0, 0.0, 0.0, 0.0, 0.0, 0.0, 0.0, 0.0, 0.0, 0.0, 0.0, 0.0044444444444444444, 0.0044444444444444444, 0.003703703703703704, 0.003950617283950617, 0.004, 0.007222222222222222, 0.007619047619047619, 0.008888888888888889, 0.01238095238095238, 0.012777777777777779, 0.01292929292929293, 0.013015873015873017, 0.013333333333333334, 0.013415637860082305, 0.013392592592592595, 0.013379152348224514, 0.013367786391042205, 0.013333333333333334, 0.011111111111111112, 0.011194087334669145, 0.011314737331473732, 0.011371459694989107, 0.01137104621847561, 0.010607741470549617, 0.010544912728820775, 0.010481099656357386, 0.010433491135245521, 0.010424665503199534, 0.011148355058969585], "rate_of_adaptation": 0.00031575544822089305}