{"virus": "vic", "subtype": null, "gene": "pb1", "window": 5, "min_seqs": 3, "midfreq_high": 0.75, "midfreq_low": 0.15, "window_midpoint": [1971.5, 1984.5, 1985.5, 1986.5, 1987.5, 1988.5, 1989.5, 1990.5, 1991.5, 1992.5, 1993.5, 1994.5, 1995.5, 1996.5, 1997.5, 1998.5, 1999.5, 2000.5, 2001.5, 2002.5, 2003.5, 2004.5, 2005.5, 2006.5, 2007.5, 2008.5, 2009.5, 2010.5, 2011.5, 2012.5, 2013.5, 2014.5, 2015.5, 2016.5, 2017.5, 2018.5, 2019.5], "adaptive_substitutions": [0.0, 0.7423519506034241, 0.7423519506034241, 0.7423519506034241, 0.7957058658433904, 0.744632332304238, 0.0, 0.0, 0.7957058658433904, 1.3018804378332867, 0.7852932921695202, 1.3152189166432782, 1.4684395172607354, 1.284489577220422, 1.2537328094302553, 1.2159977547010947, 1.2285761062774814, 1.2097502104967726, 1.7525353166806998, 1.7922591761000408, 1.7870023254881524, 1.8951311981522292, 1.8944871435048252, 1.8846653101319115, 1.873057688873013, 2.173379174852652, 1.8602114323135934, 3.346078851352349, 3.4814729428117026, 3.563745439236598, 4.3291847448503065, 4.539824512164497, 4.5177387054501255, 4.524423187502995, 4.506363350841319, 4.463378187908079, 4.474847161039183], "adaptive_substitutions_per_codon": [0.0, 0.0009858591641479736, 0.0009858591641479736, 0.0009858591641479736, 0.0010567142972687789, 0.00098888755950098, 0.0, 0.0, 0.0010567142972687789, 0.0017289248842407526, 0.0010428861781799736, 0.0017466386675209537, 0.00195011888082435, 0.0017058294518199494, 0.0016649838106643498, 0.0016148708561767526, 0.0016315751743392847, 0.0016065739847234695, 0.0023274041390181936, 0.0023801582683931487, 0.002373177059081212, 0.002516774499538153, 0.0025159191812813082, 0.002502875577864424, 0.0024874604101899245, 0.0028862937249039206, 0.0024704003085173885, 0.004443663813216931, 0.004623470043574638, 0.004732729666980874, 0.005749249329150473, 0.006028983415889106, 0.005999652995285691, 0.006008530129486049, 0.005984546282657794, 0.005927461072919095, 0.005942692112933842], "rate_of_adaptation": 0.00015221731366235565}