{"virus": "sars2", "subtype": null, "gene": "RdRp", "window": 0.3, "min_seqs": 2, "midfreq_high": 0.75, "midfreq_low": 0.15, "window_midpoint": [2020.1335616438355, 2020.2335616438354, 2020.3335616438353, 2020.4335616438352, 2020.5335616438351, 2020.633561643835, 2020.733561643835, 2020.8335616438349, 2020.9335616438348, 2021.0335616438347, 2021.1335616438346, 2021.2335616438345, 2021.3335616438344, 2021.4335616438343, 2021.5335616438342, 2021.6335616438341], "adaptive_substitutions": [0.0, 0.0, 0.0, 0.0, 0.0, 0.0, 0.0, 0.0, 0.0, 0.0, 0.0, 0.0, 0.0, 0.0, 0.0, 0.8193646539628497], "adaptive_substitutions_per_codon": [0.0, 0.0, 0.0, 0.0, 0.0, 0.0, 0.0, 0.0, 0.0, 0.0, 0.0, 0.0, 0.0, 0.0, 0.0, 0.0002930488748078862], "rate_of_adaptation": 6.464313414885721e-05}