{"virus": "229e", "subtype": null, "gene": "spike", "loci_len": 66, "loci_offset": 9, "location": [1206, 1272], "window": 3, "min_seqs": 2, "midfreq_high": 0.75, "midfreq_low": 0.15, "window_midpoint": [1992.5, 1993.5, 1994.5, 2004.5, 2005.5, 2006.5, 2007.5, 2008.5, 2009.5, 2010.5, 2011.5, 2012.5, 2014.5, 2015.5, 2016.5, 2017.5], "adaptive_substitutions": [0.0, 0.0, 0.0, 1.0, 1.0, 2.4214285714285717, 3.0, 2.807142857142857, 2.849068322981367, 2.861142857142857, 3.0, 3.0, 2.5, 2.7685714285714282, 2.7685714285714282, 2.732967032967033], "adaptive_substitutions_per_codon": [0.0, 0.0, 0.0, 0.015151515151515152, 0.015151515151515152, 0.036688311688311694, 0.045454545454545456, 0.04253246753246753, 0.043167701863354044, 0.043350649350649355, 0.045454545454545456, 0.045454545454545456, 0.03787878787878788, 0.04194805194805194, 0.04194805194805194, 0.04140859140859141], "rate_of_adaptation": 0.0020116165260498716}