{"virus": "229e", "subtype": null, "gene": "spike", "loci_len": 66, "loci_offset": 9, "location": [945, 1011], "window": 3, "min_seqs": 2, "midfreq_high": 0.75, "midfreq_low": 0.15, "window_midpoint": [1992.5, 1993.5, 1994.5, 2004.5, 2005.5, 2006.5, 2007.5, 2008.5, 2009.5, 2010.5, 2011.5, 2012.5, 2014.5, 2015.5, 2016.5, 2017.5], "adaptive_substitutions": [0.0, 0.0, 0.0, 0.0, 0.0, 0.0, 0.7685714285714286, 0.0, 0.0, 0.0, 0.0, 1.5371428571428571, 2.0, 1.8457142857142856, 1.8457142857142856, 1.8219780219780222], "adaptive_substitutions_per_codon": [0.0, 0.0, 0.0, 0.0, 0.0, 0.0, 0.011645021645021646, 0.0, 0.0, 0.0, 0.0, 0.02329004329004329, 0.030303030303030304, 0.027965367965367964, 0.027965367965367964, 0.027605727605727607], "rate_of_adaptation": 0.001123622011009694}