{"virus": "229e", "subtype": null, "gene": "spike", "loci_len": 66, "loci_offset": 9, "location": [927, 993], "window": 3, "min_seqs": 2, "midfreq_high": 0.75, "midfreq_low": 0.15, "window_midpoint": [1992.5, 1993.5, 1994.5, 2004.5, 2005.5, 2006.5, 2007.5, 2008.5, 2009.5, 2010.5, 2011.5, 2012.5, 2014.5, 2015.5, 2016.5, 2017.5], "adaptive_substitutions": [0.0, 0.0, 0.0, 3.0, 3.0, 3.0, 3.7685714285714287, 3.0, 3.0, 3.0, 3.0, 4.537142857142857, 6.0, 6.537142857142857, 6.537142857142857, 6.554945054945056], "adaptive_substitutions_per_codon": [0.0, 0.0, 0.0, 0.045454545454545456, 0.045454545454545456, 0.045454545454545456, 0.0570995670995671, 0.045454545454545456, 0.045454545454545456, 0.045454545454545456, 0.045454545454545456, 0.06874458874458875, 0.09090909090909091, 0.09904761904761905, 0.09904761904761905, 0.09931734931734933], "rate_of_adaptation": 0.003973887112865272}