{"virus": "229e", "subtype": null, "gene": "spike", "loci_len": 66, "loci_offset": 9, "location": [1062, 1128], "window": 3, "min_seqs": 2, "midfreq_high": 0.75, "midfreq_low": 0.15, "window_midpoint": [1992.5, 1993.5, 1994.5, 2004.5, 2005.5, 2006.5, 2007.5, 2008.5, 2009.5, 2010.5, 2011.5, 2012.5, 2014.5, 2015.5, 2016.5, 2017.5], "adaptive_substitutions": [0.0, 0.0, 0.0, 1.0, 1.0, 1.0, 1.0, 1.0, 1.0, 1.0, 2.0, 2.7685714285714287, 3.0, 2.8457142857142856, 2.8457142857142856, 2.821978021978022], "adaptive_substitutions_per_codon": [0.0, 0.0, 0.0, 0.015151515151515152, 0.015151515151515152, 0.015151515151515152, 0.015151515151515152, 0.015151515151515152, 0.015151515151515152, 0.015151515151515152, 0.030303030303030304, 0.04194805194805195, 0.045454545454545456, 0.043116883116883116, 0.043116883116883116, 0.04275724275724276], "rate_of_adaptation": 0.0018759323796380268}