{"virus": "nl63", "subtype": null, "gene": "spike", "loci_len": 66, "loci_offset": 9, "location": [72, 138], "window": 3, "min_seqs": 2, "midfreq_high": 0.75, "midfreq_low": 0.15, "window_midpoint": [1988.5, 1989.5, 1990.5, 1991.5, 2000.5, 2001.5, 2002.5, 2003.5, 2004.5, 2005.5, 2006.5, 2007.5, 2008.5, 2009.5, 2010.5, 2011.5, 2012.5, 2013.5, 2014.5, 2015.5, 2016.5, 2017.5], "adaptive_substitutions": [0.0, 0.0, 0.0, 0.0, 0.0, 0.0, 0.0, 1.0, 0.7894722851693592, 0.7894722851693592, 0.8337939093442309, 0.9084662109431996, 0.736840356461699, 0.7783918791256412, 0.0, 0.7940489746221993, 0.0, 0.0, 0.0, 0.7017457585443817, 0.7811553351910268, 0.0], "adaptive_substitutions_per_codon": [0.0, 0.0, 0.0, 0.0, 0.0, 0.0, 0.0, 0.015151515151515152, 0.011961701290444837, 0.011961701290444837, 0.012633241050670166, 0.013764639559745448, 0.011164247825177257, 0.011793816350388503, 0.0, 0.012031045070033322, 0.0, 0.0, 0.0, 0.010632511493096693, 0.011835686896833739, 0.0], "rate_of_adaptation": 0.00022842153762857545}