{"virus": "nl63", "subtype": null, "gene": "spike", "loci_len": 66, "loci_offset": 9, "location": [1656, 1722], "window": 3, "min_seqs": 2, "midfreq_high": 0.75, "midfreq_low": 0.15, "window_midpoint": [1988.5, 1989.5, 1990.5, 1991.5, 2000.5, 2001.5, 2002.5, 2003.5, 2004.5, 2005.5, 2006.5, 2007.5, 2008.5, 2009.5, 2010.5, 2011.5, 2012.5, 2013.5, 2014.5, 2015.5, 2016.5, 2017.5], "adaptive_substitutions": [0.0, 0.0, 0.0, 0.0, 0.0, 0.0, 0.0, 0.0, 0.0, 0.0, 0.0, 0.9542331054715999, 0.9671050445577124, 0.9818510590663241, 0.5, 1.0, 0.9578944570338718, 0.7822127087958889, 0.0, 0.0, 0.0, 0.7523203354933636], "adaptive_substitutions_per_codon": [0.0, 0.0, 0.0, 0.0, 0.0, 0.0, 0.0, 0.0, 0.0, 0.0, 0.0, 0.014458077355630301, 0.014653106735722916, 0.014876531197974607, 0.007575757575757576, 0.015151515151515152, 0.014513552379301088, 0.01185170770902862, 0.0, 0.0, 0.0, 0.01139879296202066], "rate_of_adaptation": 0.0003528608702447825}