{"virus": "nl63", "subtype": null, "gene": "spike", "loci_len": 66, "loci_offset": 9, "location": [1044, 1110], "window": 3, "min_seqs": 2, "midfreq_high": 0.75, "midfreq_low": 0.15, "window_midpoint": [1988.5, 1989.5, 1990.5, 1991.5, 2000.5, 2001.5, 2002.5, 2003.5, 2004.5, 2005.5, 2006.5, 2007.5, 2008.5, 2009.5, 2010.5, 2011.5, 2012.5, 2013.5, 2014.5, 2015.5, 2016.5, 2017.5], "adaptive_substitutions": [0.0, 0.0, 0.0, 0.0, 0.0, 0.0, 0.0, 0.0, 0.0, 0.0, 0.0, 0.7894457033871836, 0.7894457033871836, 0.7894457033871836, 0.8420842775403877, 0.8420842775403877, 0.8420842775403877, 0.8420842775403877, 0.634645913070536, 0.0, 0.0, 0.6563245291604105], "adaptive_substitutions_per_codon": [0.0, 0.0, 0.0, 0.0, 0.0, 0.0, 0.0, 0.0, 0.0, 0.0, 0.0, 0.011961298536169448, 0.011961298536169448, 0.011961298536169448, 0.012758852690005875, 0.012758852690005875, 0.012758852690005875, 0.012758852690005875, 0.009615847167735394, 0.0, 0.0, 0.009944311047885008], "rate_of_adaptation": 0.0003832637099130602}