{"virus": "nl63", "subtype": null, "gene": "spike", "loci_len": 66, "loci_offset": 9, "location": [1071, 1137], "window": 3, "min_seqs": 2, "midfreq_high": 0.75, "midfreq_low": 0.15, "window_midpoint": [1988.5, 1989.5, 1990.5, 1991.5, 2000.5, 2001.5, 2002.5, 2003.5, 2004.5, 2005.5, 2006.5, 2007.5, 2008.5, 2009.5, 2010.5, 2011.5, 2012.5, 2013.5, 2014.5, 2015.5, 2016.5, 2017.5], "adaptive_substitutions": [0.0, 0.0, 0.0, 0.0, 0.0, 0.0, 0.0, 0.0, 0.0, 0.0, 0.0, 0.8420842775403877, 0.8420842775403877, 0.8420842775403877, 0.8947228516935918, 0.8947228516935918, 0.8947228516935918, 0.8947228516935918, 0.68728448722374, 0.0, 0.0, 0.7089631033136146], "adaptive_substitutions_per_codon": [0.0, 0.0, 0.0, 0.0, 0.0, 0.0, 0.0, 0.0, 0.0, 0.0, 0.0, 0.012758852690005875, 0.012758852690005875, 0.012758852690005875, 0.0135564068438423, 0.0135564068438423, 0.0135564068438423, 0.0135564068438423, 0.010413401321571819, 0.0, 0.0, 0.010741865201721433], "rate_of_adaptation": 0.00040979750197916146}