{"virus": "nl63", "subtype": null, "gene": "spike", "loci_len": 66, "loci_offset": 9, "location": [1098, 1164], "window": 3, "min_seqs": 2, "midfreq_high": 0.75, "midfreq_low": 0.15, "window_midpoint": [1988.5, 1989.5, 1990.5, 1991.5, 2000.5, 2001.5, 2002.5, 2003.5, 2004.5, 2005.5, 2006.5, 2007.5, 2008.5, 2009.5, 2010.5, 2011.5, 2012.5, 2013.5, 2014.5, 2015.5, 2016.5, 2017.5], "adaptive_substitutions": [0.0, 0.0, 0.0, 0.0, 0.0, 0.0, 0.0, 0.0, 0.0, 0.0, 0.0, 0.8947228516935918, 0.8947228516935918, 0.8947228516935918, 0.947361425846796, 0.947361425846796, 0.947361425846796, 0.947361425846796, 0.7399230613769441, 0.0, 0.0, 0.7616016774668186], "adaptive_substitutions_per_codon": [0.0, 0.0, 0.0, 0.0, 0.0, 0.0, 0.0, 0.0, 0.0, 0.0, 0.0, 0.0135564068438423, 0.0135564068438423, 0.0135564068438423, 0.014353960997678727, 0.014353960997678727, 0.014353960997678727, 0.014353960997678727, 0.011210955475408244, 0.0, 0.0, 0.011539419355557858], "rate_of_adaptation": 0.0004363312940452628}