{"virus": "oc43", "subtype": "a", "gene": "spike", "loci_len": 66, "loci_offset": 9, "location": [723, 789], "window": 3, "min_seqs": 2, "midfreq_high": 0.75, "midfreq_low": 0.15, "window_midpoint": [1991.5, 1992.5, 1995.5, 1996.5, 1997.5, 1998.5, 1999.5, 2000.5, 2001.5, 2002.5, 2003.5, 2004.5, 2005.5, 2006.5, 2007.5, 2008.5, 2009.5, 2010.5, 2011.5, 2012.5, 2013.5, 2014.5, 2015.5, 2016.5, 2017.5], "adaptive_substitutions": [0.0, 0.0, 0.0, 0.0, 0.0, 0.0, 0.0, 0.0, 0.0, 0.0, 0.7433004231311706, 1.0, 1.0, 1.0, 0.9698000497801377, 0.9522419391871946, 0.8675098958096364, 0.0, 0.0, 0.0, 0.0, 2.8378739514512654, 2.5, 2.976839135921609, 3.8683591913493185], "adaptive_substitutions_per_codon": [0.0, 0.0, 0.0, 0.0, 0.0, 0.0, 0.0, 0.0, 0.0, 0.0, 0.011262127623199555, 0.015151515151515152, 0.015151515151515152, 0.015151515151515152, 0.014693940148183903, 0.014427908169502948, 0.013144089330449037, 0.0, 0.0, 0.0, 0.0, 0.04299809017350402, 0.03787878787878788, 0.04510362327153953, 0.0586115028992321], "rate_of_adaptation": 0.0015102219774748742}