{"virus": "rsv", "subtype": "B", "gene": "g", "loci_len": 66, "loci_offset": 9, "location": [5400, 5466], "window": 3, "min_seqs": 2, "midfreq_high": 0.75, "midfreq_low": 0.15, "window_midpoint": [1977.5, 1978.5, 1979.5, 1980.5, 1981.5, 1982.5, 1983.5, 1984.5, 1985.5, 1986.5, 1987.5, 1988.5, 1989.5, 1990.5, 1991.5, 1992.5, 1993.5, 1994.5, 1995.5, 1996.5, 1997.5, 1998.5, 2001.5, 2002.5, 2003.5, 2004.5, 2005.5, 2006.5, 2007.5, 2008.5, 2009.5, 2010.5, 2011.5, 2012.5, 2013.5, 2014.5, 2015.5, 2016.5, 2017.5, 2018.5], "adaptive_substitutions": [0.0, 0.0, 0.0, 0.0, 0.0, 0.0, 0.0, 1.356430879219083, 1.4378909740840036, 0.7296349762837698, 0.0, 0.0, 0.0, 0.6481748814188493, 0.0, 0.0, 0.0, 0.0, 0.0, 0.7837079810270159, 0.7296349762837698, 0.9185399051350793, 0.8455057007335827, 0.879837767237231, 0.9016854459213708, 0.9185399051350793, 0.9185399051350793, 0.9185399051350793, 0.9681923501510318, 0.9869703603028323, 0.9907567513259409, 0.9185399051350793, 0.9098184527571365, 0.9086182528886123, 0.9091359043101671, 0.9138582597027638, 0.8889108614401501, 1.5396782841823056, 1.6560628845202363, 1.7187951123943082], "adaptive_substitutions_per_codon": [0.0, 0.0, 0.0, 0.0, 0.0, 0.0, 0.0, 0.020551983018470953, 0.02178622688006066, 0.011055075398238938, 0.0, 0.0, 0.0, 0.00982083153664923, 0.0, 0.0, 0.0, 0.0, 0.0, 0.01187436334889418, 0.011055075398238938, 0.013917271289925445, 0.012810692435357313, 0.013330875261170166, 0.013661900695778346, 0.013917271289925445, 0.013917271289925445, 0.013917271289925445, 0.014669581062894422, 0.01495409636822473, 0.015011465929180923, 0.013917271289925445, 0.013785128072077825, 0.013766943225585035, 0.013774786428941926, 0.013846337268223693, 0.01346834638545682, 0.023328458851247055, 0.025091861886670248, 0.026042350187792548], "rate_of_adaptation": 0.0004748093861904341}