{"virus": "rsv", "subtype": "A", "gene": "g", "loci_len": 66, "loci_offset": 9, "location": [4923, 4989], "window": 3, "min_seqs": 2, "midfreq_high": 0.75, "midfreq_low": 0.15, "window_midpoint": [1978.5, 1979.5, 1980.5, 1981.5, 1982.5, 1983.5, 1984.5, 1985.5, 1986.5, 1987.5, 1988.5, 1989.5, 1990.5, 1991.5, 1992.5, 1993.5, 1994.5, 1995.5, 1996.5, 1997.5, 1998.5, 1999.5, 2000.5, 2001.5, 2002.5, 2003.5, 2004.5, 2005.5, 2006.5, 2007.5, 2008.5, 2009.5, 2010.5, 2011.5, 2012.5, 2013.5, 2014.5, 2015.5, 2016.5, 2017.5, 2018.5], "adaptive_substitutions": [0.0, 0.0, 0.0, 0.0, 0.0, 0.0, 0.0, 0.0, 0.0, 0.0, 0.0, 0.0, 0.0, 0.804359468723222, 0.8588974578691803, 0.0, 0.0, 0.0, 0.0, 0.0, 0.0, 0.0, 0.8169451585261354, 0.883020029991431, 0.8889873829152262, 0.9428020565552698, 0.8672879177377892, 0.0, 0.0, 0.0, 0.0, 0.0, 0.0, 0.0, 0.0, 0.0, 0.0, 0.0, 0.0, 0.0, 0.0], "adaptive_substitutions_per_codon": [0.0, 0.0, 0.0, 0.0, 0.0, 0.0, 0.0, 0.0, 0.0, 0.0, 0.0, 0.0, 0.0, 0.012187264677624574, 0.01301359784650273, 0.0, 0.0, 0.0, 0.0, 0.0, 0.0, 0.0, 0.012377956947365687, 0.013379091363506531, 0.013469505801745852, 0.014284879644776816, 0.01314072602633014, 0.0, 0.0, 0.0, 0.0, 0.0, 0.0, 0.0, 0.0, 0.0, 0.0, 0.0, 0.0, 0.0, 0.0], "rate_of_adaptation": 1.8405492291238825e-05}