{"virus": "rsv", "subtype": "A", "gene": "g", "loci_len": 66, "loci_offset": 9, "location": [5022, 5088], "window": 3, "min_seqs": 2, "midfreq_high": 0.75, "midfreq_low": 0.15, "window_midpoint": [1978.5, 1979.5, 1980.5, 1981.5, 1982.5, 1983.5, 1984.5, 1985.5, 1986.5, 1987.5, 1988.5, 1989.5, 1990.5, 1991.5, 1992.5, 1993.5, 1994.5, 1995.5, 1996.5, 1997.5, 1998.5, 1999.5, 2000.5, 2001.5, 2002.5, 2003.5, 2004.5, 2005.5, 2006.5, 2007.5, 2008.5, 2009.5, 2010.5, 2011.5, 2012.5, 2013.5, 2014.5, 2015.5, 2016.5, 2017.5, 2018.5], "adaptive_substitutions": [0.0, 0.0, 0.0, 0.0, 0.0, 0.0, 0.0, 0.0, 0.0, 0.0, 0.0, 0.0, 0.0, 1.6785025706940875, 1.926021136818052, 0.0, 0.0, 0.0, 0.0, 0.0, 0.0, 0.0, 0.8169451585261354, 0.883020029991431, 0.8889873829152262, 0.9428020565552698, 0.8672879177377892, 0.0, 0.8192824028299607, 0.8408549938112919, 1.743022607155386, 1.8266121573823464, 1.892191016184962, 1.8969441203049737, 1.878532554960408, 1.8732008246091179, 1.8806319887439567, 1.4544942046633293, 1.4425133191758877, 1.9405234867959804, 1.9425133191758874], "adaptive_substitutions_per_codon": [0.0, 0.0, 0.0, 0.0, 0.0, 0.0, 0.0, 0.0, 0.0, 0.0, 0.0, 0.0, 0.0, 0.0254318571317286, 0.02918213843663715, 0.0, 0.0, 0.0, 0.0, 0.0, 0.0, 0.0, 0.012377956947365687, 0.013379091363506531, 0.013469505801745852, 0.014284879644776816, 0.01314072602633014, 0.0, 0.012413369739847888, 0.012740227178958969, 0.026409433441748273, 0.0276759417785204, 0.0286695608512873, 0.02874157758037839, 0.02846261446909709, 0.028381830675895725, 0.028494424071878133, 0.022037790979747413, 0.021856262411755874, 0.02940187101206031, 0.029432019987513446], "rate_of_adaptation": 0.000803404884530616}