{"virus": "rsv", "subtype": "B", "gene": "g", "loci_len": 66, "loci_offset": 9, "location": [5112, 5178], "window": 3, "min_seqs": 2, "midfreq_high": 0.75, "midfreq_low": 0.15, "window_midpoint": [1977.5, 1978.5, 1979.5, 1980.5, 1981.5, 1982.5, 1983.5, 1984.5, 1985.5, 1986.5, 1987.5, 1988.5, 1989.5, 1990.5, 1991.5, 1992.5, 1993.5, 1994.5, 1995.5, 1996.5, 1997.5, 1998.5, 2001.5, 2002.5, 2003.5, 2004.5, 2005.5, 2006.5, 2007.5, 2008.5, 2009.5, 2010.5, 2011.5, 2012.5, 2013.5, 2014.5, 2015.5, 2016.5, 2017.5, 2018.5], "adaptive_substitutions": [0.0, 0.0, 0.0, 0.0, 0.0, 0.0, 0.0, 1.4378909740840036, 1.5580532068467723, 0.7833573932769643, 0.0, 1.783707981027016, 2.0, 2.0, 1.7830068055269126, 1.9508427229606855, 1.9399188836186156, 2.0, 2.0, 2.0, 2.0, 2.0, 2.8455057007335824, 2.879837767237231, 2.9016854459213706, 2.9363847003020633, 2.945926995256754, 2.9639513301711693, 3.0, 4.72963497628377, 4.355805320684677, 4.0, 4.22963497628377, 2.9950391738767665, 2.9905959991750874, 2.9906367091353685, 2.992592739076268, 3.0, 3.0, 2.995775546504434], "adaptive_substitutions_per_codon": [0.0, 0.0, 0.0, 0.0, 0.0, 0.0, 0.0, 0.02178622688006066, 0.02360686677040564, 0.011869051413287339, 0.0, 0.02702587850040933, 0.030303030303030304, 0.030303030303030304, 0.027015254629195646, 0.029558223075161903, 0.029392710357857812, 0.030303030303030304, 0.030303030303030304, 0.030303030303030304, 0.030303030303030304, 0.030303030303030304, 0.043113722738387615, 0.043633905564200465, 0.043964930998808646, 0.04449067727730399, 0.04463525750389021, 0.04490835348744196, 0.045454545454545456, 0.07166113600429955, 0.06599705031340419, 0.06060606060606061, 0.06408537842854198, 0.04537938142237525, 0.04531206059356193, 0.04531267741114195, 0.0453423142284283, 0.045454545454545456, 0.045454545454545456, 0.04539053858340051], "rate_of_adaptation": 0.00140908419205783}