{"virus": "rsv", "subtype": "B", "gene": "g", "loci_len": 66, "loci_offset": 9, "location": [5373, 5439], "window": 3, "min_seqs": 2, "midfreq_high": 0.75, "midfreq_low": 0.15, "window_midpoint": [1977.5, 1978.5, 1979.5, 1980.5, 1981.5, 1982.5, 1983.5, 1984.5, 1985.5, 1986.5, 1987.5, 1988.5, 1989.5, 1990.5, 1991.5, 1992.5, 1993.5, 1994.5, 1995.5, 1996.5, 1997.5, 1998.5, 2001.5, 2002.5, 2003.5, 2004.5, 2005.5, 2006.5, 2007.5, 2008.5, 2009.5, 2010.5, 2011.5, 2012.5, 2013.5, 2014.5, 2015.5, 2016.5, 2017.5, 2018.5], "adaptive_substitutions": [0.0, 0.0, 0.0, 0.0, 0.0, 0.0, 0.0, 0.6782154396095414, 0.7596755344744621, 0.0, 0.0, 0.0, 0.0, 0.6481748814188493, 0.0, 0.0, 0.0, 0.0, 0.0, 0.0, 0.0, 0.0, 1.6910114014671653, 1.759675534474462, 1.8033708918427416, 2.7276940060412698, 2.810393895648587, 2.846442565477418, 2.8549246054371427, 2.8533917066492407, 2.8630804130907244, 2.886257514243589, 2.8051610242218215, 2.6981766788196184, 2.6678077954217363, 2.7247203198945824, 2.711156374566709, 2.6745102082903696, 2.685997820886037, 2.6964773664673127], "adaptive_substitutions_per_codon": [0.0, 0.0, 0.0, 0.0, 0.0, 0.0, 0.0, 0.010275991509235477, 0.011510235370825184, 0.0, 0.0, 0.0, 0.0, 0.00982083153664923, 0.0, 0.0, 0.0, 0.0, 0.0, 0.0, 0.0, 0.0, 0.025621384870714626, 0.026661750522340332, 0.02732380139155669, 0.04132869706123136, 0.04258172569164526, 0.04312791765874876, 0.04325643341571428, 0.04323320767650365, 0.04338000625895037, 0.0437311744582362, 0.04250243976093669, 0.04088146483060028, 0.04042133023366267, 0.041283641210523976, 0.04107812688737438, 0.04052288194379348, 0.040696936680091465, 0.04085571767374716], "rate_of_adaptation": 0.0013822079251491176}