{"virus": "rsv", "subtype": "A", "gene": "g", "loci_len": 66, "loci_offset": 9, "location": [4986, 5052], "window": 3, "min_seqs": 2, "midfreq_high": 0.75, "midfreq_low": 0.15, "window_midpoint": [1978.5, 1979.5, 1980.5, 1981.5, 1982.5, 1983.5, 1984.5, 1985.5, 1986.5, 1987.5, 1988.5, 1989.5, 1990.5, 1991.5, 1992.5, 1993.5, 1994.5, 1995.5, 1996.5, 1997.5, 1998.5, 1999.5, 2000.5, 2001.5, 2002.5, 2003.5, 2004.5, 2005.5, 2006.5, 2007.5, 2008.5, 2009.5, 2010.5, 2011.5, 2012.5, 2013.5, 2014.5, 2015.5, 2016.5, 2017.5, 2018.5], "adaptive_substitutions": [0.0, 0.0, 0.0, 0.0, 0.0, 0.8321908026278206, 0.9280817725547803, 0.8815464489137557, 0.0, 0.0, 0.0, 0.0, 0.0, 2.4965724078834617, 3.6643816052556417, 0.0, 0.0, 0.0, 0.0, 0.0, 0.0, 0.0, 2.421058269065981, 2.6381614181662383, 2.6643816052556417, 2.8321908026278204, 2.5972579263067694, 0.8389031705227078, 0.0, 1.5723602780158052, 1.6822058510607707, 1.7999992450237627, 1.8733712931151847, 1.924435046836935, 1.9290436846042078, 1.9279212150565677, 1.9365683878680167, 1.5, 1.4512685816474797, 1.3718742696891797, 1.325776486221328], "adaptive_substitutions_per_codon": [0.0, 0.0, 0.0, 0.0, 0.0, 0.012608951554966979, 0.014061845038708793, 0.013356764377481147, 0.0, 0.0, 0.0, 0.0, 0.0, 0.03782685466490093, 0.05552093341296427, 0.0, 0.0, 0.0, 0.0, 0.0, 0.0, 0.0, 0.036682701046454255, 0.039972142699488455, 0.040369418261449116, 0.04291198185799728, 0.03935239282282984, 0.012710654098828905, 0.0, 0.02382364057599705, 0.02548796744031471, 0.027272715833693374, 0.028384413532048253, 0.02915810677025659, 0.02922793461521527, 0.029210927500857086, 0.029341945270727525, 0.022727272727272728, 0.021988917903749693, 0.02078597378316939, 0.020087522518504968], "rate_of_adaptation": 0.0007180298990844574}