{"virus": "rsv", "subtype": "A", "gene": "g", "loci_len": 66, "loci_offset": 9, "location": [5454, 5520], "window": 3, "min_seqs": 2, "midfreq_high": 0.75, "midfreq_low": 0.15, "window_midpoint": [1978.5, 1979.5, 1980.5, 1981.5, 1982.5, 1983.5, 1984.5, 1985.5, 1986.5, 1987.5, 1988.5, 1989.5, 1990.5, 1991.5, 1992.5, 1993.5, 1994.5, 1995.5, 1996.5, 1997.5, 1998.5, 1999.5, 2000.5, 2001.5, 2002.5, 2003.5, 2004.5, 2005.5, 2006.5, 2007.5, 2008.5, 2009.5, 2010.5, 2011.5, 2012.5, 2013.5, 2014.5, 2015.5, 2016.5, 2017.5, 2018.5], "adaptive_substitutions": [0.0, 0.0, 0.0, 0.0, 0.0, 0.0, 0.0, 0.0, 0.0, 0.0, 0.0, 0.0, 0.0, 1.6785025706940875, 1.8657526421022566, 0.0, 0.0, 0.0, 0.0, 0.0, 0.0, 0.0, 2.4393744644387314, 2.6627704584404457, 2.680672517211831, 2.8588974578691797, 2.6155741216795203, 0.8320479862896315, 0.0, 1.6308197657812054, 1.7160907046692317, 1.8157254000430336, 1.8802264773482609, 1.924417499437021, 1.905592191051004, 2.7122468114700147, 2.7756143747289133, 2.717584449555766, 1.961551357997094, 1.496572407883462, 2.2487270717683145], "adaptive_substitutions_per_codon": [0.0, 0.0, 0.0, 0.0, 0.0, 0.0, 0.0, 0.0, 0.0, 0.0, 0.0, 0.0, 0.0, 0.0254318571317286, 0.028268979425791766, 0.0, 0.0, 0.0, 0.0, 0.0, 0.0, 0.0, 0.0369602191581626, 0.04034500694606736, 0.040616250260785317, 0.04331662814953303, 0.03962991093453819, 0.012606787671055024, 0.0, 0.024709390390624322, 0.026001374313170178, 0.027510990909742933, 0.028488279959822133, 0.029157840900560922, 0.028872608955318242, 0.04109464865863659, 0.04205476325346838, 0.04117552196296615, 0.029720475121168093, 0.022675339513385788, 0.03407162229951992], "rate_of_adaptation": 0.001062552777222722}