{"virus": "rsv", "subtype": "B", "gene": "g", "loci_len": 66, "loci_offset": 9, "location": [5076, 5142], "window": 3, "min_seqs": 2, "midfreq_high": 0.75, "midfreq_low": 0.15, "window_midpoint": [1977.5, 1978.5, 1979.5, 1980.5, 1981.5, 1982.5, 1983.5, 1984.5, 1985.5, 1986.5, 1987.5, 1988.5, 1989.5, 1990.5, 1991.5, 1992.5, 1993.5, 1994.5, 1995.5, 1996.5, 1997.5, 1998.5, 2001.5, 2002.5, 2003.5, 2004.5, 2005.5, 2006.5, 2007.5, 2008.5, 2009.5, 2010.5, 2011.5, 2012.5, 2013.5, 2014.5, 2015.5, 2016.5, 2017.5, 2018.5], "adaptive_substitutions": [0.0, 0.0, 0.0, 0.0, 0.0, 0.0, 0.0, 1.4378909740840036, 1.6782154396095414, 1.6481748814188493, 0.0, 1.783707981027016, 2.0, 2.0, 2.0, 2.0, 3.0, 3.0, 3.0, 3.0, 3.0, 3.0, 3.6910114014671653, 3.7596755344744617, 3.8033708918427416, 3.9363847003020633, 4.594101876675603, 4.738296555990926, 4.759501655890238, 4.814302787557738, 4.344593915742606, 4.386257514243589, 4.401097000379194, 4.883814122272444, 4.885625902247886, 4.8764050962442385, 4.866689078668953, 5.729284388533719, 5.612203569250596, 4.901642091152815], "adaptive_substitutions_per_codon": [0.0, 0.0, 0.0, 0.0, 0.0, 0.0, 0.0, 0.02178622688006066, 0.025427506660750627, 0.024972346688164383, 0.0, 0.02702587850040933, 0.030303030303030304, 0.030303030303030304, 0.030303030303030304, 0.030303030303030304, 0.045454545454545456, 0.045454545454545456, 0.045454545454545456, 0.045454545454545456, 0.045454545454545456, 0.045454545454545456, 0.055924415173744926, 0.05696478082537063, 0.057626831694586995, 0.059642192428819144, 0.0696076041920546, 0.07179237206046858, 0.0721136614528824, 0.07294398162966269, 0.06582718054155463, 0.06645844718550892, 0.06668328788453323, 0.07399718367079461, 0.07402463488254374, 0.07388492570067028, 0.07373771331316596, 0.08680733922020786, 0.08503338741288782, 0.07426730441140629], "rate_of_adaptation": 0.0021698248340820555}