{"virus": "rsv", "subtype": "A", "gene": "g", "loci_len": 66, "loci_offset": 9, "location": [5004, 5070], "window": 3, "min_seqs": 2, "midfreq_high": 0.75, "midfreq_low": 0.15, "window_midpoint": [1978.5, 1979.5, 1980.5, 1981.5, 1982.5, 1983.5, 1984.5, 1985.5, 1986.5, 1987.5, 1988.5, 1989.5, 1990.5, 1991.5, 1992.5, 1993.5, 1994.5, 1995.5, 1996.5, 1997.5, 1998.5, 1999.5, 2000.5, 2001.5, 2002.5, 2003.5, 2004.5, 2005.5, 2006.5, 2007.5, 2008.5, 2009.5, 2010.5, 2011.5, 2012.5, 2013.5, 2014.5, 2015.5, 2016.5, 2017.5, 2018.5], "adaptive_substitutions": [0.0, 0.0, 0.0, 0.0, 0.0, 0.8253356183947445, 0.921226588321704, 0.8746912646806795, 0.0, 0.0, 0.0, 0.0, 0.0, 2.4897172236503855, 2.8588974578691806, 0.0, 0.0, 0.0, 0.0, 0.0, 0.0, 0.0, 1.640745501285347, 1.7728952442159382, 1.7848299500635287, 1.875678377606398, 1.7162596401028278, 0.0, 0.8192824028299607, 1.6730457964391126, 1.8038393632500014, 1.8443540989547353, 1.892191016184962, 1.8969441203049737, 1.878532554960408, 1.8732008246091179, 1.8806319887439567, 1.0, 1.0, 1.5, 1.4789935794741875], "adaptive_substitutions_per_codon": [0.0, 0.0, 0.0, 0.0, 0.0, 0.012505085127193097, 0.01395797861093491, 0.013252897949707266, 0.0, 0.0, 0.0, 0.0, 0.0, 0.03772298823712705, 0.04331662814953304, 0.0, 0.0, 0.0, 0.0, 0.0, 0.0, 0.0, 0.024859780322505257, 0.026862049154786943, 0.027042878031265587, 0.028419369357672697, 0.026003933940951938, 0.0, 0.012413369739847888, 0.025349178733925948, 0.02733089944318184, 0.027944759075071747, 0.0286695608512873, 0.02874157758037839, 0.02846261446909709, 0.028381830675895725, 0.028494424071878133, 0.015151515151515152, 0.015151515151515152, 0.022727272727272728, 0.02240899362839678], "rate_of_adaptation": 0.0006574221978033668}