{"virus": "rsv", "subtype": "B", "gene": "g", "loci_len": 66, "loci_offset": 9, "location": [5103, 5169], "window": 3, "min_seqs": 2, "midfreq_high": 0.75, "midfreq_low": 0.15, "window_midpoint": [1977.5, 1978.5, 1979.5, 1980.5, 1981.5, 1982.5, 1983.5, 1984.5, 1985.5, 1986.5, 1987.5, 1988.5, 1989.5, 1990.5, 1991.5, 1992.5, 1993.5, 1994.5, 1995.5, 1996.5, 1997.5, 1998.5, 2001.5, 2002.5, 2003.5, 2004.5, 2005.5, 2006.5, 2007.5, 2008.5, 2009.5, 2010.5, 2011.5, 2012.5, 2013.5, 2014.5, 2015.5, 2016.5, 2017.5, 2018.5], "adaptive_substitutions": [0.0, 0.0, 0.0, 0.0, 0.0, 0.0, 0.0, 1.4378909740840036, 1.5580532068467723, 0.7833573932769643, 0.0, 1.783707981027016, 2.0, 2.0, 1.7015467106619921, 1.9508427229606855, 2.9399188836186156, 3.0, 3.0, 3.0, 3.0, 3.0, 3.6910114014671653, 3.7596755344744617, 3.8033708918427416, 3.9363847003020633, 3.945926995256754, 3.9639513301711693, 4.0, 5.72963497628377, 5.355805320684677, 4.991929402277128, 5.220913523905827, 3.990078347753533, 3.9905959991750874, 3.985955063703053, 3.9703709563050706, 3.966204372035471, 3.9814341614615465, 3.9831021860177356], "adaptive_substitutions_per_codon": [0.0, 0.0, 0.0, 0.0, 0.0, 0.0, 0.0, 0.02178622688006066, 0.02360686677040564, 0.011869051413287339, 0.0, 0.02702587850040933, 0.030303030303030304, 0.030303030303030304, 0.02578101076760594, 0.029558223075161903, 0.04454422550937297, 0.045454545454545456, 0.045454545454545456, 0.045454545454545456, 0.045454545454545456, 0.045454545454545456, 0.055924415173744926, 0.05696478082537063, 0.057626831694586995, 0.059642192428819144, 0.059786772655405364, 0.06005986863895711, 0.06060606060606061, 0.0868126511558147, 0.08114856546491934, 0.07563529397389587, 0.0791047503622095, 0.0604557325417202, 0.06046357574507708, 0.06039325854095535, 0.06015713570159198, 0.06009400563690108, 0.060324760022144645, 0.060350033121480844], "rate_of_adaptation": 0.0019088725906307859}