{"virus": "rsv", "subtype": "B", "gene": "g", "loci_len": 66, "loci_offset": 9, "location": [5121, 5187], "window": 3, "min_seqs": 2, "midfreq_high": 0.75, "midfreq_low": 0.15, "window_midpoint": [1977.5, 1978.5, 1979.5, 1980.5, 1981.5, 1982.5, 1983.5, 1984.5, 1985.5, 1986.5, 1987.5, 1988.5, 1989.5, 1990.5, 1991.5, 1992.5, 1993.5, 1994.5, 1995.5, 1996.5, 1997.5, 1998.5, 2001.5, 2002.5, 2003.5, 2004.5, 2005.5, 2006.5, 2007.5, 2008.5, 2009.5, 2010.5, 2011.5, 2012.5, 2013.5, 2014.5, 2015.5, 2016.5, 2017.5, 2018.5], "adaptive_substitutions": [0.0, 0.0, 0.0, 0.0, 0.0, 0.0, 0.0, 1.4378909740840036, 1.5580532068467723, 0.7833573932769643, 0.0, 1.783707981027016, 2.0, 2.0, 1.7830068055269126, 1.9508427229606855, 1.9399188836186156, 2.0, 2.0, 2.0, 2.0, 2.0, 2.0, 2.0, 2.0, 1.9363847003020633, 1.945926995256754, 1.9639513301711693, 2.0, 3.72963497628377, 3.855805320684677, 3.5, 3.72963497628377, 1.9950391738767665, 1.9905959991750877, 1.9906367091353685, 1.9925927390762677, 2.0, 2.0, 1.9957755465044338], "adaptive_substitutions_per_codon": [0.0, 0.0, 0.0, 0.0, 0.0, 0.0, 0.0, 0.02178622688006066, 0.02360686677040564, 0.011869051413287339, 0.0, 0.02702587850040933, 0.030303030303030304, 0.030303030303030304, 0.027015254629195646, 0.029558223075161903, 0.029392710357857812, 0.030303030303030304, 0.030303030303030304, 0.030303030303030304, 0.030303030303030304, 0.030303030303030304, 0.030303030303030304, 0.030303030303030304, 0.030303030303030304, 0.02933916212578884, 0.02948374235237506, 0.029756838335926808, 0.030303030303030304, 0.056509620852784395, 0.058421292737646624, 0.05303030303030303, 0.056509620852784395, 0.0302278662708601, 0.03016054544204678, 0.030161162259626794, 0.030190799076913147, 0.030303030303030304, 0.030303030303030304, 0.03023902343188536], "rate_of_adaptation": 0.000924065265575993}