{"virus": "rsv", "subtype": "B", "gene": "g", "loci_len": 66, "loci_offset": 9, "location": [5013, 5079], "window": 3, "min_seqs": 2, "midfreq_high": 0.75, "midfreq_low": 0.15, "window_midpoint": [1977.5, 1978.5, 1979.5, 1980.5, 1981.5, 1982.5, 1983.5, 1984.5, 1985.5, 1986.5, 1987.5, 1988.5, 1989.5, 1990.5, 1991.5, 1992.5, 1993.5, 1994.5, 1995.5, 1996.5, 1997.5, 1998.5, 2001.5, 2002.5, 2003.5, 2004.5, 2005.5, 2006.5, 2007.5, 2008.5, 2009.5, 2010.5, 2011.5, 2012.5, 2013.5, 2014.5, 2015.5, 2016.5, 2017.5, 2018.5], "adaptive_substitutions": [0.0, 0.0, 0.0, 0.0, 0.0, 0.0, 0.0, 0.5967553447446209, 0.7169175775073897, 0.7018972984120437, 0.0, 0.0, 0, 1.259950505258816, 0.485254691689008, 0.0, 0.0, 0.0, 0.0, 0.0, 0.0, 0.0, 0.7963497628376984, 0.7963497628376984, 0.7963497628376984, 0.7963497628376984, 0.8778098577026191, 0.8824912353062487, 0.8052721604211905, 0.824050170572991, 0.9185399051350793, 0.4185399051350794, 0.45926995256753966, 0.45926995256753966, 0.9592699525675397, 0.8778098577026191, 0.911132644211347, 0.9117807795421736, 0.8999740665966258, 0.901642091152815], "adaptive_substitutions_per_codon": [0.0, 0.0, 0.0, 0.0, 0.0, 0.0, 0.0, 0.009041747647645771, 0.010862387537990754, 0.010634807551697632, 0.0, 0.0, 0.0, 0.019090159170588122, 0.0073523438134698174, 0.0, 0.0, 0.0, 0.0, 0.0, 0.0, 0.0, 0.012065905497540885, 0.012065905497540885, 0.012065905497540885, 0.012065905497540885, 0.013300149359130592, 0.01337107932282195, 0.012201093339715008, 0.012485608645045318, 0.013917271289925445, 0.00634151371416787, 0.0069586356449627225, 0.0069586356449627225, 0.014534393220720298, 0.013300149359130592, 0.013805040063808288, 0.01381486029609354, 0.013635970706009483, 0.013661243805345683], "rate_of_adaptation": 0.0003375731209847223}