{"virus": "rsv", "subtype": "A", "gene": "g", "loci_len": 66, "loci_offset": 9, "location": [4959, 5025], "window": 3, "min_seqs": 2, "midfreq_high": 0.75, "midfreq_low": 0.15, "window_midpoint": [1978.5, 1979.5, 1980.5, 1981.5, 1982.5, 1983.5, 1984.5, 1985.5, 1986.5, 1987.5, 1988.5, 1989.5, 1990.5, 1991.5, 1992.5, 1993.5, 1994.5, 1995.5, 1996.5, 1997.5, 1998.5, 1999.5, 2000.5, 2001.5, 2002.5, 2003.5, 2004.5, 2005.5, 2006.5, 2007.5, 2008.5, 2009.5, 2010.5, 2011.5, 2012.5, 2013.5, 2014.5, 2015.5, 2016.5, 2017.5, 2018.5], "adaptive_substitutions": [0.0, 0.0, 0.0, 0.0, 0.0, 0.8321908026278206, 0.9280817725547803, 0.8815464489137557, 0.0, 0.0, 0.0, 0.0, 0.0, 2.4336439588688945, 3.5301342473578976, 0.0, 0.0, 0.0, 0.0, 0.0, 0.0, 0.0, 3.244858611825193, 3.5280366323907457, 3.560224172403944, 3.7818480434161668, 3.471401028277635, 0.8389031705227078, 0.0, 1.5792154622488814, 1.6890610352938469, 1.8068544292568391, 1.8802264773482609, 1.931290231070011, 1.935898868837284, 1.9347763992896438, 1.9434235721010928, 1.5, 1.458123765880556, 1.378729453922256, 1.3326316704544043], "adaptive_substitutions_per_codon": [0.0, 0.0, 0.0, 0.0, 0.0, 0.012608951554966979, 0.014061845038708793, 0.013356764377481147, 0.0, 0.0, 0.0, 0.0, 0.0, 0.03687339331619537, 0.05348688253572572, 0.0, 0.0, 0.0, 0.0, 0.0, 0.0, 0.0, 0.04916452442159383, 0.053455100490768875, 0.053942790490968846, 0.05730072793054798, 0.052596985276933864, 0.012710654098828905, 0.0, 0.023927507003770932, 0.02559183386808859, 0.02737658226146726, 0.028488279959822133, 0.02926197319803047, 0.02933180104298915, 0.029314793928630966, 0.02944581169850141, 0.022727272727272728, 0.022092784331523573, 0.020889840210943273, 0.020191388946278855], "rate_of_adaptation": 0.0007713927663308766}