{"virus": "rsv", "subtype": "B", "gene": "g", "loci_len": 66, "loci_offset": 9, "location": [5535, 5601], "window": 3, "min_seqs": 2, "midfreq_high": 0.75, "midfreq_low": 0.15, "window_midpoint": [1977.5, 1978.5, 1979.5, 1980.5, 1981.5, 1982.5, 1983.5, 1984.5, 1985.5, 1986.5, 1987.5, 1988.5, 1989.5, 1990.5, 1991.5, 1992.5, 1993.5, 1994.5, 1995.5, 1996.5, 1997.5, 1998.5, 2001.5, 2002.5, 2003.5, 2004.5, 2005.5, 2006.5, 2007.5, 2008.5, 2009.5, 2010.5, 2011.5, 2012.5, 2013.5, 2014.5, 2015.5, 2016.5, 2017.5, 2018.5], "adaptive_substitutions": [0.0, 0.0, 0.0, 0.0, 0.0, 0.0, 0.0, 0.6782154396095414, 0.7983776723723104, 0.7833573932769643, 0.0, 0.8103938956485873, 0.9185399051350793, 0.9185399051350793, 0.9185399051350793, 0.9185399051350793, 0.9185399051350793, 0.9185399051350793, 0.9185399051350793, 0.9185399051350793, 0.9185399051350793, 0.9185399051350793, 0.9185399051350793, 0.9185399051350793, 0.9185399051350793, 0.9363847003020634, 1.72963497628377, 1.783707981027016, 1.8231169555881745, 1.7230953096775634, 1.7429181803279556, 1.749057352954756, 1.7353894051982783, 1.734989338575437, 1.7069498865745514, 1.6610494063577173, 0.9925927390762677, 1.0, 1.567875151462582, 2.423083367704681], "adaptive_substitutions_per_codon": [0.0, 0.0, 0.0, 0.0, 0.0, 0.0, 0.0, 0.010275991509235477, 0.01209663139958046, 0.011869051413287339, 0.0, 0.012278695388614959, 0.013917271289925445, 0.013917271289925445, 0.013917271289925445, 0.013917271289925445, 0.013917271289925445, 0.013917271289925445, 0.013917271289925445, 0.013917271289925445, 0.013917271289925445, 0.013917271289925445, 0.013917271289925445, 0.013917271289925445, 0.013917271289925445, 0.014187646974273688, 0.02620659054975409, 0.02702587850040933, 0.027622984175578402, 0.026107504692084293, 0.026407851217090238, 0.02650086898416297, 0.026293778866640583, 0.026287717251142984, 0.025862877069311386, 0.025167415247844202, 0.015039283925397995, 0.015151515151515152, 0.023755684113069424, 0.036713384359161834], "rate_of_adaptation": 0.0006734139516962518}