{"virus": "rsv", "subtype": "A", "gene": "g", "loci_len": 66, "loci_offset": 9, "location": [4995, 5061], "window": 3, "min_seqs": 2, "midfreq_high": 0.75, "midfreq_low": 0.15, "window_midpoint": [1978.5, 1979.5, 1980.5, 1981.5, 1982.5, 1983.5, 1984.5, 1985.5, 1986.5, 1987.5, 1988.5, 1989.5, 1990.5, 1991.5, 1992.5, 1993.5, 1994.5, 1995.5, 1996.5, 1997.5, 1998.5, 1999.5, 2000.5, 2001.5, 2002.5, 2003.5, 2004.5, 2005.5, 2006.5, 2007.5, 2008.5, 2009.5, 2010.5, 2011.5, 2012.5, 2013.5, 2014.5, 2015.5, 2016.5, 2017.5, 2018.5], "adaptive_substitutions": [0.0, 0.0, 0.0, 0.0, 0.0, 0.8253356183947445, 0.921226588321704, 0.8746912646806795, 0.0, 0.0, 0.0, 0.0, 0.0, 3.30778706083976, 4.59725792630677, 0.0, 0.0, 0.0, 0.0, 0.0, 0.0, 0.0, 3.244858611825193, 3.5280366323907457, 3.560224172403944, 3.7818480434161668, 3.471401028277635, 0.8389031705227078, 0.8192824028299607, 2.4269256402932498, 2.5943594255907705, 2.7379024495204014, 2.8310269162081863, 2.883198657038993, 2.871797737674568, 2.8695527985792877, 2.8806319887439567, 2.0, 1.9512685816474797, 2.3718742696891795, 2.318480434161668], "adaptive_substitutions_per_codon": [0.0, 0.0, 0.0, 0.0, 0.0, 0.012505085127193097, 0.01395797861093491, 0.013252897949707266, 0.0, 0.0, 0.0, 0.0, 0.0, 0.0501179857702994, 0.06965542312586015, 0.0, 0.0, 0.0, 0.0, 0.0, 0.0, 0.0, 0.04916452442159383, 0.053455100490768875, 0.053942790490968846, 0.05730072793054798, 0.052596985276933864, 0.012710654098828905, 0.012413369739847888, 0.03677160061050378, 0.03930847614531471, 0.04148337044727881, 0.04289434721527555, 0.04368482813695444, 0.04351208693446315, 0.04347807270574678, 0.043645939223393285, 0.030303030303030304, 0.02956467547950727, 0.035937488934684535, 0.03512849142669194], "rate_of_adaptation": 0.0011491555421253995}