{"virus": "rsv", "subtype": "B", "gene": "g", "loci_len": 66, "loci_offset": 9, "location": [5490, 5556], "window": 3, "min_seqs": 2, "midfreq_high": 0.75, "midfreq_low": 0.15, "window_midpoint": [1977.5, 1978.5, 1979.5, 1980.5, 1981.5, 1982.5, 1983.5, 1984.5, 1985.5, 1986.5, 1987.5, 1988.5, 1989.5, 1990.5, 1991.5, 1992.5, 1993.5, 1994.5, 1995.5, 1996.5, 1997.5, 1998.5, 2001.5, 2002.5, 2003.5, 2004.5, 2005.5, 2006.5, 2007.5, 2008.5, 2009.5, 2010.5, 2011.5, 2012.5, 2013.5, 2014.5, 2015.5, 2016.5, 2017.5, 2018.5], "adaptive_substitutions": [0.0, 0.0, 0.0, 0.0, 0.0, 0.0, 0.0, 0.0, 0.0, 0.0, 0.0, 0.0, 0.0, 0.0, 0.0, 0.0, 0.0, 0.0, 0.0, 0.0, 0.0, 0.0, 0.0, 0.0, 0.0, 0.0, 0.7837079810270159, 0.8197566508558466, 0.9045770504530952, 0.8045554045424842, 0.8243782751928762, 0.8305174478196766, 0.816849500063199, 0.8164494334403576, 0.7931119818519282, 0.7471911466549537, 0.7925966941354947, 0.8982625283563621, 1.6493352463275026, 1.7326639513301711], "adaptive_substitutions_per_codon": [0.0, 0.0, 0.0, 0.0, 0.0, 0.0, 0.0, 0.0, 0.0, 0.0, 0.0, 0.0, 0.0, 0.0, 0.0, 0.0, 0.0, 0.0, 0.0, 0.0, 0.0, 0.0, 0.0, 0.0, 0.0, 0.0, 0.026123599367567196, 0.027325221695194888, 0.030152568348436506, 0.026818513484749472, 0.02747927583976254, 0.027683914927322553, 0.0272283166687733, 0.027214981114678585, 0.026437066061730942, 0.024906371555165122, 0.02641988980451649, 0.029942084278545403, 0.05497784154425009, 0.05775546504433904], "rate_of_adaptation": 0.001064269511222819}