{"virus": "rsv", "subtype": "B", "gene": "g", "loci_len": 66, "loci_offset": 9, "location": [5391, 5457], "window": 3, "min_seqs": 2, "midfreq_high": 0.75, "midfreq_low": 0.15, "window_midpoint": [1977.5, 1978.5, 1979.5, 1980.5, 1981.5, 1982.5, 1983.5, 1984.5, 1985.5, 1986.5, 1987.5, 1988.5, 1989.5, 1990.5, 1991.5, 1992.5, 1993.5, 1994.5, 1995.5, 1996.5, 1997.5, 1998.5, 2001.5, 2002.5, 2003.5, 2004.5, 2005.5, 2006.5, 2007.5, 2008.5, 2009.5, 2010.5, 2011.5, 2012.5, 2013.5, 2014.5, 2015.5, 2016.5, 2017.5, 2018.5], "adaptive_substitutions": [0.0, 0.0, 0.0, 0.0, 0.0, 0.0, 0.0, 0.5967553447446209, 0.6782154396095414, 0.0, 0.0, 0.0, 0.0, 0.6481748814188493, 0.0, 0.0, 0.0, 0.0, 0.0, 0.0, 0.0, 0.0, 1.6910114014671653, 1.759675534474462, 1.8033708918427416, 1.7913093057392064, 1.8103938956485872, 1.846442565477418, 1.8867322552861112, 1.9055102654379117, 1.90929665646102, 1.9185399051350793, 1.9098184527571365, 1.9086182528886124, 1.9091359043101672, 1.9138582597027638, 1.8815036005164179, 2.5329191585894, 2.637497045981783, 2.7061217519076095], "adaptive_substitutions_per_codon": [0.0, 0.0, 0.0, 0.0, 0.0, 0.0, 0.0, 0.009041747647645771, 0.010275991509235477, 0.0, 0.0, 0.0, 0.0, 0.00982083153664923, 0.0, 0.0, 0.0, 0.0, 0.0, 0.0, 0.0, 0.0, 0.025621384870714626, 0.026661750522340332, 0.02732380139155669, 0.027141050086957674, 0.02743021054013011, 0.027976402507233603, 0.028586852352819866, 0.02887136765815018, 0.028928737219106365, 0.029068786441440595, 0.028936643223592975, 0.02891845837710019, 0.02892630158045708, 0.028997852419738845, 0.028507630310854817, 0.038377563008930304, 0.03996207645426944, 0.04100184472587287], "rate_of_adaptation": 0.0010628668774891876}