{"virus": "rsv", "subtype": "A", "gene": "g", "loci_len": 66, "loci_offset": 9, "location": [5481, 5547], "window": 3, "min_seqs": 2, "midfreq_high": 0.75, "midfreq_low": 0.15, "window_midpoint": [1978.5, 1979.5, 1980.5, 1981.5, 1982.5, 1983.5, 1984.5, 1985.5, 1986.5, 1987.5, 1988.5, 1989.5, 1990.5, 1991.5, 1992.5, 1993.5, 1994.5, 1995.5, 1996.5, 1997.5, 1998.5, 1999.5, 2000.5, 2001.5, 2002.5, 2003.5, 2004.5, 2005.5, 2006.5, 2007.5, 2008.5, 2009.5, 2010.5, 2011.5, 2012.5, 2013.5, 2014.5, 2015.5, 2016.5, 2017.5, 2018.5], "adaptive_substitutions": [0.0, 0.0, 0.0, 0.0, 0.0, 0.0, 0.0, 0.0, 0.0, 0.0, 0.0, 0.0, 0.0, 0.8112146529562982, 0.9328763210511283, 0.0, 0.0, 0.0, 0.0, 0.0, 0.0, 0.0, 1.5972579263067697, 1.7482862039417308, 1.768539038107339, 1.8993144815766922, 1.7482862039417308, 0.0, 0.0, 0.8433780824526326, 0.9052983902969238, 0.9177415640842704, 0.9413905773250367, 0.9450356943359918, 0.935898868837284, 1.7560231238279747, 1.843981084769431, 1.9401524376493933, 1.961551357997094, 1.496572407883462, 1.4931448157669238], "adaptive_substitutions_per_codon": [0.0, 0.0, 0.0, 0.0, 0.0, 0.0, 0.0, 0.0, 0.0, 0.0, 0.0, 0.0, 0.0, 0.01690030526992288, 0.01943492335523184, 0.0, 0.0, 0.0, 0.0, 0.0, 0.0, 0.0, 0.0332762067980577, 0.03642262924878606, 0.03684456329390289, 0.03956905169951442, 0.03642262924878606, 0.0, 0.0, 0.017570376717763177, 0.018860383131185914, 0.0191196159184223, 0.0196123036942716, 0.01968824363199983, 0.01949789310077675, 0.03658381507974947, 0.038416272599363144, 0.040419842451029024, 0.04086565329160612, 0.031178591830905458, 0.03110718366181091], "rate_of_adaptation": 0.0009802543223076492}