{"virus": "rsv", "subtype": "B", "gene": "g", "loci_len": 66, "loci_offset": 9, "location": [5355, 5421], "window": 3, "min_seqs": 2, "midfreq_high": 0.75, "midfreq_low": 0.15, "window_midpoint": [1977.5, 1978.5, 1979.5, 1980.5, 1981.5, 1982.5, 1983.5, 1984.5, 1985.5, 1986.5, 1987.5, 1988.5, 1989.5, 1990.5, 1991.5, 1992.5, 1993.5, 1994.5, 1995.5, 1996.5, 1997.5, 1998.5, 2001.5, 2002.5, 2003.5, 2004.5, 2005.5, 2006.5, 2007.5, 2008.5, 2009.5, 2010.5, 2011.5, 2012.5, 2013.5, 2014.5, 2015.5, 2016.5, 2017.5, 2018.5], "adaptive_substitutions": [0.0, 0.0, 0.0, 0.0, 0.0, 0.0, 0.0, 0.6782154396095414, 0.879837767237231, 0.864817488141885, 0.0, 0.0, 0.0, 1.5043307898535778, 0.7296349762837698, 0.0, 0.9185399051350793, 0.9185399051350793, 0.9185399051350793, 0.9185399051350793, 0.9185399051350793, 0.9185399051350793, 1.764045605868662, 1.759675534474462, 1.7050563377641126, 1.8091541009061904, 1.8103938956485872, 1.846442565477418, 1.8867322552861112, 1.8664213463464083, 1.8723236617647836, 1.8862575142435891, 1.8138824765997645, 1.7080983310660858, 1.6772117962466486, 1.7294019653268982, 1.822245513126559, 1.7015467106619924, 1.7045636594244908, 1.6964773664673127], "adaptive_substitutions_per_codon": [0.0, 0.0, 0.0, 0.0, 0.0, 0.0, 0.0, 0.010275991509235477, 0.013330875261170166, 0.013103295274877046, 0.0, 0.0, 0.0, 0.022792890755357238, 0.011055075398238938, 0.0, 0.013917271289925445, 0.013917271289925445, 0.013917271289925445, 0.013917271289925445, 0.013917271289925445, 0.013917271289925445, 0.026727963725282758, 0.026661750522340332, 0.02583418693581989, 0.027411425771305915, 0.02743021054013011, 0.027976402507233603, 0.028586852352819866, 0.028279111308278915, 0.02836854032976945, 0.028579659306721048, 0.02748306782726916, 0.025880277743425543, 0.02541229994313104, 0.026203060080710577, 0.02760978050191756, 0.025781010767605944, 0.025826722112492286, 0.02570420252223201], "rate_of_adaptation": 0.0008099564434480012}