{"virus": "rsv", "subtype": "B", "gene": "g", "loci_len": 66, "loci_offset": 9, "location": [5094, 5160], "window": 3, "min_seqs": 2, "midfreq_high": 0.75, "midfreq_low": 0.15, "window_midpoint": [1977.5, 1978.5, 1979.5, 1980.5, 1981.5, 1982.5, 1983.5, 1984.5, 1985.5, 1986.5, 1987.5, 1988.5, 1989.5, 1990.5, 1991.5, 1992.5, 1993.5, 1994.5, 1995.5, 1996.5, 1997.5, 1998.5, 2001.5, 2002.5, 2003.5, 2004.5, 2005.5, 2006.5, 2007.5, 2008.5, 2009.5, 2010.5, 2011.5, 2012.5, 2013.5, 2014.5, 2015.5, 2016.5, 2017.5, 2018.5], "adaptive_substitutions": [0.0, 0.0, 0.0, 0.0, 0.0, 0.0, 0.0, 2.1975665085584657, 2.437890974084003, 1.6481748814188493, 0.0, 2.675561971540524, 3.0, 3.0, 2.701546710661992, 2.9508427229606857, 3.9399188836186156, 4.0, 4.0, 4.0, 4.0, 4.0, 4.691011401467165, 4.759675534474462, 4.803370891842741, 4.936384700302064, 5.594101876675603, 5.738296555990926, 5.759501655890238, 5.814302787557738, 5.344593915742606, 5.386257514243589, 5.401097000379194, 5.883814122272444, 5.885625902247886, 5.8764050962442385, 5.866689078668953, 6.729284388533719, 6.612203569250596, 5.897417637657249], "adaptive_substitutions_per_codon": [0.0, 0.0, 0.0, 0.0, 0.0, 0.0, 0.0, 0.033296462250885846, 0.03693774203157581, 0.024972346688164383, 0.0, 0.040538817750614, 0.045454545454545456, 0.045454545454545456, 0.04093252591912109, 0.04470973822667706, 0.05969574066088812, 0.06060606060606061, 0.06060606060606061, 0.06060606060606061, 0.06060606060606061, 0.06060606060606061, 0.07107593032526008, 0.07211629597688578, 0.07277834684610214, 0.0747937075803343, 0.08475911934356975, 0.08694388721198373, 0.08726517660439755, 0.08809549678117784, 0.08097869569306979, 0.08160996233702407, 0.08183480303604838, 0.08914869882230976, 0.08917615003405888, 0.08903644085218543, 0.08888922846468111, 0.10195885437172302, 0.10018490256440298, 0.08935481269177649], "rate_of_adaptation": 0.0025464729381203034}