{"virus": "rsv", "subtype": "B", "gene": "g", "loci_len": 66, "loci_offset": 9, "location": [5427, 5493], "window": 3, "min_seqs": 2, "midfreq_high": 0.75, "midfreq_low": 0.15, "window_midpoint": [1977.5, 1978.5, 1979.5, 1980.5, 1981.5, 1982.5, 1983.5, 1984.5, 1985.5, 1986.5, 1987.5, 1988.5, 1989.5, 1990.5, 1991.5, 1992.5, 1993.5, 1994.5, 1995.5, 1996.5, 1997.5, 1998.5, 2001.5, 2002.5, 2003.5, 2004.5, 2005.5, 2006.5, 2007.5, 2008.5, 2009.5, 2010.5, 2011.5, 2012.5, 2013.5, 2014.5, 2015.5, 2016.5, 2017.5, 2018.5], "adaptive_substitutions": [0.0, 0.0, 0.0, 0.0, 0.0, 0.0, 0.0, 1.356430879219083, 1.4378909740840036, 0.7296349762837698, 0.0, 0.0, 0.0, 0.0, 0.0, 0.0, 0.0, 0.0, 0.0, 0.7837079810270159, 0.7296349762837698, 0.9185399051350793, 0.8455057007335827, 0.879837767237231, 0.9016854459213708, 0.9185399051350793, 0.9185399051350793, 0.9185399051350793, 0.9681923501510318, 0.9869703603028323, 0.9907567513259409, 0.9185399051350793, 0.9098184527571365, 0.9086182528886123, 0.9091359043101671, 0.9138582597027638, 0.8889108614401501, 1.6211383790472262, 1.737522979385157, 1.8002552072592288], "adaptive_substitutions_per_codon": [0.0, 0.0, 0.0, 0.0, 0.0, 0.0, 0.0, 0.034780278954335456, 0.03686899933548727, 0.018708589135481277, 0.0, 0.0, 0.0, 0.0, 0.0, 0.0, 0.0, 0.0, 0.0, 0.02009507643659015, 0.018708589135481277, 0.02355230525987383, 0.021679633352143145, 0.022559942749672587, 0.023120139639009506, 0.02355230525987383, 0.02355230525987383, 0.02355230525987383, 0.02482544487566748, 0.025306932315457237, 0.025404019264767715, 0.02355230525987383, 0.02332867827582401, 0.02329790392022083, 0.02331117703359403, 0.023432263069301636, 0.022792586190773078, 0.04156765074480067, 0.044551871266286076, 0.046160389929723815], "rate_of_adaptation": 0.0008434164270574136}