{"virus": "rsv", "subtype": "B", "gene": "g", "loci_len": 66, "loci_offset": 9, "location": [5247, 5313], "window": 3, "min_seqs": 2, "midfreq_high": 0.75, "midfreq_low": 0.15, "window_midpoint": [1977.5, 1978.5, 1979.5, 1980.5, 1981.5, 1982.5, 1983.5, 1984.5, 1985.5, 1986.5, 1987.5, 1988.5, 1989.5, 1990.5, 1991.5, 1992.5, 1993.5, 1994.5, 1995.5, 1996.5, 1997.5, 1998.5, 2001.5, 2002.5, 2003.5, 2004.5, 2005.5, 2006.5, 2007.5, 2008.5, 2009.5, 2010.5, 2011.5, 2012.5, 2013.5, 2014.5, 2015.5, 2016.5, 2017.5, 2018.5], "adaptive_substitutions": [0.0, 0.0, 0.0, 0.0, 0.0, 0.0, 0.0, 0.0, 0.0, 0.0, 0.0, 0.0, 0.0, 0.0, 0.0, 0.0, 0.0, 0.0, 0.0, 0.0, 0, 0.0, 0.7640456058686621, 0.7983776723723104, 0.8202253510564502, 0.9185399051350793, 0.8370798102701588, 0.9185399051350793, 0.9592699525675397, 0.9592699525675397, 0.8778098577026191, 0.33707981027015876, 0.4185399051350794, 0, 0, 0, 1.55560389516833, 1.7218240874407094, 1.7463367961360114, 1.877809857702619], "adaptive_substitutions_per_codon": [0.0, 0.0, 0.0, 0.0, 0.0, 0.0, 0.0, 0.0, 0.0, 0.0, 0.0, 0.0, 0.0, 0.0, 0.0, 0.0, 0.0, 0.0, 0.0, 0.0, 0.0, 0.0, 0.011576448573767608, 0.01209663139958046, 0.01242765683418864, 0.013917271289925445, 0.01268302742833574, 0.013917271289925445, 0.014534393220720298, 0.014534393220720298, 0.013300149359130592, 0.005107269852578163, 0.00634151371416787, 0.0, 0.0, 0.0, 0.023569755987398938, 0.026088243749101656, 0.026459648426303203, 0.028451664510645742], "rate_of_adaptation": 0.0004995623261982761}