{"virus": "rsv", "subtype": "A", "gene": "g", "loci_len": 66, "loci_offset": 9, "location": [5364, 5430], "window": 3, "min_seqs": 2, "midfreq_high": 0.75, "midfreq_low": 0.15, "window_midpoint": [1978.5, 1979.5, 1980.5, 1981.5, 1982.5, 1983.5, 1984.5, 1985.5, 1986.5, 1987.5, 1988.5, 1989.5, 1990.5, 1991.5, 1992.5, 1993.5, 1994.5, 1995.5, 1996.5, 1997.5, 1998.5, 1999.5, 2000.5, 2001.5, 2002.5, 2003.5, 2004.5, 2005.5, 2006.5, 2007.5, 2008.5, 2009.5, 2010.5, 2011.5, 2012.5, 2013.5, 2014.5, 2015.5, 2016.5, 2017.5, 2018.5], "adaptive_substitutions": [0.0, 0.0, 0.0, 0.0, 0.0, 0.8321908026278206, 0.9280817725547803, 0.8815464489137557, 0.7986289631533848, 0.0, 0.0, 0.0, 0.0, 1.7482862039417308, 1.8657526421022566, 0.0, 0.0, 0.0, 0.0, 0.0, 0.0, 0.0, 1.6476006855184233, 1.7797504284490147, 1.7801120862019717, 1.8825335618394745, 1.6727720651242504, 0.0, 0.0, 1.6867561649052651, 1.8243071490600002, 2.6540321393384145, 2.6988844308835658, 1.8487999040742138, 1.8417317937827604, 1.8472237745737243, 2.681747014080633, 2.855364632661345, 2.8793264036362283, 2.47026174339799, 1.9858487637072637], "adaptive_substitutions_per_codon": [0.0, 0.0, 0.0, 0.0, 0.0, 0.012608951554966979, 0.014061845038708793, 0.013356764377481147, 0.012100438835657345, 0.0, 0.0, 0.0, 0.0, 0.026489184908208042, 0.028268979425791766, 0.0, 0.0, 0.0, 0.0, 0.0, 0.0, 0.0, 0.02496364675027914, 0.02696591558256083, 0.02697139524548442, 0.028523235785446584, 0.025345031289761368, 0.0, 0.0, 0.025556911589473714, 0.027641017410000003, 0.04021260817179416, 0.0408921883467207, 0.02801211975870021, 0.02790502717852667, 0.027988239008692795, 0.04063253051637323, 0.04326310049486886, 0.043626157630851946, 0.03742820823330288, 0.030088617631928237], "rate_of_adaptation": 0.0009706283456850373}