{"virus": "rsv", "subtype": "B", "gene": "g", "loci_len": 66, "loci_offset": 9, "location": [5517, 5583], "window": 3, "min_seqs": 2, "midfreq_high": 0.75, "midfreq_low": 0.15, "window_midpoint": [1977.5, 1978.5, 1979.5, 1980.5, 1981.5, 1982.5, 1983.5, 1984.5, 1985.5, 1986.5, 1987.5, 1988.5, 1989.5, 1990.5, 1991.5, 1992.5, 1993.5, 1994.5, 1995.5, 1996.5, 1997.5, 1998.5, 2001.5, 2002.5, 2003.5, 2004.5, 2005.5, 2006.5, 2007.5, 2008.5, 2009.5, 2010.5, 2011.5, 2012.5, 2013.5, 2014.5, 2015.5, 2016.5, 2017.5, 2018.5], "adaptive_substitutions": [0.0, 0.0, 0.0, 0.0, 0.0, 0.0, 0.0, 0.0, 0.0, 0.0, 0.0, 0.0, 0.0, 0.0, 0.0, 0.0, 0.0, 0.0, 0.0, 0.0, 0.0, 0.0, 0.0, 0.0, 0.0, 0.0, 0.7837079810270159, 0.8197566508558466, 0.9045770504530952, 0.8045554045424842, 0.8243782751928762, 0.8305174478196766, 0.7353894051982783, 0.7349893385754369, 0.7116518869870077, 0.665731051790033, 0.7925966941354947, 0.8168024334914414, 1.567875151462582, 2.423083367704681], "adaptive_substitutions_per_codon": [0.0, 0.0, 0.0, 0.0, 0.0, 0.0, 0.0, 0.0, 0.0, 0.0, 0.0, 0.0, 0.0, 0.0, 0.0, 0.0, 0.0, 0.0, 0.0, 0.0, 0.0, 0.0, 0.0, 0.0, 0.0, 0.0, 0.013749262825035366, 0.01438169562904994, 0.015869772814966585, 0.014115007097236565, 0.014462776757769759, 0.014570481540696081, 0.012901568512250498, 0.012894549799569069, 0.012485120824333468, 0.011679492136667245, 0.013905205160271838, 0.014329867254235814, 0.0275065816046067, 0.042510234521134754], "rate_of_adaptation": 0.0005777684915348638}