{"virus": "rsv", "subtype": "B", "gene": "g", "loci_len": 66, "loci_offset": 9, "location": [5301, 5367], "window": 3, "min_seqs": 2, "midfreq_high": 0.75, "midfreq_low": 0.15, "window_midpoint": [1977.5, 1978.5, 1979.5, 1980.5, 1981.5, 1982.5, 1983.5, 1984.5, 1985.5, 1986.5, 1987.5, 1988.5, 1989.5, 1990.5, 1991.5, 1992.5, 1993.5, 1994.5, 1995.5, 1996.5, 1997.5, 1998.5, 2001.5, 2002.5, 2003.5, 2004.5, 2005.5, 2006.5, 2007.5, 2008.5, 2009.5, 2010.5, 2011.5, 2012.5, 2013.5, 2014.5, 2015.5, 2016.5, 2017.5, 2018.5], "adaptive_substitutions": [0.0, 0.0, 0.0, 0.0, 0.0, 0.0, 0.0, 1.356430879219083, 1.6782154396095414, 1.6481748814188493, 0.0, 0.8103938956485873, 0.8370798102701588, 1.611775623839967, 1.5667147865539286, 0.8370798102701588, 1.7769986938887743, 1.7830068055269126, 1.7694885543411012, 1.8370798102701587, 1.8370798102701587, 1.8370798102701587, 3.528091211737324, 3.4765931119818516, 3.443821593955642, 3.5826186114784124, 3.6748607960404205, 3.656836461126005, 3.614426261327381, 3.7067834132984814, 3.744647323529567, 3.086137163224915, 2.9852546916890077, 2.5125392353667926, 2.54402969684471, 2.6104887070034524, 3.5334018876932682, 3.5594297793359457, 3.59316862819377, 3.5585848886368323], "adaptive_substitutions_per_codon": [0.0, 0.0, 0.0, 0.0, 0.0, 0.0, 0.0, 0.020551983018470953, 0.025427506660750627, 0.024972346688164383, 0.0, 0.012278695388614959, 0.01268302742833574, 0.024420842785454044, 0.023738102826574677, 0.01268302742833574, 0.026924222634678398, 0.027015254629195646, 0.026810432641531837, 0.02783454257985089, 0.02783454257985089, 0.02783454257985089, 0.053455927450565516, 0.05267565321184624, 0.052179115059933966, 0.05428210017391534, 0.05567970903091546, 0.05540661304736372, 0.05476403426253607, 0.05616338504997699, 0.0567370806595389, 0.04675965398825629, 0.04523113169225769, 0.03806877629343625, 0.038545904497647124, 0.039552859197022006, 0.05353639223777679, 0.053930754232362814, 0.05444194891202681, 0.053917952858133826], "rate_of_adaptation": 0.0014766781358329351}