{"virus": "rsv", "subtype": "B", "gene": "g", "loci_len": 66, "loci_offset": 9, "location": [4950, 5016], "window": 3, "min_seqs": 2, "midfreq_high": 0.75, "midfreq_low": 0.15, "window_midpoint": [1977.5, 1978.5, 1979.5, 1980.5, 1981.5, 1982.5, 1983.5, 1984.5, 1985.5, 1986.5, 1987.5, 1988.5, 1989.5, 1990.5, 1991.5, 1992.5, 1993.5, 1994.5, 1995.5, 1996.5, 1997.5, 1998.5, 2001.5, 2002.5, 2003.5, 2004.5, 2005.5, 2006.5, 2007.5, 2008.5, 2009.5, 2010.5, 2011.5, 2012.5, 2013.5, 2014.5, 2015.5, 2016.5, 2017.5, 2018.5], "adaptive_substitutions": [0.0, 0.0, 0.0, 0.0, 0.0, 0.0, 0.0, 0.5967553447446209, 0.7983776723723104, 0.6481748814188493, 0.0, 0, 0.0, 0.7746958135698082, 0.7296349762837698, 0.0, 0.6741596205403175, 0.6741596205403175, 0.6741596205403175, 0.6741596205403175, 0.6741596205403175, 0.6741596205403175, 1.5196653212739002, 1.5539973877775486, 1.5758450664616883, 1.6741596205403175, 1.6741596205403175, 1.638110950711487, 1.6423519706913492, 1.6611299808431497, 1.8370798102701587, 1.4185399051350793, 0.9185399051350793, 1.169198794417084, 1.6694576201278615, 1.669477975108002, 1.6667523596165852, 2.032217983089297, 2.12310356455957, 2.148812899566921], "adaptive_substitutions_per_codon": [0.0, 0.0, 0.0, 0.0, 0.0, 0.0, 0.0, 0.009041747647645771, 0.01209663139958046, 0.00982083153664923, 0.0, 0.0, 0.0, 0.011737815357118306, 0.011055075398238938, 0.0, 0.010214539705156326, 0.010214539705156326, 0.010214539705156326, 0.010214539705156326, 0.010214539705156326, 0.010214539705156326, 0.02302523214051364, 0.023545414966326495, 0.023876440400934673, 0.02536605485667148, 0.02536605485667148, 0.024819862889567987, 0.024884120768050744, 0.025168636073381056, 0.02783454257985089, 0.02149302886568302, 0.013917271289925445, 0.017715133248743697, 0.02529481242617972, 0.025295120834969726, 0.025253823630554322, 0.030791181561959043, 0.03216823582666015, 0.03255777120555941], "rate_of_adaptation": 0.0007987431950282021}