{"virus": "rsv", "subtype": "B", "gene": "g", "loci_len": 66, "loci_offset": 9, "location": [5292, 5358], "window": 3, "min_seqs": 2, "midfreq_high": 0.75, "midfreq_low": 0.15, "window_midpoint": [1977.5, 1978.5, 1979.5, 1980.5, 1981.5, 1982.5, 1983.5, 1984.5, 1985.5, 1986.5, 1987.5, 1988.5, 1989.5, 1990.5, 1991.5, 1992.5, 1993.5, 1994.5, 1995.5, 1996.5, 1997.5, 1998.5, 2001.5, 2002.5, 2003.5, 2004.5, 2005.5, 2006.5, 2007.5, 2008.5, 2009.5, 2010.5, 2011.5, 2012.5, 2013.5, 2014.5, 2015.5, 2016.5, 2017.5, 2018.5], "adaptive_substitutions": [0.0, 0.0, 0.0, 0.0, 0.0, 0.0, 0.0, 1.4378909740840036, 1.6782154396095414, 1.6481748814188493, 0.0, 0.8103938956485873, 0.9185399051350793, 1.6932357187048876, 1.648174881418849, 0.9185399051350793, 1.858458788753695, 1.8644669003918333, 1.8509486492060216, 1.9185399051350793, 1.9185399051350793, 1.9185399051350793, 3.6095513066022447, 3.5580532068467723, 3.5252816888205625, 3.664078706343333, 3.756320890905341, 3.7382965559909263, 3.6958863561923017, 3.788243508163402, 3.826107418394488, 3.1675972580898355, 3.066714786553929, 2.5939993302317133, 2.6254897917096307, 2.6919488018683726, 3.614861982558189, 3.6408898742008664, 3.67462872305869, 3.6400449835017525], "adaptive_substitutions_per_codon": [0.0, 0.0, 0.0, 0.0, 0.0, 0.0, 0.0, 0.02178622688006066, 0.025427506660750627, 0.024972346688164383, 0.0, 0.012278695388614959, 0.013917271289925445, 0.025655086647043752, 0.02497234668816438, 0.013917271289925445, 0.028158466496268107, 0.02824949849078535, 0.02804467650312154, 0.029068786441440595, 0.029068786441440595, 0.029068786441440595, 0.05469017131215522, 0.05390989707343594, 0.05341335892152367, 0.055516344035505046, 0.05691395289250517, 0.05664085690895343, 0.055998278124125785, 0.057397628911566696, 0.0579713245211286, 0.04799389784984599, 0.04646537555384741, 0.03930302015502596, 0.03978014835923683, 0.040787103058611704, 0.0547706360993665, 0.05516499809395252, 0.05567619277361652, 0.055152196719723524], "rate_of_adaptation": 0.0015098097793519783}