{"virus": "rsv", "subtype": "B", "gene": "g", "loci_len": 66, "loci_offset": 9, "location": [5562, 5628], "window": 3, "min_seqs": 2, "midfreq_high": 0.75, "midfreq_low": 0.15, "window_midpoint": [1977.5, 1978.5, 1979.5, 1980.5, 1981.5, 1982.5, 1983.5, 1984.5, 1985.5, 1986.5, 1987.5, 1988.5, 1989.5, 1990.5, 1991.5, 1992.5, 1993.5, 1994.5, 1995.5, 1996.5, 1997.5, 1998.5, 2001.5, 2002.5, 2003.5, 2004.5, 2005.5, 2006.5, 2007.5, 2008.5, 2009.5, 2010.5, 2011.5, 2012.5, 2013.5, 2014.5, 2015.5, 2016.5, 2017.5, 2018.5], "adaptive_substitutions": [0.0, 0.0, 0.0, 0.0, 0.0, 0.0, 0.0, 0.5152952498797002, 0.7169175775073897, 0.7018972984120437, 0.0, 1.7022478861620953, 1.9185399051350793, 1.9185399051350793, 1.9185399051350793, 1.8370798102701587, 1.8370798102701587, 1.8370798102701587, 1.8370798102701587, 1.8370798102701587, 1.8370798102701587, 1.8370798102701587, 1.6825855110037415, 1.7169175775073897, 1.6404507021129007, 0.9363847003020634, 0.9459269952567539, 0.9639513301711693, 0.9185399051350793, 0.9185399051350793, 0.9185399051350793, 1.0, 1.0, 1.0, 0.8323778098577026, 0.8323981648378431, 0.911132644211347, 1.0, 1.0, 0.9185399051350793], "adaptive_substitutions_per_codon": [0.0, 0.0, 0.0, 0.0, 0.0, 0.0, 0.0, 0.0078075037860560635, 0.010862387537990754, 0.010634807551697632, 0.0, 0.025791634638819626, 0.029068786441440595, 0.029068786441440595, 0.029068786441440595, 0.02783454257985089, 0.02783454257985089, 0.02783454257985089, 0.02783454257985089, 0.02783454257985089, 0.02783454257985089, 0.02783454257985089, 0.025493719863693053, 0.026013902689505906, 0.024855313668377284, 0.014187646974273688, 0.014332227200859908, 0.014605323184411656, 0.013917271289925445, 0.013917271289925445, 0.013917271289925445, 0.015151515151515152, 0.015151515151515152, 0.015151515151515152, 0.012611784997843978, 0.012612093406633986, 0.013805040063808288, 0.015151515151515152, 0.015151515151515152, 0.013917271289925445], "rate_of_adaptation": 0.000249637851942345}