{"virus": "rsv", "subtype": "B", "gene": "g", "loci_len": 66, "loci_offset": 9, "location": [5139, 5205], "window": 3, "min_seqs": 2, "midfreq_high": 0.75, "midfreq_low": 0.15, "window_midpoint": [1977.5, 1978.5, 1979.5, 1980.5, 1981.5, 1982.5, 1983.5, 1984.5, 1985.5, 1986.5, 1987.5, 1988.5, 1989.5, 1990.5, 1991.5, 1992.5, 1993.5, 1994.5, 1995.5, 1996.5, 1997.5, 1998.5, 2001.5, 2002.5, 2003.5, 2004.5, 2005.5, 2006.5, 2007.5, 2008.5, 2009.5, 2010.5, 2011.5, 2012.5, 2013.5, 2014.5, 2015.5, 2016.5, 2017.5, 2018.5], "adaptive_substitutions": [0.0, 0.0, 0.0, 0.0, 0.0, 0.0, 0.0, 0.5152952498797002, 0.5967553447446209, 0, 0.0, 0.7289338007836668, 0.7556197154052382, 0.7556197154052382, 0.8644669003918333, 0.9508427229606855, 0.9399188836186155, 0.7556197154052382, 0.7556197154052382, 0.7556197154052382, 0.7556197154052382, 0.7556197154052382, 0.7963497628376984, 0.7963497628376984, 0.7963497628376984, 0.7556197154052382, 0.7556197154052382, 0.7556197154052382, 0.7556197154052382, 2.485254691689008, 2.6114250360899156, 2.255619715405238, 2.485254691689008, 0.8370798102701588, 0.8778098577026191, 0.8778098577026191, 0.8778098577026191, 0.8778098577026191, 0.8778098577026191, 0.9143154516395133], "adaptive_substitutions_per_codon": [0.0, 0.0, 0.0, 0.0, 0.0, 0.0, 0.0, 0.0078075037860560635, 0.009041747647645771, 0.0, 0.0, 0.011044451527025254, 0.011448783566746033, 0.011448783566746033, 0.013097983339270201, 0.01440670792364675, 0.01424119520634266, 0.011448783566746033, 0.011448783566746033, 0.011448783566746033, 0.011448783566746033, 0.011448783566746033, 0.012065905497540885, 0.012065905497540885, 0.012065905497540885, 0.011448783566746033, 0.011448783566746033, 0.011448783566746033, 0.011448783566746033, 0.03765537411650012, 0.039567046001362356, 0.03417605629401876, 0.03765537411650012, 0.01268302742833574, 0.013300149359130592, 0.013300149359130592, 0.013300149359130592, 0.013300149359130592, 0.013300149359130592, 0.013853264418780506], "rate_of_adaptation": 0.0005150278928761548}