{"virus": "rsv", "subtype": "A", "gene": "g", "loci_len": 66, "loci_offset": 9, "location": [5571, 5637], "window": 3, "min_seqs": 2, "midfreq_high": 0.75, "midfreq_low": 0.15, "window_midpoint": [1978.5, 1979.5, 1980.5, 1981.5, 1982.5, 1983.5, 1984.5, 1985.5, 1986.5, 1987.5, 1988.5, 1989.5, 1990.5, 1991.5, 1992.5, 1993.5, 1994.5, 1995.5, 1996.5, 1997.5, 1998.5, 1999.5, 2000.5, 2001.5, 2002.5, 2003.5, 2004.5, 2005.5, 2006.5, 2007.5, 2008.5, 2009.5, 2010.5, 2011.5, 2012.5, 2013.5, 2014.5, 2015.5, 2016.5, 2017.5, 2018.5], "adaptive_substitutions": [0.0, 0.0, 0.0, 0.0, 0.0, 0.0, 0.0, 0.0, 0.0, 0.0, 0.0, 0.0, 0.0, 0.8741431019708654, 0.9328763210511283, 0.0, 0.0, 0.0, 0.0, 0.0, 0.0, 0.0, 0.8238003427592117, 0.8898752142245073, 0.8958425671483025, 0.9496572407883461, 0.8741431019708654, 0.0, 0.0, 0.8433780824526326, 0.9121535745300001, 1.7471773325934568, 1.83532742313945, 1.8900362938721553, 1.8922429234265605, 1.8869111930752704, 2.6768119161720993, 2.7774320119063725, 2.0, 2.748286203941731, 2.7847664642400307], "adaptive_substitutions_per_codon": [0.0, 0.0, 0.0, 0.0, 0.0, 0.0, 0.0, 0.0, 0.0, 0.0, 0.0, 0.0, 0.0, 0.02428175283252404, 0.02591323114030912, 0.0, 0.0, 0.0, 0.0, 0.0, 0.0, 0.0, 0.022883342854422548, 0.02471875595068076, 0.024884515754119513, 0.02637936779967628, 0.02428175283252404, 0.0, 0.0, 0.02342716895701757, 0.025337599292500002, 0.04853270368315157, 0.05098131730942917, 0.052501008163115426, 0.05256230342851557, 0.0524141998076464, 0.07435588656033609, 0.07715088921962146, 0.05555555555555555, 0.07634128344282586, 0.07735462400666752], "rate_of_adaptation": 0.001826635417447342}