{"virus": "rsv", "subtype": "A", "gene": "g", "loci_len": 66, "loci_offset": 9, "location": [5409, 5475], "window": 3, "min_seqs": 2, "midfreq_high": 0.75, "midfreq_low": 0.15, "window_midpoint": [1978.5, 1979.5, 1980.5, 1981.5, 1982.5, 1983.5, 1984.5, 1985.5, 1986.5, 1987.5, 1988.5, 1989.5, 1990.5, 1991.5, 1992.5, 1993.5, 1994.5, 1995.5, 1996.5, 1997.5, 1998.5, 1999.5, 2000.5, 2001.5, 2002.5, 2003.5, 2004.5, 2005.5, 2006.5, 2007.5, 2008.5, 2009.5, 2010.5, 2011.5, 2012.5, 2013.5, 2014.5, 2015.5, 2016.5, 2017.5, 2018.5], "adaptive_substitutions": [0.0, 0.0, 0.0, 0.0, 0.0, 0.8321908026278206, 0.9280817725547803, 0.8815464489137557, 0.7986289631533848, 0.0, 0.0, 0.0, 0.0, 2.6224293059125965, 2.7986289631533845, 0.0, 0.0, 0.0, 0.0, 0.0, 0.0, 0.0, 1.6727720651242501, 2.65389353041988, 2.6759546533502743, 2.8825335618394745, 2.647600685518423, 1.5972579263067697, 0.0, 2.467342664000762, 2.6282442791992313, 2.7403221483603803, 2.795537723534264, 2.8213265249421666, 2.8045699317634045, 2.8034474622157646, 3.626450643731421, 3.6433951201912236, 2.88808166610782, 2.47026174339799, 2.7560231238279744], "adaptive_substitutions_per_codon": [0.0, 0.0, 0.0, 0.0, 0.0, 0.012608951554966979, 0.014061845038708793, 0.013356764377481147, 0.012100438835657345, 0.0, 0.0, 0.0, 0.0, 0.03973377736231207, 0.042403469138687644, 0.0, 0.0, 0.0, 0.0, 0.0, 0.0, 0.0, 0.025345031289761365, 0.04021050803666485, 0.040544767475004156, 0.043674750936961736, 0.04011516190179429, 0.02420087767131469, 0.0, 0.0373839797575873, 0.03982188301817017, 0.041520032550914854, 0.04235663217476158, 0.04274737159003283, 0.04249348381459704, 0.04247647670023886, 0.054946221874718496, 0.05520295636653369, 0.04375881312284576, 0.03742820823330288, 0.041757926118605675], "rate_of_adaptation": 0.001282850214841925}