{"virus": "rsv", "subtype": "A", "gene": "g", "loci_len": 66, "loci_offset": 9, "location": [4941, 5007], "window": 3, "min_seqs": 2, "midfreq_high": 0.75, "midfreq_low": 0.15, "window_midpoint": [1978.5, 1979.5, 1980.5, 1981.5, 1982.5, 1983.5, 1984.5, 1985.5, 1986.5, 1987.5, 1988.5, 1989.5, 1990.5, 1991.5, 1992.5, 1993.5, 1994.5, 1995.5, 1996.5, 1997.5, 1998.5, 1999.5, 2000.5, 2001.5, 2002.5, 2003.5, 2004.5, 2005.5, 2006.5, 2007.5, 2008.5, 2009.5, 2010.5, 2011.5, 2012.5, 2013.5, 2014.5, 2015.5, 2016.5, 2017.5, 2018.5], "adaptive_substitutions": [0.0, 0.0, 0.0, 0.0, 0.0, 0.0, 0.0, 0.0, 0.0, 0.0, 0.0, 0.0, 0.0, 1.61557412167952, 2.5904027420736933, 0.0, 0.0, 0.0, 0.0, 0.0, 0.0, 0.0, 2.414203084832905, 2.631306233933162, 2.657526421022565, 2.842116538131962, 2.6155741216795203, 0.8389031705227078, 0.0, 0.7470246596210607, 0.783664878107693, 0.8866931663325897, 0.9319807157901481, 0.9793993525009432, 0.9864099984810838, 0.9894967897370938, 1.0, 1.0, 0.9581237658805558, 0.878729453922256, 0.8326316704544043], "adaptive_substitutions_per_codon": [0.0, 0.0, 0.0, 0.0, 0.0, 0.0, 0.0, 0.0, 0.0, 0.0, 0.0, 0.0, 0.0, 0.024478395783023032, 0.03924852639505596, 0.0, 0.0, 0.0, 0.0, 0.0, 0.0, 0.0, 0.036578834618680375, 0.039868276271714576, 0.04026555183367523, 0.043062371789878214, 0.03962991093453819, 0.012710654098828905, 0.0, 0.01131855544880395, 0.011873710274358986, 0.013434744944433176, 0.014120919936214366, 0.014839384128802171, 0.01494560603759218, 0.014992375602077179, 0.015151515151515152, 0.015151515151515152, 0.014517026755765997, 0.013314082635185697, 0.012615631370521277], "rate_of_adaptation": 0.0005087997920740264}