{"virus": "rsv", "subtype": "A", "gene": "g", "loci_len": 66, "loci_offset": 9, "location": [5139, 5205], "window": 3, "min_seqs": 2, "midfreq_high": 0.75, "midfreq_low": 0.15, "window_midpoint": [1978.5, 1979.5, 1980.5, 1981.5, 1982.5, 1983.5, 1984.5, 1985.5, 1986.5, 1987.5, 1988.5, 1989.5, 1990.5, 1991.5, 1992.5, 1993.5, 1994.5, 1995.5, 1996.5, 1997.5, 1998.5, 1999.5, 2000.5, 2001.5, 2002.5, 2003.5, 2004.5, 2005.5, 2006.5, 2007.5, 2008.5, 2009.5, 2010.5, 2011.5, 2012.5, 2013.5, 2014.5, 2015.5, 2016.5, 2017.5, 2018.5], "adaptive_substitutions": [0.0, 0.0, 0.0, 0.0, 0.0, 0.0, 0.0, 0.0, 0.0, 0.0, 0.0, 0.0, 0.0, 0.0, 0.0, 0.0, 0.0, 0.0, 0.0, 0.0, 0.0, 0.0, 0.7734575835475579, 0.8584109897172236, 0.8726964709590364, 0.9496572407883461, 0.8741431019708654, 0.0, 0.0, 0.8365228982195563, 0.8984432060638475, 0.9084666810112152, 0.9392403238594047, 0.9416168759194107, 0.9391459105329677, 0.9352172671162277, 0.9365683878680165, 0.9931448157669237, 0.9862896315338475, 0.9931448157669237, 1.0], "adaptive_substitutions_per_codon": [0.0, 0.0, 0.0, 0.0, 0.0, 0.0, 0.0, 0.0, 0.0, 0.0, 0.0, 0.0, 0.0, 0.0, 0.0, 0.0, 0.0, 0.0, 0.0, 0.0, 0.0, 0.0, 0.011719054296175119, 0.013006227116927631, 0.013222673802409641, 0.014388746072550699, 0.013244592454104021, 0.0, 0.0, 0.012674589366962974, 0.013612775849452235, 0.013764646681988109, 0.014230913997869769, 0.014266922362415313, 0.014229483492923753, 0.014169958592670116, 0.014190430119212371, 0.015047648723741269, 0.014943782295967387, 0.015047648723741269, 0.015151515151515152], "rate_of_adaptation": 0.0004838245075497959}