{"virus": "rsv", "subtype": "B", "gene": "g", "loci_len": 66, "loci_offset": 9, "location": [5571, 5637], "window": 3, "min_seqs": 2, "midfreq_high": 0.75, "midfreq_low": 0.15, "window_midpoint": [1977.5, 1978.5, 1979.5, 1980.5, 1981.5, 1982.5, 1983.5, 1984.5, 1985.5, 1986.5, 1987.5, 1988.5, 1989.5, 1990.5, 1991.5, 1992.5, 1993.5, 1994.5, 1995.5, 1996.5, 1997.5, 1998.5, 2001.5, 2002.5, 2003.5, 2004.5, 2005.5, 2006.5, 2007.5, 2008.5, 2009.5, 2010.5, 2011.5, 2012.5, 2013.5, 2014.5, 2015.5, 2016.5, 2017.5, 2018.5], "adaptive_substitutions": [0.0, 0.0, 0.0, 0.0, 0.0, 0.0, 0.0, 1.1935106894892418, 1.5152952498797, 1.3500721798308928, 0.0, 1.7022478861620953, 1.9185399051350793, 2.4037945968240875, 1.9185399051350793, 1.8370798102701587, 2.3370798102701587, 2.3370798102701587, 2.3370798102701587, 2.36376572489173, 2.5259847391214683, 2.3370798102701587, 2.8614245450706575, 2.9300886780779543, 2.8754694813676047, 2.773464510572222, 2.7830068055269126, 2.801031140441328, 2.8052721604211905, 2.324050170572991, 2.31859331292204, 2.3209386148244135, 2.81091545313633, 2.8271581580236917, 2.8276758094452465, 2.3323981648378433, 2.4111326442113468, 3.776598267684059, 3.3860496876927857, 3.4100909981439473], "adaptive_substitutions_per_codon": [0.0, 0.0, 0.0, 0.0, 0.0, 0.0, 0.0, 0.018083495295291543, 0.022959018937571213, 0.02045563908834686, 0.0, 0.025791634638819626, 0.029068786441440595, 0.036421130254910415, 0.029068786441440595, 0.02783454257985089, 0.03541030015560846, 0.03541030015560846, 0.03541030015560846, 0.035814632195329245, 0.03827249604729498, 0.03541030015560846, 0.04335491734955542, 0.044395283001181125, 0.04356771941466068, 0.042022189554124574, 0.042166769780710794, 0.04243986576426254, 0.04250412364274531, 0.035212881372318046, 0.03513020171094, 0.03516573658824869, 0.04258962807782318, 0.04283572966702563, 0.042843572870382526, 0.035339366133906716, 0.03653231279108101, 0.05722118587400089, 0.05130378314686039, 0.05166804542642345], "rate_of_adaptation": 0.001164909044182205}