{"virus": "rsv", "subtype": "B", "gene": "g", "loci_len": 66, "loci_offset": 9, "location": [5130, 5196], "window": 3, "min_seqs": 2, "midfreq_high": 0.75, "midfreq_low": 0.15, "window_midpoint": [1977.5, 1978.5, 1979.5, 1980.5, 1981.5, 1982.5, 1983.5, 1984.5, 1985.5, 1986.5, 1987.5, 1988.5, 1989.5, 1990.5, 1991.5, 1992.5, 1993.5, 1994.5, 1995.5, 1996.5, 1997.5, 1998.5, 2001.5, 2002.5, 2003.5, 2004.5, 2005.5, 2006.5, 2007.5, 2008.5, 2009.5, 2010.5, 2011.5, 2012.5, 2013.5, 2014.5, 2015.5, 2016.5, 2017.5, 2018.5], "adaptive_substitutions": [0.0, 0.0, 0.0, 0.0, 0.0, 0.0, 0.0, 1.4378909740840036, 1.5580532068467723, 0.7833573932769643, 0.0, 1.7022478861620953, 1.9185399051350793, 1.9185399051350793, 1.7830068055269126, 1.8693826280957648, 1.858458788753695, 1.9185399051350793, 1.9185399051350793, 1.9185399051350793, 1.9185399051350793, 1.9185399051350793, 1.9185399051350793, 1.9185399051350793, 1.9185399051350793, 1.8549246054371427, 1.8644669003918333, 1.8824912353062486, 1.9185399051350793, 3.648174881418849, 3.7743452258197565, 3.4185399051350793, 3.648174881418849, 1.9135790790118459, 1.909135904310167, 1.9091766142704478, 1.911132644211347, 1.9185399051350793, 1.9185399051350793, 1.9143154516395133], "adaptive_substitutions_per_codon": [0.0, 0.0, 0.0, 0.0, 0.0, 0.0, 0.0, 0.02178622688006066, 0.02360686677040564, 0.011869051413287339, 0.0, 0.025791634638819626, 0.029068786441440595, 0.029068786441440595, 0.027015254629195646, 0.028323979213572194, 0.028158466496268107, 0.029068786441440595, 0.029068786441440595, 0.029068786441440595, 0.029068786441440595, 0.029068786441440595, 0.029068786441440595, 0.029068786441440595, 0.029068786441440595, 0.02810491826419913, 0.02824949849078535, 0.0285225944743371, 0.029068786441440595, 0.05527537699119468, 0.05718704887605692, 0.051796059168713326, 0.05527537699119468, 0.028993622409270392, 0.028926301580457076, 0.02892691839803709, 0.028956555215323438, 0.029068786441440595, 0.029068786441440595, 0.029004779570295656], "rate_of_adaptation": 0.0008888503748223788}