{"virus": "rsv", "subtype": "A", "gene": "g", "loci_len": 66, "loci_offset": 9, "location": [5427, 5493], "window": 3, "min_seqs": 2, "midfreq_high": 0.75, "midfreq_low": 0.15, "window_midpoint": [1978.5, 1979.5, 1980.5, 1981.5, 1982.5, 1983.5, 1984.5, 1985.5, 1986.5, 1987.5, 1988.5, 1989.5, 1990.5, 1991.5, 1992.5, 1993.5, 1994.5, 1995.5, 1996.5, 1997.5, 1998.5, 1999.5, 2000.5, 2001.5, 2002.5, 2003.5, 2004.5, 2005.5, 2006.5, 2007.5, 2008.5, 2009.5, 2010.5, 2011.5, 2012.5, 2013.5, 2014.5, 2015.5, 2016.5, 2017.5, 2018.5], "adaptive_substitutions": [0.0, 0.0, 0.0, 0.0, 0.0, 0.8321908026278206, 0.9280817725547803, 0.8815464489137557, 0.7986289631533848, 0.0, 0.0, 0.0, 0.0, 2.6155741216795203, 2.7986289631533845, 0.0, 0.0, 0.0, 0.0, 0.0, 0.0, 0.0, 1.6659168808911737, 2.647038346186804, 2.669099469117198, 2.8756783776063983, 2.640745501285347, 1.5904027420736933, 0.0, 3.3107207464533945, 3.5403978537292318, 3.6649188966777273, 3.7437834850923766, 3.773217403511235, 3.7473239848337645, 3.7377829936788247, 4.558083933690903, 4.632796644567717, 3.88808166610782, 3.47026174339799, 3.7560231238279744], "adaptive_substitutions_per_codon": [0.0, 0.0, 0.0, 0.0, 0.0, 0.012608951554966979, 0.014061845038708793, 0.013356764377481147, 0.012100438835657345, 0.0, 0.0, 0.0, 0.0, 0.03962991093453819, 0.042403469138687644, 0.0, 0.0, 0.0, 0.0, 0.0, 0.0, 0.0, 0.02524116486198748, 0.04010664160889097, 0.04044090104723028, 0.043570884509187856, 0.04001129547402041, 0.024097011243540807, 0.0, 0.05016243555232416, 0.05364239172317018, 0.055529074192086775, 0.05672399219836934, 0.05716996065926114, 0.056777636133844914, 0.056633075661800376, 0.0690618777831955, 0.07019388855405632, 0.058910328274360914, 0.05257972338481803, 0.05690944127012083], "rate_of_adaptation": 0.0017221873436112773}