{"virus": "rsv", "subtype": "A", "gene": "g", "loci_len": 66, "loci_offset": 9, "location": [5319, 5385], "window": 3, "min_seqs": 2, "midfreq_high": 0.75, "midfreq_low": 0.15, "window_midpoint": [1978.5, 1979.5, 1980.5, 1981.5, 1982.5, 1983.5, 1984.5, 1985.5, 1986.5, 1987.5, 1988.5, 1989.5, 1990.5, 1991.5, 1992.5, 1993.5, 1994.5, 1995.5, 1996.5, 1997.5, 1998.5, 1999.5, 2000.5, 2001.5, 2002.5, 2003.5, 2004.5, 2005.5, 2006.5, 2007.5, 2008.5, 2009.5, 2010.5, 2011.5, 2012.5, 2013.5, 2014.5, 2015.5, 2016.5, 2017.5, 2018.5], "adaptive_substitutions": [0.0, 0.0, 0.0, 0.0, 0.0, 0.0, 0.0, 0.0, 0.0, 0.0, 0.0, 0.0, 0.0, 0.8741431019708654, 0.9328763210511283, 0.0, 0.0, 0.0, 0.0, 0.0, 0.0, 0.0, 0.8489717223650385, 0.8898752142245073, 0.8958425671483025, 0.9496572407883461, 0.8993144815766924, 0.7583547557840618, 0.0, 1.635151861372941, 1.7971797127953857, 1.8112899146499364, 1.8755215465808168, 1.8864527181904, 1.902186948949277, 1.8803111589799866, 2.6936334988944957, 2.8416542641951925, 2.865616035170076, 2.9451098387473706, 2.9320101089129813], "adaptive_substitutions_per_codon": [0.0, 0.0, 0.0, 0.0, 0.0, 0.0, 0.0, 0.0, 0.0, 0.0, 0.0, 0.0, 0.0, 0.013244592454104021, 0.014134489712895883, 0.0, 0.0, 0.0, 0.0, 0.0, 0.0, 0.0, 0.012863207914621795, 0.013482957791280415, 0.013573372229519735, 0.014388746072550699, 0.013625976993586248, 0.011490223572485784, 0.0, 0.024775028202620317, 0.027229995648414936, 0.027443786585605097, 0.028416993130012377, 0.028582616942278788, 0.02882101437801935, 0.02848956301484828, 0.04081262877112872, 0.0430553676393211, 0.04341842477530418, 0.04462287634465713, 0.044424395589590625], "rate_of_adaptation": 0.0011185454382531673}