{"virus": "rsv", "subtype": "B", "gene": "g", "loci_len": 66, "loci_offset": 9, "location": [4941, 5007], "window": 3, "min_seqs": 2, "midfreq_high": 0.75, "midfreq_low": 0.15, "window_midpoint": [1977.5, 1978.5, 1979.5, 1980.5, 1981.5, 1982.5, 1983.5, 1984.5, 1985.5, 1986.5, 1987.5, 1988.5, 1989.5, 1990.5, 1991.5, 1992.5, 1993.5, 1994.5, 1995.5, 1996.5, 1997.5, 1998.5, 2001.5, 2002.5, 2003.5, 2004.5, 2005.5, 2006.5, 2007.5, 2008.5, 2009.5, 2010.5, 2011.5, 2012.5, 2013.5, 2014.5, 2015.5, 2016.5, 2017.5, 2018.5], "adaptive_substitutions": [0.0, 0.0, 0.0, 0.0, 0.0, 0.0, 0.0, 0.5967553447446209, 0.7983776723723104, 0.6481748814188493, 0.0, 0, 0.0, 0.7746958135698082, 0.7296349762837698, 0.0, 0.6741596205403175, 0.6741596205403175, 0.6741596205403175, 0.6741596205403175, 0.6741596205403175, 0.6741596205403175, 0.7640456058686621, 0.7983776723723104, 0.8202253510564502, 0.6741596205403175, 0.6741596205403175, 0.7556197154052382, 0.8370798102701588, 0.8370798102701588, 0.8370798102701588, 0.8370798102701588, 0.4185399051350794, 0.669198794417084, 0.750917714992782, 0.9138582597027638, 0.7222969288965102, 0.3031088884306042, 0.33707981027015876, 0.33707981027015876], "adaptive_substitutions_per_codon": [0.0, 0.0, 0.0, 0.0, 0.0, 0.0, 0.0, 0.009041747647645771, 0.01209663139958046, 0.00982083153664923, 0.0, 0.0, 0.0, 0.011737815357118306, 0.011055075398238938, 0.0, 0.010214539705156326, 0.010214539705156326, 0.010214539705156326, 0.010214539705156326, 0.010214539705156326, 0.010214539705156326, 0.011576448573767608, 0.01209663139958046, 0.01242765683418864, 0.010214539705156326, 0.010214539705156326, 0.011448783566746033, 0.01268302742833574, 0.01268302742833574, 0.01268302742833574, 0.01268302742833574, 0.00634151371416787, 0.01013937567298612, 0.011377541136254273, 0.013846337268223693, 0.010943892862068337, 0.004592558915615215, 0.005107269852578163, 0.005107269852578163], "rate_of_adaptation": 0.00023392276221956016}