{"virus": "rsv", "subtype": "B", "gene": "g", "loci_len": 66, "loci_offset": 9, "location": [5346, 5412], "window": 3, "min_seqs": 2, "midfreq_high": 0.75, "midfreq_low": 0.15, "window_midpoint": [1977.5, 1978.5, 1979.5, 1980.5, 1981.5, 1982.5, 1983.5, 1984.5, 1985.5, 1986.5, 1987.5, 1988.5, 1989.5, 1990.5, 1991.5, 1992.5, 1993.5, 1994.5, 1995.5, 1996.5, 1997.5, 1998.5, 2001.5, 2002.5, 2003.5, 2004.5, 2005.5, 2006.5, 2007.5, 2008.5, 2009.5, 2010.5, 2011.5, 2012.5, 2013.5, 2014.5, 2015.5, 2016.5, 2017.5, 2018.5], "adaptive_substitutions": [0.0, 0.0, 0.0, 0.0, 0.0, 0.0, 0.0, 1.4378909740840036, 1.759675534474462, 1.72963497628377, 0.0, 0.891853990513508, 0.9185399051350793, 2.4228706949886574, 1.648174881418849, 0.9185399051350793, 1.858458788753695, 1.8644669003918333, 1.8509486492060216, 1.9185399051350793, 1.9185399051350793, 1.9185399051350793, 3.6095513066022447, 3.5580532068467723, 3.5252816888205625, 3.7276940060412698, 3.810393895648587, 3.846442565477418, 3.886732255286111, 3.8664213463464083, 3.8723236617647836, 3.886257514243589, 3.8138824765997645, 3.7080983310660858, 3.6678077954217363, 3.720038674462267, 3.725970896414174, 3.6947875850690863, 3.6999221997898775, 3.6922529129717465], "adaptive_substitutions_per_codon": [0.0, 0.0, 0.0, 0.0, 0.0, 0.0, 0.0, 0.02178622688006066, 0.026661750522340332, 0.02620659054975409, 0.0, 0.013512939250204666, 0.013917271289925445, 0.036710162045282685, 0.02497234668816438, 0.013917271289925445, 0.028158466496268107, 0.02824949849078535, 0.02804467650312154, 0.029068786441440595, 0.029068786441440595, 0.029068786441440595, 0.05469017131215522, 0.05390989707343594, 0.05341335892152367, 0.05648021221274651, 0.057733240843160415, 0.05827943281026391, 0.05888988265585017, 0.058582141611309216, 0.05867157063279975, 0.05888268960975135, 0.05778609813029946, 0.05618330804645585, 0.05557284538517782, 0.05636422234033738, 0.05645410449112385, 0.05598163007680434, 0.0560594272695436, 0.055943225954117375], "rate_of_adaptation": 0.001682413902801557}