{"virus": "vic", "subtype": null, "gene": "ha", "loci_len": 66, "loci_offset": 9, "location": [407, 473], "window": 3, "min_seqs": 2, "midfreq_high": 0.75, "midfreq_low": 0.15, "window_midpoint": [1970.5, 1971.5, 1972.5, 1973.5, 1974.5, 1975.5, 1976.5, 1977.5, 1978.5, 1979.5, 1980.5, 1981.5, 1982.5, 1983.5, 1984.5, 1985.5, 1986.5, 1987.5, 1988.5, 1989.5, 1990.5, 1991.5, 1992.5, 1993.5, 1994.5, 1995.5, 1996.5, 1997.5, 1998.5, 1999.5, 2000.5, 2001.5, 2002.5, 2003.5, 2004.5, 2005.5, 2006.5, 2007.5, 2008.5, 2009.5, 2010.5, 2011.5, 2012.5, 2013.5, 2014.5, 2015.5, 2016.5, 2017.5, 2018.5, 2019.5, 2020.5], "adaptive_substitutions": [0.0, 0.0, 0.7998562185478074, 0.7998562185478074, 0.7498202731847592, 0.0, 0.0, 0.0, 0.0, 0.0, 0.0, 0.0, 0.0, 0.0, 0.8332135154565061, 0.8332135154565061, 1.0, 1.0, 1.0, 1.7998562185478075, 1.5, 1.5, 1.4996405463695184, 1.4996405463695184, 1.4996405463695184, 1.4996405463695184, 1.4996405463695184, 1.4992810927390368, 1.4992810927390368, 1.4992810927390368, 1.970689123960152, 1.9851864602424034, 1.9884539136875585, 1.9996405463695184, 1.9996405463695184, 1.992460240921604, 1.9919911208647068, 1.9919911208647068, 1.998921639108555, 1.4992810927390368, 1.498921639108555, 0.998921639108555, 0.998921639108555, 1.4921608516756657, 1.992103615407806, 1.9926726759940276, 1.998921639108555, 1.9982027318475917, 1.9992810927390368, 1.9992810927390368, 1.9986820033549006], "adaptive_substitutions_per_codon": [0.0, 0.0, 0.012119033614360718, 0.012119033614360718, 0.01136091323007211, 0.0, 0.0, 0.0, 0.0, 0.0, 0.0, 0.0, 0.0, 0.0, 0.012624447203886457, 0.012624447203886457, 0.015151515151515152, 0.015151515151515152, 0.015151515151515152, 0.027270548765875872, 0.022727272727272728, 0.022727272727272728, 0.02272182646014422, 0.02272182646014422, 0.02272182646014422, 0.02272182646014422, 0.02272182646014422, 0.02271638019301571, 0.02271638019301571, 0.02271638019301571, 0.029858926120608364, 0.030078582730945505, 0.030128089601326645, 0.030297584035901794, 0.030297584035901794, 0.03018879152911521, 0.030181683649465253, 0.030181683649465253, 0.030286691501644772, 0.02271638019301571, 0.022710933925887196, 0.015135176350129622, 0.015135176350129622, 0.0226084977526616, 0.030183388112239484, 0.030192010242333752, 0.030286691501644772, 0.030275798967387753, 0.030292137768773285, 0.030292137768773285, 0.030283060656892433], "rate_of_adaptation": 0.0006317489763350423}