{"virus": "vic", "subtype": null, "gene": "ha", "loci_len": 66, "loci_offset": 9, "location": [362, 428], "window": 3, "min_seqs": 2, "midfreq_high": 0.75, "midfreq_low": 0.15, "window_midpoint": [1970.5, 1971.5, 1972.5, 1973.5, 1974.5, 1975.5, 1976.5, 1977.5, 1978.5, 1979.5, 1980.5, 1981.5, 1982.5, 1983.5, 1984.5, 1985.5, 1986.5, 1987.5, 1988.5, 1989.5, 1990.5, 1991.5, 1992.5, 1993.5, 1994.5, 1995.5, 1996.5, 1997.5, 1998.5, 1999.5, 2000.5, 2001.5, 2002.5, 2003.5, 2004.5, 2005.5, 2006.5, 2007.5, 2008.5, 2009.5, 2010.5, 2011.5, 2012.5, 2013.5, 2014.5, 2015.5, 2016.5, 2017.5, 2018.5, 2019.5, 2020.5], "adaptive_substitutions": [0.0, 0.0, 0.0, 0.0, 0.7498202731847592, 0.0, 0.0, 0.0, 0.0, 0.0, 0.0, 0.0, 0.0, 0.0, 0.8324946081955428, 0.8324946081955428, 0.9992810927390366, 1.0, 1.0, 1.0, 1.0, 1.0, 1.0, 1.799137311286844, 1.7498202731847592, 1.7498202731847592, 1.7998562185478075, 1.9296908698777857, 1.891066631351924, 1.7893223353134813, 1.8834754031015712, 1.9696540132238436, 1.9985621854780733, 1.99784327821711, 2.003604880294183, 1.9964054636951833, 1.9905533063427798, 1.9905533063427798, 1.9985621854780733, 1.4985621854780733, 1.4985621854780733, 1.490419614817057, 1.4904471904276182, 1.4896446762622941, 1.99784327821711, 1.9985621854780733, 2.816115759364914, 2.949133195405579, 2.9794285357064716, 2.978454135852119, 2.983930308284349], "adaptive_substitutions_per_codon": [0.0, 0.0, 0.0, 0.0, 0.01136091323007211, 0.0, 0.0, 0.0, 0.0, 0.0, 0.0, 0.0, 0.0, 0.0, 0.012613554669629436, 0.012613554669629436, 0.015140622617258131, 0.015151515151515152, 0.015151515151515152, 0.015151515151515152, 0.015151515151515152, 0.015151515151515152, 0.015151515151515152, 0.02725965623161885, 0.02651242838158726, 0.02651242838158726, 0.027270548765875872, 0.029237740452693724, 0.028652524717453394, 0.027110944474446685, 0.028537506107599565, 0.02984324262460369, 0.030281245234516262, 0.030270352700259243, 0.030357649701427014, 0.030248567631745202, 0.030159898580951208, 0.030159898580951208, 0.030281245234516262, 0.022705487658758686, 0.022705487658758686, 0.022582115376016013, 0.022582533188297244, 0.02257037388276203, 0.030270352700259243, 0.030281245234516262, 0.04266842059643809, 0.04468383629402393, 0.045142856601613206, 0.045128092967456346, 0.04521106527703559], "rate_of_adaptation": 0.000870563375491373}