{"virus": "vic", "subtype": null, "gene": "ha", "loci_len": 66, "loci_offset": 9, "location": [596, 662], "window": 3, "min_seqs": 2, "midfreq_high": 0.75, "midfreq_low": 0.15, "window_midpoint": [1970.5, 1971.5, 1972.5, 1973.5, 1974.5, 1975.5, 1976.5, 1977.5, 1978.5, 1979.5, 1980.5, 1981.5, 1982.5, 1983.5, 1984.5, 1985.5, 1986.5, 1987.5, 1988.5, 1989.5, 1990.5, 1991.5, 1992.5, 1993.5, 1994.5, 1995.5, 1996.5, 1997.5, 1998.5, 1999.5, 2000.5, 2001.5, 2002.5, 2003.5, 2004.5, 2005.5, 2006.5, 2007.5, 2008.5, 2009.5, 2010.5, 2011.5, 2012.5, 2013.5, 2014.5, 2015.5, 2016.5, 2017.5, 2018.5, 2019.5, 2020.5], "adaptive_substitutions": [0.0, 0.0, 0.0, 0.0, 0.0, 0.0, 0.0, 0.0, 0.0, 0.0, 0.0, 0.0, 0.0, 0.0, 0.0, 0.0, 0.8749101365923796, 0.8999281092739037, 0.785560234158365, 0.0, 0.0, 1.7056709096291283, 1.3999281092739038, 1.2498202731847592, 0.5, 0.5, 0.5, 1.4325664989216391, 1.3412728442241477, 0.5, 1.8277292800657285, 1.9429025627525036, 1.9797834564189705, 1.991275341480949, 2.0, 2.0, 1.9996405463695184, 1.9996405463695184, 1.9763680136425192, 1.970851578328214, 1.971069907806069, 1.9932952438609104, 1.9926039122105081, 1.9765513865732598, 1.9762061126547108, 1.9785057147917775, 1.9935667016903538, 1.994023740403137, 1.988519810137039, 1.9747243595675166, 1.9323381401446273], "adaptive_substitutions_per_codon": [0.0, 0.0, 0.0, 0.0, 0.0, 0.0, 0.0, 0.0, 0.0, 0.0, 0.0, 0.0, 0.0, 0.0, 0.0, 0.0, 0.01325621419079363, 0.013635274382937934, 0.011902427790278256, 0.0, 0.0, 0.025843498630744366, 0.02121103195869551, 0.018936670805829683, 0.007575757575757576, 0.007575757575757576, 0.007575757575757576, 0.021705553013964228, 0.020322315821577997, 0.007575757575757576, 0.027692867879783766, 0.029437917617462176, 0.02999671903665107, 0.030170838507287107, 0.030303030303030304, 0.030303030303030304, 0.030297584035901794, 0.030297584035901794, 0.029944969903674533, 0.029861387550427484, 0.029864695572819226, 0.030201443088801672, 0.03019096836682588, 0.029947748281413028, 0.02994251685840471, 0.02997735931502693, 0.030205556086217483, 0.030212480915199045, 0.03012908803237938, 0.02992006605405328, 0.02927785060825193], "rate_of_adaptation": 0.00081976649394082}