{"virus": "vic", "subtype": null, "gene": "ha", "loci_len": 66, "loci_offset": 9, "location": [263, 329], "window": 3, "min_seqs": 2, "midfreq_high": 0.75, "midfreq_low": 0.15, "window_midpoint": [1970.5, 1971.5, 1972.5, 1973.5, 1974.5, 1975.5, 1976.5, 1977.5, 1978.5, 1979.5, 1980.5, 1981.5, 1982.5, 1983.5, 1984.5, 1985.5, 1986.5, 1987.5, 1988.5, 1989.5, 1990.5, 1991.5, 1992.5, 1993.5, 1994.5, 1995.5, 1996.5, 1997.5, 1998.5, 1999.5, 2000.5, 2001.5, 2002.5, 2003.5, 2004.5, 2005.5, 2006.5, 2007.5, 2008.5, 2009.5, 2010.5, 2011.5, 2012.5, 2013.5, 2014.5, 2015.5, 2016.5, 2017.5, 2018.5, 2019.5, 2020.5], "adaptive_substitutions": [0.0, 0.0, 0.0, 0.0, 0.0, 0.0, 0.0, 0.0, 0.0, 0.0, 0.0, 0.0, 0.0, 0.0, 0.0, 0.0, 0.0, 0.0, 0.0, 0.0, 0.0, 0.8226836385165137, 0.8484543493889288, 0.8491732566498922, 0.7998562185478074, 0.8749101365923796, 0.866570812365205, 1.8651329978432782, 1.5, 1.4473305838283703, 1.4699702166991888, 1.4844675529814402, 1.9992810927390368, 1.9992810927390368, 1.9906438616181101, 1.9917413336606407, 2.7930177708829946, 2.974434648807497, 2.9862070118536104, 2.9864714724527808, 2.991625915421746, 2.970789662870332, 2.9499700768967294, 2.943894641846521, 2.95946290670439, 2.9826909251783444, 2.9910687244749683, 2.991507564989765, 2.9891114574170246, 2.988362243844801, 2.991288535543621], "adaptive_substitutions_per_codon": [0.0, 0.0, 0.0, 0.0, 0.0, 0.0, 0.0, 0.0, 0.0, 0.0, 0.0, 0.0, 0.0, 0.0, 0.0, 0.0, 0.0, 0.0, 0.0, 0.0, 0.0, 0.012464903613886571, 0.012855368930135285, 0.012866261464392306, 0.012119033614360718, 0.01325621419079363, 0.013129860793412195, 0.028259590876413308, 0.022727272727272728, 0.021929251270126824, 0.02227227601059377, 0.02249193262093091, 0.030292137768773285, 0.030292137768773285, 0.030161270630577428, 0.03017789899485819, 0.04231845107398477, 0.04506719164859844, 0.04524556078566076, 0.045249567764436074, 0.04532766538517797, 0.04501196458894442, 0.04469651631661711, 0.044604464270401836, 0.04484034707127864, 0.04519228674512643, 0.04531922309810558, 0.04532587219681462, 0.04528956753662158, 0.045278215815830324, 0.04532255356884274], "rate_of_adaptation": 0.0012244439257653274}