{"virus": "vic", "subtype": null, "gene": "ha", "loci_len": 66, "loci_offset": 9, "location": [650, 716], "window": 3, "min_seqs": 2, "midfreq_high": 0.75, "midfreq_low": 0.15, "window_midpoint": [1970.5, 1971.5, 1972.5, 1973.5, 1974.5, 1975.5, 1976.5, 1977.5, 1978.5, 1979.5, 1980.5, 1981.5, 1982.5, 1983.5, 1984.5, 1985.5, 1986.5, 1987.5, 1988.5, 1989.5, 1990.5, 1991.5, 1992.5, 1993.5, 1994.5, 1995.5, 1996.5, 1997.5, 1998.5, 1999.5, 2000.5, 2001.5, 2002.5, 2003.5, 2004.5, 2005.5, 2006.5, 2007.5, 2008.5, 2009.5, 2010.5, 2011.5, 2012.5, 2013.5, 2014.5, 2015.5, 2016.5, 2017.5, 2018.5, 2019.5, 2020.5], "adaptive_substitutions": [0.0, 0.0, 0.0, 0.0, 0.0, 0.0, 0.0, 0.0, 0.0, 0.0, 0.0, 0.0, 0.0, 0.0, 0.0, 0, 0, 0, 0, 0.0, 0.0, 2.528354548145642, 1.6984663311766117, 1.9982027318475915, 1.1990654205607476, 0.49928109273903665, 0.49928109273903665, 0.49928109273903665, 0.49928109273903665, 0.49928109273903665, 0.9699702166991887, 0.9844675529814401, 0.9884539136875586, 0.9992810927390366, 0.9992810927390366, 0.9992810927390366, 0.9978432782171099, 0.9978432782171099, 0.9752896527510742, 0.9701326710672504, 0.9710699078060688, 0.992576336599947, 0.9933228194714715, 0.977270293834223, 0.9769250199156742, 0.9792246220527407, 0.9942856089513171, 0.9947426476641003, 0.9971243709561467, 0.9952594828138457, 0.9536939146614793], "adaptive_substitutions_per_codon": [0.0, 0.0, 0.0, 0.0, 0.0, 0.0, 0.0, 0.0, 0.0, 0.0, 0.0, 0.0, 0.0, 0.0, 0.0, 0.0, 0.0, 0.0, 0.0, 0.0, 0.0, 0.03830840224463094, 0.025734338351160783, 0.03027579896738775, 0.018167657887284056, 0.007564865041500555, 0.007564865041500555, 0.007564865041500555, 0.007564865041500555, 0.007564865041500555, 0.014696518434836192, 0.014916175045173334, 0.014976574449811495, 0.015140622617258131, 0.015140622617258131, 0.015140622617258131, 0.01511883754874409, 0.01511883754874409, 0.01477711595077385, 0.01469897986465531, 0.014713180421304073, 0.015039035403029501, 0.01505034574956775, 0.014807125664154895, 0.014801894241146578, 0.014836736697768799, 0.01506493346895935, 0.015071858297940914, 0.01510794501448707, 0.015079689133543116, 0.014449907797901201], "rate_of_adaptation": 0.00040443360414465227}