{"virus": "vic", "subtype": null, "gene": "ha", "loci_len": 66, "loci_offset": 9, "location": [749, 815], "window": 3, "min_seqs": 2, "midfreq_high": 0.75, "midfreq_low": 0.15, "window_midpoint": [1970.5, 1971.5, 1972.5, 1973.5, 1974.5, 1975.5, 1976.5, 1977.5, 1978.5, 1979.5, 1980.5, 1981.5, 1982.5, 1983.5, 1984.5, 1985.5, 1986.5, 1987.5, 1988.5, 1989.5, 1990.5, 1991.5, 1992.5, 1993.5, 1994.5, 1995.5, 1996.5, 1997.5, 1998.5, 1999.5, 2000.5, 2001.5, 2002.5, 2003.5, 2004.5, 2005.5, 2006.5, 2007.5, 2008.5, 2009.5, 2010.5, 2011.5, 2012.5, 2013.5, 2014.5, 2015.5, 2016.5, 2017.5, 2018.5, 2019.5, 2020.5], "adaptive_substitutions": [0.0, 0.0, 1.0, 1.0, 1.0, 1.5997124370956148, 1.6664270309130123, 0.8570401561055766, 1.0, 1.0, 1.0, 1.0, 1.0, 1.0, 1.8324946081955429, 1.8324946081955429, 1.9992810927390368, 1.8992092020129403, 1.7848413268974017, 1.0, 1.0, 1.0, 1.0, 1.0, 1.0, 1.0, 1.0, 1.0, 1.0, 1.0, 1.0, 1.0, 0.9982027318475917, 0.998921639108555, 0.9985621854780733, 0.9985621854780733, 0.9985621854780733, 0.9985621854780733, 0.9985621854780733, 0.9985621854780733, 0.9985621854780733, 0.9985621854780733, 0.9985621854780733, 0.9985621854780733, 0.9992810927390366, 0.9992810927390366, 0.9992810927390366, 0.9985621854780733, 0.9985621854780733, 0.9985621854780733, 0.9985621854780733], "adaptive_substitutions_per_codon": [0.0, 0.0, 0.015151515151515152, 0.015151515151515152, 0.015151515151515152, 0.024238067228721436, 0.025248894407772914, 0.012985456910690555, 0.015151515151515152, 0.015151515151515152, 0.015151515151515152, 0.015151515151515152, 0.015151515151515152, 0.015151515151515152, 0.02776506982114459, 0.02776506982114459, 0.030292137768773285, 0.028775897000196064, 0.02704305040753639, 0.015151515151515152, 0.015151515151515152, 0.015151515151515152, 0.015151515151515152, 0.015151515151515152, 0.015151515151515152, 0.015151515151515152, 0.015151515151515152, 0.015151515151515152, 0.015151515151515152, 0.015151515151515152, 0.015151515151515152, 0.015151515151515152, 0.015124283815872601, 0.015135176350129622, 0.01512973008300111, 0.01512973008300111, 0.01512973008300111, 0.01512973008300111, 0.01512973008300111, 0.01512973008300111, 0.01512973008300111, 0.01512973008300111, 0.01512973008300111, 0.01512973008300111, 0.015140622617258131, 0.015140622617258131, 0.015140622617258131, 0.01512973008300111, 0.01512973008300111, 0.01512973008300111, 0.01512973008300111], "rate_of_adaptation": -1.7331916050569615e-05}