{"virus": "vic", "subtype": null, "gene": "ha", "loci_len": 66, "loci_offset": 9, "location": [623, 689], "window": 3, "min_seqs": 2, "midfreq_high": 0.75, "midfreq_low": 0.15, "window_midpoint": [1970.5, 1971.5, 1972.5, 1973.5, 1974.5, 1975.5, 1976.5, 1977.5, 1978.5, 1979.5, 1980.5, 1981.5, 1982.5, 1983.5, 1984.5, 1985.5, 1986.5, 1987.5, 1988.5, 1989.5, 1990.5, 1991.5, 1992.5, 1993.5, 1994.5, 1995.5, 1996.5, 1997.5, 1998.5, 1999.5, 2000.5, 2001.5, 2002.5, 2003.5, 2004.5, 2005.5, 2006.5, 2007.5, 2008.5, 2009.5, 2010.5, 2011.5, 2012.5, 2013.5, 2014.5, 2015.5, 2016.5, 2017.5, 2018.5, 2019.5, 2020.5], "adaptive_substitutions": [0.0, 0.0, 0.0, 0.0, 0.0, 0.0, 0.0, 0.0, 0.0, 0.0, 0.0, 0.0, 0.0, 0.0, 0.0, 0, 0.0, 0, 0, 0.0, 0.0, 2.528354548145642, 1.6984663311766117, 1.9982027318475915, 1.1990654205607476, 0.49928109273903665, 0.49928109273903665, 0.49928109273903665, 0.49928109273903665, 0.49928109273903665, 0.970689123960152, 0.9851864602424034, 0.9884539136875586, 0.9992810927390366, 0.9992810927390366, 0.9992810927390366, 0.9978432782171099, 0.9978432782171099, 0.9760085600120375, 0.9708515783282138, 0.9703510005451055, 0.9918574293389837, 0.9918850049495448, 0.9758324793122963, 0.9754872053937474, 0.9785057147917774, 0.9942856089513171, 0.9947426476641003, 0.9971243709561467, 0.993821668291919, 0.952975007400516], "adaptive_substitutions_per_codon": [0.0, 0.0, 0.0, 0.0, 0.0, 0.0, 0.0, 0.0, 0.0, 0.0, 0.0, 0.0, 0.0, 0.0, 0.0, 0.0, 0.0, 0.0, 0.0, 0.0, 0.0, 0.03830840224463094, 0.025734338351160783, 0.03027579896738775, 0.018167657887284056, 0.007564865041500555, 0.007564865041500555, 0.007564865041500555, 0.007564865041500555, 0.007564865041500555, 0.01470741096909321, 0.014927067579430355, 0.014976574449811495, 0.015140622617258131, 0.015140622617258131, 0.015140622617258131, 0.01511883754874409, 0.01511883754874409, 0.014788008485030871, 0.01470987239891233, 0.014702287887047054, 0.01502814286877248, 0.01502856068105371, 0.014785340595640854, 0.014780109172632536, 0.014825844163511778, 0.01506493346895935, 0.015071858297940914, 0.01510794501448707, 0.015057904065029076, 0.014439015263644182], "rate_of_adaptation": 0.00040424236870158773}