{"virus": "vic", "subtype": null, "gene": "ha", "loci_len": 66, "loci_offset": 9, "location": [281, 347], "window": 3, "min_seqs": 2, "midfreq_high": 0.75, "midfreq_low": 0.15, "window_midpoint": [1970.5, 1971.5, 1972.5, 1973.5, 1974.5, 1975.5, 1976.5, 1977.5, 1978.5, 1979.5, 1980.5, 1981.5, 1982.5, 1983.5, 1984.5, 1985.5, 1986.5, 1987.5, 1988.5, 1989.5, 1990.5, 1991.5, 1992.5, 1993.5, 1994.5, 1995.5, 1996.5, 1997.5, 1998.5, 1999.5, 2000.5, 2001.5, 2002.5, 2003.5, 2004.5, 2005.5, 2006.5, 2007.5, 2008.5, 2009.5, 2010.5, 2011.5, 2012.5, 2013.5, 2014.5, 2015.5, 2016.5, 2017.5, 2018.5, 2019.5, 2020.5], "adaptive_substitutions": [0.0, 0.0, 0.0, 0.0, 0.0, 0.0, 0.0, 0.0, 0.0, 0.0, 0.0, 0.0, 0.0, 0.0, 0.0, 0.0, 0.0, 0.0, 0.0, 0.0, 0.0, 0.8226836385165137, 0.8491732566498922, 0.8498921639108554, 0.7998562185478074, 0.8749101365923796, 0.866570812365205, 0.9325664989216391, 1.0, 0.9473305838283703, 0.970689123960152, 0.9851864602424034, 0.9992810927390366, 0.9992810927390366, 0.992081676140037, 0.9938980554435307, 1.7944555854049213, 1.9758724633294236, 1.9869259191145736, 1.9871903797137442, 1.9930637299436724, 1.972946384653222, 1.9521267986796196, 1.946051363629411, 1.9623385357482432, 1.9848476469612344, 1.9928659926273766, 1.9933048331421737, 1.9916276328303961, 1.991956780149618, 1.9934452573265107], "adaptive_substitutions_per_codon": [0.0, 0.0, 0.0, 0.0, 0.0, 0.0, 0.0, 0.0, 0.0, 0.0, 0.0, 0.0, 0.0, 0.0, 0.0, 0.0, 0.0, 0.0, 0.0, 0.0, 0.0, 0.012464903613886571, 0.012866261464392306, 0.012877153998649325, 0.012119033614360718, 0.01325621419079363, 0.013129860793412195, 0.014129795438206654, 0.015151515151515152, 0.014353493694369248, 0.01470741096909321, 0.014927067579430355, 0.015140622617258131, 0.015140622617258131, 0.015031540547576317, 0.015059061446114103, 0.027188720990983656, 0.029937461565597328, 0.03010493816840263, 0.03010894514717794, 0.030197935302176855, 0.029893127040200335, 0.029577678767873025, 0.02948562672165774, 0.029732402056791563, 0.03007344919638234, 0.03019493928223298, 0.030201588380942026, 0.030176176255006, 0.030181163335600274, 0.030203716020098647], "rate_of_adaptation": 0.0007935250187606588}