{"virus": "vic", "subtype": null, "gene": "ha", "loci_len": 66, "loci_offset": 9, "location": [587, 653], "window": 3, "min_seqs": 2, "midfreq_high": 0.75, "midfreq_low": 0.15, "window_midpoint": [1970.5, 1971.5, 1972.5, 1973.5, 1974.5, 1975.5, 1976.5, 1977.5, 1978.5, 1979.5, 1980.5, 1981.5, 1982.5, 1983.5, 1984.5, 1985.5, 1986.5, 1987.5, 1988.5, 1989.5, 1990.5, 1991.5, 1992.5, 1993.5, 1994.5, 1995.5, 1996.5, 1997.5, 1998.5, 1999.5, 2000.5, 2001.5, 2002.5, 2003.5, 2004.5, 2005.5, 2006.5, 2007.5, 2008.5, 2009.5, 2010.5, 2011.5, 2012.5, 2013.5, 2014.5, 2015.5, 2016.5, 2017.5, 2018.5, 2019.5, 2020.5], "adaptive_substitutions": [0.0, 0.0, 0.0, 0.0, 0.0, 0.0, 0.0, 0.0, 0.0, 0.0, 0.0, 0.0, 0.0, 0.0, 0.0, 0.8332135154565061, 0.8749101365923796, 0.8999281092739037, 0.785560234158365, 0.0, 0.0, 0.0, 0.0, 0.0, 0.0, 0.0, 0.0, 0.9325664989216391, 0.8412728442241477, 0.0, 0.8563212488446132, 0.9569971952491367, 0.9898917282094852, 0.991275341480949, 1.0, 1.0, 0.9996405463695184, 0.9996405463695184, 0.9996405463695184, 0.9992810927390366, 0.9992810927390366, 0.9992810927390366, 0.9992810927390366, 0.9992810927390366, 1.0, 0.9992810927390366, 0.9985621854780733, 0.9985621854780733, 0.9892387173980023, 0.9780270622317444, 0.9764875037002579], "adaptive_substitutions_per_codon": [0.0, 0.0, 0.0, 0.0, 0.0, 0.0, 0.0, 0.0, 0.0, 0.0, 0.0, 0.0, 0.0, 0.0, 0.0, 0.012624447203886457, 0.01325621419079363, 0.013635274382937934, 0.011902427790278256, 0.0, 0.0, 0.0, 0.0, 0.0, 0.0, 0.0, 0.0, 0.014129795438206654, 0.01274655824582042, 0.0, 0.012974564376433535, 0.014499957503774799, 0.014998359518325535, 0.015019323355771955, 0.015151515151515152, 0.015151515151515152, 0.015146068884386642, 0.015146068884386642, 0.015146068884386642, 0.015140622617258131, 0.015140622617258131, 0.015140622617258131, 0.015140622617258131, 0.015140622617258131, 0.015151515151515152, 0.015140622617258131, 0.01512973008300111, 0.01512973008300111, 0.014988465415121248, 0.014818591851996127, 0.014795265207579665], "rate_of_adaptation": 0.0003947044883906996}