{"virus": "vic", "subtype": null, "gene": "ha", "loci_len": 66, "loci_offset": 9, "location": [371, 437], "window": 3, "min_seqs": 2, "midfreq_high": 0.75, "midfreq_low": 0.15, "window_midpoint": [1970.5, 1971.5, 1972.5, 1973.5, 1974.5, 1975.5, 1976.5, 1977.5, 1978.5, 1979.5, 1980.5, 1981.5, 1982.5, 1983.5, 1984.5, 1985.5, 1986.5, 1987.5, 1988.5, 1989.5, 1990.5, 1991.5, 1992.5, 1993.5, 1994.5, 1995.5, 1996.5, 1997.5, 1998.5, 1999.5, 2000.5, 2001.5, 2002.5, 2003.5, 2004.5, 2005.5, 2006.5, 2007.5, 2008.5, 2009.5, 2010.5, 2011.5, 2012.5, 2013.5, 2014.5, 2015.5, 2016.5, 2017.5, 2018.5, 2019.5, 2020.5], "adaptive_substitutions": [0.0, 0.0, 0.7998562185478074, 0.7998562185478074, 1.4996405463695184, 0.0, 0.0, 0.0, 0.0, 0.0, 0.0, 0.0, 0.0, 0.0, 0.8332135154565061, 0.8332135154565061, 1.0, 1.0, 1.0, 1.0, 1.0, 1.0, 1.0, 1.799137311286844, 1.7498202731847592, 1.7498202731847592, 1.7998562185478075, 1.9304097771387492, 1.8917855386128872, 1.7893223353134813, 1.8841943103625347, 1.9703729204848068, 1.9992810927390368, 1.9985621854780733, 2.0043237875551463, 1.9971243709561466, 1.9912722136037433, 1.9912722136037433, 1.9992810927390368, 1.4985621854780733, 1.4985621854780733, 1.4911385220780202, 1.4911660976885814, 1.4903635835232574, 1.9985621854780733, 1.9992810927390368, 2.8168346666258772, 2.9498521026665423, 2.980147442967435, 2.9791730431130823, 2.9846492155453124], "adaptive_substitutions_per_codon": [0.0, 0.0, 0.012119033614360718, 0.012119033614360718, 0.02272182646014422, 0.0, 0.0, 0.0, 0.0, 0.0, 0.0, 0.0, 0.0, 0.0, 0.012624447203886457, 0.012624447203886457, 0.015151515151515152, 0.015151515151515152, 0.015151515151515152, 0.015151515151515152, 0.015151515151515152, 0.015151515151515152, 0.015151515151515152, 0.02725965623161885, 0.02651242838158726, 0.02651242838158726, 0.027270548765875872, 0.029248632986950743, 0.028663417251710413, 0.027110944474446685, 0.028548398641856588, 0.02985413515886071, 0.030292137768773285, 0.030281245234516262, 0.030368542235684033, 0.03025946016600222, 0.03017079111520823, 0.03017079111520823, 0.030292137768773285, 0.022705487658758686, 0.022705487658758686, 0.022593007910273032, 0.022593425722554263, 0.02258126641701905, 0.030281245234516262, 0.030292137768773285, 0.04267931313069511, 0.04469472882828095, 0.045153749135870225, 0.045138985501713365, 0.04522195781129261], "rate_of_adaptation": 0.0007998762497866978}