{"virus": "vic", "subtype": null, "gene": "ha", "loci_len": 66, "loci_offset": 9, "location": [767, 833], "window": 3, "min_seqs": 2, "midfreq_high": 0.75, "midfreq_low": 0.15, "window_midpoint": [1970.5, 1971.5, 1972.5, 1973.5, 1974.5, 1975.5, 1976.5, 1977.5, 1978.5, 1979.5, 1980.5, 1981.5, 1982.5, 1983.5, 1984.5, 1985.5, 1986.5, 1987.5, 1988.5, 1989.5, 1990.5, 1991.5, 1992.5, 1993.5, 1994.5, 1995.5, 1996.5, 1997.5, 1998.5, 1999.5, 2000.5, 2001.5, 2002.5, 2003.5, 2004.5, 2005.5, 2006.5, 2007.5, 2008.5, 2009.5, 2010.5, 2011.5, 2012.5, 2013.5, 2014.5, 2015.5, 2016.5, 2017.5, 2018.5, 2019.5, 2020.5], "adaptive_substitutions": [0.0, 0.0, 0.0, 0.0, 0.0, 0.7998562185478074, 0.8332135154565061, 0.8570401561055766, 1.0, 1.0, 1.0, 1.0, 1.0, 1.0, 1.8324946081955429, 1.8324946081955429, 1.9992810927390368, 1.8992092020129403, 1.7848413268974017, 1.0, 1.0, 1.0, 1.0, 1.0, 1.0, 1.0, 1.0, 1.9304097771387492, 1.8391161224412578, 1.0, 1.8548834343226868, 1.941464748230577, 1.9772672810055987, 1.973466570812365, 1.9755261211591475, 1.9788185372867386, 1.98542005625134, 1.9985621854780733, 1.9913062377743969, 1.9914705918190792, 1.9916559616268517, 1.9918850049495447, 1.9918850049495447, 1.991801398045184, 1.9992810927390368, 1.9937510368854725, 1.9943038071493033, 1.9947426476641001, 1.9985621854780733, 1.9985621854780733, 1.9985621854780733], "adaptive_substitutions_per_codon": [0.0, 0.0, 0.0, 0.0, 0.0, 0.012119033614360718, 0.012624447203886457, 0.012985456910690555, 0.015151515151515152, 0.015151515151515152, 0.015151515151515152, 0.015151515151515152, 0.015151515151515152, 0.015151515151515152, 0.02776506982114459, 0.02776506982114459, 0.030292137768773285, 0.028775897000196064, 0.02704305040753639, 0.015151515151515152, 0.015151515151515152, 0.015151515151515152, 0.015151515151515152, 0.015151515151515152, 0.015151515151515152, 0.015151515151515152, 0.015151515151515152, 0.029248632986950743, 0.027865395794564513, 0.015151515151515152, 0.02810429445943465, 0.029416132548948135, 0.029958595166751496, 0.0299010086486722, 0.02993221395695678, 0.02998209904979907, 0.03008212206441424, 0.030281245234516262, 0.030171306632945406, 0.030173796845743624, 0.03017660547919472, 0.030180075832568858, 0.030180075832568858, 0.030178809061290668, 0.030292137768773285, 0.03020834904371928, 0.03021672435074702, 0.030223373449456064, 0.030281245234516262, 0.030281245234516262, 0.030281245234516262], "rate_of_adaptation": 0.0005507356055399255}