{"virus": "vic", "subtype": null, "gene": "ha", "loci_len": 66, "loci_offset": 9, "location": [776, 842], "window": 3, "min_seqs": 2, "midfreq_high": 0.75, "midfreq_low": 0.15, "window_midpoint": [1970.5, 1971.5, 1972.5, 1973.5, 1974.5, 1975.5, 1976.5, 1977.5, 1978.5, 1979.5, 1980.5, 1981.5, 1982.5, 1983.5, 1984.5, 1985.5, 1986.5, 1987.5, 1988.5, 1989.5, 1990.5, 1991.5, 1992.5, 1993.5, 1994.5, 1995.5, 1996.5, 1997.5, 1998.5, 1999.5, 2000.5, 2001.5, 2002.5, 2003.5, 2004.5, 2005.5, 2006.5, 2007.5, 2008.5, 2009.5, 2010.5, 2011.5, 2012.5, 2013.5, 2014.5, 2015.5, 2016.5, 2017.5, 2018.5, 2019.5, 2020.5], "adaptive_substitutions": [0.0, 0.0, 1.0, 1.0, 1.0, 0.0, 0.0, 0.0, 0.0, 0.0, 0.0, 0.0, 0.0, 0.0, 2.498921639108555, 2.498921639108555, 2.9992810927390368, 2.699065420560748, 2.3559617952141316, 0.0, 0.0, 0.0, 0.0, 0.0, 0.0, 0.0, 0.0, 2.7976994967649174, 2.523818532672443, 0.0, 2.569682653794803, 2.8858051255050072, 2.977986188266562, 2.9741854780733283, 2.9762450284201107, 2.9795374445477023, 2.9861389635123032, 2.9985621854780735, 2.9803888786718606, 2.9597046387795634, 2.9610022274339727, 2.9678448966994257, 2.9873645462039065, 2.987197332395185, 3.0, 2.9944699441464357, 2.9950227144102666, 2.995461554925064, 2.9992810927390368, 2.9992810927390368, 2.9992810927390368], "adaptive_substitutions_per_codon": [0.0, 0.0, 0.015151515151515152, 0.015151515151515152, 0.015151515151515152, 0.0, 0.0, 0.0, 0.0, 0.0, 0.0, 0.0, 0.0, 0.0, 0.03786244907740235, 0.03786244907740235, 0.04544365292028844, 0.04089493061455679, 0.03569639083657775, 0.0, 0.0, 0.0, 0.0, 0.0, 0.0, 0.0, 0.0, 0.04238938631461996, 0.03823967473746126, 0.0, 0.03893458566355762, 0.0437243200834092, 0.04512100285252366, 0.04506341633444437, 0.04509462164272895, 0.045144506735571244, 0.04524452975018641, 0.04543276038603142, 0.04515740725260395, 0.044844009678478236, 0.04486367011263595, 0.04496734691968827, 0.045263099184907674, 0.045260565642351286, 0.045454545454545456, 0.04537075672949145, 0.04537913203651919, 0.04538578113522824, 0.04544365292028844, 0.04544365292028844, 0.04544365292028844], "rate_of_adaptation": 0.0010531957908388218}