{"virus": "vic", "subtype": null, "gene": "ha", "loci_len": 66, "loci_offset": 9, "location": [218, 284], "window": 3, "min_seqs": 2, "midfreq_high": 0.75, "midfreq_low": 0.15, "window_midpoint": [1970.5, 1971.5, 1972.5, 1973.5, 1974.5, 1975.5, 1976.5, 1977.5, 1978.5, 1979.5, 1980.5, 1981.5, 1982.5, 1983.5, 1984.5, 1985.5, 1986.5, 1987.5, 1988.5, 1989.5, 1990.5, 1991.5, 1992.5, 1993.5, 1994.5, 1995.5, 1996.5, 1997.5, 1998.5, 1999.5, 2000.5, 2001.5, 2002.5, 2003.5, 2004.5, 2005.5, 2006.5, 2007.5, 2008.5, 2009.5, 2010.5, 2011.5, 2012.5, 2013.5, 2014.5, 2015.5, 2016.5, 2017.5, 2018.5, 2019.5, 2020.5], "adaptive_substitutions": [0.0, 0.0, 0.0, 0.0, 0.0, 0.0, 0.0, 0.0, 0.0, 0.0, 0.0, 0.0, 0.0, 0.0, 0.8332135154565061, 0.8332135154565061, 1.0, 0.8992092020129403, 0.7848413268974016, 0.0, 0.0, 0.0, 0.0, 0.0, 0.0, 0.0, 0.0, 1.8651329978432782, 1.3405539369631843, 0.5, 1.3563212488446132, 1.47109182774577, 1.5, 2.0, 2.0, 2.0, 1.9992810927390368, 1.9985621854780733, 1.9869259191145736, 1.9871903797137442, 1.9861274598873448, 1.9992810927390368, 1.99784327821711, 1.9758324793122963, 1.95946290670439, 1.9586351822153403, 1.9790124967496214, 1.9922264722507286, 1.4974838245866284, 1.4971243709561466, 1.9920074428045842], "adaptive_substitutions_per_codon": [0.0, 0.0, 0.0, 0.0, 0.0, 0.0, 0.0, 0.0, 0.0, 0.0, 0.0, 0.0, 0.0, 0.0, 0.012624447203886457, 0.012624447203886457, 0.015151515151515152, 0.013624381848680913, 0.011891535256021237, 0.0, 0.0, 0.0, 0.0, 0.0, 0.0, 0.0, 0.0, 0.028259590876413308, 0.020311423287320975, 0.007575757575757576, 0.02055032195219111, 0.022289270117360153, 0.022727272727272728, 0.030303030303030304, 0.030303030303030304, 0.030303030303030304, 0.030292137768773285, 0.030281245234516262, 0.03010493816840263, 0.03010894514717794, 0.030092840301323406, 0.030292137768773285, 0.030270352700259243, 0.029936855747156006, 0.029688831919763486, 0.029676290639626367, 0.029985037829539717, 0.030185249579556494, 0.022689148857373158, 0.022683702590244645, 0.03018193095158461], "rate_of_adaptation": 0.0007727592913336074}