{"virus": "vic", "subtype": null, "gene": "ha", "loci_len": 66, "loci_offset": 9, "location": [434, 500], "window": 3, "min_seqs": 2, "midfreq_high": 0.75, "midfreq_low": 0.15, "window_midpoint": [1970.5, 1971.5, 1972.5, 1973.5, 1974.5, 1975.5, 1976.5, 1977.5, 1978.5, 1979.5, 1980.5, 1981.5, 1982.5, 1983.5, 1984.5, 1985.5, 1986.5, 1987.5, 1988.5, 1989.5, 1990.5, 1991.5, 1992.5, 1993.5, 1994.5, 1995.5, 1996.5, 1997.5, 1998.5, 1999.5, 2000.5, 2001.5, 2002.5, 2003.5, 2004.5, 2005.5, 2006.5, 2007.5, 2008.5, 2009.5, 2010.5, 2011.5, 2012.5, 2013.5, 2014.5, 2015.5, 2016.5, 2017.5, 2018.5, 2019.5, 2020.5], "adaptive_substitutions": [0.0, 0.0, 0.0, 0.0, 0.0, 0.0, 0.0, 0.0, 0.0, 0.0, 0.0, 0.0, 0.0, 0.0, 0.0, 0.0, 0.0, 0.0, 0.0, 0.7998562185478074, 0.5, 1.3226836385165137, 1.399568655643422, 1.2494608195542776, 0.4996405463695183, 0.4996405463695183, 0.4996405463695183, 0.49928109273903665, 0.49928109273903665, 0.49928109273903665, 0.970689123960152, 0.9851864602424034, 0.9891728209485219, 0.9996405463695184, 0.998921639108555, 0.9992810927390366, 0.9992810927390366, 0.9992810927390366, 0.998921639108555, 0.9992810927390366, 0.998921639108555, 0.49892163910855497, 0.49892163910855497, 0.993958119828074, 0.9946197908211776, 0.9951888514073992, 1.8917432736283404, 1.982924580591699, 1.9992810927390368, 1.9985621854780733, 1.9986820033549006], "adaptive_substitutions_per_codon": [0.0, 0.0, 0.0, 0.0, 0.0, 0.0, 0.0, 0.0, 0.0, 0.0, 0.0, 0.0, 0.0, 0.0, 0.0, 0.0, 0.0, 0.0, 0.0, 0.012119033614360718, 0.007575757575757576, 0.02004066118964415, 0.021205585691566997, 0.018931224538701174, 0.007570311308629066, 0.007570311308629066, 0.007570311308629066, 0.007564865041500555, 0.007564865041500555, 0.007564865041500555, 0.01470741096909321, 0.014927067579430355, 0.014987466984068514, 0.015146068884386642, 0.015135176350129622, 0.015140622617258131, 0.015140622617258131, 0.015140622617258131, 0.015135176350129622, 0.015140622617258131, 0.015135176350129622, 0.007559418774372045, 0.007559418774372045, 0.015059971512546576, 0.015069996830623903, 0.01507861896071817, 0.028662776873156673, 0.030044311827146956, 0.030292137768773285, 0.030281245234516262, 0.030283060656892433], "rate_of_adaptation": 0.0005419476365784403}