{"virus": "vic", "subtype": null, "gene": "ha", "loci_len": 66, "loci_offset": 9, "location": [821, 887], "window": 3, "min_seqs": 2, "midfreq_high": 0.75, "midfreq_low": 0.15, "window_midpoint": [1970.5, 1971.5, 1972.5, 1973.5, 1974.5, 1975.5, 1976.5, 1977.5, 1978.5, 1979.5, 1980.5, 1981.5, 1982.5, 1983.5, 1984.5, 1985.5, 1986.5, 1987.5, 1988.5, 1989.5, 1990.5, 1991.5, 1992.5, 1993.5, 1994.5, 1995.5, 1996.5, 1997.5, 1998.5, 1999.5, 2000.5, 2001.5, 2002.5, 2003.5, 2004.5, 2005.5, 2006.5, 2007.5, 2008.5, 2009.5, 2010.5, 2011.5, 2012.5, 2013.5, 2014.5, 2015.5, 2016.5, 2017.5, 2018.5, 2019.5, 2020.5], "adaptive_substitutions": [0.0, 0.0, 1.0, 1.0, 1.0, 0.0, 0.0, 0.0, 0.0, 0.0, 0.0, 0.0, 0.0, 0.0, 2.498921639108555, 2.498921639108555, 2.9992810927390368, 2.699065420560748, 2.3559617952141316, 0.0, 0.0, 0.0, 0.0, 0.0, 0.0, 0.0, 0.0, 2.799137311286844, 2.6832645957092587, 1.0, 2.714080312211153, 2.9436214700134666, 3.0, 3.0, 3.0, 3.0, 3.0, 3.0, 2.9760085600120374, 2.9533319523815327, 2.954814910843714, 2.9723653554450635, 2.9933228194714716, 2.987916239656148, 2.9939008835602143, 2.9944699441464357, 3.0, 3.0, 3.0, 2.9992810927390368, 2.995601979109401], "adaptive_substitutions_per_codon": [0.0, 0.0, 0.015151515151515152, 0.015151515151515152, 0.015151515151515152, 0.0, 0.0, 0.0, 0.0, 0.0, 0.0, 0.0, 0.0, 0.0, 0.03786244907740235, 0.03786244907740235, 0.04544365292028844, 0.04089493061455679, 0.03569639083657775, 0.0, 0.0, 0.0, 0.0, 0.0, 0.0, 0.0, 0.0, 0.042411171383133994, 0.04065552417741301, 0.015151515151515152, 0.04112242897289626, 0.044600325303234344, 0.045454545454545456, 0.045454545454545456, 0.045454545454545456, 0.045454545454545456, 0.045454545454545456, 0.045454545454545456, 0.04509103878806117, 0.04474745382396261, 0.044769922891571425, 0.0450358387188646, 0.04535337605259805, 0.045271458176608305, 0.04536213459939719, 0.04537075672949145, 0.045454545454545456, 0.045454545454545456, 0.045454545454545456, 0.04544365292028844, 0.04538790877438486], "rate_of_adaptation": 0.0010620528975539114}