{"virus": "vic", "subtype": null, "gene": "ha", "loci_len": 66, "loci_offset": 9, "location": [515, 581], "window": 3, "min_seqs": 2, "midfreq_high": 0.75, "midfreq_low": 0.15, "window_midpoint": [1970.5, 1971.5, 1972.5, 1973.5, 1974.5, 1975.5, 1976.5, 1977.5, 1978.5, 1979.5, 1980.5, 1981.5, 1982.5, 1983.5, 1984.5, 1985.5, 1986.5, 1987.5, 1988.5, 1989.5, 1990.5, 1991.5, 1992.5, 1993.5, 1994.5, 1995.5, 1996.5, 1997.5, 1998.5, 1999.5, 2000.5, 2001.5, 2002.5, 2003.5, 2004.5, 2005.5, 2006.5, 2007.5, 2008.5, 2009.5, 2010.5, 2011.5, 2012.5, 2013.5, 2014.5, 2015.5, 2016.5, 2017.5, 2018.5, 2019.5, 2020.5], "adaptive_substitutions": [0.0, 0.0, 0.0, 0.0, 0.0, 0.0, 0.0, 0.0, 0.0, 0.0, 0.0, 0.0, 0.0, 0.0, 0.0, 0.0, 0.0, 0.0, 0.0, 0.0, 0.0, 0.0, 0.0, 0.0, 0.0, 0.0, 0.0, 1.7317038102084832, 1.6298762722766658, 0.0, 1.6847694361713053, 1.9288079302558703, 1.989172820948522, 1.9665391804457224, 1.9697645190820743, 1.9741544072521962, 1.97515355606846, 1.8464060943155878, 0.9996405463695184, 0.9996405463695184, 0.9996405463695184, 0.9992810927390366, 0.9996405463695184, 0.9996405463695184, 0.9996405463695184, 1.0, 0.9865059577527264, 0.9878224792971173, 0.9892387173980023, 1.0, 1.0], "adaptive_substitutions_per_codon": [0.0, 0.0, 0.0, 0.0, 0.0, 0.0, 0.0, 0.0, 0.0, 0.0, 0.0, 0.0, 0.0, 0.0, 0.0, 0.0, 0.0, 0.0, 0.0, 0.0, 0.0, 0.0, 0.0, 0.0, 0.0, 0.0, 0.0, 0.026237936518310353, 0.024695095034494935, 0.0, 0.02552680963895917, 0.0292243625796344, 0.030138982135583667, 0.029796048188571553, 0.029844916955789003, 0.02991143041291206, 0.029926569031340305, 0.02797584991387254, 0.015146068884386642, 0.015146068884386642, 0.015146068884386642, 0.015140622617258131, 0.015146068884386642, 0.015146068884386642, 0.015146068884386642, 0.015151515151515152, 0.0149470599659504, 0.014967007262077534, 0.014988465415121248, 0.015151515151515152, 0.015151515151515152], "rate_of_adaptation": 0.00052860885983195}