{"virus": "vic", "subtype": null, "gene": "ha", "loci_len": 66, "loci_offset": 9, "location": [614, 680], "window": 3, "min_seqs": 2, "midfreq_high": 0.75, "midfreq_low": 0.15, "window_midpoint": [1970.5, 1971.5, 1972.5, 1973.5, 1974.5, 1975.5, 1976.5, 1977.5, 1978.5, 1979.5, 1980.5, 1981.5, 1982.5, 1983.5, 1984.5, 1985.5, 1986.5, 1987.5, 1988.5, 1989.5, 1990.5, 1991.5, 1992.5, 1993.5, 1994.5, 1995.5, 1996.5, 1997.5, 1998.5, 1999.5, 2000.5, 2001.5, 2002.5, 2003.5, 2004.5, 2005.5, 2006.5, 2007.5, 2008.5, 2009.5, 2010.5, 2011.5, 2012.5, 2013.5, 2014.5, 2015.5, 2016.5, 2017.5, 2018.5, 2019.5, 2020.5], "adaptive_substitutions": [0.0, 0.0, 0.0, 0.0, 0.0, 0.0, 0.0, 0.0, 0.0, 0.0, 0.0, 0.0, 0.0, 0.0, 0.0, 0.0, 0.0, 0.0, 0.0, 0.0, 0.0, 1.704952002368165, 1.3984902947519768, 1.2483824586628325, 0.49928109273903665, 0.49928109273903665, 0.49928109273903665, 0.49928109273903665, 0.49928109273903665, 0.49928109273903665, 0.970689123960152, 0.9851864602424034, 0.9891728209485219, 0.9992810927390366, 0.9992810927390366, 0.9992810927390366, 0.998921639108555, 0.998921639108555, 0.9760085600120375, 0.9708515783282138, 0.9703510005451055, 0.992576336599947, 0.9926039122105081, 0.9765513865732597, 0.9747682981327841, 0.977786807530814, 0.9935667016903538, 0.9940237404031369, 0.9985621854780733, 0.993821668291919, 0.9536939146614793], "adaptive_substitutions_per_codon": [0.0, 0.0, 0.0, 0.0, 0.0, 0.0, 0.0, 0.0, 0.0, 0.0, 0.0, 0.0, 0.0, 0.0, 0.0, 0.0, 0.0, 0.0, 0.0, 0.0, 0.0, 0.02583260609648735, 0.02118924689018147, 0.018914885737315645, 0.007564865041500555, 0.007564865041500555, 0.007564865041500555, 0.007564865041500555, 0.007564865041500555, 0.007564865041500555, 0.01470741096909321, 0.014927067579430355, 0.014987466984068514, 0.015140622617258131, 0.015140622617258131, 0.015140622617258131, 0.015135176350129622, 0.015135176350129622, 0.014788008485030871, 0.01470987239891233, 0.014702287887047054, 0.015039035403029501, 0.015039453215310729, 0.014796233129897874, 0.014769216638375517, 0.014814951629254757, 0.01505404093470233, 0.015060965763683893, 0.01512973008300111, 0.015057904065029076, 0.014449907797901201], "rate_of_adaptation": 0.0004130885967399034}