{"virus": "vic", "subtype": null, "gene": "ha", "loci_len": 66, "loci_offset": 9, "location": [794, 860], "window": 3, "min_seqs": 2, "midfreq_high": 0.75, "midfreq_low": 0.15, "window_midpoint": [1970.5, 1971.5, 1972.5, 1973.5, 1974.5, 1975.5, 1976.5, 1977.5, 1978.5, 1979.5, 1980.5, 1981.5, 1982.5, 1983.5, 1984.5, 1985.5, 1986.5, 1987.5, 1988.5, 1989.5, 1990.5, 1991.5, 1992.5, 1993.5, 1994.5, 1995.5, 1996.5, 1997.5, 1998.5, 1999.5, 2000.5, 2001.5, 2002.5, 2003.5, 2004.5, 2005.5, 2006.5, 2007.5, 2008.5, 2009.5, 2010.5, 2011.5, 2012.5, 2013.5, 2014.5, 2015.5, 2016.5, 2017.5, 2018.5, 2019.5, 2020.5], "adaptive_substitutions": [0.0, 0.0, 1.0, 1.0, 1.0, 0.0, 0.0, 0.0, 0.0, 0.0, 0.0, 0.0, 0.0, 0.0, 3.3321351545650613, 3.3321351545650613, 3.9992810927390368, 3.5989935298346514, 3.1415220293724966, 0.0, 0.0, 0.0, 0.0, 0.0, 0.0, 0.0, 0.0, 3.7324227174694466, 3.52525634719437, 1.0, 3.57112046831673, 3.8872429400269337, 3.9790645491580072, 3.9752638389647736, 3.9776828429420377, 3.980975259069629, 3.98757677803423, 4.0, 3.9701904268302877, 3.948397080505428, 3.950065408775383, 3.9678448966994257, 3.988802360725833, 3.983312174006149, 3.9946197908211776, 3.9903777028147984, 3.99574162167123, 3.996180462186027, 4.0, 4.0, 3.996320886370364], "adaptive_substitutions_per_codon": [0.0, 0.0, 0.015151515151515152, 0.015151515151515152, 0.015151515151515152, 0.0, 0.0, 0.0, 0.0, 0.0, 0.0, 0.0, 0.0, 0.0, 0.05048689628128881, 0.05048689628128881, 0.06059516807180359, 0.05453020499749472, 0.047598818626856006, 0.0, 0.0, 0.0, 0.0, 0.0, 0.0, 0.0, 0.0, 0.05655185935559768, 0.05341297495749045, 0.015151515151515152, 0.054107885883586816, 0.05889762030343839, 0.060288856805424354, 0.060231270287345054, 0.060267921862758145, 0.060317806955600434, 0.06041782997021561, 0.06060606060606061, 0.06015440040651951, 0.05982419818947618, 0.0598494758905361, 0.06011886207120342, 0.060436399404936864, 0.06035321475766892, 0.060524542285169354, 0.060460268224466644, 0.060541539722291364, 0.06054818882100041, 0.06060606060606061, 0.06060606060606061, 0.06055031646015703], "rate_of_adaptation": 0.0014427152051396236}