{"virus": "vic", "subtype": null, "gene": "ha", "loci_len": 66, "loci_offset": 9, "location": [785, 851], "window": 3, "min_seqs": 2, "midfreq_high": 0.75, "midfreq_low": 0.15, "window_midpoint": [1970.5, 1971.5, 1972.5, 1973.5, 1974.5, 1975.5, 1976.5, 1977.5, 1978.5, 1979.5, 1980.5, 1981.5, 1982.5, 1983.5, 1984.5, 1985.5, 1986.5, 1987.5, 1988.5, 1989.5, 1990.5, 1991.5, 1992.5, 1993.5, 1994.5, 1995.5, 1996.5, 1997.5, 1998.5, 1999.5, 2000.5, 2001.5, 2002.5, 2003.5, 2004.5, 2005.5, 2006.5, 2007.5, 2008.5, 2009.5, 2010.5, 2011.5, 2012.5, 2013.5, 2014.5, 2015.5, 2016.5, 2017.5, 2018.5, 2019.5, 2020.5], "adaptive_substitutions": [0.0, 0.0, 1.0, 1.0, 1.0, 0.0, 0.0, 0.0, 0.0, 0.0, 0.0, 0.0, 0.0, 0.0, 2.4982027318475915, 2.4982027318475915, 2.9985621854780735, 2.6983465132997844, 2.3552428879531684, 0.0, 0.0, 0.0, 0.0, 0.0, 0.0, 0.0, 0.0, 2.7984184040258806, 2.524537439933406, 0.0, 2.5704015610557662, 2.8865240327659705, 2.9787050955275256, 2.974904385334292, 2.9769639356810744, 2.9802563518086655, 2.986857870773267, 2.9992810927390368, 2.981107785932824, 2.9597046387795634, 2.9610022274339727, 2.9678448966994257, 2.9880834534648697, 2.987916239656148, 3.0, 2.9951888514073994, 2.99574162167123, 2.996180462186027, 3.0, 3.0, 3.0], "adaptive_substitutions_per_codon": [0.0, 0.0, 0.015151515151515152, 0.015151515151515152, 0.015151515151515152, 0.0, 0.0, 0.0, 0.0, 0.0, 0.0, 0.0, 0.0, 0.0, 0.03785155654314532, 0.03785155654314532, 0.04543276038603142, 0.040884038080299764, 0.035685498302320734, 0.0, 0.0, 0.0, 0.0, 0.0, 0.0, 0.0, 0.0, 0.04240027884887698, 0.03825056727171827, 0.0, 0.03894547819781464, 0.04373521261766622, 0.04513189538678069, 0.045074308868701396, 0.045105514176985974, 0.04515539926982826, 0.04525542228444344, 0.04544365292028844, 0.04516829978686097, 0.044844009678478236, 0.04486367011263595, 0.04496734691968827, 0.04527399171916469, 0.045271458176608305, 0.045454545454545456, 0.04538164926374848, 0.04539002457077621, 0.04539667366948526, 0.045454545454545456, 0.045454545454545456, 0.045454545454545456], "rate_of_adaptation": 0.0010534925015004836}