{"virus": "yam", "subtype": null, "gene": "ha", "loci_len": 66, "loci_offset": 9, "location": [191, 257], "window": 3, "min_seqs": 2, "midfreq_high": 0.75, "midfreq_low": 0.15, "window_midpoint": [1991.5, 1992.5, 1993.5, 1994.5, 1995.5, 1996.5, 1997.5, 1998.5, 1999.5, 2000.5, 2001.5, 2002.5, 2003.5, 2004.5, 2005.5, 2006.5, 2007.5, 2008.5, 2009.5, 2010.5, 2011.5, 2012.5, 2013.5, 2014.5, 2015.5, 2016.5, 2017.5, 2018.5], "adaptive_substitutions": [0.0, 0.0, 0.0, 0.0, 0.0, 0.8166666666666667, 0.9285714285714286, 0.9714285714285714, 0.8811881188118812, 0.7714285714285715, 0.0, 0.0, 1.744, 1.966887417218543, 1.9698795180722892, 1.8988095238095237, 1.8802395209580838, 1.8793103448275863, 1.4425287356321839, 1.9360465116279069, 1.788235294117647, 1.0, 0.9947643979057592, 0.9953051643192489, 1.916279069767442, 1.9656652360515021, 1.986842105263158, 1.9684684684684686], "adaptive_substitutions_per_codon": [0.0, 0.0, 0.0, 0.0, 0.0, 0.012373737373737374, 0.01406926406926407, 0.014718614718614718, 0.013351335133513352, 0.011688311688311689, 0.0, 0.0, 0.026424242424242423, 0.029801324503311258, 0.029846659364731656, 0.028769841269841268, 0.028488477590273998, 0.028474399164054337, 0.021856495994427027, 0.029334038054968287, 0.02709447415329768, 0.015151515151515152, 0.015072187847056958, 0.015080381277564376, 0.029034531360112754, 0.02978280660684094, 0.030103668261563, 0.029825279825279827], "rate_of_adaptation": 0.001088750278581048}