{"virus": "yam", "subtype": null, "gene": "ha", "loci_len": 66, "loci_offset": 9, "location": [200, 266], "window": 3, "min_seqs": 2, "midfreq_high": 0.75, "midfreq_low": 0.15, "window_midpoint": [1991.5, 1992.5, 1993.5, 1994.5, 1995.5, 1996.5, 1997.5, 1998.5, 1999.5, 2000.5, 2001.5, 2002.5, 2003.5, 2004.5, 2005.5, 2006.5, 2007.5, 2008.5, 2009.5, 2010.5, 2011.5, 2012.5, 2013.5, 2014.5, 2015.5, 2016.5, 2017.5, 2018.5], "adaptive_substitutions": [0.0, 0.0, 0.0, 0.0, 0.0, 0.8166666666666667, 0.9285714285714286, 0.9714285714285714, 0.8811881188118812, 0.7714285714285715, 0.0, 0.0, 0.888, 1.0, 1.0, 0.9940476190476191, 0.9940119760479041, 0.9942528735632183, 0.5, 1.0, 1.0, 1.0, 0.9947643979057592, 0.9953051643192489, 0.9953488372093023, 1.0, 1.0, 1.0], "adaptive_substitutions_per_codon": [0.0, 0.0, 0.0, 0.0, 0.0, 0.012373737373737374, 0.01406926406926407, 0.014718614718614718, 0.013351335133513352, 0.011688311688311689, 0.0, 0.0, 0.013454545454545455, 0.015151515151515152, 0.015151515151515152, 0.015061327561327562, 0.015060787515877335, 0.01506443747823058, 0.007575757575757576, 0.015151515151515152, 0.015151515151515152, 0.015151515151515152, 0.015072187847056958, 0.015080381277564376, 0.015081042988019733, 0.015151515151515152, 0.015151515151515152, 0.015151515151515152], "rate_of_adaptation": 0.000540693008408883}