{"virus": "yam", "subtype": null, "gene": "ha", "loci_len": 66, "loci_offset": 9, "location": [173, 239], "window": 3, "min_seqs": 2, "midfreq_high": 0.75, "midfreq_low": 0.15, "window_midpoint": [1991.5, 1992.5, 1993.5, 1994.5, 1995.5, 1996.5, 1997.5, 1998.5, 1999.5, 2000.5, 2001.5, 2002.5, 2003.5, 2004.5, 2005.5, 2006.5, 2007.5, 2008.5, 2009.5, 2010.5, 2011.5, 2012.5, 2013.5, 2014.5, 2015.5, 2016.5, 2017.5, 2018.5], "adaptive_substitutions": [0.0, 0.0, 0.0, 0.0, 0.0, 0.8166666666666667, 0.9285714285714286, 0.9714285714285714, 0.8811881188118812, 0.7714285714285715, 0.0, 0.0, 2.584, 2.9536423841059603, 2.9698795180722892, 2.886904761904762, 2.8682634730538923, 2.862068965517241, 2.436748388811375, 2.930198558411533, 2.788235294117647, 2.0, 1.9947643979057592, 1.995305164319249, 2.916279069767442, 2.9656652360515023, 2.986842105263158, 2.9684684684684686], "adaptive_substitutions_per_codon": [0.0, 0.0, 0.0, 0.0, 0.0, 0.012373737373737374, 0.01406926406926407, 0.014718614718614718, 0.013351335133513352, 0.011688311688311689, 0.0, 0.0, 0.03915151515151515, 0.04475215733493879, 0.044998174516246804, 0.04374098124098124, 0.04345853747051352, 0.04336468129571577, 0.036920430133505676, 0.044396947854720197, 0.04224598930481283, 0.030303030303030304, 0.03022370299857211, 0.03023189642907953, 0.044186046511627906, 0.0449343217583561, 0.04525518341307815, 0.04497679497679498], "rate_of_adaptation": 0.0018855549851124434}