{"virus": "yam", "subtype": null, "gene": "ha", "loci_len": 66, "loci_offset": 9, "location": [488, 554], "window": 3, "min_seqs": 2, "midfreq_high": 0.75, "midfreq_low": 0.15, "window_midpoint": [1991.5, 1992.5, 1993.5, 1994.5, 1995.5, 1996.5, 1997.5, 1998.5, 1999.5, 2000.5, 2001.5, 2002.5, 2003.5, 2004.5, 2005.5, 2006.5, 2007.5, 2008.5, 2009.5, 2010.5, 2011.5, 2012.5, 2013.5, 2014.5, 2015.5, 2016.5, 2017.5, 2018.5], "adaptive_substitutions": [0.0, 0.0, 0.0, 0.0, 0.0, 0.0, 0.0, 0.0, 0.0, 0.85, 0.935251798561151, 0.9833333333333333, 1.8719999999999999, 2.0, 1.9879518072289155, 1.9880952380952381, 1.9880239520958085, 2.0, 3.67816091954023, 3.8488372093023253, 3.5672514619883042, 2.0, 2.0, 3.514018691588785, 3.869767441860465, 3.9742489270386265, 2.995614035087719, 3.4954954954954953], "adaptive_substitutions_per_codon": [0.0, 0.0, 0.0, 0.0, 0.0, 0.0, 0.0, 0.0, 0.0, 0.013492063492063491, 0.014845266643827794, 0.015608465608465608, 0.029714285714285714, 0.031746031746031744, 0.03155479059093517, 0.03155706727135298, 0.03155593574755251, 0.031746031746031744, 0.05838350665936873, 0.061092654115909924, 0.056623039079179434, 0.031746031746031744, 0.031746031746031744, 0.05577807446966326, 0.06142488002953119, 0.06308331630220042, 0.047549429128376494, 0.05548405548405548], "rate_of_adaptation": 0.002605041574817556}