{"virus": "yam", "subtype": null, "gene": "ha", "loci_len": 66, "loci_offset": 9, "location": [560, 626], "window": 3, "min_seqs": 2, "midfreq_high": 0.75, "midfreq_low": 0.15, "window_midpoint": [1991.5, 1992.5, 1993.5, 1994.5, 1995.5, 1996.5, 1997.5, 1998.5, 1999.5, 2000.5, 2001.5, 2002.5, 2003.5, 2004.5, 2005.5, 2006.5, 2007.5, 2008.5, 2009.5, 2010.5, 2011.5, 2012.5, 2013.5, 2014.5, 2015.5, 2016.5, 2017.5, 2018.5], "adaptive_substitutions": [0.0, 0.0, 0.0, 0.0, 0.0, 0.8333333333333334, 0.9464285714285714, 1.8714285714285714, 1.7425742574257426, 1.5785714285714287, 0.0, 0.0, 0.912, 1.0, 1.0, 1.0, 1.0, 1.0, 1.0, 1.0, 1.0, 0.994535519125683, 0.9948186528497409, 0.9953271028037384, 1.8232558139534882, 1.944206008583691, 1.9912280701754386, 2.0], "adaptive_substitutions_per_codon": [0.0, 0.0, 0.0, 0.0, 0.0, 0.012626262626262626, 0.01433982683982684, 0.028354978354978355, 0.026402640264026403, 0.02391774891774892, 0.0, 0.0, 0.013818181818181818, 0.015151515151515152, 0.015151515151515152, 0.015151515151515152, 0.015151515151515152, 0.015151515151515152, 0.015151515151515152, 0.015151515151515152, 0.015151515151515152, 0.015068719986752773, 0.015073009891662742, 0.015080713678844521, 0.027625088090204367, 0.02945766679672259, 0.030170122275385434, 0.030303030303030304], "rate_of_adaptation": 0.0008157264373121332}