{"virus": "yam", "subtype": null, "gene": "ha", "loci_len": 66, "loci_offset": 9, "location": [794, 860], "window": 3, "min_seqs": 2, "midfreq_high": 0.75, "midfreq_low": 0.15, "window_midpoint": [1991.5, 1992.5, 1993.5, 1994.5, 1995.5, 1996.5, 1997.5, 1998.5, 1999.5, 2000.5, 2001.5, 2002.5, 2003.5, 2004.5, 2005.5, 2006.5, 2007.5, 2008.5, 2009.5, 2010.5, 2011.5, 2012.5, 2013.5, 2014.5, 2015.5, 2016.5, 2017.5, 2018.5], "adaptive_substitutions": [0.0, 0.0, 0.0, 0.0, 0.0, 0.7666666666666667, 0.9107142857142857, 0.9857142857142858, 0.8811881188118812, 0.7714285714285715, 0.0, 0.0, 0.0, 0.0, 0.8012048192771084, 0.9226190476190477, 0.9520958083832335, 0.9252873563218391, 0.8160919540229885, 0.0, 0.0, 0.7704918032786885, 0.8549222797927462, 0.0, 0.0, 0.0, 0.0, 0.0], "adaptive_substitutions_per_codon": [0.0, 0.0, 0.0, 0.0, 0.0, 0.011616161616161616, 0.013798701298701298, 0.014935064935064937, 0.013351335133513352, 0.011688311688311689, 0.0, 0.0, 0.0, 0.0, 0.012139466958744067, 0.01397907647907648, 0.014425694066412628, 0.014019505398815744, 0.012365029606408917, 0.0, 0.0, 0.01167411823149528, 0.01295336787564767, 0.0, 0.0, 0.0, 0.0, 0.0], "rate_of_adaptation": -3.276535425251684e-05}