{"virus": "yam", "subtype": null, "gene": "ha", "loci_len": 66, "loci_offset": 9, "location": [524, 590], "window": 3, "min_seqs": 2, "midfreq_high": 0.75, "midfreq_low": 0.15, "window_midpoint": [1991.5, 1992.5, 1993.5, 1994.5, 1995.5, 1996.5, 1997.5, 1998.5, 1999.5, 2000.5, 2001.5, 2002.5, 2003.5, 2004.5, 2005.5, 2006.5, 2007.5, 2008.5, 2009.5, 2010.5, 2011.5, 2012.5, 2013.5, 2014.5, 2015.5, 2016.5, 2017.5, 2018.5], "adaptive_substitutions": [0.0, 0.0, 0.0, 0.0, 0.0, 0.0, 0.0, 0.8857142857142857, 0.8613861386138614, 0.8071428571428572, 0.0, 0.0, 1.776, 2.0, 1.4879518072289155, 1.4880952380952381, 1.4880239520958085, 2.0, 2.839080459770115, 2.9244186046511627, 2.783625730994152, 2.0, 2.0, 2.7570093457943923, 3.7581395348837208, 3.9313304721030042, 3.4912280701754383, 4.0], "adaptive_substitutions_per_codon": [0.0, 0.0, 0.0, 0.0, 0.0, 0.0, 0.0, 0.014058956916099773, 0.013672795851013672, 0.012811791383219955, 0.0, 0.0, 0.02819047619047619, 0.031746031746031744, 0.023618282654427232, 0.02362055933484505, 0.02361942781104458, 0.031746031746031744, 0.045064769202700236, 0.04641934293097084, 0.04418453541260559, 0.031746031746031744, 0.031746031746031744, 0.0437620531078475, 0.05965300849021779, 0.06240207098576197, 0.05541631857421331, 0.06349206349206349], "rate_of_adaptation": 0.0024618526860587403}