{"virus": "229e", "subtype": null, "gene": "s1", "window": 4, "min_seqs": 2, "midfreq_high": 0.75, "midfreq_low": 0.15, "window_midpoint": [1992.0, 1993.0, 1994.0, 1995.0, 2004.0, 2005.0, 2006.0, 2007.0, 2008.0, 2009.0, 2010.0, 2011.0, 2012.0, 2013.0, 2014.0, 2015.0, 2016.0, 2017.0], "adaptive_substitutions": [0.0, 0.0, 0.0, 0.0, 7.214285714285714, 7.214285714285714, 8.751428571428571, 9.003896103896103, 9.056493506493506, 9.094581280788178, 9.105803571428572, 9.81527093596059, 12.732142857142856, 16.005194805194805, 17.255357142857143, 17.813781512605043, 17.900000000000002, 17.97232142857143], "adaptive_substitutions_per_codon": [0.0, 0.0, 0.0, 0.0, 0.004412407164700743, 0.004412407164700743, 0.005352555701179554, 0.005506970094126057, 0.005539139759323245, 0.00556243503412121, 0.005569298820445609, 0.006003223814043175, 0.007787243337702052, 0.00978910997259621, 0.010553735255570119, 0.010895279212602473, 0.010948012232415904, 0.010992245522062037], "rate_of_adaptation": 0.0004646783297004131}