{"virus": "229e", "subtype": null, "gene": "s1", "window": 2, "min_seqs": 2, "midfreq_high": 0.75, "midfreq_low": 0.15, "window_midpoint": [1993.0, 1994.0, 2005.0, 2006.0, 2007.0, 2008.0, 2009.0, 2010.0, 2011.0, 2012.0, 2013.0, 2014.0, 2015.0, 2016.0, 2017.0], "adaptive_substitutions": [0.0, 0.0, 7.214285714285714, 7.214285714285714, 9.214285714285714, 9.214285714285714, 9.031578947368422, 8.72642857142857, 12.657967032967033, 15.77142857142857, 14.9, 14.9, 18.4, 17.900000000000002, 19.128571428571426], "adaptive_substitutions_per_codon": [0.0, 0.0, 0.004412407164700743, 0.004412407164700743, 0.0056356487549148095, 0.0056356487549148095, 0.0055239014968614195, 0.005337265181301878, 0.007741875861141916, 0.00964613368283093, 0.009113149847094801, 0.009113149847094801, 0.011253822629969419, 0.010948012232415904, 0.011699432066404543], "rate_of_adaptation": 0.0004979851397070491}