{"virus": "229e", "subtype": null, "gene": "rdrp", "window": 4, "min_seqs": 2, "midfreq_high": 0.75, "midfreq_low": 0.15, "window_midpoint": [1992.0, 1993.0, 1994.0, 1995.0, 2004.0, 2005.0, 2006.0, 2007.0, 2008.0, 2009.0, 2010.0, 2011.0, 2012.0, 2013.0, 2014.0, 2015.0, 2016.0, 2017.0], "adaptive_substitutions": [0.0, 0.0, 0.0, 0.0, 0.0, 0.0, 0.0, 0.0, 0, 0, 0, 0, 0.7068965517241379, 0.7931034482758621, 0.6896551724137931, 0.7931034482758621, 0.7931034482758621, 0.7974137931034483], "adaptive_substitutions_per_codon": [0.0, 0.0, 0.0, 0.0, 0.0, 0.0, 0.0, 0.0, 0.0, 0.0, 0.0, 0.0, 0.00025418790065592875, 0.000285186425126164, 0.00024798819576188173, 0.000285186425126164, 0.000285186425126164, 0.00028673635134967575], "rate_of_adaptation": 1.139110931248143e-05}