{"virus": "229e", "subtype": null, "gene": "s1", "window": 10, "min_seqs": 2, "midfreq_high": 0.75, "midfreq_low": 0.15, "window_midpoint": [1994.0, 1995.0, 1996.0, 1997.0, 1998.0, 2001.0, 2002.0, 2003.0, 2004.0, 2005.0, 2006.0, 2007.0, 2008.0, 2009.0, 2010.0, 2011.0, 2012.0, 2013.0, 2014.0], "adaptive_substitutions": [0.0, 0.0, 0.0, 0.0, 0.0, 7.214285714285714, 7.214285714285714, 8.751428571428571, 9.003896103896103, 8.973214285714286, 9.027649769585254, 9.057915057915059, 9.069642857142858, 9.076530612244898, 9.076530612244898, 9.902126245847176, 9.951917494270436, 10.655349062702005, 11.470212765957447], "adaptive_substitutions_per_codon": [0.0, 0.0, 0.0, 0.0, 0.0, 0.004412407164700743, 0.004412407164700743, 0.005352555701179554, 0.005506970094126057, 0.0054882044560943645, 0.005521498330021563, 0.005540009209733981, 0.005547182175622543, 0.0055513948698745555, 0.0055513948698745555, 0.006056346327735276, 0.006086799690685282, 0.006517033065872786, 0.007015420651961741], "rate_of_adaptation": 0.0003748596266596837}