{"virus": "229e", "subtype": null, "gene": "s2", "window": 5, "min_seqs": 2, "midfreq_high": 0.75, "midfreq_low": 0.15, "window_midpoint": [1991.5, 1992.5, 1993.5, 1994.5, 1995.5, 2003.5, 2004.5, 2005.5, 2006.5, 2007.5, 2008.5, 2009.5, 2010.5, 2011.5, 2012.5, 2013.5, 2014.5, 2015.5, 2016.5], "adaptive_substitutions": [0.0, 0.0, 0.0, 0.0, 0.0, 0.0, 0.0, 0.5535714285714286, 0.6775510204081632, 0.7271428571428571, 0.9537142857142856, 0.9614285714285714, 0.801530612244898, 0.7965714285714285, 0.0, 0, 0.4514285714285715, 0.4514285714285715, 0.45625], "adaptive_substitutions_per_codon": [0.0, 0.0, 0.0, 0.0, 0.0, 0.0, 0.0, 0.0003005273770746084, 0.0003678344301890137, 0.00039475725143477586, 0.0005177601985419574, 0.000521948192957965, 0.0004351414833034191, 0.00043244920117884285, 0.0, 0.0, 0.00024507522878858387, 0.00024507522878858387, 0.0002476927252985885], "rate_of_adaptation": 1.319146486149501e-05}