{"virus": "229e", "subtype": null, "gene": "s2", "window": 2, "min_seqs": 2, "midfreq_high": 0.75, "midfreq_low": 0.15, "window_midpoint": [1993.0, 1994.0, 2005.0, 2006.0, 2007.0, 2008.0, 2009.0, 2010.0, 2011.0, 2012.0, 2015.0, 2016.0, 2017.0], "adaptive_substitutions": [0.0, 0.0, 0.0, 0.0, 0.5285714285714286, 0.5285714285714286, 0.9276785714285715, 0.7849999999999999, 0.2142857142857143, 0.8257142857142857, 0.0, 0.4514285714285715, 0.4321428571428571], "adaptive_substitutions_per_codon": [0.0, 0.0, 0.0, 0.0, 0.0002869551729486583, 0.0002869551729486583, 0.0005036257173879324, 0.0004261672095548317, 0.00011633317822242904, 0.00044827051341709325, 0.0, 0.00024507522878858387, 0.0002346052427485652], "rate_of_adaptation": 1.1350542821166398e-05}