{"virus": "229e", "subtype": null, "gene": "rdrp", "window": 5, "min_seqs": 2, "midfreq_high": 0.75, "midfreq_low": 0.15, "window_midpoint": [1991.5, 1992.5, 1993.5, 1994.5, 1995.5, 2003.5, 2004.5, 2005.5, 2006.5, 2007.5, 2008.5, 2009.5, 2010.5, 2011.5, 2012.5, 2013.5, 2014.5, 2015.5, 2016.5], "adaptive_substitutions": [0.0, 0.0, 0.0, 0.0, 0.0, 1.8275862068965518, 1.8275862068965518, 1.8275862068965518, 1.8275862068965518, 1.896551724137931, 1.896551724137931, 1.896551724137931, 1.896551724137931, 1.896551724137931, 2.5344827586206895, 2.793103448275862, 2.6206896551724137, 2.6206896551724137, 2.625], "adaptive_substitutions_per_codon": [0.0, 0.0, 0.0, 0.0, 0.0, 0.0006571687187689867, 0.0006571687187689867, 0.0006571687187689867, 0.0006571687187689867, 0.0006819675383451748, 0.0006819675383451748, 0.0006819675383451748, 0.0006819675383451748, 0.0006819675383451748, 0.0009113566194249153, 0.001004352192835621, 0.0009423551438951505, 0.0009423551438951505, 0.0009439050701186624], "rate_of_adaptation": 4.29853658609465e-05}