{"virus": "229e", "subtype": null, "gene": "s2", "window": 4, "min_seqs": 2, "midfreq_high": 0.75, "midfreq_low": 0.15, "window_midpoint": [1992.0, 1993.0, 1994.0, 1995.0, 2004.0, 2005.0, 2006.0, 2007.0, 2008.0, 2009.0, 2010.0, 2011.0, 2012.0, 2013.0, 2014.0, 2015.0, 2016.0, 2017.0], "adaptive_substitutions": [0.0, 0.0, 0.0, 0.0, 0.0, 0.0, 0.7107142857142857, 0.8346938775510203, 0.9357142857142857, 0.9537142857142856, 0.801530612244898, 0.7965714285714285, 0.2142857142857143, 0.8257142857142857, 0.0, 0.4514285714285715, 0.4514285714285715, 0.45625], "adaptive_substitutions_per_codon": [0.0, 0.0, 0.0, 0.0, 0.0, 0.0, 0.00038583837443772296, 0.0004531454275521283, 0.0005079882115712734, 0.0005177601985419574, 0.0004351414833034191, 0.00043244920117884285, 0.00011633317822242904, 0.00044827051341709325, 0.0, 0.00024507522878858387, 0.00024507522878858387, 0.0002476927252985885], "rate_of_adaptation": 1.3457057671304249e-05}