{"virus": "229e", "subtype": null, "gene": "rdrp", "window": 2, "min_seqs": 2, "midfreq_high": 0.75, "midfreq_low": 0.15, "window_midpoint": [1993.0, 1994.0, 2005.0, 2006.0, 2007.0, 2008.0, 2009.0, 2010.0, 2011.0, 2012.0, 2015.0, 2016.0, 2017.0], "adaptive_substitutions": [0.0, 0.0, 0.0, 0.0, 0.0, 0.0, 0, 0, 0.7068965517241379, 0.7931034482758621, 0.6896551724137931, 0.7931034482758621, 0.7758620689655172], "adaptive_substitutions_per_codon": [0.0, 0.0, 0.0, 0.0, 0.0, 0.0, 0.0, 0.0, 0.00025418790065592875, 0.000285186425126164, 0.00024798819576188173, 0.000285186425126164, 0.00027898672023211695], "rate_of_adaptation": 1.295380786757576e-05}