{"virus": "229e", "subtype": null, "gene": "s2", "window": 10, "min_seqs": 2, "midfreq_high": 0.75, "midfreq_low": 0.15, "window_midpoint": [1994.0, 1995.0, 1996.0, 1997.0, 1998.0, 2001.0, 2002.0, 2003.0, 2004.0, 2005.0, 2006.0, 2007.0, 2008.0, 2009.0, 2010.0, 2011.0, 2012.0, 2013.0, 2014.0], "adaptive_substitutions": [0.0, 0.0, 0.0, 0.0, 0.0, 0.0, 0.0, 0.7107142857142857, 0.8346938775510203, 0.8842857142857143, 0.9142857142857143, 0.9276785714285715, 0.9276785714285715, 0.9276785714285715, 0.9276785714285715, 0.964935064935065, 0.7914285714285715, 0.7890365448504983, 0.786411149825784], "adaptive_substitutions_per_codon": [0.0, 0.0, 0.0, 0.0, 0.0, 0.0, 0.0, 0.00038583837443772296, 0.0004531454275521283, 0.00048006824879789055, 0.0004963548937490306, 0.0005036257173879324, 0.0005036257173879324, 0.0005036257173879324, 0.0005036257173879324, 0.0005238518267834228, 0.00042965720490150463, 0.0004283586019818124, 0.00042693330609434524], "rate_of_adaptation": 3.133553299501616e-05}