{"virus": "229e", "subtype": null, "gene": "s1", "window": 5, "min_seqs": 2, "midfreq_high": 0.75, "midfreq_low": 0.15, "window_midpoint": [1991.5, 1992.5, 1993.5, 1994.5, 1995.5, 2003.5, 2004.5, 2005.5, 2006.5, 2007.5, 2008.5, 2009.5, 2010.5, 2011.5, 2012.5, 2013.5, 2014.5, 2015.5, 2016.5], "adaptive_substitutions": [0.0, 0.0, 0.0, 0.0, 0.0, 8.214285714285714, 8.214285714285714, 9.751428571428571, 10.003896103896103, 9.816071428571428, 9.93743842364532, 9.95795918367347, 9.95795918367347, 10.683870967741935, 14.285714285714285, 18.490816326530613, 18.91642857142857, 19.57949579831933, 19.74285714285714], "adaptive_substitutions_per_codon": [0.0, 0.0, 0.0, 0.0, 0.0, 0.005024027959807776, 0.005024027959807776, 0.005964176496286588, 0.006118590889233091, 0.006003713411970292, 0.006077943989997138, 0.006090494913561755, 0.006090494913561755, 0.006534477656111275, 0.00873743993010048, 0.011309367783810772, 0.01156968108344255, 0.011975226787962891, 0.012075141983398863], "rate_of_adaptation": 0.0004889098370540632}