{"virus": "h3n2", "subtype": null, "gene": "ha2", "window": 2, "min_seqs": 2, "midfreq_high": 0.75, "midfreq_low": 0.15, "window_midpoint": [2009.0, 2010.0, 2011.0, 2012.0, 2013.0, 2014.0, 2015.0, 2016.0, 2017.0, 2018.0, 2019.0], "adaptive_substitutions": [0.0, 0.0, 0.0, 0.0, 0.0, 0.0, 0, 0.5100145252096357, 0.5662494944006162, 0.6074788324863551, 0.9256984760187299], "adaptive_substitutions_per_codon": [0.0, 0.0, 0.0, 0.0, 0.0, 0.0, 0.0, 0.0007692526775409287, 0.0008540716355967062, 0.0009162576658919383, 0.0013962269623208595], "rate_of_adaptation": 0.00013406259760949114}