{"virus": "h3n2", "subtype": null, "gene": "pb1", "window": 3, "min_seqs": 2, "midfreq_high": 0.75, "midfreq_low": 0.15, "window_midpoint": [2006.5, 2008.5, 2009.5, 2010.5, 2011.5, 2012.5, 2013.5, 2014.5, 2015.5, 2016.5, 2017.5, 2018.5], "adaptive_substitutions": [0.0, 0.9403038012369558, 0.9986448804048219, 0.9871620762889529, 0.9890471728922424, 1.774822206608001, 1.9229071312426347, 1.5627063216435957, 1.5076874923107169, 1.4676721761721638, 1.4529878475184703, 1.4047330902464563], "adaptive_substitutions_per_codon": [0.0, 0.0004135021113618979, 0.0004391578189994819, 0.00043410821296787727, 0.0004349371912454892, 0.000780484699475814, 0.0008456055986115368, 0.0006872059461933139, 0.0006630112103389257, 0.0006454143254934758, 0.0006389568370793625, 0.0006177366271972103], "rate_of_adaptation": 4.303750367965452e-05}