{"virus": "h3n2", "subtype": null, "gene": "pb1", "window": 5, "min_seqs": 2, "midfreq_high": 0.75, "midfreq_low": 0.15, "window_midpoint": [2007.5, 2008.5, 2009.5, 2010.5, 2011.5, 2012.5, 2013.5, 2014.5, 2015.5, 2016.5, 2017.5], "adaptive_substitutions": [0.0, 0.0, 0.0, 0.0, 0.0, 0.0, 0.0, 0.043648700218258146, 0.030600361291030363, 0.001626886083824084, 0.0], "adaptive_substitutions_per_codon": [0.0, 0.0, 0.0, 0.0, 0.0, 0.0, 0.0, 1.9194679075751163e-05, 1.3456623259028303e-05, 7.154292365101514e-07, 0.0], "rate_of_adaptation": 7.420085897693441e-07}