{"virus": "h3n2", "subtype": null, "gene": "ha1", "window": 2, "min_seqs": 2, "midfreq_high": 0.75, "midfreq_low": 0.15, "window_midpoint": [2009.0, 2010.0, 2011.0, 2012.0, 2013.0, 2014.0, 2015.0, 2016.0, 2017.0, 2018.0, 2019.0], "adaptive_substitutions": [0.0, 0.0, 0.0, 0.0, 4.693814929349992, 6.603114059877471, 7.235271203849232, 10.529534194108924, 9.3409547562194, 8.818178510890654, 8.510062729392883], "adaptive_substitutions_per_codon": [0.0, 0.0, 0.0, 0.0, 0.004755638226291785, 0.006690085167049109, 0.0073305685955919265, 0.01066822106799283, 0.009463986581782574, 0.00893432473241201, 0.00862215068834132], "rate_of_adaptation": 0.001192285314745347}