{"virus": "h3n2", "subtype": null, "gene": "ha1", "window": 3, "min_seqs": 2, "midfreq_high": 0.75, "midfreq_low": 0.15, "window_midpoint": [2006.5, 2008.5, 2009.5, 2010.5, 2011.5, 2012.5, 2013.5, 2014.5, 2015.5, 2016.5, 2017.5, 2018.5], "adaptive_substitutions": [0.0, 2.663326136857758, 2.8608172449202964, 3.4378872651943793, 3.5852102124234504, 3.130582126265563, 9.44061514794491, 10.452035089224951, 11.153542609750527, 14.126226707215007, 12.862386756599676, 12.794646092721285], "adaptive_substitutions_per_codon": [0.0, 0.0026984054071507173, 0.002898497715218132, 0.0034831684551108197, 0.003632431826163577, 0.0031718157307655146, 0.009564959623044489, 0.010589701204888502, 0.011300448439463553, 0.014312286430815611, 0.013031800158662286, 0.012963167267194818], "rate_of_adaptation": 0.0012795622787688866}