{"virus": "h3n2", "subtype": null, "gene": "pb1", "window": 4, "min_seqs": 2, "midfreq_high": 0.75, "midfreq_low": 0.15, "window_midpoint": [2007.0, 2008.0, 2009.0, 2010.0, 2011.0, 2012.0, 2013.0, 2014.0, 2015.0, 2016.0, 2017.0, 2018.0], "adaptive_substitutions": [0.0, 0.9403038012369558, 0.9827589159566343, 0.9871620762889529, 0.9895221725304232, 0.9852771391701796, 1.8466611850189523, 1.9399765133289453, 1.5263813941152244, 1.4907454431563765, 1.462689292488925, 1.4171063179277712], "adaptive_substitutions_per_codon": [0.0, 0.0004135021113618979, 0.00043217190675313733, 0.00043410821296787727, 0.00043514607411188354, 0.00043327930482417747, 0.0008120761587594337, 0.0008531119231877508, 0.00067123192353352, 0.0006555608808955041, 0.0006432230837682168, 0.0006231778003200401], "rate_of_adaptation": 4.651916198659073e-05}