{"virus": "h3n2", "subtype": null, "gene": "ha2", "window": 4, "min_seqs": 2, "midfreq_high": 0.75, "midfreq_low": 0.15, "window_midpoint": [2007.0, 2008.0, 2009.0, 2010.0, 2011.0, 2012.0, 2013.0, 2014.0, 2015.0, 2016.0, 2017.0, 2018.0], "adaptive_substitutions": [0.0, 0.8117070481824232, 0.8274625550878989, 0.305470261840357, 0.305470261840357, 0.305470261840357, 0.4721369285070237, 0.9721369285070237, 0.9721369285070237, 1.333413321301122, 1.4219152418355545, 1.3417448431508499], "adaptive_substitutions_per_codon": [0.0, 0.001224294190320397, 0.0012480581524704358, 0.00046073945978937714, 0.00046073945978937714, 0.00046073945978937714, 0.000712122064113158, 0.0014662698770845004, 0.0014662698770845004, 0.00201118148009219, 0.0021446685397218017, 0.0020237478780555803], "rate_of_adaptation": 0.00015448281482259113}