{"virus": "h3n2", "subtype": null, "gene": "ha1", "window": 4, "min_seqs": 2, "midfreq_high": 0.75, "midfreq_low": 0.15, "window_midpoint": [2007.0, 2008.0, 2009.0, 2010.0, 2011.0, 2012.0, 2013.0, 2014.0, 2015.0, 2016.0, 2017.0, 2018.0], "adaptive_substitutions": [0.0, 2.663326136857758, 2.7929504648600756, 3.4378872651943793, 3.5185450507034783, 3.56168120567374, 5.249064327152967, 9.74661899318346, 10.450848893029157, 11.900601625147573, 12.844942748527178, 12.765037491136637], "adaptive_substitutions_per_codon": [0.0, 0.0026984054071507173, 0.002829737046464109, 0.0034831684551108197, 0.003564888602536452, 0.0036085929135498884, 0.005318200939364708, 0.009874993914066323, 0.010588499385034606, 0.012057347137940802, 0.013014126391618214, 0.012933168684029014], "rate_of_adaptation": 0.0012442873903317723}