{"virus": "h3n2", "subtype": null, "gene": "ha2", "window": 3, "min_seqs": 2, "midfreq_high": 0.75, "midfreq_low": 0.15, "window_midpoint": [2006.5, 2008.5, 2009.5, 2010.5, 2011.5, 2012.5, 2013.5, 2014.5, 2015.5, 2016.5, 2017.5, 2018.5], "adaptive_substitutions": [0.0, 0.8117070481824232, 0.4442738570140474, 0.305470261840357, 0.305470261840357, 0.4721369285070237, 0.9721369285070237, 0.9721369285070237, 0.9164107855210711, 1.4044009924033083, 1.44206850263383, 1.362382820111732], "adaptive_substitutions_per_codon": [0.0, 0.001224294190320397, 0.0006700963152549735, 0.00046073945978937714, 0.00046073945978937714, 0.000712122064113158, 0.0014662698770845004, 0.0014662698770845004, 0.0013822183793681315, 0.0021182518739114756, 0.002175065614832323, 0.002054876048433985], "rate_of_adaptation": 0.0001679643650997016}