{"virus": "h3n2", "subtype": null, "gene": "ha1", "window": 5, "min_seqs": 2, "midfreq_high": 0.75, "midfreq_low": 0.15, "window_midpoint": [2007.5, 2008.5, 2009.5, 2010.5, 2011.5, 2012.5, 2013.5, 2014.5, 2015.5, 2016.5, 2017.5], "adaptive_substitutions": [0.0, 0.0, 0.0, 0.0, 0.0, 0.0, 3.9016393915907615, 6.160988282064551, 6.655362775218987, 8.513306724282977, 8.813645359968241], "adaptive_substitutions_per_codon": [0.0, 0.0, 0.0, 0.0, 0.0, 0.0, 0.003953028765542818, 0.006242136050723962, 0.006743022062025316, 0.00862543741062105, 0.00892973187433459], "rate_of_adaptation": 0.0010528797824293078}