{"virus": "measles", "subtype": null, "gene": "F", "window": 2, "min_seqs": 2, "midfreq_high": 0.75, "midfreq_low": 0.15, "window_midpoint": [1997.0, 1998.0, 1999.0, 2000.0, 2004.0, 2005.0, 2006.0, 2007.0, 2008.0, 2009.0, 2010.0, 2011.0, 2012.0, 2013.0, 2014.0, 2015.0, 2016.0, 2017.0], "adaptive_substitutions": [0.0, 0.0, 3.0981996726677576, 3.0981996726677576, 0.7823240589198036, 0.0, 0.0, 0.0, 0.0, 0.0, 0.0, 0.6511865793780687, 1.4934533551554827, 1.5635443230693107, 0.0, 0.0, 1.520458265139116, 1.2937806873977085], "adaptive_substitutions_per_codon": [0.0, 0.0, 0.0018742889731807367, 0.0018742889731807367, 0.00047327529275245227, 0.0, 0.0, 0.0, 0.0, 0.0, 0.0, 0.00039394227427590363, 0.0009034805536330809, 0.0009458828330727833, 0.0, 0.0, 0.0009198174622741174, 0.0007826864412569319], "rate_of_adaptation": -1.244210978532735e-05}