{"virus": "measles", "subtype": null, "gene": "F", "window": 5, "min_seqs": 2, "midfreq_high": 0.75, "midfreq_low": 0.15, "window_midpoint": [1989.5, 1990.5, 1991.5, 1992.5, 1993.5, 1995.5, 1996.5, 1997.5, 1998.5, 1999.5, 2000.5, 2001.5, 2002.5, 2003.5, 2004.5, 2005.5, 2006.5, 2007.5, 2008.5, 2009.5, 2010.5, 2011.5, 2012.5, 2013.5, 2014.5, 2015.5], "adaptive_substitutions": [0.0, 0.0, 0.0, 0.0, 0.0, 0.8756137479541735, 0.8756137479541735, 0.7937806873977087, 0.7937806873977087, 0.7937806873977087, 3.7201309328968906, 1.0, 0.0, 0.0, 0.0, 0.0, 0.0, 0.0, 0.0, 0.0, 0.0, 0.0, 0.0, 0.0, 0.0, 0.0], "adaptive_substitutions_per_codon": [0.0, 0.0, 0.0, 0.0, 0.0, 0.0005297118862396694, 0.0005297118862396694, 0.00048020610247895263, 0.00048020610247895263, 0.00048020610247895263, 0.0022505329297621843, 0.0006049606775559589, 0.0, 0.0, 0.0, 0.0, 0.0, 0.0, 0.0, 0.0, 0.0, 0.0, 0.0, 0.0, 0.0, 0.0], "rate_of_adaptation": -1.2346252985423519e-05}