{"virus": "measles", "subtype": null, "gene": "H", "window": 4, "min_seqs": 2, "midfreq_high": 0.75, "midfreq_low": 0.15, "window_midpoint": [1990.0, 1991.0, 1992.0, 1993.0, 1996.0, 1997.0, 1998.0, 1999.0, 2000.0, 2001.0, 2003.0, 2004.0, 2005.0, 2006.0, 2007.0, 2008.0, 2009.0, 2010.0, 2011.0, 2012.0, 2013.0, 2014.0, 2015.0, 2016.0], "adaptive_substitutions": [0.0, 0.0, 0.0, 0.0, 0.0, 0.0, 0.38134206219312605, 0.38134206219312605, 5.502454991816694, 5.502454991816694, 0.9844517184942717, 0.0, 0.0, 0.0, 0.6775777414075287, 0.0, 0.0, 0.0, 0.0, 0.0, 0.7845469868334269, 0.8968903436988543, 0.9158288519990648, 0.8864157119476269], "adaptive_substitutions_per_codon": [0.0, 0.0, 0.0, 0.0, 0.0, 0.0, 0.00020568611768777026, 0.00020568611768777026, 0.00296788295135744, 0.00296788295135744, 0.0005309879819278704, 0.0, 0.0, 0.0, 0.000365468037436639, 0.0, 0.0, 0.0, 0.0, 0.0, 0.00042316450206765206, 0.000483759624433039, 0.0004939745695787837, 0.00047810987699440505], "rate_of_adaptation": -2.533280952415064e-07}