{"virus": "measles", "subtype": null, "gene": "P", "window": 4, "min_seqs": 2, "midfreq_high": 0.75, "midfreq_low": 0.15, "window_midpoint": [1990.0, 1991.0, 1992.0, 1993.0, 1996.0, 1997.0, 1998.0, 1999.0, 2000.0, 2001.0, 2003.0, 2004.0, 2005.0, 2006.0, 2007.0, 2008.0, 2009.0, 2010.0, 2011.0, 2012.0, 2013.0, 2014.0, 2015.0, 2016.0], "adaptive_substitutions": [0.0, 0.0, 0.0, 0.0, 1.0, 1.0, 0.0, 0.0, 6.64387604525332, 6.64387604525332, 0.0, 0.0, 0.0, 0.0, 0.0, 0.0, 0.0, 0.0, 0.0, 0.0, 0.6671561033984039, 0.7839153959665519, 0.8888743889095234, 0.8693162813575996], "adaptive_substitutions_per_codon": [0.0, 0.0, 0.0, 0.0, 0.0006561679790026247, 0.0006561679790026247, 0.0, 0.0, 0.004359498717357821, 0.004359498717357821, 0.0, 0.0, 0.0, 0.0, 0.0, 0.0, 0.0, 0.0, 0.0, 0.0, 0.0004377664720461968, 0.0005143801810804146, 0.000583250911357955, 0.0005704175074524931], "rate_of_adaptation": -1.0132061830769217e-05}