{"virus": "measles", "subtype": null, "gene": "H", "window": 5, "min_seqs": 2, "midfreq_high": 0.75, "midfreq_low": 0.15, "window_midpoint": [1989.5, 1990.5, 1991.5, 1992.5, 1993.5, 1995.5, 1996.5, 1997.5, 1998.5, 1999.5, 2000.5, 2001.5, 2002.5, 2003.5, 2004.5, 2005.5, 2006.5, 2007.5, 2008.5, 2009.5, 2010.5, 2011.5, 2012.5, 2013.5, 2014.5, 2015.5], "adaptive_substitutions": [0.0, 0.0, 0.0, 0.0, 0.0, 0.0, 0.0, 0.38134206219312605, 0.38134206219312605, 0.38134206219312605, 5.502454991816694, 0.9689034369885434, 0.9844517184942717, 0.0, 0.0, 0.0, 0.0, 0.0, 0.0, 0.0, 0.0, 0.0, 0.0, 0.725522287474728, 0.9048218557220193, 0.9008560997104369], "adaptive_substitutions_per_codon": [0.0, 0.0, 0.0, 0.0, 0.0, 0.0, 0.0, 0.00020568611768777026, 0.00020568611768777026, 0.00020568611768777026, 0.00296788295135744, 0.000522601638073648, 0.0005309879819278704, 0.0, 0.0, 0.0, 0.0, 0.0, 0.0, 0.0, 0.0, 0.0, 0.0, 0.00039132809464656313, 0.0004880376783829662, 0.00048589865140800264], "rate_of_adaptation": 3.6294504975610107e-06}