{"virus": "measles", "subtype": null, "gene": "P", "window": 2, "min_seqs": 2, "midfreq_high": 0.75, "midfreq_low": 0.15, "window_midpoint": [1997.0, 1998.0, 1999.0, 2000.0, 2004.0, 2005.0, 2006.0, 2007.0, 2008.0, 2009.0, 2010.0, 2011.0, 2012.0, 2013.0, 2014.0, 2015.0, 2016.0, 2017.0], "adaptive_substitutions": [0.0, 0.0, 11.84259714707329, 11.84259714707329, 6.73290703393999, 0.0, 0.0, 0.0, 0.0, 0.0, 0.0, 2.0522626660108214, 5.916133792424987, 7.132682826387855, 0.8986947917500772, 0.9359393536066665, 8.842597147073292, 7.664535169699951], "adaptive_substitutions_per_codon": [0.0, 0.0, 0.007770733036137329, 0.007770733036137329, 0.00441791800127296, 0.0, 0.0, 0.0, 0.0, 0.0, 0.0, 0.0013466290459388593, 0.003881977554084637, 0.004680238075057647, 0.0005896947452428328, 0.0006141334341251092, 0.005802229099129456, 0.005029222552296556], "rate_of_adaptation": -4.456862885748834e-07}