{"virus": "measles", "subtype": null, "gene": "H", "window": 2, "min_seqs": 2, "midfreq_high": 0.75, "midfreq_low": 0.15, "window_midpoint": [1997.0, 1998.0, 1999.0, 2000.0, 2004.0, 2005.0, 2006.0, 2007.0, 2008.0, 2009.0, 2010.0, 2011.0, 2012.0, 2013.0, 2014.0, 2015.0, 2016.0, 2017.0], "adaptive_substitutions": [0.0, 0.0, 12.725040916530277, 12.725040916530277, 6.549099836333879, 0.0, 0.0, 0.0, 0.0, 0.0, 0.0, 1.269026186579378, 4.006137479541734, 8.012027556807366, 0.0, 0.0, 6.489361702127659, 5.68494271685761], "adaptive_substitutions_per_codon": [0.0, 0.0, 0.006863560364903062, 0.006863560364903062, 0.0035324163087021997, 0.0, 0.0, 0.0, 0.0, 0.0, 0.0, 0.0006844801437860722, 0.002160807702018195, 0.004321481961600521, 0.0, 0.0, 0.00350019509284124, 0.0030663121450148923], "rate_of_adaptation": -5.546255889625532e-05}