{"virus": "measles", "subtype": null, "gene": "F", "window": 4, "min_seqs": 2, "midfreq_high": 0.75, "midfreq_low": 0.15, "window_midpoint": [1990.0, 1991.0, 1992.0, 1993.0, 1996.0, 1997.0, 1998.0, 1999.0, 2000.0, 2001.0, 2003.0, 2004.0, 2005.0, 2006.0, 2007.0, 2008.0, 2009.0, 2010.0, 2011.0, 2012.0, 2013.0, 2014.0, 2015.0, 2016.0], "adaptive_substitutions": [0.0, 0.0, 0.0, 0.0, 0.8756137479541735, 0.8756137479541735, 0.7937806873977087, 0.7937806873977087, 3.7201309328968906, 3.7201309328968906, 0.0, 0.0, 0.0, 0.0, 0.7086743044189853, 0.0, 0.0, 0.0, 0.0, 0.0, 0.0, 0.0, 0.0, 0.0], "adaptive_substitutions_per_codon": [0.0, 0.0, 0.0, 0.0, 0.0005297118862396694, 0.0005297118862396694, 0.00048020610247895263, 0.00048020610247895263, 0.0022505329297621843, 0.0022505329297621843, 0.0, 0.0, 0.0, 0.0, 0.00042872008736780716, 0.0, 0.0, 0.0, 0.0, 0.0, 0.0, 0.0, 0.0, 0.0], "rate_of_adaptation": -1.7557057954692614e-05}