{"virus": "nl63", "subtype": null, "gene": "s2", "window": 4, "min_seqs": 2, "midfreq_high": 0.75, "midfreq_low": 0.15, "window_midpoint": [1988.0, 1989.0, 1990.0, 1991.0, 1992.0, 2000.0, 2001.0, 2002.0, 2003.0, 2004.0, 2005.0, 2006.0, 2007.0, 2008.0, 2009.0, 2010.0, 2011.0, 2012.0, 2013.0, 2014.0, 2015.0, 2016.0, 2017.0], "adaptive_substitutions": [0.0, 0.0, 0.0, 0.0, 0.0, 0.0, 0.0, 0.0, 0.0, 0.736840356461699, 0.736840356461699, 0.0, 0.0, 0.5788914067743672, 0.5788914067743672, 0.5788914067743672, 0.5788914067743672, 0.5788914067743672, 2.263059961855143, 0.766895807958016, 0.6390687642224402, 0.6459040796390194, 0.6679874063695062], "adaptive_substitutions_per_codon": [0.0, 0.0, 0.0, 0.0, 0.0, 0.0, 0.0, 0.0, 0.0, 0.00040396949367417707, 0.00040396949367417707, 0.0, 0.0, 0.0003173746747666487, 0.0003173746747666487, 0.0003173746747666487, 0.0003173746747666487, 0.0003173746747666487, 0.001240712698385495, 0.00042044726313487723, 0.00035036664705177643, 0.0003541140787494624, 0.00036622116577275556], "rate_of_adaptation": 1.9473045871545015e-05}