{"virus": "nl63", "subtype": null, "gene": "s1", "window": 2, "min_seqs": 2, "midfreq_high": 0.75, "midfreq_low": 0.15, "window_midpoint": [1989.0, 1990.0, 1991.0, 2001.0, 2002.0, 2004.0, 2005.0, 2006.0, 2007.0, 2008.0, 2009.0, 2010.0, 2011.0, 2012.0, 2013.0, 2014.0, 2015.0, 2016.0, 2017.0, 2018.0], "adaptive_substitutions": [0.0, 0.0, 0.0, 1.6052106938509692, 1.368337110161551, 2.2104213877019383, 2.6841153915164244, 2.7542979419055147, 10.21028847879106, 9.646429503235609, 3.5103336678207593, 6.550629338139628, 8.132227443619191, 4.2366409930953814, 4.4378807205070245, 2.868270655706112, 1.9620728531527007, 4.798108041653653, 4.8155656270974685, 3.409788951142335], "adaptive_substitutions_per_codon": [0.0, 0.0, 0.0, 0.0007289785167352267, 0.0006214064987109677, 0.0010038244267492908, 0.0012189443194897476, 0.0012508165040442847, 0.004636824922248438, 0.004380758175856317, 0.001594156979028501, 0.002974854376993473, 0.0036931096474201596, 0.0019239968179361406, 0.002015386339921446, 0.0013025752296576347, 0.0008910412593790649, 0.002178977312285946, 0.0021869053710706033, 0.0015484963447512875], "rate_of_adaptation": 8.068151832456435e-05}