{"virus": "nl63", "subtype": null, "gene": "s2", "window": 10, "min_seqs": 2, "midfreq_high": 0.75, "midfreq_low": 0.15, "window_midpoint": [1988.0, 1989.0, 1990.0, 1991.0, 1992.0, 1993.0, 1994.0, 1995.0, 1996.0, 1997.0, 1998.0, 1999.0, 2000.0, 2001.0, 2002.0, 2003.0, 2004.0, 2005.0, 2006.0, 2007.0, 2008.0, 2009.0, 2010.0, 2011.0, 2012.0, 2013.0, 2014.0], "adaptive_substitutions": [0.0, 0.0, 0.0, 0.0, 0.0, 0.0, 0.0, 0.0, 0.0, 0.0, 0.0, 0.0, 0.6315632081552908, 0, 0, 0, 0, 0, 0.29212484913119974, 0.3044402019076228, 0.3044402019076228, 0.3044402019076228, 0.3332624485808652, 0.4554653175342831, 0.4250309396608881, 0.42009026317203346, 0.3109204606622852], "adaptive_substitutions_per_codon": [0.0, 0.0, 0.0, 0.0, 0.0, 0.0, 0.0, 0.0, 0.0, 0.0, 0.0, 0.0, 0.0003462517588570673, 0.0, 0.0, 0.0, 0.0, 0.0, 0.00016015616728684196, 0.00016690800543181074, 0.00016690800543181074, 0.00016690800543181074, 0.0001827096757570533, 0.00024970686268326926, 0.00023302134849829392, 0.00023031264428291309, 0.00017046077887186687], "rate_of_adaptation": 9.550689615690965e-06}