{"virus": "nl63", "subtype": null, "gene": "s1", "window": 5, "min_seqs": 2, "midfreq_high": 0.75, "midfreq_low": 0.15, "window_midpoint": [1985.5, 1987.5, 1988.5, 1989.5, 1990.5, 1991.5, 1992.5, 1999.5, 2000.5, 2001.5, 2002.5, 2003.5, 2004.5, 2005.5, 2006.5, 2007.5, 2008.5, 2009.5, 2010.5, 2011.5, 2012.5, 2013.5, 2014.5, 2015.5, 2016.5], "adaptive_substitutions": [0.0, 0.0, 0.0, 0.0, 0.0, 0.0, 0.0, 0.938566178669449, 0.938566178669449, 0.938566178669449, 1.2631197708650377, 1.241447800220707, 1.3157516995726979, 1.5023624558908553, 2.2520393648213197, 3.111819666716997, 6.515005155009625, 6.417327432720908, 2.69631975225779, 2.7479558134832294, 2.6764752684282076, 1.893104685703653, 1.0748653264238641, 1.0836953209335372, 1.1582833240952601], "adaptive_substitutions_per_codon": [0.0, 0.0, 0.0, 0.0, 0.0, 0.0, 0.0, 0.0004262335052994773, 0.0004262335052994773, 0.0004262335052994773, 0.0005736238741439771, 0.0005637819256224827, 0.0005975257491247492, 0.0006822717783337217, 0.0010227245071849772, 0.0014131787768923692, 0.002958676273846333, 0.002914317635204772, 0.0012244867176465896, 0.0012479363367317118, 0.0012154746904760253, 0.0008597205657146471, 0.0004881313925630627, 0.0004921413809870741, 0.0005260142252930337], "rate_of_adaptation": 4.7449402331123325e-05}