{"virus": "nl63", "subtype": null, "gene": "s2", "window": 5, "min_seqs": 2, "midfreq_high": 0.75, "midfreq_low": 0.15, "window_midpoint": [1985.5, 1987.5, 1988.5, 1989.5, 1990.5, 1991.5, 1992.5, 1999.5, 2000.5, 2001.5, 2002.5, 2003.5, 2004.5, 2005.5, 2006.5, 2007.5, 2008.5, 2009.5, 2010.5, 2011.5, 2012.5, 2013.5, 2014.5, 2015.5, 2016.5], "adaptive_substitutions": [0.0, 0.0, 0.0, 0.0, 0.0, 0.0, 0.0, 0.0, 0.0, 0.0, 0.6842017823084949, 0.0, 0.6315632081552908, 0.0, 0.0, 0.3629655454096074, 0.5788914067743672, 0.5788914067743672, 0.5788914067743672, 0.5788914067743672, 0.5788914067743672, 0.766895807958016, 0.6390687642224402, 0.6459040796390194, 0.6349388801223791], "adaptive_substitutions_per_codon": [0.0, 0.0, 0.0, 0.0, 0.0, 0.0, 0.0, 0.0, 0.0, 0.0, 0.0003751106262656222, 0.0, 0.0003462517588570673, 0.0, 0.0, 0.00019899426831667072, 0.0003173746747666487, 0.0003173746747666487, 0.0003173746747666487, 0.0003173746747666487, 0.0003173746747666487, 0.00042044726313487723, 0.00035036664705177643, 0.0003541140787494624, 0.0003481024562074447], "rate_of_adaptation": 1.3902981007573246e-05}