{"virus": "nl63", "subtype": null, "gene": "s1", "window": 10, "min_seqs": 2, "midfreq_high": 0.75, "midfreq_low": 0.15, "window_midpoint": [1988.0, 1989.0, 1990.0, 1991.0, 1992.0, 1993.0, 1994.0, 1995.0, 1996.0, 1997.0, 1998.0, 1999.0, 2000.0, 2001.0, 2002.0, 2003.0, 2004.0, 2005.0, 2006.0, 2007.0, 2008.0, 2009.0, 2010.0, 2011.0, 2012.0, 2013.0, 2014.0], "adaptive_substitutions": [0.0, 0.0, 0.0, 0.0, 0.0, 0.0, 0.0, 0.0, 0.0, 1.6052106938509692, 1.6052106938509692, 1.6052106938509692, 2.684122036961968, 2.8496123946159377, 2.8496123946159377, 2.901673987732508, 3.5893868344647064, 3.5426016153097697, 4.5291633372614735, 4.574765520783772, 3.1232301505188635, 3.144322332822343, 3.189140641451039, 2.813414480643486, 2.7162755854637073, 2.759133759848483, 2.7359605919246643], "adaptive_substitutions_per_codon": [0.0, 0.0, 0.0, 0.0, 0.0, 0.0, 0.0, 0.0, 0.0, 0.0007289785167352267, 0.0007289785167352267, 0.0007289785167352267, 0.0012189473374032552, 0.00129410190491187, 0.00129410190491187, 0.0013177447719039546, 0.0016300575996660792, 0.001608810906135227, 0.002056840752616473, 0.0020775501910916313, 0.0014183606496452606, 0.0014279392973761775, 0.0014482927527025608, 0.0012776632518816922, 0.0012335493121996854, 0.0012530126066523537, 0.0012424889154971227], "rate_of_adaptation": 7.456997230099168e-05}