{"virus": "nl63", "subtype": null, "gene": "s1", "window": 4, "min_seqs": 2, "midfreq_high": 0.75, "midfreq_low": 0.15, "window_midpoint": [1988.0, 1989.0, 1990.0, 1991.0, 1992.0, 2000.0, 2001.0, 2002.0, 2003.0, 2004.0, 2005.0, 2006.0, 2007.0, 2008.0, 2009.0, 2010.0, 2011.0, 2012.0, 2013.0, 2014.0, 2015.0, 2016.0, 2017.0], "adaptive_substitutions": [0.0, 0.0, 0.0, 0.0, 0.0, 1.8420842775403878, 1.8420842775403878, 1.8420842775403878, 2.8420377594215807, 3.0525854105888532, 3.0525854105888532, 3.306182257989487, 4.046615541693672, 8.260597824281131, 8.48716112908926, 7.5047303432255115, 3.6314635264721327, 4.631714582689443, 3.7502110826993373, 2.304088699517103, 2.2357090098788603, 1.5032759902839299, 2.239559062115698], "adaptive_substitutions_per_codon": [0.0, 0.0, 0.0, 0.0, 0.0, 0.0008365505347594859, 0.0008365505347594859, 0.0008365505347594859, 0.0012906620160860948, 0.0013862785697497063, 0.0013862785697497063, 0.001501445167116025, 0.0018377000643477167, 0.003751406823015954, 0.003854296607215831, 0.0034081427535084066, 0.0016491659974896152, 0.0021034126170251786, 0.0017030931347408434, 0.0010463618072284755, 0.0010153083605262763, 0.0006826866440889782, 0.0010170567947846041], "rate_of_adaptation": 6.987783263377337e-05}