{"virus": "nl63", "subtype": null, "gene": "s2", "window": 2, "min_seqs": 2, "midfreq_high": 0.75, "midfreq_low": 0.15, "window_midpoint": [1989.0, 1990.0, 1991.0, 2001.0, 2002.0, 2005.0, 2006.0, 2007.0, 2008.0, 2009.0, 2010.0, 2011.0, 2014.0, 2015.0, 2016.0, 2017.0, 2018.0], "adaptive_substitutions": [0.0, 0.0, 0.0, 0.0, 0.0, 0.736840356461699, 0.0, 0.10514423939553041, 0.31569853600834674, 0.31569853600834674, 0.31569853600834674, 0.31569853600834674, 1.999867091089122, 0.766895807958016, 0.5920759707334579, 0.10517746662324978, 0.7368071292339795], "adaptive_substitutions_per_codon": [0.0, 0.0, 0.0, 0.0, 0.0, 0.00040396949367417707, 0.0, 5.764486808965483e-05, 0.0001730803377238743, 0.0001730803377238743, 0.0001730803377238743, 0.0001730803377238743, 0.0010964183613427205, 0.00042044726313487723, 0.0003246030541301852, 5.766308477151852e-05, 0.0004039512769923133], "rate_of_adaptation": 1.5964014359384085e-05}