{"virus": "oc43", "subtype": "b", "gene": "s2", "window": 4, "min_seqs": 2, "midfreq_high": 0.75, "midfreq_low": 0.15, "window_midpoint": [1985.0, 1986.0, 1987.0, 1988.0, 1989.0, 1990.0, 1991.0, 1992.0, 1993.0, 1994.0, 1995.0, 1996.0, 1997.0, 1998.0, 1999.0, 2000.0, 2001.0, 2002.0, 2003.0, 2004.0, 2005.0, 2006.0, 2007.0, 2008.0, 2009.0, 2010.0, 2011.0, 2012.0, 2013.0, 2014.0, 2015.0, 2016.0, 2017.0], "adaptive_substitutions": [0.0, 0.0, 0.0, 0.0, 0.0, 0.0, 0.0, 0.0, 1.8363171355498722, 1.0, 1.0, 1.0, 1.0, 0.8363171355498722, 0.7544757033248082, 0.7544757033248082, 0.7544757033248082, 1.0, 1.0, 1.0, 2.9430946291560103, 1.4021739130434783, 1.4562659846547314, 1.6726342710997444, 1.5959079283887467, 1.6199488491048593, 1.656010230179028, 1.656010230179028, 1.7544757033248082, 1.7544757033248082, 2.5907928388746804, 2.5907928388746804, 2.5907928388746804], "adaptive_substitutions_per_codon": [0.0, 0.0, 0.0, 0.0, 0.0, 0.0, 0.0, 0.0, 0.00102702300645966, 0.0005592841163310962, 0.0005592841163310962, 0.0005592841163310962, 0.0005592841163310962, 0.0004677388901285639, 0.00042196627702729766, 0.00042196627702729766, 0.00042196627702729766, 0.0005592841163310962, 0.0005592841163310962, 0.0005592841163310962, 0.0016460260789463144, 0.0007842135978990371, 0.0008144664343706551, 0.0009354777802571278, 0.0008925659554746906, 0.0009060116605731875, 0.0009261802182209329, 0.0009261802182209329, 0.0009812503933583937, 0.0009812503933583937, 0.0014489892834869578, 0.0014489892834869578, 0.0014489892834869578], "rate_of_adaptation": 4.230837724643402e-05}