{"virus": "oc43", "subtype": "b", "gene": "s2", "window": 2, "min_seqs": 2, "midfreq_high": 0.75, "midfreq_low": 0.15, "window_midpoint": [1987.0, 1988.0, 1990.0, 1991.0, 1992.0, 1993.0, 1995.0, 1996.0, 1997.0, 1998.0, 2001.0, 2002.0, 2003.0, 2006.0, 2007.0, 2008.0, 2010.0, 2011.0, 2012.0, 2013.0, 2016.0, 2017.0], "adaptive_substitutions": [0.0, 0.0, 0.0, 0.0, 1.6726342710997444, 1.6726342710997444, 0.7544757033248082, 0.8363171355498722, 0.6726342710997443, 0.5907928388746804, 0.5907928388746804, 0.5907928388746804, 0.8363171355498722, 0.8363171355498722, 1.5089514066496164, 2.4271099744245523, 1.527219583485568, 1.5959079283887467, 1.6726342710997444, 1.6726342710997444, 2.4271099744245523, 2.4271099744245523], "adaptive_substitutions_per_codon": [0.0, 0.0, 0.0, 0.0, 0.0009354777802571278, 0.0009354777802571278, 0.00042196627702729766, 0.0004677388901285639, 0.0003761936639260315, 0.0003304210508247653, 0.0003304210508247653, 0.0003304210508247653, 0.0004677388901285639, 0.0004677388901285639, 0.0008439325540545953, 0.0013574440572844252, 0.0008541496551932706, 0.0008925659554746906, 0.0009354777802571278, 0.0009354777802571278, 0.0013574440572844252, 0.0013574440572844252], "rate_of_adaptation": 3.685548442632625e-05}