{"virus": "oc43", "subtype": "b", "gene": "s1", "window": 2, "min_seqs": 2, "midfreq_high": 0.75, "midfreq_low": 0.15, "window_midpoint": [1990.0, 1991.0, 1992.0, 1993.0, 1995.0, 1996.0, 1997.0, 1998.0, 2001.0, 2002.0, 2003.0, 2006.0, 2007.0, 2008.0, 2009.0, 2010.0, 2011.0, 2012.0, 2013.0, 2014.0, 2015.0, 2016.0, 2017.0, 2018.0], "adaptive_substitutions": [0.0, 0.0, 0.0, 0.0, 0.5089514066496164, 0.0, 0.0, 0.0, 0.0, 0.0, 1.065856777493606, 0.6317135549872124, 34.790281329923275, 35.91304347826087, 35.9462915601023, 35.18391071843757, 34.732429667519185, 33.57736572890026, 33.749360613810744, 34.97067254995644, 34.83963031853058, 34.9747442455243, 34.599378881987576, 32.011508951406654], "adaptive_substitutions_per_codon": [0.0, 0.0, 0.0, 0.0, 0.00022529942746773632, 0.0, 0.0, 0.0, 0.0, 0.0, 0.0004718268160662267, 0.0002796430079624667, 0.015400744280621192, 0.01589776161056258, 0.015912479663613237, 0.015574993677927213, 0.015375134868313052, 0.01486381838375399, 0.014939956004342959, 0.01548059873836053, 0.01542258978243939, 0.01548240117110416, 0.015316236778214951, 0.014170654692964434], "rate_of_adaptation": 0.0007527310898340367}