{"virus": "oc43", "subtype": "a", "gene": "s2", "window": 2, "min_seqs": 2, "midfreq_high": 0.75, "midfreq_low": 0.15, "window_midpoint": [1991.0, 1992.0, 1996.0, 1997.0, 1998.0, 1999.0, 2000.0, 2001.0, 2002.0, 2004.0, 2005.0, 2006.0, 2007.0, 2008.0, 2009.0, 2010.0, 2011.0, 2012.0, 2013.0, 2015.0, 2016.0, 2017.0, 2018.0], "adaptive_substitutions": [0.0, 0.0, 0.0, 0.0, 0.0, 0.0, 0.0, 0.0, 0.0, 0.8660084626234132, 0.919605077574048, 0.919605077574048, 0.8660084626234132, 0.8392101551480959, 0.8392101551480959, 0.8392101551480959, 0.8392101551480959, 0.8392101551480959, 0.8392101551480959, 0.8124118476727786, 0.8124118476727786, 0.8124118476727786, 0.7856135401974612], "adaptive_substitutions_per_codon": [0.0, 0.0, 0.0, 0.0, 0.0, 0.0, 0.0, 0.0, 0.0, 0.00048434477775358684, 0.0005143205131845906, 0.0005143205131845906, 0.00048434477775358684, 0.00046935691003808497, 0.00046935691003808497, 0.00046935691003808497, 0.00046935691003808497, 0.00046935691003808497, 0.00046935691003808497, 0.00045436904232258314, 0.00045436904232258314, 0.00045436904232258314, 0.0004393811746070812], "rate_of_adaptation": 2.4490682486010043e-05}