{"virus": "oc43", "subtype": "b", "gene": "s2", "window": 10, "min_seqs": 2, "midfreq_high": 0.75, "midfreq_low": 0.15, "window_midpoint": [1988.0, 1989.0, 1990.0, 1991.0, 1992.0, 1993.0, 1994.0, 1995.0, 1996.0, 1997.0, 1998.0, 1999.0, 2000.0, 2001.0, 2002.0, 2003.0, 2004.0, 2005.0, 2006.0, 2007.0, 2008.0, 2009.0, 2010.0, 2011.0, 2012.0, 2013.0, 2014.0], "adaptive_substitutions": [0.0, 0.0, 0.0, 0.0, 0.0, 0.0, 0.0, 0.7503442848711391, 1.0, 1.0, 1.0, 1.0, 1.0, 1.0, 1.0, 1.0, 1.0, 1.0, 0.8460358056265985, 1.4840153452685423, 1.574168797953964, 1.563562509402738, 1.563562509402738, 1.7090416729351587, 1.7010869565217392, 1.7010869565217392, 1.692071611253197], "adaptive_substitutions_per_codon": [0.0, 0.0, 0.0, 0.0, 0.0, 0.0, 0.0, 0.00041965564030824334, 0.0005592841163310962, 0.0005592841163310962, 0.0005592841163310962, 0.0005592841163310962, 0.0005592841163310962, 0.0005592841163310962, 0.0005592841163310962, 0.0005592841163310962, 0.0005592841163310962, 0.0005592841163310962, 0.0004731743879343392, 0.0008299862110003033, 0.0008804076051196667, 0.0008744756763997417, 0.0008744756763997417, 0.0009558398618205586, 0.0009513909152806147, 0.0009513909152806147, 0.0009463487758686784], "rate_of_adaptation": 4.078345437897094e-05}