{"virus": "oc43", "subtype": "a", "gene": "s2", "window": 4, "min_seqs": 2, "midfreq_high": 0.75, "midfreq_low": 0.15, "window_midpoint": [1992.0, 1993.0, 1994.0, 1995.0, 1996.0, 1997.0, 1998.0, 1999.0, 2000.0, 2001.0, 2002.0, 2003.0, 2004.0, 2005.0, 2006.0, 2007.0, 2008.0, 2009.0, 2010.0, 2011.0, 2012.0, 2013.0, 2014.0, 2015.0, 2016.0, 2017.0], "adaptive_substitutions": [0.0, 0.0, 0.0, 0.0, 0.0, 0.0, 0.0, 0.0, 0.0, 0.0, 0.0, 0.7410437235543019, 0.9464033850493653, 0.919605077574048, 0.919605077574048, 0.919605077574048, 0.8660084626234132, 0.8392101551480959, 0.8392101551480959, 0.8392101551480959, 0.8392101551480959, 0.8392101551480959, 0.8392101551480959, 0.8392101551480959, 0.8124118476727786, 0.8124118476727786], "adaptive_substitutions_per_codon": [0.0, 0.0, 0.0, 0.0, 0.0, 0.0, 0.0, 0.0, 0.0, 0.0, 0.0, 0.0004144539840907729, 0.0005293083809000924, 0.0005143205131845906, 0.0005143205131845906, 0.0005143205131845906, 0.00048434477775358684, 0.00046935691003808497, 0.00046935691003808497, 0.00046935691003808497, 0.00046935691003808497, 0.00046935691003808497, 0.00046935691003808497, 0.00046935691003808497, 0.00045436904232258314, 0.00045436904232258314], "rate_of_adaptation": 2.644062130435792e-05}