{"virus": "oc43", "subtype": "b", "gene": "s1", "window": 10, "min_seqs": 2, "midfreq_high": 0.75, "midfreq_low": 0.15, "window_midpoint": [1992.0, 1993.0, 1994.0, 1995.0, 1996.0, 1997.0, 1998.0, 1999.0, 2000.0, 2001.0, 2002.0, 2003.0, 2004.0, 2005.0, 2006.0, 2007.0, 2008.0, 2009.0, 2010.0, 2011.0, 2012.0, 2013.0, 2014.0], "adaptive_substitutions": [0.0, 0.0, 0.0, 0.0, 0.0, 0.0, 0.0, 0.0, 0.0, 0.019181585677749365, 0.139386189258312, 0.22953964194373402, 0.2595907928388747, 25.27429667519183, 31.763894953527533, 32.77028829732096, 32.71300860265055, 32.80917228551499, 33.73730162782386, 35.386758893280636, 35.505458120703516, 35.32517354767994, 35.27601474419951], "adaptive_substitutions_per_codon": [0.0, 0.0, 0.0, 0.0, 0.0, 0.0, 0.0, 0.0, 0.0, 8.491184452301622e-06, 6.170260702005843e-05, 0.00010161117394587607, 0.00011491402958781528, 0.011188267673834365, 0.014061042476107805, 0.014506546391023, 0.01448119017381609, 0.014523759311870292, 0.01493461780780162, 0.015664789240053403, 0.01571733427211311, 0.015637527024205372, 0.01561576571235038], "rate_of_adaptation": 0.0009699959725652311}