{"virus": "oc43", "subtype": "a", "gene": "s1", "window": 4, "min_seqs": 2, "midfreq_high": 0.75, "midfreq_low": 0.15, "window_midpoint": [1992.0, 1993.0, 1994.0, 1995.0, 1996.0, 1997.0, 1998.0, 1999.0, 2000.0, 2001.0, 2002.0, 2003.0, 2004.0, 2005.0, 2006.0, 2007.0, 2008.0, 2009.0, 2010.0, 2011.0, 2012.0, 2013.0, 2014.0, 2015.0, 2016.0, 2017.0], "adaptive_substitutions": [0.0, 0.0, 1.0, 5.0, 5.716502115655853, 5.76784203102962, 5.4732016925246825, 5.4732016925246825, 8.54456981664316, 8.749929478138224, 6.4732016925246825, 9.285613540197462, 15.303385049365302, 17.48048895157499, 20.755812366349698, 22.165585331452753, 22.335088544115344, 20.944287729196052, 21.924285164764715, 22.47108603667137, 22.759207020843128, 22.950427279515473, 30.821653923242522, 31.449964447656463, 33.40037184254392, 33.396995979201314], "adaptive_substitutions_per_codon": [0.0, 0.0, 0.0004426737494466578, 0.002213368747233289, 0.0025305454252571285, 0.0025532722580919077, 0.0024228427147076946, 0.0024228427147076946, 0.003782456758142169, 0.0038733640894812855, 0.002865516464154353, 0.004110497361751864, 0.006774406839028465, 0.007738153586354577, 0.009188053283023329, 0.00981212276735403, 0.009887157390046633, 0.009271486378572842, 0.009705305517824132, 0.009947359909991753, 0.010074903506349327, 0.010159551695225973, 0.013643937106349058, 0.013922073682008172, 0.014785467836451491, 0.014783973430368], "rate_of_adaptation": 0.0006060799824977277}