{"virus": "oc43", "subtype": "b", "gene": "s2", "window": 5, "min_seqs": 2, "midfreq_high": 0.75, "midfreq_low": 0.15, "window_midpoint": [1985.5, 1986.5, 1987.5, 1988.5, 1989.5, 1990.5, 1991.5, 1992.5, 1993.5, 1994.5, 1995.5, 1996.5, 1997.5, 1998.5, 1999.5, 2000.5, 2001.5, 2002.5, 2003.5, 2004.5, 2005.5, 2006.5, 2007.5, 2008.5, 2009.5, 2010.5, 2011.5, 2012.5, 2013.5, 2014.5, 2015.5, 2016.5], "adaptive_substitutions": [0.0, 0.0, 0.0, 0.0, 0.0, 0.0, 0.0, 0.0, 0.8363171355498722, 0.8363171355498722, 0.8363171355498722, 0.8363171355498722, 0.8363171355498722, 0.6726342710997443, 0.5907928388746804, 0.5907928388746804, 0.8363171355498722, 0.8363171355498722, 0.8363171355498722, 0.8363171355498722, 1.4562659846547317, 1.2925831202046036, 1.2925831202046036, 1.6396186933271333, 1.6396186933271333, 1.5880385599055677, 1.574168797953964, 1.574168797953964, 1.6726342710997444, 1.6726342710997444, 2.4271099744245523, 2.4271099744245523], "adaptive_substitutions_per_codon": [0.0, 0.0, 0.0, 0.0, 0.0, 0.0, 0.0, 0.0, 0.0004677388901285639, 0.0004677388901285639, 0.0004677388901285639, 0.0004677388901285639, 0.0004677388901285639, 0.0003761936639260315, 0.0003304210508247653, 0.0003304210508247653, 0.0004677388901285639, 0.0004677388901285639, 0.0004677388901285639, 0.0004677388901285639, 0.0008144664343706553, 0.0007229212081681229, 0.0007229212081681229, 0.0009170126920174124, 0.0009170126920174124, 0.000888164742676492, 0.0008804076051196667, 0.0008804076051196667, 0.0009354777802571278, 0.0009354777802571278, 0.0013574440572844252, 0.0013574440572844252], "rate_of_adaptation": 4.0008210512928826e-05}