{"virus": "oc43", "subtype": "a", "gene": "s1", "window": 10, "min_seqs": 2, "midfreq_high": 0.75, "midfreq_low": 0.15, "window_midpoint": [1995.0, 1996.0, 1997.0, 1998.0, 1999.0, 2000.0, 2001.0, 2002.0, 2003.0, 2004.0, 2005.0, 2006.0, 2007.0, 2008.0, 2009.0, 2010.0, 2011.0, 2012.0, 2013.0, 2014.0], "adaptive_substitutions": [0.0, 0.0, 0.0, 0.0, 0.0, 0.0, 0.0, 2.366713681241185, 13.513818472915796, 14.959130121035194, 18.12270803949224, 18.6299365303244, 18.36890357063321, 18.27134411667617, 18.322004190231013, 19.42307988203616, 22.054495422992893, 20.615665976069806, 22.718745694886348, 24.002669033141903], "adaptive_substitutions_per_codon": [0.0, 0.0, 0.0, 0.0, 0.0, 0.0, 0.0, 0.0010476820191417375, 0.005982212692747143, 0.006622014219139085, 0.008022447117969119, 0.008246983855831962, 0.008131431416836305, 0.008088244407559172, 0.008110670292266938, 0.008598087597182894, 0.009762946181050417, 0.009126014154966713, 0.010056992339480455, 0.01062535149762811], "rate_of_adaptation": 0.0006800490686715367}