{"virus": "oc43", "subtype": "b", "gene": "s1", "window": 4, "min_seqs": 2, "midfreq_high": 0.75, "midfreq_low": 0.15, "window_midpoint": [1989.0, 1990.0, 1991.0, 1992.0, 1993.0, 1994.0, 1995.0, 1996.0, 1997.0, 1998.0, 1999.0, 2000.0, 2001.0, 2002.0, 2003.0, 2004.0, 2005.0, 2006.0, 2007.0, 2008.0, 2009.0, 2010.0, 2011.0, 2012.0, 2013.0, 2014.0, 2015.0, 2016.0, 2017.0], "adaptive_substitutions": [0.0, 0.0, 0.0, 0.0, 0.0, 0.0, 0, 0.0, 0.0, 0.0, 0.0, 0.0, 0.0, 0, 0.0, 0.0, 20.368606138107417, 23.68893861892583, 25.6910485933504, 34.470588235294116, 35.254804530507855, 35.19382041888436, 35.09817037182766, 34.648866743099035, 34.74296338672769, 34.78680897108007, 35.000248182797144, 34.707882092524926, 33.956317135549874], "adaptive_substitutions_per_codon": [0.0, 0.0, 0.0, 0.0, 0.0, 0.0, 0.0, 0.0, 0.0, 0.0, 0.0, 0.0, 0.0, 0.0, 0.0, 0.0, 0.00901664725015822, 0.01048647127885163, 0.011372752808034705, 0.015259224539749499, 0.01560637650752893, 0.015579380442179883, 0.015537038677214548, 0.015338143755245257, 0.015379797869290699, 0.015399207158512647, 0.015493691094642383, 0.015364268301250521, 0.015031570223793658], "rate_of_adaptation": 0.0007663075809087374}