{"virus": "oc43", "subtype": "a", "gene": "s2", "window": 10, "min_seqs": 2, "midfreq_high": 0.75, "midfreq_low": 0.15, "window_midpoint": [1995.0, 1996.0, 1997.0, 1998.0, 1999.0, 2000.0, 2001.0, 2002.0, 2003.0, 2004.0, 2005.0, 2006.0, 2007.0, 2008.0, 2009.0, 2010.0, 2011.0, 2012.0, 2013.0, 2014.0], "adaptive_substitutions": [0.0, 0.0, 0.0, 0.0, 0.0, 0.0, 0.0, 0.0, 0.8095528532764077, 0.7943713714042051, 0.8458751624768384, 0.847672778561354, 0.9732016925246827, 0.9464033850493653, 0.9464033850493653, 0.9464033850493653, 0.8928067700987307, 0.8660084626234132, 0.8660084626234132, 0.8660084626234132], "adaptive_substitutions_per_codon": [0.0, 0.0, 0.0, 0.0, 0.0, 0.0, 0.0, 0.0, 0.00045277005216801325, 0.0004442792904945219, 0.000473084542772281, 0.00047408992089561185, 0.0005442962486155944, 0.0005293083809000924, 0.0005293083809000924, 0.0005293083809000924, 0.0004993326454690888, 0.00048434477775358684, 0.00048434477775358684, 0.00048434477775358684], "rate_of_adaptation": 3.6314646949151956e-05}