{"virus": "oc43", "subtype": "a", "gene": "s1", "window": 2, "min_seqs": 2, "midfreq_high": 0.75, "midfreq_low": 0.15, "window_midpoint": [1991.0, 1992.0, 1996.0, 1997.0, 1998.0, 1999.0, 2000.0, 2001.0, 2002.0, 2004.0, 2005.0, 2006.0, 2007.0, 2008.0, 2009.0, 2010.0, 2011.0, 2012.0, 2013.0, 2014.0, 2015.0, 2016.0, 2017.0, 2018.0], "adaptive_substitutions": [0.0, 0.0, 5.0, 5.9732016925246825, 5.946403385049365, 5.4732016925246825, 9.866008462623414, 9.866008462623414, 6.4732016925246825, 18.651622002820876, 18.394922425952046, 18.678420310296193, 23.289453063783107, 21.985543018335683, 25.450634696755994, 25.950634696755994, 23.071227080394923, 24.595204513399153, 23.96121297602257, 23.59802538787024, 32.477433004231315, 32.477433004231315, 39.42428179051295, 39.43441466854725], "adaptive_substitutions_per_codon": [0.0, 0.0, 0.002213368747233289, 0.0026441795894310235, 0.0026323166821821003, 0.0024228427147076946, 0.004367422958221963, 0.004367422958221963, 0.002865516464154353, 0.008256583445250498, 0.008142949281076603, 0.00826844635249942, 0.01030962951030682, 0.009732422761547448, 0.011266327887010178, 0.011487664761733508, 0.010213026596013688, 0.010887651400353764, 0.01060699998938582, 0.01044622637798594, 0.014376907040385708, 0.014376907040385708, 0.017452094639447965, 0.01745658019856009], "rate_of_adaptation": 0.000632221081742245}