{"virus": "oc43", "subtype": "a", "gene": "s1", "window": 5, "min_seqs": 2, "midfreq_high": 0.75, "midfreq_low": 0.15, "window_midpoint": [1992.5, 1993.5, 1994.5, 1995.5, 1996.5, 1997.5, 1998.5, 1999.5, 2000.5, 2001.5, 2002.5, 2003.5, 2004.5, 2005.5, 2006.5, 2007.5, 2008.5, 2009.5, 2010.5, 2011.5, 2012.5, 2013.5, 2014.5, 2015.5, 2016.5], "adaptive_substitutions": [0.0, 0.0, 3.9732016925246825, 5.716502115655853, 5.76784203102962, 5.326516220028209, 5.4732016925246825, 5.4732016925246825, 6.959802538787024, 8.749929478138224, 6.221673718852844, 8.654677950164551, 15.831452750352607, 20.755812366349698, 20.86912627124935, 22.227448335070832, 22.34059627450027, 20.809294576971034, 21.946638457921956, 22.481241184767278, 22.830571227080398, 29.37460633344282, 30.903102961918194, 32.50478806324698, 33.40072089014261], "adaptive_substitutions_per_codon": [0.0, 0.0, 0.001758832090537708, 0.0025305454252571285, 0.0025532722580919077, 0.0023579089066083263, 0.0024228427147076946, 0.0024228427147076946, 0.00308092188525322, 0.0038733640894812855, 0.0027541716329583196, 0.0038311987384526563, 0.007008168548186192, 0.009188053283023329, 0.009238214374169698, 0.009839507895117677, 0.00988959551770707, 0.009211728453727771, 0.009715200733918529, 0.009951855327475554, 0.010106494567100664, 0.013003367124144675, 0.013679992457688443, 0.014389016406926506, 0.014785622350660738], "rate_of_adaptation": 0.0006183951491137227}