{"virus": "oc43", "subtype": "b", "gene": "s1", "window": 5, "min_seqs": 2, "midfreq_high": 0.75, "midfreq_low": 0.15, "window_midpoint": [1989.5, 1990.5, 1991.5, 1992.5, 1993.5, 1994.5, 1995.5, 1996.5, 1997.5, 1998.5, 1999.5, 2000.5, 2001.5, 2002.5, 2003.5, 2004.5, 2005.5, 2006.5, 2007.5, 2008.5, 2009.5, 2010.5, 2011.5, 2012.5, 2013.5, 2014.5, 2015.5, 2016.5], "adaptive_substitutions": [0.0, 0.0, 0.0, 0.0, 0.0, 0.0, 0, 0.0, 0.0, 0.0, 0.0, 0.0, 0, 0, 0, 1.8744245524296674, 22.01841432225065, 25.6910485933504, 31.01806265984655, 35.22305937651206, 35.20843989769821, 35.15434782608696, 35.05933503836317, 34.7790330342105, 34.648055767512666, 34.951404867355215, 34.680774972772554, 34.707882092524926], "adaptive_substitutions_per_codon": [0.0, 0.0, 0.0, 0.0, 0.0, 0.0, 0.0, 0.0, 0.0, 0.0, 0.0, 0.0, 0.0, 0.0, 0.0, 0.0008297585446789143, 0.009746974024900686, 0.011372752808034705, 0.013730882098205643, 0.015592323761182851, 0.015585852101681369, 0.01556190696152588, 0.01551984729453881, 0.015395764955383135, 0.015337784757641729, 0.0154720694410603, 0.015352268690913039, 0.015364268301250521], "rate_of_adaptation": 0.0007922609671694811}